# ----------------------------------------
# 보고서 CSV 내보내기
# 계정: skinno global
# 속성: skinno 글로벌 - GA4
# ----------------------------------------
# 
# 모든 사용자
# 시작일: 20241028
# 종료일: 20241103
페이지 경로 및 화면 클래스,기기 카테고리,조회수,세션수,활성 사용자,활성 사용자당 조회수,활성 사용자당 평균 참여 시간,이벤트 수,주요 이벤트,총수익
/global/archives/19268,mobile,1162,970,754,1.5411140583554377,1.8010610079575597,4046,0,0
/global/,desktop,221,181,138,1.6014492753623188,14.101449275362318,2289,0,0
/global/latestnews,desktop,156,168,117,1.3333333333333333,22.478632478632477,568,0,0
/pagead/aclk,mobile,110,75,75,1.4666666666666666,0,343,0,0
/global/archives/19421,mobile,109,96,81,1.345679012345679,16.691358024691358,411,0,0
/global/archives/19268,tablet,94,75,64,1.46875,1.4375,323,0,0
/global/archives/19421,desktop,89,94,76,1.1710526315789473,59.223684210526315,390,0,0
/global/,mobile,87,34,28,3.107142857142857,86.60714285714286,362,0,0
/global/archives/19393,desktop,87,88,69,1.2608695652173914,38.710144927536234,347,0,0
/global/archives/18546,desktop,84,96,63,1.3333333333333333,50.507936507936506,377,0,0
/global/archives/19268,desktop,75,68,62,1.2096774193548387,3.3548387096774195,277,0,0
/global/archives/19078,desktop,60,61,37,1.6216216216216217,31.405405405405407,249,0,0
/global/archives/category/press-room/financial-results,desktop,56,39,24,2.3333333333333335,28.375,229,0,0
/global/archives/category/press-room/press-release,desktop,52,46,33,1.5757575757575757,14.696969696969697,194,0,0
/global/archives/category/press-room,desktop,43,35,24,1.7916666666666667,47.375,164,0,0
/global/archives/17426,desktop,42,40,27,1.5555555555555556,75.5925925925926,187,0,0
/global/archives/19393,mobile,42,40,38,1.105263157894737,8.131578947368421,164,0,0
/global/archives/18608,desktop,32,31,24,1.3333333333333333,22.583333333333332,132,0,0
/global/archives/category/corporates/sk-innovation,desktop,28,26,21,1.3333333333333333,48.19047619047619,109,0,0
/global/sustainability-report,desktop,28,27,27,1.037037037037037,5.074074074074074,135,0,0
/global/archives/13130,desktop,27,24,22,1.2272727272727273,11.045454545454545,127,0,0
/global/archives/18445,desktop,27,23,19,1.4210526315789473,22.105263157894736,123,0,0
/global/archives/15490,desktop,26,30,22,1.1818181818181819,70.63636363636364,128,0,0
/global/archives/18107,desktop,24,24,23,1.0434782608695652,107.95652173913044,119,0,0
/global/archives/category/corporates,desktop,24,18,15,1.6,21.733333333333334,90,0,0
/global/archives/category/corporates/sk-on,desktop,23,22,16,1.4375,78.4375,85,0,0
/global/archives/16060,desktop,21,22,7,3,35,76,0,0
/global/archives/19179,desktop,21,25,16,1.3125,7.5625,90,0,0
/global/archives/19154,desktop,19,18,14,1.3571428571428572,57.785714285714285,78,0,0
/global/archives/19230,desktop,19,14,10,1.9,25.7,75,0,0
/global/archives/13780,desktop,18,17,9,2,40.55555555555556,73,0,0
/global/archives/17356,desktop,18,17,13,1.3846153846153846,26.615384615384617,69,0,0
/global/archives/17595,desktop,18,18,12,1.5,42.5,81,0,0
/global/archives/19045,desktop,18,19,14,1.2857142857142858,48.92857142857143,73,0,0
/global/archives/19179,mobile,18,15,11,1.6363636363636365,41.54545454545455,66,0,0
/global/archives/18770,desktop,17,19,17,1,8.941176470588236,66,0,0
/global/archives/15374,desktop,16,18,14,1.1428571428571428,35,74,0,0
/global/archives/17499,desktop,16,17,12,1.3333333333333333,62.583333333333336,71,0,0
/global/archives/19078,mobile,16,15,6,2.6666666666666665,30,53,0,0
/global/archives/category/corporates/sk-enmove,desktop,16,9,7,2.2857142857142856,37.142857142857146,62,0,0
/global/archives/15664,desktop,14,16,12,1.1666666666666667,36.5,70,0,0
/global/archives/17623,desktop,14,12,8,1.75,36,63,0,0
/global/archives/category/corporates/sk-energy,desktop,14,14,12,1.1666666666666667,31.833333333333332,52,0,0
/global/archives/13329,desktop,13,12,9,1.4444444444444444,16.444444444444443,51,0,0
/global/archives/15592,desktop,13,14,13,1,3.3846153846153846,64,0,0
/global/archives/16463,desktop,13,14,12,1.0833333333333333,17.916666666666668,60,0,0
/global/archives/18283,desktop,13,9,8,1.625,44.375,48,0,0
/global/archives/17216,desktop,12,14,11,1.0909090909090908,23.727272727272727,57,0,0
/global/archives/18107,mobile,12,12,10,1.2,292.6,53,0,0
/global/archives/19045,mobile,12,12,9,1.3333333333333333,42.77777777777778,47,0,0
/global/archives/category/people,desktop,12,11,10,1.2,13.4,44,0,0
/global/archives/16286,desktop,11,12,11,1,1.4545454545454546,44,0,0
/global/archives/16834,desktop,11,10,6,1.8333333333333333,34.333333333333336,47,0,0
/global/archives/17169,desktop,11,12,9,1.2222222222222223,32.44444444444444,50,0,0
/global/archives/18546,mobile,11,9,8,1.375,12,43,0,0
/global/archives/19202,desktop,11,9,7,1.5714285714285714,47.857142857142854,43,0,0
/global/archives/6216,desktop,11,12,10,1.1,82.2,54,0,0
/global/archives/9910,desktop,11,10,9,1.2222222222222223,25.444444444444443,53,0,0
/global/archives/category/corporates/sk-geo-centric,desktop,11,8,7,1.5714285714285714,24.857142857142858,43,0,0
/global/archives/10939,desktop,10,10,7,1.4285714285714286,58,43,0,0
/global/archives/12022,desktop,10,10,10,1,4.8,46,0,0
/global/archives/12106,desktop,10,11,7,1.4285714285714286,49.42857142857143,43,0,0
/global/archives/12306,desktop,10,8,7,1.4285714285714286,21.428571428571427,39,0,0
/global/archives/14491,desktop,10,9,8,1.25,6.5,46,0,0
/global/archives/15687,desktop,10,9,7,1.4285714285714286,128.42857142857142,40,0,0
/global/archives/16448,desktop,10,10,7,1.4285714285714286,45.142857142857146,44,0,0
/global/archives/19149,desktop,10,12,9,1.1111111111111112,39.77777777777778,39,0,0
/global/archives/category/corporates/sk-earthon,desktop,10,6,6,1.6666666666666667,36.333333333333336,41,0,0
/global/archives/10774,desktop,9,11,9,1,10.555555555555555,49,0,0
/global/archives/11004,desktop,9,7,5,1.8,57.8,39,0,0
/global/archives/17047,desktop,9,6,6,1.5,28,37,0,0
/global/archives/17737,desktop,9,10,6,1.5,24,44,0,0
/global/archives/17817,desktop,9,10,9,1,14.333333333333334,46,0,0
/global/archives/6313,desktop,9,4,3,3,20.666666666666668,32,0,0
/global/archives/category/press-room/issue-fact,desktop,9,9,6,1.5,33.5,31,0,0
/global/archives/18659,desktop,8,9,8,1,12.375,37,0,0
/global/archives/4921,mobile,8,10,9,0.8888888888888888,14.11111111111111,40,0,0
/global/archives/7445,desktop,8,10,7,1.1428571428571428,35.285714285714285,39,0,0
/global/archives/7906,desktop,8,7,6,1.3333333333333333,19.833333333333332,35,0,0
/global/archives/category/corporates/sk-enterm,desktop,8,7,7,1.1428571428571428,9.428571428571429,35,0,0
/global/archives/category/insight,desktop,8,9,8,1,5.25,30,0,0
/global/archives/tag/sustainability-report,desktop,8,8,8,1,3,40,0,0
/global/archives/10610,desktop,7,7,7,1,10.428571428571429,30,0,0
/global/archives/11087,desktop,7,7,5,1.4,35.8,28,0,0
/global/archives/14415,desktop,7,5,4,1.75,87.75,30,0,0
/global/archives/15462,desktop,7,8,6,1.1666666666666667,40.333333333333336,33,0,0
/global/archives/16154,desktop,7,9,7,1,13.857142857142858,38,0,0
/global/archives/17446,desktop,7,7,7,1,25,27,0,0
/global/archives/17623,mobile,7,6,6,1.1666666666666667,0.3333333333333333,26,0,0
/global/archives/18065,desktop,7,8,7,1,19.571428571428573,26,0,0
/global/archives/18436,desktop,7,6,5,1.4,31.6,30,0,0
/global/archives/3820,desktop,7,6,6,1.1666666666666667,23,27,0,0
/global/archives/category/insight/trend_report,desktop,7,7,6,1.1666666666666667,12,24,0,0
/global/archives/category/people/sustainability,desktop,7,5,5,1.4,14.4,30,0,0
/global/archives/tag/sustainability,desktop,7,7,7,1,4,35,0,0
/global/archives/10835,desktop,6,5,5,1.2,35.8,27,0,0
/global/archives/12036,desktop,6,6,1,6,0,22,0,0
/global/archives/12293,desktop,6,1,1,6,30,22,0,0
/global/archives/13521,desktop,6,7,6,1,112,28,0,0
/global/archives/13544,mobile,6,5,4,1.5,58,25,0,0
/global/archives/13595,desktop,6,6,5,1.2,28.8,27,0,0
/global/archives/16532,desktop,6,7,5,1.2,55.6,27,0,0
/global/archives/17313,desktop,6,7,6,1,15.333333333333334,28,0,0
/global/archives/17514,desktop,6,6,4,1.5,81.25,28,0,0
/global/archives/17569,desktop,6,6,5,1.2,159,25,0,0
/global/archives/17893,desktop,6,5,4,1.5,47.25,23,0,0
/global/archives/18022,desktop,6,6,4,1.5,22.5,28,0,0
/global/archives/18770,mobile,6,5,5,1.2,42.6,24,0,0
/global/archives/19349,desktop,6,7,6,1,23.166666666666668,23,0,0
/global/archives/3674,desktop,6,7,4,1.5,4,27,0,0
/global/archives/3962,desktop,6,6,5,1.2,6,26,0,0
/global/archives/9740,desktop,6,7,4,1.5,16.75,27,0,0
/global/archives/category/corporates/sk-on,mobile,6,3,3,2,62.666666666666664,20,0,0
/global/archives/category/corporates/sk-rading-international,desktop,6,4,4,1.5,22,26,0,0
/global/archives/category/insight/expert-voice,desktop,6,5,5,1.2,52.8,25,0,0
/global/archives/tag/hungary,mobile,6,1,1,6,112,23,0,0
/global/archives/tag/sk-energy-americas,desktop,6,3,3,2,19.666666666666668,28,0,0
/global/archives/10654,desktop,5,6,4,1.25,25,23,0,0
/global/archives/10985,desktop,5,2,2,2.5,52.5,19,0,0
/global/archives/11527,desktop,5,2,2,2.5,12.5,20,0,0
/global/archives/12008,desktop,5,4,4,1.25,15.75,18,0,0
/global/archives/13748,desktop,5,4,4,1.25,147.5,20,0,0
/global/archives/13932,desktop,5,3,3,1.6666666666666667,21,21,0,0
/global/archives/14309,desktop,5,5,5,1,9.8,22,0,0
/global/archives/15259,desktop,5,6,5,1,0,21,0,0
/global/archives/15490,mobile,5,5,4,1.25,28.75,21,0,0
/global/archives/17950,desktop,5,6,5,1,36,21,0,0
/global/archives/18361,desktop,5,5,5,1,41.2,22,0,0
/global/archives/18388,desktop,5,5,5,1,26.8,24,0,0
/global/archives/19202,mobile,5,5,4,1.25,30.75,18,0,0
/global/archives/4308,desktop,5,3,3,1.6666666666666667,32,17,0,0
/global/archives/489,desktop,5,6,4,1.25,35.5,25,0,0
/global/archives/5772,desktop,5,4,4,1.25,10.75,20,0,0
/global/archives/9709,desktop,5,5,5,1,9.4,21,0,0
/global/archives/category/ces/ces-2023,mobile,5,1,1,5,53,15,0,0
/global/archives/category/people/inno-people,desktop,5,7,5,1,15,20,0,0
/global/archives/tag/lithium-ion-batteries,desktop,5,1,1,5,34,20,0,0
/global/archives/tag/yubase,mobile,5,3,2,2.5,25.5,16,0,0
/global/archives/11004,mobile,4,3,3,1.3333333333333333,86.66666666666667,15,0,0
/global/archives/11161,desktop,4,4,3,1.3333333333333333,246.66666666666666,19,0,0
/global/archives/11400,desktop,4,2,2,2,56,18,0,0
/global/archives/11807,desktop,4,3,3,1.3333333333333333,53.333333333333336,17,0,0
/global/archives/12147,desktop,4,5,4,1,8.5,18,0,0
/global/archives/12220,desktop,4,4,3,1.3333333333333333,14.666666666666666,18,0,0
/global/archives/12306,mobile,4,1,1,4,84,14,0,0
/global/archives/14193,desktop,4,6,4,1,0,18,0,0
/global/archives/14226,desktop,4,6,4,1,8,21,0,0
/global/archives/15374,mobile,4,3,3,1.3333333333333333,29.666666666666668,17,0,0
/global/archives/15574,desktop,4,5,4,1,5.5,15,0,0
/global/archives/15760,desktop,4,3,3,1.3333333333333333,36.333333333333336,18,0,0
/global/archives/15937,desktop,4,4,3,1.3333333333333333,45.333333333333336,17,0,0
/global/archives/16376,mobile,4,4,2,2,2.5,15,0,0
/global/archives/16493,desktop,4,5,3,1.3333333333333333,99.33333333333333,19,0,0
/global/archives/17386,mobile,4,3,1,4,3,11,0,0
/global/archives/17476,desktop,4,5,3,1.3333333333333333,81,20,0,0
/global/archives/17476,mobile,4,4,3,1.3333333333333333,7.666666666666667,16,0,0
/global/archives/17499,mobile,4,4,4,1,62,17,0,0
/global/archives/17595,mobile,4,3,2,2,24.5,11,0,0
/global/archives/17844,desktop,4,4,2,2,17.5,16,0,0
/global/archives/19095,desktop,4,4,3,1.3333333333333333,0,14,0,0
/global/archives/19149,mobile,4,4,4,1,1,16,0,0
/global/archives/19349,mobile,4,4,4,1,14.5,15,0,0
/global/archives/303,desktop,4,4,4,1,1.5,15,0,0
/global/archives/4499,desktop,4,3,3,1.3333333333333333,8.666666666666666,17,0,0
/global/archives/4612,desktop,4,4,4,1,9.5,18,0,0
/global/archives/9910,mobile,4,4,4,1,90.25,19,0,0
/global/archives/category/corporate/sk-energy,desktop,4,3,3,1.3333333333333333,18.666666666666668,17,0,0
/global/archives/category/corporate/sk-enmove,desktop,4,4,3,1.3333333333333333,27,18,0,0
/global/archives/category/corporates/sk-incheon-petrochem,desktop,4,3,3,1.3333333333333333,7.333333333333333,15,0,0
/global/archives/category/corporates/sk-innovation,mobile,4,3,3,1.3333333333333333,28.666666666666668,13,0,0
/global/archives/tag/s-pack,desktop,4,2,2,2,16.5,17,0,0
/global/archives/1058,desktop,3,3,2,1.5,30.5,13,0,0
/global/archives/10802,desktop,3,4,3,1,19.333333333333332,13,0,0
/global/archives/11596,desktop,3,3,3,1,18,15,0,0
/global/archives/12022,mobile,3,3,3,1,3,13,0,0
/global/archives/12147,mobile,3,3,3,1,23.333333333333332,15,0,0
/global/archives/12269,desktop,3,4,3,1,4,15,0,0
/global/archives/12692,desktop,3,3,3,1,23.666666666666668,14,0,0
/global/archives/12891,desktop,3,4,3,1,33.666666666666664,12,0,0
/global/archives/12950,desktop,3,4,4,0.75,14.75,11,0,0
/global/archives/13103,desktop,3,3,3,1,29.333333333333332,10,0,0
/global/archives/13184,desktop,3,2,2,1.5,17,14,0,0
/global/archives/13544,desktop,3,3,3,1,5.333333333333333,12,0,0
/global/archives/13780,mobile,3,3,3,1,16.333333333333332,12,0,0
/global/archives/14628,desktop,3,3,3,1,11.666666666666666,10,0,0
/global/archives/14688,desktop,3,3,3,1,30.333333333333332,13,0,0
/global/archives/14766,desktop,3,3,3,1,16,13,0,0
/global/archives/14962,mobile,3,3,2,1.5,0,9,0,0
/global/archives/16493,mobile,3,3,3,1,2.3333333333333335,11,0,0
/global/archives/16719,desktop,3,3,3,1,125,14,0,0
/global/archives/16939,desktop,3,2,2,1.5,14.5,10,0,0
/global/archives/17022,desktop,3,3,3,1,19,15,0,0
/global/archives/17169,mobile,3,3,3,1,39.333333333333336,14,0,0
/global/archives/17460,mobile,3,3,3,1,16.333333333333332,14,0,0
/global/archives/17817,mobile,3,3,1,3,18,10,0,0
/global/archives/17863,desktop,3,2,2,1.5,22,11,0,0
/global/archives/18140,mobile,3,3,2,1.5,0,11,0,0
/global/archives/18608,mobile,3,1,1,3,104,13,0,0
/global/archives/2557,desktop,3,1,1,3,38,11,0,0
/global/archives/4499,mobile,3,3,3,1,4,13,0,0
/global/archives/4751,desktop,3,4,3,1,1524.6666666666667,12,0,0
/global/archives/4776,mobile,3,2,2,1.5,48,12,0,0
/global/archives/497,desktop,3,3,1,3,0,12,0,0
/global/archives/6343,desktop,3,3,3,1,7.333333333333333,12,0,0
/global/archives/6462,desktop,3,3,3,1,21.666666666666668,12,0,0
/global/archives/6807,desktop,3,3,2,1.5,58.5,13,0,0
/global/archives/7245,desktop,3,4,3,1,2.3333333333333335,15,0,0
/global/archives/7906,mobile,3,2,2,1.5,59,11,0,0
/global/archives/8067,desktop,3,2,2,1.5,50.5,14,0,0
/global/archives/8310,desktop,3,3,2,1.5,70.5,12,0,0
/global/archives/8899,desktop,3,4,3,1,37.666666666666664,16,0,0
/global/archives/8914,mobile,3,1,1,3,46,10,0,0
/global/archives/9509,desktop,3,3,1,3,0,12,0,0
/global/archives/9509,mobile,3,3,3,1,69,14,0,0
/global/archives/9695,desktop,3,3,3,1,20.666666666666668,14,0,0
/global/archives/category/corporate/sk-on,desktop,3,3,2,1.5,26.5,12,0,0
/global/archives/category/corporates/sk-ie-technology,desktop,3,2,2,1.5,17.5,12,0,0
/global/archives/category/people/inno-people,mobile,3,1,1,3,0,6,0,0
/global/archives/tag/all-solid-state,desktop,3,1,1,3,8,12,0,0
/global/archives/tag/batteries,desktop,3,1,1,3,9,12,0,0
/global/archives/tag/egg-program,desktop,3,2,2,1.5,11,14,0,0
/global/archives/tag/financial-results,desktop,3,2,2,1.5,13,12,0,0
/global/archives/tag/green-bonds,desktop,3,1,1,3,24,8,0,0
/global/archives/tag/lithium-ion-battery,desktop,3,1,1,3,31,14,0,0
/global/archives/tag/oh-jong-hoon,desktop,3,1,1,3,17,12,0,0
/global/archives/tag/poe,desktop,3,2,2,1.5,1,12,0,0
/global/archives/tag/pouch-type-battery,desktop,3,3,3,1,6.333333333333333,15,0,0
/global/archives/tag/sko,desktop,3,4,2,1.5,7,15,0,0
/global/family-site-links,desktop,3,3,3,1,8.666666666666666,19,0,0
/global/latestnews,mobile,3,3,3,1,3,10,0,0
/global/legal-notices,desktop,3,3,1,3,3,10,0,0
/global/,tablet,2,2,1,2,20,18,0,0
/global/archives/10073,mobile,2,1,1,2,42,6,0,0
/global/archives/10133,mobile,2,2,2,1,16,9,0,0
/global/archives/10535,desktop,2,2,2,1,7,8,0,0
/global/archives/10713,tablet,2,1,1,2,48,9,0,0
/global/archives/10767,desktop,2,3,2,1,3.5,10,0,0
/global/archives/10842,desktop,2,3,1,2,0,10,0,0
/global/archives/10913,desktop,2,3,2,1,5.5,11,0,0
/global/archives/11147,mobile,2,2,2,1,19,11,0,0
/global/archives/114530,mobile,2,1,1,2,1,9,0,0
/global/archives/11537,desktop,2,2,2,1,65.5,6,0,0
/global/archives/11992,desktop,2,2,2,1,26.5,8,0,0
/global/archives/12072,desktop,2,3,2,1,18.5,12,0,0
/global/archives/12471,desktop,2,2,2,1,7,6,0,0
/global/archives/12667,desktop,2,3,2,1,339,10,0,0
/global/archives/12667,mobile,2,1,1,2,64,6,0,0
/global/archives/13374,desktop,2,3,2,1,0,9,0,0
/global/archives/13521,mobile,2,2,2,1,0.5,9,0,0
/global/archives/13595,mobile,2,2,2,1,27,8,0,0
/global/archives/14065,desktop,2,3,2,1,0,10,0,0
/global/archives/14264,desktop,2,2,2,1,27,6,0,0
/global/archives/14493,desktop,2,2,2,1,5.5,9,0,0
/global/archives/14634,mobile,2,2,2,1,16,9,0,0
/global/archives/14766,mobile,2,3,1,2,0,9,0,0
/global/archives/1493,mobile,2,2,2,1,62,8,0,0
/global/archives/15007,desktop,2,2,2,1,32,9,0,0
/global/archives/15067,desktop,2,2,2,1,22.5,10,0,0
/global/archives/15067,mobile,2,2,2,1,34.5,7,0,0
/global/archives/15103,desktop,2,1,1,2,36,10,0,0
/global/archives/15430,desktop,2,2,2,1,72.5,10,0,0
/global/archives/15654,desktop,2,1,1,2,44,6,0,0
/global/archives/15664,mobile,2,2,2,1,0.5,9,0,0
/global/archives/15687,mobile,2,2,2,1,127.5,8,0,0
/global/archives/15865,mobile,2,2,1,2,0,6,0,0
/global/archives/15937,mobile,2,2,2,1,4,11,0,0
/global/archives/15985,desktop,2,2,2,1,41,11,0,0
/global/archives/16308,desktop,2,2,2,1,6,11,0,0
/global/archives/16480,desktop,2,2,2,1,14,10,0,0
/global/archives/16738,desktop,2,2,2,1,14,10,0,0
/global/archives/16834,mobile,2,1,1,2,4,5,0,0
/global/archives/16881,desktop,2,3,2,1,25.5,10,0,0
/global/archives/16970,desktop,2,3,2,1,0,9,0,0
/global/archives/17010,desktop,2,3,2,1,7.5,9,0,0
/global/archives/17022,mobile,2,2,2,1,0,8,0,0
/global/archives/17990,desktop,2,2,2,1,0,8,0,0
/global/archives/17990,tablet,2,1,1,2,36,7,0,0
/global/archives/18107,tablet,2,2,2,1,54,9,0,0
/global/archives/18283,mobile,2,2,1,2,6,8,0,0
/global/archives/18301,desktop,2,2,2,1,110,10,0,0
/global/archives/18332,desktop,2,1,1,2,48,9,0,0
/global/archives/18361,mobile,2,2,2,1,35.5,9,0,0
/global/archives/18445,mobile,2,2,2,1,0,7,0,0
/global/archives/18571,desktop,2,3,2,1,0,10,0,0
/global/archives/18571,mobile,2,2,2,1,7,10,0,0
/global/archives/18690,desktop,2,3,2,1,30.5,8,0,0
/global/archives/18753,desktop,2,3,3,0.6666666666666666,0,5,0,0
/global/archives/18989,desktop,2,2,2,1,6.5,9,0,0
/global/archives/19328,tablet,2,2,1,2,0,6,0,0
/global/archives/2329,desktop,2,3,2,1,0,8,0,0
/global/archives/2490,mobile,2,2,1,2,395,8,0,0
/global/archives/298,desktop,2,2,2,1,17.5,11,0,0
/global/archives/4146,mobile,2,2,2,1,8,10,0,0
/global/archives/4309,desktop,2,3,2,1,8,11,0,0
/global/archives/4776,desktop,2,2,2,1,9,8,0,0
/global/archives/4921,desktop,2,2,2,1,5,9,0,0
/global/archives/564,desktop,2,3,2,1,46.5,10,0,0
/global/archives/5981,desktop,2,2,1,2,3,8,0,0
/global/archives/6216,mobile,2,2,2,1,3.5,9,0,0
/global/archives/7043,desktop,2,2,2,1,98.5,9,0,0
/global/archives/7302,desktop,2,2,2,1,7,8,0,0
/global/archives/7476,desktop,2,2,2,1,15.5,9,0,0
/global/archives/7596,mobile,2,2,2,1,13,9,0,0
/global/archives/7633,desktop,2,2,2,1,5.5,9,0,0
/global/archives/7761,desktop,2,2,2,1,4,7,0,0
/global/archives/7870,desktop,2,2,2,1,39.5,10,0,0
/global/archives/7991,desktop,2,1,1,2,8,7,0,0
/global/archives/8046,desktop,2,2,1,2,18,9,0,0
/global/archives/8087,desktop,2,2,2,1,40,9,0,0
/global/archives/8327,desktop,2,2,2,1,18,10,0,0
/global/archives/8350,desktop,2,3,2,1,2,11,0,0
/global/archives/8383,mobile,2,2,1,2,0,7,0,0
/global/archives/8400,desktop,2,3,2,1,0,10,0,0
/global/archives/9191,desktop,2,3,2,1,13,6,0,0
/global/archives/9394,desktop,2,1,1,2,24,8,0,0
/global/archives/9668,desktop,2,3,2,1,28.5,7,0,0
/global/archives/category/corporate/sk-energy,mobile,2,2,2,1,38,9,0,0
/global/archives/category/corporate/sk-rading-international,desktop,2,2,1,2,6,8,0,0
/global/archives/category/people/onsite-report,desktop,2,2,2,1,353,11,0,0
/global/archives/category/press-room/financial-results,mobile,2,2,2,1,5.5,8,0,0
/global/archives/category/social-value/csr-program,desktop,2,2,2,1,5,10,0,0
/global/archives/category/social-value/social-enterprise,desktop,2,2,2,1,5.5,10,0,0
/global/archives/tag/2024gmf,mobile,2,1,1,2,6,8,0,0
/global/archives/tag/ecopro-bm,desktop,2,2,2,1,13,7,0,0
/global/archives/tag/executive-appointments,desktop,2,1,1,2,19,8,0,0
/global/archives/tag/f-150-lightning,desktop,2,3,1,2,11,11,0,0
/global/archives/tag/ford,desktop,2,1,1,2,10,8,0,0
/global/archives/tag/houston,desktop,2,1,1,2,7,7,0,0
/global/archives/tag/ketapu-cluster,desktop,2,2,2,1,5,8,0,0
/global/archives/tag/liquid-immersion-cooling,desktop,2,1,1,2,18,9,0,0
/global/archives/tag/malaysia,mobile,2,1,1,2,0,6,0,0
/global/archives/tag/ncm811,desktop,2,1,1,2,17,8,0,0
/global/archives/tag/ncm811,mobile,2,2,2,1,8.5,8,0,0
/global/archives/tag/nexlene,desktop,2,1,1,2,30,8,0,0
/global/archives/tag/northvolt,mobile,2,2,2,1,2.5,11,0,0
/global/archives/tag/rhee-jang-weon,desktop,2,1,1,2,3,8,0,0
/global/archives/tag/secondary-batteries,desktop,2,1,1,2,10,8,0,0
/global/archives/tag/sk-hi-tech-battery-materials-china,desktop,2,1,1,2,16,10,0,0
/global/archives/tag/sk-hi-tech-battery-materials-poland,desktop,2,2,2,1,2,9,0,0
/global/archives/tag/sk-hi-tech-battery-materials-poland,mobile,2,1,1,2,0,5,0,0
/global/archives/tag/sk-on-hungary,mobile,2,1,1,2,14,7,0,0
/global/archives/tag/skba,desktop,2,2,2,1,6,8,0,0
/global/archives/tag/skgca,desktop,2,1,1,2,18,8,0,0
/global/archives/tag/skti,desktop,2,3,2,1,0.5,11,0,0
/global/archives/tag/sk综合化学,desktop,2,2,2,1,18,8,0,0
/global/archives/tag/sk综合化学上海,desktop,2,2,2,1,8.5,10,0,0
/global/archives/tag/solid-power,mobile,2,2,2,1,37.5,11,0,0
/global/archives/tag/ulsan-clx,desktop,2,2,2,1,23,9,0,0
/global/archives/tag/中韩石化,desktop,2,2,2,1,7,9,0,0
/global/privacy-policy,desktop,2,2,2,1,1.5,7,0,0
/global/who-we-are,mobile,2,1,1,2,11,6,0,0
/global/,smart tv,1,1,1,1,0,5,0,0
/global/404,desktop,1,1,1,1,2,6,0,0
/global/archives/10031,desktop,1,2,1,1,0,5,0,0
/global/archives/10066,desktop,1,1,1,1,1,4,0,0
/global/archives/10326,desktop,1,1,1,1,0,4,0,0
/global/archives/10445,desktop,1,1,1,1,0,3,0,0
/global/archives/10610,mobile,1,1,1,1,22,5,0,0
/global/archives/10654,mobile,1,1,1,1,53,5,0,0
/global/archives/10654,tablet,1,1,1,1,129,5,0,0
/global/archives/10697,desktop,1,1,1,1,245,4,0,0
/global/archives/107411,desktop,1,1,1,1,1,6,0,0
/global/archives/107411,mobile,1,1,1,1,0,3,0,0
/global/archives/10774,mobile,1,1,1,1,77,5,0,0
/global/archives/10872,desktop,1,1,1,1,25,6,0,0
/global/archives/10985,mobile,1,1,1,1,73,6,0,0
/global/archives/11037,desktop,1,1,1,1,0,4,0,0
/global/archives/11125,desktop,1,1,1,1,5,4,0,0
/global/archives/11125,mobile,1,1,1,1,0,4,0,0
/global/archives/11147,desktop,1,1,1,1,8,5,0,0
/global/archives/11214,desktop,1,2,1,1,5,7,0,0
/global/archives/11286,desktop,1,1,1,1,0,3,0,0
/global/archives/11342,desktop,1,1,1,1,11,4,0,0
/global/archives/11486,mobile,1,1,1,1,32,4,0,0
/global/archives/11512,desktop,1,1,1,1,114,3,0,0
/global/archives/1175,desktop,1,1,1,1,0,2,0,0
/global/archives/11758,desktop,1,1,1,1,2,5,0,0
/global/archives/11889,desktop,1,1,1,1,0,4,0,0
/global/archives/11980,mobile,1,1,1,1,356,5,0,0
/global/archives/12091,desktop,1,1,1,1,0,3,0,0
/global/archives/12274/skee,desktop,1,1,1,1,10,5,0,0
/global/archives/12274/skee,mobile,1,1,1,1,2,5,0,0
/global/archives/1237,desktop,1,1,1,1,22,4,0,0
/global/archives/12373,desktop,1,1,1,1,1,4,0,0
/global/archives/12483,desktop,1,1,1,1,18,5,0,0
/global/archives/1257,desktop,1,1,1,1,13,4,0,0
/global/archives/12617,desktop,1,2,1,1,2,4,0,0
/global/archives/12688,desktop,1,1,1,1,111,4,0,0
/global/archives/12692,mobile,1,1,1,1,10,3,0,0
/global/archives/13211,mobile,1,1,1,1,0,4,0,0
/global/archives/13313,desktop,1,1,1,1,10,5,0,0
/global/archives/13327,mobile,1,1,1,1,13,5,0,0
/global/archives/13437,desktop,1,1,1,1,10,5,0,0
/global/archives/13513,desktop,1,1,1,1,13,3,0,0
/global/archives/13850,desktop,1,1,0,0,0,2,0,0
/global/archives/13981,mobile,1,1,1,1,0,2,0,0
/global/archives/1399,mobile,1,1,1,1,31,5,0,0
/global/archives/14078,mobile,1,1,1,1,24,5,0,0
/global/archives/14146,mobile,1,1,1,1,32,3,0,0
/global/archives/14179,mobile,1,1,1,1,102,5,0,0
/global/archives/14226,mobile,1,1,1,1,28,5,0,0
/global/archives/14243,mobile,1,1,1,1,0,4,0,0
/global/archives/14243,smart tv,1,1,1,1,0,4,0,0
/global/archives/14333,desktop,1,1,1,1,67,4,0,0
/global/archives/14354,desktop,1,1,1,1,71,5,0,0
/global/archives/14634,desktop,1,1,1,1,1,5,0,0
/global/archives/14740,desktop,1,1,1,1,2,4,0,0
/global/archives/14770,desktop,1,1,1,1,7,5,0,0
/global/archives/14770,mobile,1,1,1,1,0,2,0,0
/global/archives/15204,desktop,1,1,1,1,10,4,0,0
/global/archives/15353,mobile,1,1,1,1,0,2,0,0
/global/archives/15490,tablet,1,1,1,1,98,5,0,0
/global/archives/15623,desktop,1,1,1,1,0,4,0,0
/global/archives/15689,desktop,1,1,1,1,34,5,0,0
/global/archives/15840,desktop,1,1,1,1,18,5,0,0
/global/archives/15865,desktop,1,1,1,1,4,4,0,0
/global/archives/16005,desktop,1,1,1,1,12,5,0,0
/global/archives/16005,mobile,1,1,1,1,148,5,0,0
/global/archives/16154,mobile,1,1,0,0,0,3,0,0
/global/archives/16334,desktop,1,2,1,1,0,4,0,0
/global/archives/16405,mobile,1,1,1,1,26,3,0,0
/global/archives/16493,tablet,1,1,1,1,114,6,0,0
/global/archives/16532,mobile,1,2,1,1,0,6,0,0
/global/archives/16583,desktop,1,1,1,1,73,4,0,0
/global/archives/16613,desktop,1,1,1,1,0,4,0,0
/global/archives/16613,mobile,1,1,0,0,0,2,0,0
/global/archives/16787,desktop,1,1,1,1,428,5,0,0
/global/archives/16787,mobile,1,1,1,1,0,3,0,0
/global/archives/16970,mobile,1,1,1,1,9,6,0,0
/global/archives/17047,mobile,1,2,1,1,0,6,0,0
/global/archives/17134,desktop,1,1,1,1,25,4,0,0
/global/archives/17144,desktop,1,1,1,1,2,4,0,0
/global/archives/17216,mobile,1,1,1,1,11,3,0,0
/global/archives/17356,mobile,1,1,1,1,0,4,0,0
/global/archives/17426,mobile,1,1,1,1,41,5,0,0
/global/archives/17460,desktop,1,1,1,1,21,6,0,0
/global/archives/1768,desktop,1,1,1,1,0,4,0,0
/global/archives/17697,desktop,1,1,1,1,21,5,0,0
/global/archives/17737,mobile,1,1,1,1,0,4,0,0
/global/archives/17796,desktop,1,1,1,1,556,4,0,0
/global/archives/17796,mobile,1,1,1,1,0,2,0,0
/global/archives/17844,mobile,1,1,1,1,0,2,0,0
/global/archives/17965,desktop,1,1,1,1,50,3,0,0
/global/archives/17978,desktop,1,1,1,1,0,2,0,0
/global/archives/17978,tablet,1,1,1,1,20,4,0,0
/global/archives/18022,mobile,1,1,1,1,0,4,0,0
/global/archives/18065,mobile,1,1,1,1,3,4,0,0
/global/archives/18208,desktop,1,1,1,1,0,3,0,0
/global/archives/18301,mobile,1,1,1,1,96,5,0,0
/global/archives/18374,mobile,1,1,1,1,7,5,0,0
/global/archives/18388,mobile,1,1,1,1,14,4,0,0
/global/archives/18478,mobile,1,1,1,1,52,4,0,0
/global/archives/18639,desktop,1,1,1,1,26,5,0,0
/global/archives/18639,mobile,1,1,1,1,0,4,0,0
/global/archives/18659,mobile,1,1,1,1,28,5,0,0
/global/archives/18708,desktop,1,1,1,1,3,5,0,0
/global/archives/18743,mobile,1,1,1,1,0,2,0,0
/global/archives/18753,mobile,1,1,1,1,0,2,0,0
/global/archives/19108,desktop,1,1,1,1,92,3,0,0
/global/archives/19128,desktop,1,1,1,1,0,3,0,0
/global/archives/19154,mobile,1,2,1,1,41,7,0,0
/global/archives/19154,tablet,1,1,1,1,0,4,0,0
/global/archives/19179,tablet,1,1,1,1,1,3,0,0
/global/archives/19230,mobile,1,1,1,1,9,3,0,0
/global/archives/19328,desktop,1,1,1,1,11,4,0,0
/global/archives/19421,tablet,1,1,1,1,0,4,0,0
/global/archives/2212,desktop,1,1,1,1,156,4,0,0
/global/archives/2241,mobile,1,1,1,1,24,5,0,0
/global/archives/2490,desktop,1,1,1,1,27,5,0,0
/global/archives/253,desktop,1,1,1,1,25,5,0,0
/global/archives/2576,mobile,1,1,1,1,289,5,0,0
/global/archives/2635,desktop,1,2,1,1,0,6,0,0
/global/archives/2756,desktop,1,1,1,1,96,4,0,0
/global/archives/311,desktop,1,1,1,1,12,5,0,0
/global/archives/311,mobile,1,1,1,1,0,4,0,0
/global/archives/3123,desktop,1,1,1,1,1,2,0,0
/global/archives/3197,desktop,1,1,1,1,1,5,0,0
/global/archives/3220,desktop,1,2,1,1,0,5,0,0
/global/archives/3464,desktop,1,1,1,1,17,6,0,0
/global/archives/3473,desktop,1,1,1,1,0,4,0,0
/global/archives/3709,desktop,1,1,1,1,0,4,0,0
/global/archives/3709,mobile,1,1,1,1,6,4,0,0
/global/archives/3741,desktop,1,1,1,1,10,3,0,0
/global/archives/3830,desktop,1,1,1,1,0,4,0,0
/global/archives/4077,desktop,1,1,1,1,2,2,0,0
/global/archives/4086,mobile,1,1,1,1,21,5,0,0
/global/archives/4146,desktop,1,1,1,1,22,6,0,0
/global/archives/4193,desktop,1,1,1,1,68,6,0,0
/global/archives/441,mobile,1,1,1,1,74,6,0,0
/global/archives/4450,desktop,1,1,1,1,141,5,0,0
/global/archives/4482,mobile,1,1,1,1,0,4,0,0
/global/archives/4482,tablet,1,1,1,1,176,5,0,0
/global/archives/4612,mobile,1,2,1,1,0,6,0,0
/global/archives/4614,desktop,1,1,1,1,58,4,0,0
/global/archives/4728,desktop,1,1,1,1,54,6,0,0
/global/archives/4793,mobile,1,1,1,1,0,4,0,0
/global/archives/5016,desktop,1,1,1,1,0,4,0,0
/global/archives/5205,desktop,1,1,1,1,119,6,0,0
/global/archives/5225,desktop,1,1,1,1,8,4,0,0
/global/archives/5234,desktop,1,1,1,1,6,5,0,0
/global/archives/5651,desktop,1,2,1,1,0,6,0,0
/global/archives/5692,desktop,1,2,1,1,87,7,0,0
/global/archives/5804,desktop,1,1,1,1,7,5,0,0
/global/archives/5893,desktop,1,1,1,1,0,4,0,0
/global/archives/6072,mobile,1,1,1,1,0,5,0,0
/global/archives/6253,desktop,1,2,2,0.5,9,7,0,0
/global/archives/6377,desktop,1,1,1,1,0,3,0,0
/global/archives/6436,desktop,1,1,1,1,24,4,0,0
/global/archives/6546,desktop,1,1,1,1,0,3,0,0
/global/archives/6683,desktop,1,1,1,1,7,5,0,0
/global/archives/6710,desktop,1,1,0,0,0,3,0,0
/global/archives/6870,desktop,1,2,1,1,5,7,0,0
/global/archives/6998,desktop,1,1,1,1,41,4,0,0
/global/archives/7177,mobile,1,1,1,1,127,6,0,0
/global/archives/7221,desktop,1,1,1,1,0,4,0,0
/global/archives/7245,mobile,1,1,1,1,192,5,0,0
/global/archives/7292,desktop,1,1,1,1,35,3,0,0
/global/archives/733,mobile,1,1,1,1,14,5,0,0
/global/archives/7353,desktop,1,1,1,1,16,5,0,0
/global/archives/7710,desktop,1,1,1,1,0,3,0,0
/global/archives/7919,desktop,1,1,1,1,0,4,0,0
/global/archives/7961,desktop,1,1,1,1,0,3,0,0
/global/archives/7961,mobile,1,1,1,1,28,5,0,0
/global/archives/8152,desktop,1,1,1,1,0,2,0,0
/global/archives/822,mobile,1,1,1,1,3,4,0,0
/global/archives/8230,desktop,1,1,1,1,0,3,0,0
/global/archives/8298,desktop,1,1,1,1,31,6,0,0
/global/archives/8298,mobile,1,1,1,1,0,4,0,0
/global/archives/8310,mobile,1,1,1,1,21,6,0,0
/global/archives/8310L,desktop,1,1,1,1,0,3,0,0
/global/archives/8899,mobile,1,1,1,1,0,4,0,0
/global/archives/8972,desktop,1,1,1,1,21,6,0,0
/global/archives/9079,desktop,1,1,1,1,20,6,0,0
/global/archives/9480,desktop,1,1,1,1,220,4,0,0
/global/archives/9493,desktop,1,1,1,1,45,5,0,0
/global/archives/9548,desktop,1,1,1,1,8,3,0,0
/global/archives/9682,desktop,1,1,1,1,2,3,0,0
/global/archives/9740,mobile,1,1,1,1,26,5,0,0
/global/archives/9740,tablet,1,1,1,1,0,4,0,0
/global/archives/9786,smart tv,1,1,1,1,0,3,0,0
/global/archives/9797,desktop,1,2,1,1,0,5,0,0
/global/archives/9951,desktop,1,1,1,1,29,5,0,0
/global/archives/category/ces/ces-2022-ces-2022,desktop,1,1,1,1,3,4,0,0
/global/archives/category/corporate/sk-enmove,mobile,1,1,1,1,0,4,0,0
/global/archives/category/corporate/sk-ie-technology,desktop,1,1,1,1,20,4,0,0
/global/archives/category/corporates,mobile,1,1,1,1,0,4,0,0
/global/archives/category/corporates/sk-enmove,mobile,1,1,1,1,71,4,0,0
/global/archives/category/corporates/sk-geo-centric,tablet,1,1,1,1,14,3,0,0
/global/archives/category/people/ceo-leaders,desktop,1,1,1,1,0,2,0,0
/global/archives/category/press-room/issue-fact,mobile,1,1,1,1,7,4,0,0
/global/archives/category/press-room/press-release,mobile,1,1,1,1,85,4,0,0
/global/archives/category/social-value/opinions,desktop,1,1,1,1,5,5,0,0
/global/archives/tag/2020大韩民国环保包装论坛,desktop,1,1,1,1,0,4,0,0
/global/archives/tag/2021,desktop,1,1,1,1,5,5,0,0
/global/archives/tag/2021,mobile,1,1,1,1,0,5,0,0
/global/archives/tag/2022-esg-report,desktop,1,1,1,1,3,5,0,0
/global/archives/tag/2024-q1,mobile,1,1,1,1,8,5,0,0
/global/archives/tag/abs,desktop,1,1,1,1,3,5,0,0
/global/archives/tag/advanced-plastic-recycling-cluster,tablet,1,1,1,1,8,3,0,0
/global/archives/tag/australia,desktop,1,1,1,1,5,4,0,0
/global/archives/tag/battery,mobile,1,1,1,1,11,4,0,0
/global/archives/tag/bmw,mobile,1,1,1,1,3,5,0,0
/global/archives/tag/conference,desktop,1,1,1,1,3,5,0,0
/global/archives/tag/crude-oil,desktop,1,1,1,1,17,4,0,0
/global/archives/tag/daejeon,desktop,1,1,1,1,5,4,0,0
/global/archives/tag/eaa-plant,desktop,1,1,1,1,7,5,0,0
/global/archives/tag/ecopro,desktop,1,1,1,1,15,5,0,0
/global/archives/tag/electrolyte,desktop,1,1,1,1,5,4,0,0
/global/archives/tag/envirun-for-the-earth,desktop,1,1,1,1,4,5,0,0
/global/archives/tag/esg,desktop,1,1,1,1,5,5,0,0
/global/archives/tag/ess,desktop,1,1,1,1,0,4,0,0
/global/archives/tag/europe,mobile,1,1,1,1,6,5,0,0
/global/archives/tag/f-150-lightning,mobile,1,1,1,1,0,4,0,0
/global/archives/tag/freeport,desktop,1,1,1,1,7,4,0,0
/global/archives/tag/georgia,desktop,1,1,1,1,16,4,0,0
/global/archives/tag/germany,desktop,1,1,1,1,0,3,0,0
/global/archives/tag/gmf,mobile,1,1,1,1,0,3,0,0
/global/archives/tag/hg-initiative,desktop,1,1,1,1,4,5,0,0
/global/archives/tag/houston,mobile,1,1,1,1,8,6,0,0
/global/archives/tag/interbattery-2023,desktop,1,1,1,1,1,5,0,0
/global/archives/tag/iodine,mobile,1,1,1,1,15,6,0,0
/global/archives/tag/iscc,desktop,1,1,1,1,0,3,0,0
/global/archives/tag/jee-dong-seob,mobile,1,1,1,1,3,4,0,0
/global/archives/tag/job-fair,mobile,1,1,1,1,5,4,0,0
/global/archives/tag/joshua-han,mobile,1,1,1,1,0,3,0,0
/global/archives/tag/kentucky,desktop,1,1,1,1,29,6,0,0
/global/archives/tag/lee-seong-jun,desktop,1,1,1,1,4,5,0,0
/global/archives/tag/libs,desktop,1,2,1,1,0,5,0,0
/global/archives/tag/malaysia,desktop,1,1,1,1,4,5,0,0
/global/archives/tag/marine-innovation,desktop,1,1,1,1,47,6,0,0
/global/archives/tag/market-kurly,mobile,1,1,1,1,4,5,0,0
/global/archives/tag/merger,desktop,1,1,1,1,0,1,0,0
/global/archives/tag/natural-graphite,desktop,1,2,1,1,6,6,0,0
/global/archives/tag/ncm9,mobile,1,1,1,1,0,3,0,0
/global/archives/tag/nmc,desktop,1,1,1,1,9,5,0,0
/global/archives/tag/northvolt,desktop,1,1,1,1,6,5,0,0
/global/archives/tag/oil-spill,desktop,1,1,1,1,0,4,0,0
/global/archives/tag/petroleum,desktop,1,1,1,1,46,5,0,0
/global/archives/tag/petronas,mobile,1,1,1,1,52,6,0,0
/global/archives/tag/plastic-recycling,tablet,1,1,1,1,21,4,0,0
/global/archives/tag/plogging,desktop,1,2,1,1,0,5,0,0
/global/archives/tag/poland,mobile,1,1,1,1,44,5,0,0
/global/archives/tag/pta,desktop,1,1,1,1,9,4,0,0
/global/archives/tag/pyrolysis,desktop,1,1,1,1,35,5,0,0
/global/archives/tag/sabic-sk-nexlene-company,desktop,1,1,1,1,6,4,0,0
/global/archives/tag/seosan,desktop,1,1,1,1,11,5,0,0
/global/archives/tag/separator,desktop,1,1,1,1,39,4,0,0
/global/archives/tag/sk-battery-america,desktop,1,1,1,1,8,5,0,0
/global/archives/tag/sk-earthon-kuala-lumpur,desktop,1,1,1,1,5,3,0,0
/global/archives/tag/sk-gc-americas,desktop,1,1,1,1,2,5,0,0
/global/archives/tag/sk-global-chemical,desktop,1,1,1,1,5,5,0,0
/global/archives/tag/sk-global-chemical-shanghai,desktop,1,1,1,1,7,5,0,0
/global/archives/tag/sk-green,mobile,1,1,1,1,3,5,0,0
/global/archives/tag/sk-group,mobile,1,1,1,1,0,3,0,0
/global/archives/tag/sk-lubricants-oil-india,desktop,1,1,1,1,7,5,0,0
/global/archives/tag/sk-primacor-americas,desktop,1,1,1,1,3,5,0,0
/global/archives/tag/skei-singapore,desktop,1,1,1,1,28,5,0,0
/global/archives/tag/sken,desktop,1,1,1,1,15,5,0,0
/global/archives/tag/sken,mobile,1,1,0,0,0,3,0,0
/global/archives/tag/skeo,mobile,1,1,1,1,30,3,0,0
/global/archives/tag/skgc,mobile,1,1,1,1,69,5,0,0
/global/archives/tag/sko,mobile,1,1,1,1,28,5,0,0
/global/archives/tag/sk综合化学上海,mobile,1,1,1,1,0,4,0,0
/global/archives/tag/small-modular-reactor,desktop,1,1,1,1,1,6,0,0
/global/archives/tag/sunwoda,desktop,1,1,1,1,13,5,0,0
/global/archives/tag/tesla,mobile,1,1,1,1,0,4,0,0
/global/archives/tag/tesla,smart tv,1,1,1,1,0,5,0,0
/global/archives/tag/turkey,desktop,1,1,1,1,20,4,0,0
/global/archives/tag/turkey,mobile,1,1,0,0,0,2,0,0
/global/archives/tag/ulsan-complex,desktop,1,1,1,1,14,3,0,0
/global/archives/tag/vietnam,desktop,1,1,0,0,0,4,0,0
/global/archives/tag/vwbe,mobile,1,1,1,1,3,5,0,0
/global/archives/tag/warm-mix-asphalt,desktop,1,1,1,1,3,5,0,0
/global/archives/tag/yubase,desktop,1,1,1,1,5,5,0,0
/global/archives/tag/ဒီရေတောများပြန်လည်ပျို,desktop,1,1,1,1,14,5,0,0
/global/archives/tag/ဒီရေတောများပြန်လည်ပျို,mobile,1,1,1,1,0,5,0,0
/global/archives/tag/常州,mobile,1,1,1,1,0,4,0,0
/global/archives/tag/电动汽车,mobile,1,1,1,1,0,4,0,0
/global/archives/tag/电动汽车电池,desktop,1,1,1,1,0,4,0,0
/global/archives/tag/电池,desktop,1,1,1,1,12,5,0,0
/global/archives/tag/电池,mobile,1,1,1,1,0,4,0,0
/global/archives/4844,desktop,0,1,1,0,61,2,0,0
/global/archives/6658,desktop,0,1,0,0,0,2,0,0
/global/archives/736,desktop,0,1,0,0,0,2,0,0
/global/archives/tag/中韩石化,mobile,0,1,1,0,0,1,0,0
/global/archives/tag/电动汽车,desktop,0,1,1,0,4,2,0,0