# ----------------------------------------
# 보고서 CSV 내보내기
# 계정: skinno global
# 속성: skinno 글로벌 - GA4
# ----------------------------------------
# 
# 모든 사용자
# 시작일: 20241028
# 종료일: 20241103
페이지 경로 및 화면 클래스,세션 소스,조회수,세션수,활성 사용자,활성 사용자당 조회수,활성 사용자당 평균 참여 시간,이벤트 수,주요 이벤트,총수익
/global/archives/19268,google,1259,1058,833,1.5114045618247298,1.6182472989195678,4389,0,0
/global/latestnews,(direct),133,130,94,1.4148936170212767,21.117021276595743,460,0,0
/global/,(direct),116,86,69,1.681159420289855,36.63768115942029,1296,0,0
/pagead/aclk,google,110,75,75,1.4666666666666666,0,343,0,0
/global/archives/19421,(direct),102,88,77,1.3246753246753247,33.493506493506494,392,0,0
/global/,google,78,50,41,1.9024390243902438,16.585365853658537,544,0,0
/global/archives/19421,linkedin.com,63,65,51,1.2352941176470589,20.019607843137255,271,0,0
/global/archives/18546,google,61,67,44,1.3863636363636365,37.36363636363637,277,0,0
/global/archives/19078,google,55,54,28,1.9642857142857142,22.714285714285715,214,0,0
/global/archives/19268,(direct),52,33,30,1.7333333333333334,7.733333333333333,169,0,0
/global/archives/19393,(direct),41,42,39,1.0512820512820513,14.256410256410257,157,0,0
/global/archives/18107,google,36,36,33,1.0909090909090908,166.72727272727272,173,0,0
/global/archives/19393,google,31,34,24,1.2916666666666667,45.625,129,0,0
/global/archives/19393,linkedin.com,30,29,26,1.1538461538461537,6.884615384615385,125,0,0
/global/archives/category/press-room/financial-results,google,28,20,17,1.6470588235294117,21.941176470588236,118,0,0
/global/,skinnovation.com,26,21,19,1.368421052631579,19.736842105263158,248,0,0
/global/archives/17426,google,25,21,15,1.6666666666666667,54.53333333333333,117,0,0
/global/archives/18445,google,25,20,17,1.4705882352941178,17.294117647058822,108,0,0
/global/archives/19045,google,24,25,17,1.411764705882353,47.88235294117647,95,0,0
/global/sustainability-report,(direct),24,24,24,1,4.875,118,0,0
/global/archives/15490,google,23,25,20,1.15,75.8,111,0,0
/global/archives/category/press-room/press-release,google,22,19,18,1.2222222222222223,18.166666666666668,89,0,0
/global/archives/19179,google,21,21,12,1.75,15.833333333333334,80,0,0
/global/archives/category/press-room/press-release,(direct),21,19,9,2.3333333333333335,13.88888888888889,71,0,0
/global/,linkedin.com,20,15,3,6.666666666666667,35,129,0,0
/global/,ozmailer.com,20,8,4,5,19.75,93,0,0
/global/archives/13780,google,20,19,11,1.8181818181818181,30.727272727272727,80,0,0
/global/archives/17595,google,20,19,12,1.6666666666666667,43.25,84,0,0
/global/archives/18608,google,20,17,14,1.4285714285714286,31.357142857142858,88,0,0
/global/archives/13130,(direct),19,19,19,1,4.315789473684211,95,0,0
/global/archives/17499,google,18,19,14,1.2857142857142858,71.35714285714286,79,0,0
/global/archives/15374,google,17,17,14,1.2142857142857142,36.214285714285715,75,0,0
/global/archives/17623,google,17,15,10,1.7,23.3,69,0,0
/global/archives/category/press-room,(direct),17,15,8,2.125,35.875,58,0,0
/global/,eng.sk-on.com,16,8,7,2.2857142857142856,25.142857142857142,101,0,0
/global/archives/16060,google,16,15,2,8,49.5,54,0,0
/global/archives/19154,google,16,16,11,1.4545454545454546,48.27272727272727,68,0,0
/global/archives/19268,linkedin.com,16,16,14,1.1428571428571428,4.357142857142857,68,0,0
/global/archives/category/corporates/sk-innovation,google,16,15,13,1.2307692307692308,70.23076923076923,65,0,0
/global/archives/18546,(direct),15,18,14,1.0714285714285714,5.785714285714286,65,0,0
/global/archives/category/press-room/financial-results,(direct),14,14,4,3.5,25.25,56,0,0
/global/archives/16463,google,13,14,12,1.0833333333333333,17.916666666666668,60,0,0
/global/archives/category/corporates/sk-on,google,13,13,10,1.3,22.5,49,0,0
/global/archives/15592,(direct),12,12,12,1,3.6666666666666665,58,0,0
/global/archives/18770,google,12,12,11,1.0909090909090908,28.363636363636363,52,0,0
/global/archives/9910,google,12,12,11,1.0909090909090908,51.72727272727273,58,0,0
/global/archives/16834,google,11,8,5,2.2,21,43,0,0
/global/archives/17817,google,11,12,9,1.2222222222222223,16.11111111111111,51,0,0
/global/archives/6216,google,11,12,10,1.1,70.3,54,0,0
/global/archives/category/corporates,google,11,10,8,1.375,7.875,40,0,0
/global/archives/category/press-room,google,11,11,8,1.375,58.5,47,0,0
/global/latestnews,google,11,13,8,1.375,12.875,43,0,0
/global/archives/12022,google,10,10,10,1,5.7,47,0,0
/global/archives/12306,google,10,8,7,1.4285714285714286,27.714285714285715,39,0,0
/global/archives/15664,google,10,9,9,1.1111111111111112,12.666666666666666,44,0,0
/global/archives/16448,google,10,10,7,1.4285714285714286,45.142857142857146,44,0,0
/global/archives/17216,google,10,12,9,1.1111111111111112,18,45,0,0
/global/archives/19078,(direct),10,10,9,1.1111111111111112,11.777777777777779,43,0,0
/global/archives/4921,google,10,11,10,1,12.2,47,0,0
/global/archives/category/corporates/sk-energy,google,10,10,8,1.25,44,38,0,0
/global/archives/16286,(direct),9,9,9,1,0,36,0,0
/global/archives/17426,(direct),9,9,7,1.2857142857142858,10.571428571428571,31,0,0
/global/archives/17737,google,9,10,6,1.5,24,44,0,0
/global/archives/19179,(direct),9,11,8,1.125,40.875,40,0,0
/global/archives/19230,(direct),9,6,4,2.25,4.25,30,0,0
/global/archives/19393,skinnovation.com,9,6,6,1.5,82.33333333333333,35,0,0
/global/archives/19421,google,9,10,8,1.125,92.625,32,0,0
/global/archives/category/corporates/sk-on,(direct),9,7,5,1.8,227.4,30,0,0
/global/,eng.skgeocentric.com,8,6,6,1.3333333333333333,14.833333333333334,63,0,0
/global/archives/10774,google,8,10,8,1,15.5,43,0,0
/global/archives/10939,google,8,8,5,1.6,32.8,33,0,0
/global/archives/11004,google,8,6,3,2.6666666666666665,83.66666666666667,32,0,0
/global/archives/12106,google,8,9,6,1.3333333333333333,44.666666666666664,34,0,0
/global/archives/13595,google,8,8,7,1.1428571428571428,28.285714285714285,35,0,0
/global/archives/17169,google,8,9,7,1.1428571428571428,51,38,0,0
/global/archives/17356,google,8,8,5,1.6,12.6,28,0,0
/global/archives/17476,google,8,9,6,1.3333333333333333,44.333333333333336,35,0,0
/global/archives/18283,(direct),8,7,6,1.3333333333333333,13.166666666666666,28,0,0
/global/archives/19202,(direct),8,6,4,2,16.75,29,0,0
/global/archives/category/press-room/financial-results,linkedin.com,8,3,2,4,58.5,29,0,0
/global/archives/tag/sustainability-report,(direct),8,8,8,1,3,40,0,0
/global/archives/12147,google,7,8,7,1,14.857142857142858,33,0,0
/global/archives/13130,google,7,4,3,2.3333333333333335,53.666666666666664,29,0,0
/global/archives/13329,google,7,5,3,2.3333333333333335,19.666666666666668,26,0,0
/global/archives/14415,google,7,5,4,1.75,87.75,30,0,0
/global/archives/14491,google,7,5,5,1.4,10.4,32,0,0
/global/archives/15462,google,7,8,6,1.1666666666666667,40.333333333333336,33,0,0
/global/archives/15687,google,7,7,6,1.1666666666666667,60.166666666666664,27,0,0
/global/archives/16154,google,7,9,7,1,13.857142857142858,38,0,0
/global/archives/16493,google,7,8,6,1.1666666666666667,68.66666666666667,33,0,0
/global/archives/18022,google,7,7,5,1.4,18,32,0,0
/global/archives/18770,(direct),7,7,7,1,2.4285714285714284,25,0,0
/global/archives/19149,google,7,7,7,1,11.142857142857142,28,0,0
/global/archives/4499,google,7,6,6,1.1666666666666667,6.333333333333333,30,0,0
/global/archives/7906,google,7,6,5,1.4,27.6,30,0,0
/global/archives/category/corporates/sk-geo-centric,google,7,4,4,1.75,17.5,26,0,0
/global/archives/category/corporates/sk-innovation,(direct),7,5,5,1.4,10.6,23,0,0
/global/archives/category/people,google,7,6,5,1.4,14.4,27,0,0
/global/archives/category/press-room,skinnovation.com,7,3,3,2.3333333333333335,73,28,0,0
/global/archives/tag/sustainability,(direct),7,7,7,1,4,35,0,0
/global/,googleadservices.com,6,6,6,1,0,20,0,0
/global/archives/12036,google,6,6,1,6,0,22,0,0
/global/archives/12293,chatgpt.com,6,1,1,6,30,22,0,0
/global/archives/13544,google,6,5,4,1.5,61.5,24,0,0
/global/archives/16532,google,6,8,5,1.2,55.6,30,0,0
/global/archives/17047,google,6,3,3,2,53.666666666666664,24,0,0
/global/archives/17893,google,6,5,4,1.5,47.25,23,0,0
/global/archives/18361,google,6,6,6,1,31,26,0,0
/global/archives/19202,google,6,6,5,1.2,76.2,24,0,0
/global/archives/19421,lnkd.in,6,6,5,1.2,17.2,27,0,0
/global/archives/19421,skinnovation.com,6,6,5,1.2,246.8,26,0,0
/global/archives/3674,google,6,7,4,1.5,4,27,0,0
/global/archives/9740,google,6,7,5,1.2,18.4,27,0,0
/global/archives/category/corporate/sk-energy,skenergy.com,6,5,5,1.2,26.4,26,0,0
/global/archives/category/corporates/sk-enmove,skenmove.com,6,3,2,3,66.5,22,0,0
/global/archives/category/corporates/sk-enterm,google,6,5,5,1.2,12,25,0,0
/global/archives/category/press-room/financial-results,skenmove.com,6,2,1,6,37,24,0,0
/global/archives/tag/hungary,google,6,1,1,6,112,23,0,0
/global/archives/tag/sk-energy-americas,google,6,3,3,2,19.666666666666668,28,0,0
/global/latestnews,linkedin.com,6,7,2,3,40,26,0,0
/global/archives/10654,google,5,5,4,1.25,49.25,24,0,0
/global/archives/11004,(direct),5,4,4,1.25,70.75,20,0,0
/global/archives/11087,google,5,5,3,1.6666666666666667,25.333333333333332,20,0,0
/global/archives/11527,google,5,2,2,2.5,12.5,20,0,0
/global/archives/13932,google,5,3,3,1.6666666666666667,21,21,0,0
/global/archives/14766,google,5,6,4,1.25,12,22,0,0
/global/archives/15490,(direct),5,6,4,1.25,34,21,0,0
/global/archives/17169,(direct),5,5,4,1.25,13.25,23,0,0
/global/archives/17356,(direct),5,5,5,1,17.6,24,0,0
/global/archives/17514,google,5,6,4,1.25,78.75,24,0,0
/global/archives/18065,(direct),5,5,5,1,0.6,20,0,0
/global/archives/18546,linkedin.com,5,5,4,1.25,263,18,0,0
/global/archives/19078,statics.teams.cdn.office.net,5,6,2,2.5,254,21,0,0
/global/archives/489,google,5,6,4,1.25,35.5,25,0,0
/global/archives/7445,google,5,4,4,1.25,57.25,20,0,0
/global/archives/9509,google,5,5,3,1.6666666666666667,69,22,0,0
/global/archives/category/ces/ces-2023,google,5,1,1,5,53,15,0,0
/global/archives/category/corporate/sk-enmove,skenmove.com,5,5,4,1.25,20.25,22,0,0
/global/archives/category/corporates,(direct),5,3,3,1.6666666666666667,17,19,0,0
/global/archives/category/corporates/sk-enmove,linkedin.com,5,2,1,5,58,21,0,0
/global/archives/category/corporates/sk-innovation,skinnovation.com,5,6,3,1.6666666666666667,22,21,0,0
/global/archives/category/press-room/issue-fact,google,5,6,4,1.25,12.25,20,0,0
/global/archives/tag/lithium-ion-batteries,google,5,1,1,5,34,20,0,0
/global/,bing,4,3,3,1.3333333333333333,10.666666666666666,17,0,0
/global/,eng.skearthon.com,4,2,2,2,42.5,18,0,0
/global/archives/10610,(direct),4,4,4,1,5.75,16,0,0
/global/archives/10610,google,4,4,4,1,18,19,0,0
/global/archives/10985,bing,4,1,1,4,18,13,0,0
/global/archives/11161,google,4,4,3,1.3333333333333333,246.66666666666666,19,0,0
/global/archives/12008,google,4,3,3,1.3333333333333333,20.333333333333332,13,0,0
/global/archives/12306,chatgpt.com,4,1,1,4,40,14,0,0
/global/archives/12692,google,4,4,4,1,20.25,17,0,0
/global/archives/13329,(direct),4,4,4,1,15.25,16,0,0
/global/archives/13521,google,4,4,4,1,4.25,16,0,0
/global/archives/14193,google,4,6,4,1,0,18,0,0
/global/archives/14226,google,4,6,4,1,8.75,21,0,0
/global/archives/14309,(direct),4,4,4,1,0,16,0,0
/global/archives/15259,(direct),4,4,4,1,0,16,0,0
/global/archives/15664,statics.teams.cdn.office.net,4,6,2,2,136,23,0,0
/global/archives/15687,skenmove.com,4,2,1,4,791,14,0,0
/global/archives/15760,google,4,3,3,1.3333333333333333,36.333333333333336,18,0,0
/global/archives/15937,google,4,5,4,1,34.75,22,0,0
/global/archives/16376,google,4,4,2,2,2.5,15,0,0
/global/archives/17022,google,4,4,4,1,8.25,18,0,0
/global/archives/17313,google,4,5,4,1,14.5,17,0,0
/global/archives/17426,bing,4,6,3,1.3333333333333333,67.66666666666667,22,0,0
/global/archives/17446,google,4,3,3,1.3333333333333333,42.333333333333336,19,0,0
/global/archives/17460,google,4,4,4,1,17.5,20,0,0
/global/archives/17569,google,4,4,3,1.3333333333333333,264,16,0,0
/global/archives/17623,(direct),4,3,3,1.3333333333333333,0.6666666666666666,14,0,0
/global/archives/17990,google,4,3,3,1.3333333333333333,12,15,0,0
/global/archives/18283,bing,4,2,1,4,238,15,0,0
/global/archives/18388,google,4,4,4,1,30.25,20,0,0
/global/archives/18436,google,4,3,2,2,45,16,0,0
/global/archives/18546,bing,4,5,3,1.3333333333333333,101.66666666666667,16,0,0
/global/archives/18608,skenmove.com,4,4,1,4,28,16,0,0
/global/archives/18659,(direct),4,4,4,1,7,17,0,0
/global/archives/19230,google,4,3,3,1.3333333333333333,17.333333333333332,17,0,0
/global/archives/19349,(direct),4,5,4,1,2.75,15,0,0
/global/archives/19349,linkedin.com,4,4,4,1,17.5,15,0,0
/global/archives/19393,bing,4,3,2,2,8.5,13,0,0
/global/archives/19393,eng.skgeocentric.com,4,4,3,1.3333333333333333,51.333333333333336,17,0,0
/global/archives/3820,google,4,4,4,1,29.75,14,0,0
/global/archives/4308,google,4,2,2,2,48,13,0,0
/global/archives/4612,google,4,5,4,1,7.75,19,0,0
/global/archives/6313,electrive.com,4,1,1,4,3,13,0,0
/global/archives/9709,google,4,4,4,1,11.75,18,0,0
/global/archives/category/corporates,eng.skearthon.com,4,1,1,4,180,16,0,0
/global/archives/category/corporates/sk-earthon,eng.skearthon.com,4,1,1,4,57,16,0,0
/global/archives/category/insight/expert-voice,(direct),4,2,2,2,101,16,0,0
/global/archives/category/people/inno-people,(direct),4,2,2,2,4.5,9,0,0
/global/archives/category/people/sustainability,google,4,2,2,2,29,16,0,0
/global/archives/tag/ncm811,google,4,3,3,1.3333333333333333,11.333333333333334,16,0,0
/global/archives/tag/s-pack,google,4,2,2,2,16.5,17,0,0
/global/archives/tag/sk-hi-tech-battery-materials-poland,google,4,3,3,1.3333333333333333,1.3333333333333333,14,0,0
/global/archives/tag/sko,google,4,5,3,1.3333333333333333,14,20,0,0
/global/archives/tag/yubase,google,4,2,1,4,51,12,0,0
/global/,(not set),3,4,3,1,9,15,0,0
/global/archives/1058,google,3,3,2,1.5,30.5,13,0,0
/global/archives/10835,bing,3,3,3,1,38,14,0,0
/global/archives/11400,marketscreener.com,3,1,1,3,91,12,0,0
/global/archives/11807,google,3,2,2,1.5,80,13,0,0
/global/archives/12022,(direct),3,3,3,1,0,12,0,0
/global/archives/12220,google,3,3,2,1.5,14.5,13,0,0
/global/archives/12950,(direct),3,3,3,1,11.333333333333334,9,0,0
/global/archives/13521,bing,3,4,3,1,12,15,0,0
/global/archives/14634,google,3,3,3,1,11,14,0,0
/global/archives/14688,google,3,3,3,1,30.333333333333332,13,0,0
/global/archives/15067,google,3,3,3,1,38,15,0,0
/global/archives/15374,skenergy.com,3,4,3,1,24,16,0,0
/global/archives/15490,chatgpt.com,3,3,2,1.5,15.5,16,0,0
/global/archives/15865,google,3,3,2,1.5,2,10,0,0
/global/archives/16719,google,3,3,3,1,125,14,0,0
/global/archives/16970,google,3,4,3,1,3,15,0,0
/global/archives/17356,statics.teams.cdn.office.net,3,2,2,1.5,0.5,9,0,0
/global/archives/17386,google,3,3,1,3,3,9,0,0
/global/archives/17446,(direct),3,3,3,1,8.333333333333334,7,0,0
/global/archives/18283,google,3,2,2,1.5,22,13,0,0
/global/archives/18301,google,3,3,3,1,105.33333333333333,15,0,0
/global/archives/18546,statics.teams.cdn.office.net,3,4,1,3,2,14,0,0
/global/archives/18571,google,3,4,3,1,4,16,0,0
/global/archives/18608,(direct),3,3,3,1,3.6666666666666665,12,0,0
/global/archives/18659,google,3,3,3,1,21.333333333333332,15,0,0
/global/archives/18753,(direct),3,4,4,0.75,0,7,0,0
/global/archives/18770,skinnovation.com,3,4,3,1,0,10,0,0
/global/archives/19045,(direct),3,3,3,1,0,11,0,0
/global/archives/19095,google,3,3,2,1.5,0,11,0,0
/global/archives/19154,bing,3,3,3,1,83.33333333333333,14,0,0
/global/archives/19179,ozmailer.com,3,2,2,1.5,0,10,0,0
/global/archives/19179,yahoo,3,4,3,1,17.333333333333332,16,0,0
/global/archives/19230,skenmove.com,3,4,2,1.5,25.5,15,0,0
/global/archives/19268,bing,3,2,1,3,0,8,0,0
/global/archives/19328,(direct),3,3,2,1.5,5.5,10,0,0
/global/archives/19421,bing,3,3,3,1,6.666666666666667,12,0,0
/global/archives/2557,google,3,1,1,3,38,11,0,0
/global/archives/3962,(direct),3,3,2,1.5,1.5,13,0,0
/global/archives/4146,google,3,3,3,1,12.666666666666666,16,0,0
/global/archives/5772,google,3,2,2,1.5,17.5,13,0,0
/global/archives/6313,chatgpt.com,3,1,1,3,6,10,0,0
/global/archives/6462,google,3,3,3,1,21.666666666666668,12,0,0
/global/archives/8310,cn.bing.com,3,3,2,1.5,70.5,12,0,0
/global/archives/8914,google,3,1,1,3,46,10,0,0
/global/archives/9695,google,3,3,3,1,20.666666666666668,14,0,0
/global/archives/category/corporates/sk-enmove,(direct),3,1,1,3,8,11,0,0
/global/archives/category/corporates/sk-enmove,google,3,4,4,0.75,33,12,0,0
/global/archives/category/corporates/sk-ie-technology,google,3,2,2,1.5,17.5,12,0,0
/global/archives/category/corporates/sk-innovation,linkedin.com,3,2,2,1.5,31.5,11,0,0
/global/archives/category/corporates/sk-on,sktradinginternational.com,3,2,1,3,42,10,0,0
/global/archives/category/insight,(direct),3,3,3,1,6,10,0,0
/global/archives/category/people/inno-people,google,3,5,3,1,5.666666666666667,13,0,0
/global/archives/category/press-room,eng.skearthon.com,3,1,1,3,97,12,0,0
/global/archives/category/press-room/press-release,eng.skgeocentric.com,3,1,1,3,9,10,0,0
/global/archives/tag/all-solid-state,google,3,1,1,3,8,12,0,0
/global/archives/tag/batteries,google,3,1,1,3,9,12,0,0
/global/archives/tag/egg-program,google,3,2,2,1.5,11,14,0,0
/global/archives/tag/financial-results,google,3,2,2,1.5,13,12,0,0
/global/archives/tag/green-bonds,google,3,1,1,3,24,8,0,0
/global/archives/tag/houston,google,3,2,2,1.5,7.5,13,0,0
/global/archives/tag/lithium-ion-battery,google,3,1,1,3,31,14,0,0
/global/archives/tag/malaysia,google,3,2,2,1.5,2,11,0,0
/global/archives/tag/northvolt,google,3,3,3,1,3.6666666666666665,16,0,0
/global/archives/tag/oh-jong-hoon,google,3,1,1,3,17,12,0,0
/global/archives/tag/poe,google,3,2,2,1.5,1,12,0,0
/global/archives/tag/pouch-type-battery,google,3,3,3,1,6.333333333333333,15,0,0
/global/,ecosia.org,2,1,1,2,9,7,0,0
/global/,eng.skietechnology.com,2,1,1,2,184,11,0,0
/global/archives/10073,google,2,1,1,2,42,6,0,0
/global/archives/10133,google,2,2,2,1,16,9,0,0
/global/archives/10535,google,2,2,1,2,8,7,0,0
/global/archives/10713,google,2,1,1,2,48,9,0,0
/global/archives/107411,(direct),2,2,2,1,0.5,9,0,0
/global/archives/10767,google,2,3,2,1,3.5,10,0,0
/global/archives/10802,google,2,2,2,1,29,9,0,0
/global/archives/10835,ecosia.org,2,1,1,2,59,10,0,0
/global/archives/10842,google,2,3,1,2,0,10,0,0
/global/archives/10985,google,2,2,2,1,80,12,0,0
/global/archives/11125,google,2,2,2,1,2.5,8,0,0
/global/archives/11147,google,2,2,2,1,7,10,0,0
/global/archives/114530,(direct),2,1,1,2,1,9,0,0
/global/archives/11596,google,2,2,2,1,27,11,0,0
/global/archives/11992,google,2,2,2,1,26.5,8,0,0
/global/archives/12106,(direct),2,2,1,2,78,9,0,0
/global/archives/12274/skee,google,2,2,2,1,6,10,0,0
/global/archives/12471,google,2,2,2,1,7,6,0,0
/global/archives/12667,google,2,1,1,2,64,6,0,0
/global/archives/12891,chatgpt.com,2,2,2,1,50,7,0,0
/global/archives/13184,lens.google.com,2,1,1,2,34,10,0,0
/global/archives/13544,reddit.com,2,2,2,1,1,9,0,0
/global/archives/13748,(not set),2,1,1,2,535,5,0,0
/global/archives/13748,google,2,3,3,0.6666666666666666,18.333333333333332,11,0,0
/global/archives/14243,skenmove.com,2,2,2,1,0,8,0,0
/global/archives/14264,google,2,2,2,1,27,6,0,0
/global/archives/14491,(direct),2,2,2,1,0,8,0,0
/global/archives/1493,google,2,2,1,2,0,7,0,0
/global/archives/14962,google,2,2,1,2,0,6,0,0
/global/archives/15103,google,2,1,1,2,36,10,0,0
/global/archives/15574,google,2,3,2,1,4,9,0,0
/global/archives/15654,google,2,1,1,2,44,6,0,0
/global/archives/15937,linkedin.com,2,1,1,2,5,6,0,0
/global/archives/15985,google,2,2,2,1,41,11,0,0
/global/archives/16005,google,2,2,2,1,80,10,0,0
/global/archives/16060,(direct),2,2,2,1,1,8,0,0
/global/archives/16060,statics.teams.cdn.office.net,2,4,2,1,26,8,0,0
/global/archives/16286,google,2,2,2,1,8,7,0,0
/global/archives/16308,google,2,2,2,1,6,11,0,0
/global/archives/16480,google,2,2,2,1,14,10,0,0
/global/archives/16613,google,2,2,1,2,0,6,0,0
/global/archives/16738,google,2,2,2,1,14,10,0,0
/global/archives/16787,google,2,2,2,1,214,8,0,0
/global/archives/16881,google,2,3,2,1,25.5,10,0,0
/global/archives/16939,(direct),2,1,1,2,3,5,0,0
/global/archives/17047,(direct),2,3,2,1,0,10,0,0
/global/archives/17047,facebook.com,2,2,2,1,0,7,0,0
/global/archives/17313,skenmove.com,2,2,2,1,17,11,0,0
/global/archives/17426,chatgpt.com,2,2,2,1,11,8,0,0
/global/archives/17426,eng.skearthon.com,2,1,1,2,965,8,0,0
/global/archives/17595,teslaclubsweden.se,2,2,2,1,20,8,0,0
/global/archives/17844,google,2,3,2,1,17.5,12,0,0
/global/archives/17844,linkedin.com,2,1,1,2,0,4,0,0
/global/archives/17863,(direct),2,1,1,2,44,8,0,0
/global/archives/17950,(direct),2,3,2,1,55,7,0,0
/global/archives/17950,seekingalpha.com,2,2,2,1,20.5,10,0,0
/global/archives/18065,google,2,2,2,1,24,7,0,0
/global/archives/18140,(direct),2,2,1,2,0,6,0,0
/global/archives/18332,google,2,1,1,2,48,9,0,0
/global/archives/18388,(direct),2,2,2,1,13.5,8,0,0
/global/archives/18436,(direct),2,2,2,1,0,8,0,0
/global/archives/18445,(direct),2,3,2,1,14.5,10,0,0
/global/archives/18445,skinnovation.com,2,2,2,1,13,7,0,0
/global/archives/18546,safe.menlosecurity.com,2,1,1,2,25,7,0,0
/global/archives/18608,(not set),2,2,2,1,0,4,0,0
/global/archives/18608,chatgpt.com,2,2,2,1,36.5,10,0,0
/global/archives/18608,linkedin.com,2,2,2,1,0,5,0,0
/global/archives/18639,google,2,2,2,1,13,9,0,0
/global/archives/18690,google,2,3,2,1,30.5,8,0,0
/global/archives/18989,google,2,2,2,1,6.5,9,0,0
/global/archives/19045,skenergy.com,2,1,1,2,119,8,0,0
/global/archives/19078,(not set),2,2,1,2,0,3,0,0
/global/archives/19078,skenergy.com,2,2,2,1,14,8,0,0
/global/archives/19149,skinnovation.com,2,2,1,2,259,6,0,0
/global/archives/19179,bing,2,1,1,2,2,6,0,0
/global/archives/19179,linkedin.com,2,2,2,1,4,7,0,0
/global/archives/19230,skinnovation.com,2,1,1,2,79,8,0,0
/global/archives/19393,(not set),2,2,2,1,0,6,0,0
/global/archives/19393,cn.bing.com,2,2,2,1,240,7,0,0
/global/archives/19393,eng.sk-on.com,2,2,1,2,4,6,0,0
/global/archives/19393,news.google.com,2,2,2,1,0,7,0,0
/global/archives/19421,ozmailer.com,2,2,1,2,0,5,0,0
/global/archives/19421,web.telegram.org,2,3,2,1,0,9,0,0
/global/archives/2490,google,2,2,1,2,395,8,0,0
/global/archives/298,google,2,2,2,1,17.5,11,0,0
/global/archives/303,(direct),2,2,2,1,0,6,0,0
/global/archives/303,google,2,2,2,1,3,9,0,0
/global/archives/311,google,2,2,2,1,6,9,0,0
/global/archives/3709,google,2,2,2,1,3,8,0,0
/global/archives/3820,chatgpt.com,2,1,1,2,0,8,0,0
/global/archives/3962,google,2,2,2,1,13.5,9,0,0
/global/archives/4751,google,2,3,2,1,2287,8,0,0
/global/archives/4776,(not set),2,1,1,2,60,7,0,0
/global/archives/4776,cn.bing.com,2,2,2,1,9,8,0,0
/global/archives/497,edgeservices.bing.com,2,2,1,2,0,8,0,0
/global/archives/564,google,2,3,2,1,46.5,10,0,0
/global/archives/5981,google,2,2,1,2,3,8,0,0
/global/archives/6313,google,2,2,2,1,26.5,9,0,0
/global/archives/6343,(direct),2,2,2,1,11,9,0,0
/global/archives/6807,chatgpt.com,2,2,1,2,110,8,0,0
/global/archives/7043,google,2,2,2,1,98.5,9,0,0
/global/archives/7245,google,2,3,2,1,0,10,0,0
/global/archives/7302,google,2,2,2,1,7,8,0,0
/global/archives/7445,bing,2,4,2,1,9,13,0,0
/global/archives/7596,google,2,2,2,1,13,9,0,0
/global/archives/7761,google,2,2,2,1,4,7,0,0
/global/archives/7870,google,2,2,2,1,39.5,10,0,0
/global/archives/7906,bing,2,1,1,2,96,9,0,0
/global/archives/7961,google,2,2,2,1,14,8,0,0
/global/archives/7991,google,2,1,1,2,8,7,0,0
/global/archives/8046,edgeservices.bing.com,2,2,1,2,18,9,0,0
/global/archives/8067,bing,2,1,1,2,89,9,0,0
/global/archives/8298,google,2,2,2,1,15.5,10,0,0
/global/archives/8350,google,2,3,2,1,2,11,0,0
/global/archives/8383,google,2,2,1,2,0,7,0,0
/global/archives/8400,google,2,3,2,1,0,10,0,0
/global/archives/8899,(direct),2,2,2,1,40.5,9,0,0
/global/archives/8899,google,2,3,2,1,16,11,0,0
/global/archives/9394,google,2,1,1,2,24,8,0,0
/global/archives/9740,(direct),2,2,1,2,1,8,0,0
/global/archives/9910,(direct),2,1,1,2,17,8,0,0
/global/archives/category/corporate/sk-on,eng.sk-on.com,2,2,1,2,51,8,0,0
/global/archives/category/corporate/sk-rading-international,sktradinginternational.com,2,2,1,2,6,8,0,0
/global/archives/category/corporates,linkedin.com,2,2,1,2,8,8,0,0
/global/archives/category/corporates/sk-earthon,(direct),2,2,2,1,23.5,10,0,0
/global/archives/category/corporates/sk-earthon,skenergy.com,2,1,1,2,93,7,0,0
/global/archives/category/corporates/sk-energy,(direct),2,2,2,1,10.5,7,0,0
/global/archives/category/corporates/sk-enterm,(direct),2,2,2,1,3,10,0,0
/global/archives/category/corporates/sk-geo-centric,(direct),2,2,1,2,7,9,0,0
/global/archives/category/corporates/sk-geo-centric,skinnovation.com,2,2,2,1,50,7,0,0
/global/archives/category/corporates/sk-incheon-petrochem,bing,2,1,1,2,9,8,0,0
/global/archives/category/corporates/sk-on,eng.skgeocentric.com,2,1,1,2,1,7,0,0
/global/archives/category/corporates/sk-rading-international,google,2,2,2,1,8,10,0,0
/global/archives/category/corporates/sk-rading-international,linkedin.com,2,1,1,2,16,8,0,0
/global/archives/category/corporates/sk-rading-international,ozmailer.com,2,1,1,2,56,8,0,0
/global/archives/category/insight,google,2,2,2,1,4,8,0,0
/global/archives/category/insight/trend_report,google,2,2,2,1,6.5,8,0,0
/global/archives/category/insight/trend_report,skenmove.com,2,2,1,2,37,5,0,0
/global/archives/category/people,(direct),2,2,2,1,9,5,0,0
/global/archives/category/people/onsite-report,google,2,1,1,2,673,8,0,0
/global/archives/category/people/sustainability,(direct),2,2,2,1,5,10,0,0
/global/archives/category/press-room,eng.sk-on.com,2,2,1,2,40,8,0,0
/global/archives/category/press-room/financial-results,eng.skearthon.com,2,1,1,2,27,8,0,0
/global/archives/category/press-room/issue-fact,cn.bing.com,2,2,1,2,123,5,0,0
/global/archives/category/press-room/press-release,(not set),2,1,1,2,12,6,0,0
/global/archives/category/social-value/csr-program,(direct),2,2,2,1,5,10,0,0
/global/archives/category/social-value/social-enterprise,(direct),2,2,2,1,5.5,10,0,0
/global/archives/tag/2021,(direct),2,2,1,2,5,8,0,0
/global/archives/tag/ecopro-bm,(direct),2,2,2,1,13,7,0,0
/global/archives/tag/executive-appointments,skinnovation.com,2,1,1,2,19,8,0,0
/global/archives/tag/f-150-lightning,(direct),2,3,1,2,11,11,0,0
/global/archives/tag/ford,google,2,1,1,2,10,8,0,0
/global/archives/tag/ketapu-cluster,google,2,2,2,1,5,8,0,0
/global/archives/tag/liquid-immersion-cooling,google,2,1,1,2,18,9,0,0
/global/archives/tag/nexlene,google,2,1,1,2,30,8,0,0
/global/archives/tag/rhee-jang-weon,google,2,1,1,2,3,8,0,0
/global/archives/tag/secondary-batteries,google,2,1,1,2,10,8,0,0
/global/archives/tag/sk-hi-tech-battery-materials-china,google,2,1,1,2,16,10,0,0
/global/archives/tag/sk-on-hungary,google,2,1,1,2,14,7,0,0
/global/archives/tag/skba,google,2,2,2,1,6,8,0,0
/global/archives/tag/sken,google,2,2,1,2,15,8,0,0
/global/archives/tag/skgca,google,2,1,1,2,18,8,0,0
/global/archives/tag/skti,google,2,3,2,1,0.5,11,0,0
/global/archives/tag/sk综合化学上海,(direct),2,2,2,1,2.5,9,0,0
/global/archives/tag/solid-power,google,2,2,2,1,37.5,11,0,0
/global/archives/tag/tesla,fahnd.com,2,2,2,1,0,9,0,0
/global/archives/tag/turkey,google,2,2,1,2,20,6,0,0
/global/archives/tag/ulsan-clx,google,2,2,2,1,23,9,0,0
/global/archives/tag/yubase,(direct),2,2,2,1,2.5,9,0,0
/global/archives/tag/ဒီရေတောများပြန်လည်ပျို,(direct),2,2,1,2,0,8,0,0
/global/archives/tag/电池,(direct),2,2,2,1,6,8,0,0
/global/family-site-links,google,2,2,2,1,10,12,0,0
/global/latestnews,cn.bing.com,2,2,1,2,29,6,0,0
/global/latestnews,euc-excel.officeapps.live.com,2,3,1,2,2,8,0,0
/global/latestnews,skenergy.com,2,1,1,2,57,8,0,0
/global/latestnews,skenmove.com,2,1,1,2,83,9,0,0
/global/legal-notices,(direct),2,2,0,0,0,6,0,0
/global/privacy-policy,google,2,2,2,1,1.5,7,0,0
/global/sustainability-report,chatgpt.com,2,1,1,2,14,8,0,0
/global/sustainability-report,google,2,2,2,1,3,9,0,0
/global/who-we-are,google,2,1,1,2,11,6,0,0
/global/,chn.skglobalchemical.com,1,1,1,1,0,3,0,0
/global/,eng.skglobalchemical.com,1,1,1,1,1,5,0,0
/global/,m193.mailplug.com,1,2,1,1,3,93,0,0
/global/,news.google.com,1,1,1,1,0,3,0,0
/global/,skenergy.com,1,1,1,1,12,5,0,0
/global/,teslaclubsweden.se,1,1,1,1,6,3,0,0
/global/404,(direct),1,1,1,1,2,6,0,0
/global/archives/10031,chatgpt.com,1,2,1,1,0,5,0,0
/global/archives/10066,google,1,1,1,1,1,4,0,0
/global/archives/10326,google,1,1,1,1,0,4,0,0
/global/archives/10445,(direct),1,1,1,1,0,3,0,0
/global/archives/10654,(direct),1,2,1,1,71,4,0,0
/global/archives/10654,bing,1,1,1,1,14,5,0,0
/global/archives/10697,google,1,1,1,1,245,4,0,0
/global/archives/10774,(direct),1,1,1,1,16,5,0,0
/global/archives/10774,bing,1,1,1,1,32,6,0,0
/global/archives/10802,bing,1,2,1,1,0,4,0,0
/global/archives/10835,chatgpt.com,1,1,1,1,6,3,0,0
/global/archives/10872,google,1,1,1,1,25,6,0,0
/global/archives/10913,(direct),1,2,1,1,0,6,0,0
/global/archives/10913,google,1,1,1,1,11,5,0,0
/global/archives/10939,(direct),1,1,1,1,0,4,0,0
/global/archives/10939,bing,1,1,1,1,242,6,0,0
/global/archives/11037,(direct),1,1,1,1,0,4,0,0
/global/archives/11087,(not set),1,1,1,1,51,3,0,0
/global/archives/11087,bing,1,1,1,1,52,5,0,0
/global/archives/11147,duckduckgo,1,1,1,1,32,6,0,0
/global/archives/11214,google,1,2,1,1,5,7,0,0
/global/archives/11286,google,1,1,1,1,0,3,0,0
/global/archives/11342,google,1,1,1,1,11,4,0,0
/global/archives/11400,bing,1,1,1,1,21,6,0,0
/global/archives/11486,google,1,1,1,1,32,4,0,0
/global/archives/11512,sktradinginternational.com,1,1,1,1,114,3,0,0
/global/archives/11537,(direct),1,1,1,1,0,3,0,0
/global/archives/11537,sktradinginternational.com,1,1,1,1,131,3,0,0
/global/archives/11596,skenergy.com,1,1,1,1,0,4,0,0
/global/archives/1175,google,1,1,1,1,0,2,0,0
/global/archives/11758,google,1,1,1,1,2,5,0,0
/global/archives/11807,naver,1,1,1,1,0,4,0,0
/global/archives/11889,(direct),1,1,1,1,0,4,0,0
/global/archives/11980,google,1,1,1,1,356,5,0,0
/global/archives/12008,yahoo,1,1,1,1,2,5,0,0
/global/archives/12072,(direct),1,1,1,1,22,5,0,0
/global/archives/12072,google,1,2,1,1,15,7,0,0
/global/archives/12091,(direct),1,1,1,1,0,3,0,0
/global/archives/12220,bing,1,1,1,1,15,5,0,0
/global/archives/12269,(direct),1,1,1,1,0,4,0,0
/global/archives/12269,commondms-deals-gd.digitalinsightresearch.in,1,1,1,1,12,5,0,0
/global/archives/12269,google,1,2,1,1,0,6,0,0
/global/archives/1237,google,1,1,1,1,22,4,0,0
/global/archives/12373,linkedin.com,1,1,1,1,1,4,0,0
/global/archives/12483,google,1,1,0,0,0,3,0,0
/global/archives/1257,google,1,1,1,1,13,4,0,0
/global/archives/12617,google,1,2,1,1,2,4,0,0
/global/archives/12667,cn.bing.com,1,2,1,1,473,5,0,0
/global/archives/12667,teslaclubsweden.se,1,1,1,1,205,5,0,0
/global/archives/12688,google,1,1,1,1,111,4,0,0
/global/archives/12891,google,1,2,1,1,1,5,0,0
/global/archives/13103,(direct),1,1,1,1,0,3,0,0
/global/archives/13103,chatgpt.com,1,1,1,1,1,3,0,0
/global/archives/13103,google,1,1,1,1,87,4,0,0
/global/archives/13130,bing,1,1,1,1,0,3,0,0
/global/archives/13184,google,1,1,1,1,0,4,0,0
/global/archives/13211,google,1,1,1,1,0,4,0,0
/global/archives/13313,google,1,1,1,1,10,5,0,0
/global/archives/13327,google,1,1,1,1,13,5,0,0
/global/archives/13329,bing,1,1,1,1,28,5,0,0
/global/archives/13329,skenmove.com,1,1,1,1,0,2,0,0
/global/archives/13374,(direct),1,1,1,1,0,3,0,0
/global/archives/13374,google,1,2,1,1,0,6,0,0
/global/archives/13437,theinvestor.vn,1,1,1,1,10,5,0,0
/global/archives/13513,google,1,1,1,1,13,3,0,0
/global/archives/13521,cn.bing.com,1,1,1,1,620,6,0,0
/global/archives/13544,(direct),1,1,1,1,0,4,0,0
/global/archives/13748,(direct),1,1,1,1,0,4,0,0
/global/archives/13780,(direct),1,1,1,1,76,5,0,0
/global/archives/13850,(direct),1,1,0,0,0,2,0,0
/global/archives/13981,(direct),1,1,1,1,0,2,0,0
/global/archives/1399,google,1,1,1,1,31,5,0,0
/global/archives/14065,(direct),1,1,1,1,0,4,0,0
/global/archives/14065,google,1,2,1,1,0,6,0,0
/global/archives/14078,google,1,1,0,0,0,3,0,0
/global/archives/14146,(direct),1,1,1,1,32,3,0,0
/global/archives/14179,evkx.net,1,1,1,1,102,5,0,0
/global/archives/14226,electrive.net,1,1,1,1,25,5,0,0
/global/archives/14309,google,1,1,1,1,49,6,0,0
/global/archives/14333,google,1,1,1,1,67,4,0,0
/global/archives/14354,google,1,1,1,1,71,5,0,0
/global/archives/14491,bing,1,2,1,1,0,6,0,0
/global/archives/14493,(direct),1,1,1,1,0,4,0,0
/global/archives/14493,ecosia.org,1,1,1,1,11,5,0,0
/global/archives/14628,(direct),1,1,1,1,0,3,0,0
/global/archives/14628,bing,1,1,1,1,32,4,0,0
/global/archives/14628,google,1,1,1,1,3,3,0,0
/global/archives/14740,google,1,1,1,1,2,4,0,0
/global/archives/14770,bing,1,1,1,1,7,5,0,0
/global/archives/14770,google,1,1,1,1,0,2,0,0
/global/archives/14962,(direct),1,1,1,1,0,2,0,0
/global/archives/15007,(direct),1,1,1,1,0,3,0,0
/global/archives/15007,skenergy.com,1,1,1,1,64,6,0,0
/global/archives/15067,(direct),1,1,1,1,0,2,0,0
/global/archives/15204,google,1,1,1,1,10,4,0,0
/global/archives/15259,google,1,2,1,1,0,5,0,0
/global/archives/15353,(direct),1,1,1,1,0,2,0,0
/global/archives/15430,cn.bing.com,1,1,1,1,60,5,0,0
/global/archives/15430,google,1,1,1,1,85,5,0,0
/global/archives/15490,bing,1,2,1,1,84,6,0,0
/global/archives/15574,bing,1,1,1,1,14,3,0,0
/global/archives/15574,cn.bing.com,1,1,1,1,0,3,0,0
/global/archives/15592,chatgpt.com,1,2,1,1,0,6,0,0
/global/archives/15623,google,1,1,1,1,0,4,0,0
/global/archives/15664,(direct),1,1,1,1,16,5,0,0
/global/archives/15664,bing,1,1,1,1,37,5,0,0
/global/archives/15687,linkedin.com,1,1,1,1,2,4,0,0
/global/archives/15689,google,1,1,1,1,34,5,0,0
/global/archives/15840,google,1,1,1,1,18,5,0,0
/global/archives/16060,sktradinginternational.com,1,1,1,1,92,5,0,0
/global/archives/16154,(direct),1,1,0,0,0,3,0,0
/global/archives/16334,google,1,2,1,1,0,4,0,0
/global/archives/16405,google,1,1,1,1,26,3,0,0
/global/archives/16493,(not set),1,1,1,1,7,3,0,0
/global/archives/16532,bing,1,1,1,1,0,3,0,0
/global/archives/16583,google,1,1,1,1,73,4,0,0
/global/archives/16834,(direct),1,1,1,1,0,4,0,0
/global/archives/16834,bing,1,2,1,1,105,5,0,0
/global/archives/16939,google,1,1,1,1,26,5,0,0
/global/archives/17010,(direct),1,2,1,1,0,4,0,0
/global/archives/17010,google,1,1,1,1,15,5,0,0
/global/archives/17022,lens.google.com,1,1,1,1,24,5,0,0
/global/archives/17134,google,1,1,1,1,25,4,0,0
/global/archives/17144,google,1,1,1,1,2,4,0,0
/global/archives/17169,news.google.com,1,1,1,1,0,3,0,0
/global/archives/17216,bing,1,1,1,1,17,4,0,0
/global/archives/17216,chatgpt.com,1,1,1,1,36,5,0,0
/global/archives/17216,ibp.a2mac1.com,1,1,1,1,57,6,0,0
/global/archives/17356,bing,1,1,1,1,0,3,0,0
/global/archives/17356,linkedin.com,1,1,1,1,15,4,0,0
/global/archives/17356,skenmove.com,1,1,1,1,179,5,0,0
/global/archives/17386,(not set),1,1,1,1,0,2,0,0
/global/archives/17426,linkedin.com,1,2,1,1,0,5,0,0
/global/archives/17499,(direct),1,1,1,1,0,4,0,0
/global/archives/17499,linkedin.com,1,1,1,1,0,5,0,0
/global/archives/17514,(not set),1,1,1,1,10,4,0,0
/global/archives/17569,(direct),1,1,1,1,3,5,0,0
/global/archives/17569,news.google.com,1,1,1,1,0,4,0,0
/global/archives/1768,cimportal.avalon.local,1,1,1,1,0,4,0,0
/global/archives/17697,google,1,1,1,1,21,5,0,0
/global/archives/17737,(direct),1,1,1,1,0,4,0,0
/global/archives/17796,(direct),1,1,1,1,0,2,0,0
/global/archives/17796,google,1,1,1,1,556,4,0,0
/global/archives/17817,(direct),1,1,1,1,2,5,0,0
/global/archives/17844,(direct),1,1,1,1,0,2,0,0
/global/archives/17863,linkedin.com,1,1,1,1,0,3,0,0
/global/archives/17950,google,1,1,1,1,29,4,0,0
/global/archives/17965,(not set),1,1,1,1,50,3,0,0
/global/archives/17978,cn.bing.com,1,1,1,1,0,2,0,0
/global/archives/17978,google,1,1,1,1,20,4,0,0
/global/archives/18065,(not set),1,2,1,1,89,3,0,0
/global/archives/18107,(direct),1,1,1,1,0,3,0,0
/global/archives/18107,ecosia.org,1,1,1,1,15,5,0,0
/global/archives/18140,google,1,1,1,1,0,5,0,0
/global/archives/18208,(direct),1,1,1,1,0,3,0,0
/global/archives/18361,(direct),1,1,1,1,91,5,0,0
/global/archives/18374,google,1,1,1,1,7,5,0,0
/global/archives/18436,skinnovation.com,1,1,1,1,68,6,0,0
/global/archives/18478,linkedin.com,1,1,1,1,52,4,0,0
/global/archives/18546,athena.co.in,1,1,1,1,131,5,0,0
/global/archives/18546,chatgpt.com,1,1,1,1,0,3,0,0
/global/archives/18546,duckduckgo,1,1,1,1,6,6,0,0
/global/archives/18546,gw.mailplug.com,1,1,1,1,29,3,0,0
/global/archives/18546,jsdm.prod.blpprofessional.com:8443,1,1,1,1,3,5,0,0
/global/archives/18571,(direct),1,1,1,1,2,4,0,0
/global/archives/18608,bing,1,1,1,1,92,5,0,0
/global/archives/18608,yandex.kz,1,1,1,1,3,5,0,0
/global/archives/18659,bing,1,2,1,1,0,6,0,0
/global/archives/18659,skenergy.com,1,1,1,1,35,4,0,0
/global/archives/18708,google,1,1,1,1,3,5,0,0
/global/archives/18743,(direct),1,1,1,1,0,2,0,0
/global/archives/18770,bing,1,1,1,1,36,3,0,0
/global/archives/19045,bing,1,1,1,1,0,3,0,0
/global/archives/19078,bing,1,2,2,0.5,27.5,8,0,0
/global/archives/19078,chatgpt.com,1,1,1,1,9,5,0,0
/global/archives/19095,(not set),1,1,1,1,0,1,0,0
/global/archives/19108,google,1,1,1,1,92,3,0,0
/global/archives/19128,(direct),1,1,1,1,0,3,0,0
/global/archives/19149,(direct),1,1,1,1,4,4,0,0
/global/archives/19149,cn.bing.com,1,2,1,1,21,5,0,0
/global/archives/19149,eng.skietechnology.com,1,2,1,1,0,4,0,0
/global/archives/19149,linkedin.com,1,1,1,1,0,4,0,0
/global/archives/19149,ozmailer.com,1,1,1,1,0,4,0,0
/global/archives/19154,(direct),1,1,1,1,0,2,0,0
/global/archives/19154,chatgpt.com,1,1,1,1,69,5,0,0
/global/archives/19202,eng.sk-on.com,1,1,1,1,10,4,0,0
/global/archives/19202,ozmailer.com,1,1,1,1,0,4,0,0
/global/archives/19230,(not set),1,1,1,1,64,4,0,0
/global/archives/19230,linkedin.com,1,1,1,1,3,4,0,0
/global/archives/19268,ozmailer.com,1,1,1,1,0,3,0,0
/global/archives/19349,google,1,1,1,1,58,5,0,0
/global/archives/19349,skinnovation.com,1,1,1,1,58,3,0,0
/global/archives/19393,googleadservices.com,1,1,1,1,0,2,0,0
/global/archives/19393,ozmailer.com,1,1,1,1,1,5,0,0
/global/archives/19421,(not set),1,5,4,0.25,21.25,9,0,0
/global/archives/19421,battery-tech.net,1,1,1,1,10,5,0,0
/global/archives/19421,cn.bing.com,1,2,1,1,19,5,0,0
/global/archives/19421,eng.sk-on.com,1,1,1,1,16,4,0,0
/global/archives/19421,gw.mailplug.com,1,1,1,1,42,5,0,0
/global/archives/19421,kor3.samsung.net,1,1,0,0,0,3,0,0
/global/archives/2212,bing,1,1,1,1,156,4,0,0
/global/archives/2241,google,1,1,1,1,24,5,0,0
/global/archives/2329,(direct),1,1,1,1,0,3,0,0
/global/archives/2329,bing,1,2,1,1,0,5,0,0
/global/archives/2490,gemini.google.com,1,1,1,1,27,5,0,0
/global/archives/253,google,1,1,1,1,25,5,0,0
/global/archives/2576,google,1,1,1,1,289,5,0,0
/global/archives/2635,google,1,2,1,1,0,6,0,0
/global/archives/2756,google,1,1,1,1,96,4,0,0
/global/archives/3123,google,1,1,1,1,1,2,0,0
/global/archives/3197,(direct),1,1,1,1,1,5,0,0
/global/archives/3220,chatgpt.com,1,2,1,1,0,5,0,0
/global/archives/3464,google,1,1,1,1,17,6,0,0
/global/archives/3473,google,1,1,1,1,0,4,0,0
/global/archives/3741,cn.bing.com,1,1,1,1,10,3,0,0
/global/archives/3820,bing,1,1,1,1,19,5,0,0
/global/archives/3830,google,1,1,1,1,0,4,0,0
/global/archives/3962,bing,1,1,1,1,0,4,0,0
/global/archives/4077,cn.bing.com,1,1,1,1,2,2,0,0
/global/archives/4086,google,1,1,1,1,21,5,0,0
/global/archives/4193,google,1,1,1,1,68,6,0,0
/global/archives/4308,(direct),1,1,1,1,0,4,0,0
/global/archives/4309,(direct),1,2,1,1,0,6,0,0
/global/archives/4309,google,1,1,1,1,16,5,0,0
/global/archives/441,google,1,1,1,1,0,3,0,0
/global/archives/4450,google,1,1,1,1,141,5,0,0
/global/archives/4482,(direct),1,1,1,1,0,4,0,0
/global/archives/4482,google,1,1,1,1,176,5,0,0
/global/archives/4612,cn.bing.com,1,1,1,1,7,5,0,0
/global/archives/4614,cn.bing.com,1,1,1,1,58,4,0,0
/global/archives/4728,google,1,1,1,1,54,6,0,0
/global/archives/4751,safe.menlosecurity.com,1,1,1,1,0,4,0,0
/global/archives/4776,google,1,1,1,1,36,5,0,0
/global/archives/4793,google,1,1,1,1,0,4,0,0
/global/archives/497,google,1,1,0,0,0,3,0,0
/global/archives/5016,google,1,1,1,1,0,4,0,0
/global/archives/5205,google,1,1,1,1,119,6,0,0
/global/archives/5225,linkedin.com,1,1,1,1,8,4,0,0
/global/archives/5234,google,1,1,1,1,6,5,0,0
/global/archives/5651,naver,1,2,1,1,0,6,0,0
/global/archives/5692,google,1,2,1,1,87,7,0,0
/global/archives/5772,(direct),1,1,1,1,6,3,0,0
/global/archives/5772,linkedin.com,1,1,1,1,2,4,0,0
/global/archives/5804,chatgpt.com,1,1,1,1,7,5,0,0
/global/archives/5893,google,1,1,1,1,0,4,0,0
/global/archives/6072,linkedin.com,1,1,1,1,0,5,0,0
/global/archives/6216,(direct),1,1,1,1,0,4,0,0
/global/archives/6216,statics.teams.cdn.office.net,1,1,1,1,126,5,0,0
/global/archives/6253,google,1,1,1,1,18,6,0,0
/global/archives/6343,google,1,1,1,1,0,3,0,0
/global/archives/6377,google,1,1,1,1,0,3,0,0
/global/archives/6436,google,1,1,1,1,24,4,0,0
/global/archives/6546,(direct),1,1,1,1,0,3,0,0
/global/archives/6683,google,1,1,1,1,7,5,0,0
/global/archives/6710,google,1,1,0,0,0,3,0,0
/global/archives/6807,yahoo,1,1,1,1,7,5,0,0
/global/archives/6870,google,1,2,1,1,5,7,0,0
/global/archives/6998,google,1,1,1,1,41,4,0,0
/global/archives/7177,google,1,1,1,1,127,6,0,0
/global/archives/7221,google,1,1,1,1,0,4,0,0
/global/archives/7245,chatgpt.com,1,1,1,1,7,5,0,0
/global/archives/7245,duckduckgo,1,1,1,1,192,5,0,0
/global/archives/7292,google,1,1,1,1,35,3,0,0
/global/archives/733,google,1,1,1,1,14,5,0,0
/global/archives/7353,(direct),1,1,1,1,16,5,0,0
/global/archives/7445,news.google.com,1,2,1,1,0,6,0,0
/global/archives/7476,(direct),1,1,1,1,0,4,0,0
/global/archives/7476,google,1,1,1,1,31,5,0,0
/global/archives/7633,(direct),1,1,1,1,3,4,0,0
/global/archives/7633,chatgpt.com,1,1,1,1,8,5,0,0
/global/archives/7710,google,1,1,1,1,0,3,0,0
/global/archives/7906,(direct),1,1,1,1,0,4,0,0
/global/archives/7906,(not set),1,1,1,1,3,3,0,0
/global/archives/7919,google,1,1,1,1,0,4,0,0
/global/archives/8067,google,1,1,1,1,12,5,0,0
/global/archives/8087,bing,1,1,1,1,66,4,0,0
/global/archives/8087,google,1,1,1,1,14,5,0,0
/global/archives/8152,google,1,1,1,1,0,2,0,0
/global/archives/822,google,1,1,1,1,3,4,0,0
/global/archives/8230,google,1,1,1,1,0,3,0,0
/global/archives/8310,google,1,1,1,1,21,6,0,0
/global/archives/8310L,cn.bing.com,1,1,1,1,0,3,0,0
/global/archives/8327,bing,1,1,1,1,32,5,0,0
/global/archives/8327,google,1,1,1,1,4,5,0,0
/global/archives/8972,blog.naver.com,1,1,1,1,21,6,0,0
/global/archives/9079,google,1,1,1,1,0,3,0,0
/global/archives/9191,chatgpt.com,1,1,1,1,2,3,0,0
/global/archives/9191,google,1,2,1,1,24,3,0,0
/global/archives/9480,google,1,1,1,1,220,4,0,0
/global/archives/9493,google,1,1,1,1,45,5,0,0
/global/archives/9509,(direct),1,1,1,1,0,4,0,0
/global/archives/9548,google,1,1,1,1,8,3,0,0
/global/archives/9668,chatgpt.com,1,2,1,1,40,4,0,0
/global/archives/9668,google,1,1,1,1,17,3,0,0
/global/archives/9682,google,1,1,1,1,2,3,0,0
/global/archives/9709,(direct),1,1,1,1,0,3,0,0
/global/archives/9786,fahnd.com,1,1,1,1,0,3,0,0
/global/archives/9797,chatgpt.com,1,2,1,1,0,5,0,0
/global/archives/9910,bing,1,1,1,1,4,6,0,0
/global/archives/9951,google,1,1,1,1,29,5,0,0
/global/archives/category/ces/ces-2022-ces-2022,google,1,1,1,1,3,4,0,0
/global/archives/category/corporate/sk-ie-technology,eng.skietechnology.com,1,1,1,1,20,4,0,0
/global/archives/category/corporate/sk-on,(direct),1,1,1,1,2,4,0,0
/global/archives/category/corporates,bing,1,1,1,1,20,4,0,0
/global/archives/category/corporates,cn.bing.com,1,1,1,1,4,3,0,0
/global/archives/category/corporates,googleadservices.com,1,1,1,1,0,4,0,0
/global/archives/category/corporates/sk-earthon,bing,1,1,1,1,8,4,0,0
/global/archives/category/corporates/sk-earthon,google,1,1,1,1,13,4,0,0
/global/archives/category/corporates/sk-energy,(not set),1,1,1,1,9,4,0,0
/global/archives/category/corporates/sk-energy,linkedin.com,1,1,1,1,0,3,0,0
/global/archives/category/corporates/sk-geo-centric,eng.skgeocentric.com,1,1,1,1,11,4,0,0
/global/archives/category/corporates/sk-incheon-petrochem,(direct),1,1,1,1,4,4,0,0
/global/archives/category/corporates/sk-incheon-petrochem,cn.bing.com,1,1,1,1,9,3,0,0
/global/archives/category/corporates/sk-innovation,cn.bing.com,1,1,1,1,3,2,0,0
/global/archives/category/corporates/sk-on,(not set),1,1,1,1,13,5,0,0
/global/archives/category/corporates/sk-on,ecosia.org,1,1,1,1,25,4,0,0
/global/archives/category/insight,linkedin.com,1,1,1,1,10,3,0,0
/global/archives/category/insight,ozmailer.com,1,1,1,1,6,4,0,0
/global/archives/category/insight,skenergy.com,1,2,1,1,0,5,0,0
/global/archives/category/insight/expert-voice,google,1,1,1,1,0,3,0,0
/global/archives/category/insight/expert-voice,linkedin.com,1,1,1,1,8,3,0,0
/global/archives/category/insight/trend_report,(direct),1,1,1,1,3,4,0,0
/global/archives/category/insight/trend_report,skenergy.com,1,1,1,1,19,4,0,0
/global/archives/category/insight/trend_report,skinnovation.com,1,1,1,1,0,2,0,0
/global/archives/category/people,ozmailer.com,1,1,1,1,1,4,0,0
/global/archives/category/people,skenergy.com,1,1,1,1,4,4,0,0
/global/archives/category/people,skinnovation.com,1,1,1,1,39,4,0,0
/global/archives/category/people/ceo-leaders,google,1,1,1,1,0,2,0,0
/global/archives/category/people/inno-people,skinnovation.com,1,1,1,1,49,4,0,0
/global/archives/category/people/sustainability,ozmailer.com,1,1,1,1,4,4,0,0
/global/archives/category/press-room,cn.bing.com,1,1,1,1,11,3,0,0
/global/archives/category/press-room,eng.skgeocentric.com,1,1,1,1,12,4,0,0
/global/archives/category/press-room,skenmove.com,1,1,1,1,3,4,0,0
/global/archives/category/press-room/issue-fact,(direct),1,1,1,1,8,4,0,0
/global/archives/category/press-room/issue-fact,(not set),1,1,1,1,0,1,0,0
/global/archives/category/press-room/issue-fact,skenmove.com,1,1,1,1,28,5,0,0
/global/archives/category/press-room/press-release,bing,1,2,1,1,15,5,0,0
/global/archives/category/press-room/press-release,eng.sk-on.com,1,2,2,0.5,15,6,0,0
/global/archives/category/press-room/press-release,linkedin.com,1,1,1,1,5,3,0,0
/global/archives/category/press-room/press-release,skenergy.com,1,1,1,1,34,4,0,0
/global/archives/category/press-room/press-release,skinnovation.com,1,1,1,1,13,4,0,0
/global/archives/category/social-value/opinions,(direct),1,1,1,1,5,5,0,0
/global/archives/tag/2020大韩民国环保包装论坛,(direct),1,1,1,1,0,4,0,0
/global/archives/tag/2022-esg-report,(direct),1,1,1,1,3,5,0,0
/global/archives/tag/2024-q1,(direct),1,1,1,1,8,5,0,0
/global/archives/tag/2024gmf,(not set),1,1,1,1,6,5,0,0
/global/archives/tag/2024gmf,google,1,1,0,0,0,3,0,0
/global/archives/tag/abs,google,1,1,1,1,3,5,0,0
/global/archives/tag/advanced-plastic-recycling-cluster,google,1,1,1,1,8,3,0,0
/global/archives/tag/australia,google,1,1,1,1,5,4,0,0
/global/archives/tag/battery,google,1,1,1,1,11,4,0,0
/global/archives/tag/bmw,google,1,1,1,1,3,5,0,0
/global/archives/tag/conference,google,1,1,1,1,3,5,0,0
/global/archives/tag/crude-oil,google,1,1,1,1,17,4,0,0
/global/archives/tag/daejeon,google,1,1,1,1,5,4,0,0
/global/archives/tag/eaa-plant,google,1,1,1,1,7,5,0,0
/global/archives/tag/ecopro,google,1,1,1,1,15,5,0,0
/global/archives/tag/electrolyte,google,1,1,1,1,5,4,0,0
/global/archives/tag/envirun-for-the-earth,google,1,1,1,1,4,5,0,0
/global/archives/tag/esg,(direct),1,1,1,1,5,5,0,0
/global/archives/tag/ess,google,1,1,1,1,0,4,0,0
/global/archives/tag/europe,google,1,1,1,1,6,5,0,0
/global/archives/tag/f-150-lightning,google,1,1,1,1,0,4,0,0
/global/archives/tag/freeport,google,1,1,1,1,7,4,0,0
/global/archives/tag/georgia,google,1,1,1,1,16,4,0,0
/global/archives/tag/germany,google,1,1,1,1,0,3,0,0
/global/archives/tag/gmf,google,1,1,1,1,0,3,0,0
/global/archives/tag/hg-initiative,google,1,1,1,1,4,5,0,0
/global/archives/tag/interbattery-2023,google,1,1,1,1,1,5,0,0
/global/archives/tag/iodine,google,1,1,1,1,15,6,0,0
/global/archives/tag/iscc,google,1,1,1,1,0,3,0,0
/global/archives/tag/jee-dong-seob,naver.com,1,1,0,0,0,3,0,0
/global/archives/tag/job-fair,google,1,1,1,1,5,4,0,0
/global/archives/tag/joshua-han,google,1,1,1,1,0,3,0,0
/global/archives/tag/kentucky,google,1,1,1,1,29,6,0,0
/global/archives/tag/lee-seong-jun,google,1,1,1,1,4,5,0,0
/global/archives/tag/libs,gemini.google.com,1,2,1,1,0,5,0,0
/global/archives/tag/marine-innovation,google,1,1,1,1,47,6,0,0
/global/archives/tag/market-kurly,google,1,1,1,1,4,5,0,0
/global/archives/tag/merger,(direct),1,1,1,1,0,1,0,0
/global/archives/tag/natural-graphite,google,1,2,1,1,6,6,0,0
/global/archives/tag/ncm9,google,1,1,1,1,0,3,0,0
/global/archives/tag/nmc,google,1,1,1,1,9,5,0,0
/global/archives/tag/oil-spill,(direct),1,1,1,1,0,4,0,0
/global/archives/tag/petroleum,google,1,1,1,1,46,5,0,0
/global/archives/tag/petronas,google,1,1,1,1,52,6,0,0
/global/archives/tag/plastic-recycling,google,1,1,1,1,21,4,0,0
/global/archives/tag/plogging,chatgpt.com,1,2,1,1,0,5,0,0
/global/archives/tag/poland,google,1,1,1,1,44,5,0,0
/global/archives/tag/pta,google,1,1,1,1,9,4,0,0
/global/archives/tag/pyrolysis,google,1,1,1,1,35,5,0,0
/global/archives/tag/sabic-sk-nexlene-company,google,1,1,1,1,6,4,0,0
/global/archives/tag/seosan,google,1,1,1,1,11,5,0,0
/global/archives/tag/separator,google,1,1,1,1,39,4,0,0
/global/archives/tag/sk-battery-america,google,1,1,1,1,8,5,0,0
/global/archives/tag/sk-earthon-kuala-lumpur,google,1,1,1,1,5,3,0,0
/global/archives/tag/sk-gc-americas,google,1,1,1,1,2,5,0,0
/global/archives/tag/sk-global-chemical,google,1,1,1,1,5,5,0,0
/global/archives/tag/sk-global-chemical-shanghai,google,1,1,1,1,7,5,0,0
/global/archives/tag/sk-green,google,1,1,1,1,3,5,0,0
/global/archives/tag/sk-group,google,1,1,1,1,0,3,0,0
/global/archives/tag/sk-lubricants-oil-india,google,1,1,1,1,7,5,0,0
/global/archives/tag/sk-primacor-americas,google,1,1,1,1,3,5,0,0
/global/archives/tag/skei-singapore,google,1,1,1,1,28,5,0,0
/global/archives/tag/skeo,google,1,1,1,1,30,3,0,0
/global/archives/tag/skgc,google,1,1,1,1,69,5,0,0
/global/archives/tag/sk综合化学,cn.bing.com,1,1,1,1,16,3,0,0
/global/archives/tag/sk综合化学,google,1,1,1,1,20,5,0,0
/global/archives/tag/sk综合化学上海,cn.bing.com,1,1,1,1,12,5,0,0
/global/archives/tag/small-modular-reactor,google,1,1,1,1,1,6,0,0
/global/archives/tag/sunwoda,google,1,1,1,1,13,5,0,0
/global/archives/tag/ulsan-complex,google,1,1,1,1,14,3,0,0
/global/archives/tag/vietnam,google,1,1,0,0,0,4,0,0
/global/archives/tag/vwbe,google,1,1,1,1,3,5,0,0
/global/archives/tag/warm-mix-asphalt,(direct),1,1,1,1,3,5,0,0
/global/archives/tag/中韩石化,(direct),1,1,1,1,0,4,0,0
/global/archives/tag/中韩石化,google,1,1,1,1,14,5,0,0
/global/archives/tag/常州,(direct),1,1,1,1,0,4,0,0
/global/archives/tag/电动汽车,(direct),1,1,0,0,0,3,0,0
/global/archives/tag/电动汽车电池,(direct),1,1,1,1,0,4,0,0
/global/family-site-links,lens.google.com,1,1,1,1,6,7,0,0
/global/latestnews,eng.sk-on.com,1,1,1,1,0,3,0,0
/global/legal-notices,google,1,1,1,1,3,4,0,0
/global/archives/10535,(not set),0,1,1,0,6,1,0,0
/global/archives/11004,(not set),0,1,1,0,15,2,0,0
/global/archives/12483,(not set),0,1,1,0,18,2,0,0
/global/archives/12950,(not set),0,1,1,0,25,2,0,0
/global/archives/13329,chatgpt.com,0,1,1,0,0,2,0,0
/global/archives/14078,(not set),0,1,1,0,24,2,0,0
/global/archives/1493,(not set),0,1,1,0,124,1,0,0
/global/archives/14962,(not set),0,1,1,0,0,1,0,0
/global/archives/15664,(not set),0,2,1,0,0,2,0,0
/global/archives/15687,(not set),0,1,1,0,0,1,0,0
/global/archives/15687,chatgpt.com,0,1,1,0,0,2,0,0
/global/archives/16060,(not set),0,1,0,0,0,1,0,0
/global/archives/16286,(not set),0,1,0,0,0,1,0,0
/global/archives/17047,(not set),0,1,1,0,7,2,0,0
/global/archives/17426,(not set),0,1,0,0,0,1,0,0
/global/archives/17446,(not set),0,1,1,0,23,1,0,0
/global/archives/17476,(not set),0,1,0,0,0,1,0,0
/global/archives/17623,(not set),0,3,2,0,27.5,6,0,0
/global/archives/18445,(not set),0,1,1,0,71,5,0,0
/global/archives/18546,(not set),0,1,0,0,0,1,0,0
/global/archives/19045,(not set),0,1,1,0,65,2,0,0
/global/archives/19045,eng.skearthon.com,0,1,1,0,72,1,0,0
/global/archives/19095,skenmove.com,0,1,1,0,0,2,0,0
/global/archives/19268,(not set),0,8,4,0,4.25,9,0,0
/global/archives/19393,lnkd.in,0,1,0,0,0,2,0,0
/global/archives/441,(not set),0,1,1,0,74,3,0,0
/global/archives/4844,(not set),0,1,1,0,61,2,0,0
/global/archives/4921,(not set),0,1,1,0,15,2,0,0
/global/archives/497,(not set),0,1,0,0,0,1,0,0
/global/archives/6253,(not set),0,1,1,0,0,1,0,0
/global/archives/6658,google,0,1,0,0,0,2,0,0
/global/archives/736,google,0,1,0,0,0,2,0,0
/global/archives/9079,(not set),0,1,1,0,20,3,0,0
/global/archives/9740,(not set),0,1,1,0,0,1,0,0
/global/archives/category/insight/expert-voice,(not set),0,1,1,0,10,1,0,0
/global/archives/category/insight/expert-voice,skenmove.com,0,1,1,0,44,2,0,0
/global/archives/category/insight/trend_report,(not set),0,1,1,0,0,1,0,0
/global/archives/category/people/onsite-report,(not set),0,1,1,0,0,1,0,0
/global/archives/category/people/onsite-report,skenmove.com,0,1,1,0,33,2,0,0
/global/archives/category/press-room/financial-results,(not set),0,1,1,0,37,2,0,0
/global/archives/tag/2021,(not set),0,1,1,0,0,2,0,0
/global/archives/tag/jee-dong-seob,(not set),0,1,1,0,3,1,0,0
/global/archives/tag/ဒီရေတောများပြန်လည်ပျို,(not set),0,1,1,0,14,2,0,0
/global/archives/tag/中韩石化,(not set),0,1,1,0,0,1,0,0
/global/archives/tag/电动汽车,(not set),0,2,2,0,2,3,0,0
/global/archives/tag/电池,(not set),0,1,1,0,0,1,0,0
/global/latestnews,(not set),0,15,15,0,20,15,0,0