# ----------------------------------------
# 보고서 CSV 내보내기
# 계정: skinno global
# 속성: skinno 글로벌 - GA4
# ----------------------------------------
# 
# 모든 사용자
# 시작일: 20241028
# 종료일: 20241103
페이지 경로 및 화면 클래스,국가,조회수,세션수,활성 사용자,활성 사용자당 조회수,활성 사용자당 평균 참여 시간,이벤트 수,주요 이벤트,총수익
/global/archives/19268,Mexico,1228,1014,792,1.5505050505050506,1.7234848484848484,4263,0,0
/global/,South Korea,155,92,55,2.8181818181818183,53,1898,0,0
/pagead/aclk,United States,109,74,74,1.472972972972973,0,340,0,0
/global/latestnews,China,92,104,100,0.92,19.64,363,0,0
/global/archives/19421,United States,61,66,56,1.0892857142857142,19.75,269,0,0
/global/archives/19268,United States,59,58,53,1.1132075471698113,3.5283018867924527,228,0,0
/global/archives/19393,South Korea,37,39,32,1.15625,4.84375,150,0,0
/global/archives/19421,South Korea,33,30,24,1.375,52.666666666666664,129,0,0
/global/,United States,30,21,19,1.5789473684210527,17.63157894736842,115,0,0
/global/archives/19421,China,29,18,15,1.9333333333333333,109.33333333333333,89,0,0
/global/latestnews,Germany,28,28,1,28,20,69,0,0
/global/,United Kingdom,26,26,26,1,1.8846153846153846,126,0,0
/global/sustainability-report,United States,24,24,24,1,4.875,118,0,0
/global/archives/18546,South Korea,20,23,16,1.25,73.625,74,0,0
/global/archives/19078,India,20,18,6,3.3333333333333335,7.333333333333333,68,0,0
/global/archives/13130,United States,19,19,19,1,4.315789473684211,95,0,0
/global/archives/18546,Singapore,19,18,15,1.2666666666666666,60.46666666666667,85,0,0
/global/archives/18445,South Korea,17,14,11,1.5454545454545454,23.181818181818183,78,0,0
/global/archives/19393,United States,16,17,15,1.0666666666666667,22.466666666666665,62,0,0
/global/,China,15,12,11,1.3636363636363635,21.09090909090909,59,0,0
/global/archives/16060,India,15,14,1,15,99,51,0,0
/global/archives/19393,India,15,11,10,1.5,64.5,60,0,0
/global/archives/19393,Singapore,15,16,13,1.1538461538461537,19.923076923076923,57,0,0
/global/archives/category/corporates/sk-innovation,South Korea,15,10,7,2.142857142857143,19.857142857142858,57,0,0
/global/archives/17426,United States,13,7,5,2.6,68,56,0,0
/global/archives/19421,Singapore,13,14,12,1.0833333333333333,15.75,54,0,0
/global/latestnews,United States,13,12,6,2.1666666666666665,14.166666666666666,38,0,0
/global/archives/15592,United States,12,12,12,1,3.6666666666666665,58,0,0
/global/archives/17595,South Korea,12,12,6,2,66.66666666666667,55,0,0
/global/archives/18546,Australia,12,16,9,1.3333333333333333,5.222222222222222,56,0,0
/global/archives/19078,Singapore,12,11,10,1.2,18.2,53,0,0
/global/archives/19202,South Korea,12,10,7,1.7142857142857142,44.142857142857146,45,0,0
/global/archives/category/press-room/press-release,India,12,10,9,1.3333333333333333,15.333333333333334,47,0,0
/global/archives/18546,Hong Kong,11,12,6,1.8333333333333333,25.333333333333332,46,0,0
/global/archives/19421,Malaysia,11,11,8,1.375,7,44,0,0
/global/archives/category/corporates/sk-on,South Korea,11,9,7,1.5714285714285714,30.142857142857142,41,0,0
/global/archives/category/press-room/press-release,South Korea,11,12,10,1.1,9.4,44,0,0
/global/latestnews,South Korea,11,11,4,2.75,35.75,45,0,0
/global/archives/15490,United States,10,13,9,1.1111111111111112,24.333333333333332,48,0,0
/global/archives/category/press-room,China,10,9,6,1.6666666666666667,65.5,33,0,0
/global/archives/category/press-room/financial-results,Singapore,10,5,4,2.5,14.25,40,0,0
/global/archives/category/press-room/financial-results,United States,10,3,2,5,40.5,40,0,0
/global/,Japan,9,7,7,1.2857142857142858,15.428571428571429,56,0,0
/global/,Sweden,9,3,3,3,28,36,0,0
/global/archives/17623,South Korea,9,7,6,1.5,38.333333333333336,41,0,0
/global/archives/4921,United States,9,11,10,0.9,13.4,45,0,0
/global/archives/6216,United States,9,9,8,1.125,37.125,40,0,0
/global/archives/category/press-room/press-release,Japan,9,6,1,9,22,27,0,0
/global/,India,8,8,6,1.3333333333333333,4.833333333333333,43,0,0
/global/archives/15490,Canada,8,7,7,1.1428571428571428,162.71428571428572,37,0,0
/global/archives/18107,Canada,8,8,8,1,49.75,40,0,0
/global/archives/18546,United States,8,10,8,1,36.375,40,0,0
/global/archives/18770,South Korea,8,9,8,1,26.75,30,0,0
/global/archives/19078,South Korea,8,6,4,2,62.75,34,0,0
/global/archives/19078,United Arab Emirates,8,8,0,0,0,21,0,0
/global/archives/19179,South Korea,8,5,5,1.6,9.6,26,0,0
/global/archives/19230,South Korea,8,6,4,2,4.5,30,0,0
/global/archives/19268,(not set),8,8,8,1,0,31,0,0
/global/archives/19268,South Korea,8,6,5,1.6,1.8,23,0,0
/global/archives/19421,Germany,8,8,5,1.6,6.6,33,0,0
/global/archives/category/corporates/sk-enmove,South Korea,8,3,2,4,33,32,0,0
/global/archives/category/press-room/press-release,Singapore,8,7,7,1.1428571428571428,16.857142857142858,31,0,0
/global/archives/tag/sustainability-report,United States,8,8,8,1,3,40,0,0
/global/,Germany,7,4,4,1.75,18.75,39,0,0
/global/,Singapore,7,11,8,0.875,6.75,38,0,0
/global/archives/10939,Singapore,7,7,4,1.75,32.75,28,0,0
/global/archives/11004,South Korea,7,5,3,2.3333333333333335,50.333333333333336,29,0,0
/global/archives/13544,United States,7,6,5,1.4,46.4,29,0,0
/global/archives/16286,United States,7,7,7,1,0,28,0,0
/global/archives/17356,Hong Kong,7,5,3,2.3333333333333335,12.333333333333334,19,0,0
/global/archives/18608,South Korea,7,7,7,1,23.428571428571427,32,0,0
/global/archives/18608,Taiwan,7,5,3,2.3333333333333335,36.666666666666664,26,0,0
/global/archives/19045,Malaysia,7,8,7,1,83,34,0,0
/global/archives/19045,Vietnam,7,7,4,1.75,0.25,24,0,0
/global/archives/19078,Japan,7,8,3,2.3333333333333335,185.66666666666666,30,0,0
/global/archives/6313,United Kingdom,7,2,1,7,9,23,0,0
/global/archives/9910,Malaysia,7,7,6,1.1666666666666667,61.333333333333336,34,0,0
/global/archives/category/corporates,South Korea,7,7,4,1.75,9.25,27,0,0
/global/archives/category/press-room,Singapore,7,6,3,2.3333333333333335,16.666666666666668,28,0,0
/global/archives/category/press-room/financial-results,Indonesia,7,2,2,3.5,57.5,24,0,0
/global/archives/category/press-room/financial-results,Japan,7,7,1,7,55,27,0,0
/global/archives/tag/sustainability,United States,7,7,7,1,4,35,0,0
/global/archives/11004,Thailand,6,5,5,1.2,79.6,25,0,0
/global/archives/12293,Vietnam,6,1,1,6,30,22,0,0
/global/archives/13130,Vietnam,6,3,2,3,73,23,0,0
/global/archives/13780,Singapore,6,5,2,3,74,22,0,0
/global/archives/15490,South Korea,6,6,4,1.5,9.25,29,0,0
/global/archives/15664,United Kingdom,6,9,5,1.2,65,34,0,0
/global/archives/16834,Singapore,6,3,1,6,47,23,0,0
/global/archives/17737,South Korea,6,8,5,1.2,12.4,32,0,0
/global/archives/18107,United States,6,7,6,1,97,31,0,0
/global/archives/18546,India,6,8,6,1,25,32,0,0
/global/archives/19045,South Korea,6,7,3,2,14,21,0,0
/global/archives/19179,India,6,7,3,2,59.333333333333336,26,0,0
/global/archives/19179,Japan,6,10,5,1.2,0,31,0,0
/global/archives/19268,Germany,6,5,2,3,0,18,0,0
/global/archives/19421,India,6,6,5,1.2,52.6,23,0,0
/global/archives/19421,Indonesia,6,6,5,1.2,51.4,30,0,0
/global/archives/7906,United States,6,4,4,1.5,54.5,25,0,0
/global/archives/category/corporates,United States,6,5,5,1.2,5.8,22,0,0
/global/archives/category/corporates/sk-rading-international,South Korea,6,4,4,1.5,22,26,0,0
/global/archives/category/press-room/press-release,United States,6,6,4,1.5,37,24,0,0
/global/archives/tag/hungary,Spain,6,1,1,6,112,23,0,0
/global/,Czechia,5,1,1,5,19,32,0,0
/global/,Pakistan,5,1,1,5,87,20,0,0
/global/,Taiwan,5,3,3,1.6666666666666667,25.666666666666668,19,0,0
/global/archives/10985,Vietnam,5,2,2,2.5,52.5,19,0,0
/global/archives/12036,Vietnam,5,5,1,5,0,19,0,0
/global/archives/13780,Belgium,5,3,2,2.5,66.5,20,0,0
/global/archives/14415,South Korea,5,3,2,2.5,117,20,0,0
/global/archives/15374,Singapore,5,4,4,1.25,35.25,19,0,0
/global/archives/16834,United States,5,5,4,1.25,39.5,19,0,0
/global/archives/17499,South Korea,5,5,3,1.6666666666666667,21.333333333333332,23,0,0
/global/archives/17595,Sweden,5,4,3,1.6666666666666667,13.333333333333334,14,0,0
/global/archives/17623,India,5,4,4,1.25,0.5,18,0,0
/global/archives/18608,United States,5,5,2,2.5,14,19,0,0
/global/archives/19078,Thailand,5,8,5,1,25.8,26,0,0
/global/archives/19149,Poland,5,6,5,1,5.4,22,0,0
/global/archives/19154,Singapore,5,4,3,1.6666666666666667,27.333333333333332,18,0,0
/global/archives/19154,South Korea,5,3,3,1.6666666666666667,92.66666666666667,20,0,0
/global/archives/19179,Chile,5,5,2,2.5,0.5,15,0,0
/global/archives/19268,Canada,5,5,5,1,7.8,23,0,0
/global/archives/19393,China,5,5,5,1,96.8,14,0,0
/global/archives/4776,China,5,4,4,1.25,28.5,20,0,0
/global/archives/category/ces/ces-2023,Sweden,5,1,1,5,53,15,0,0
/global/archives/category/corporates/sk-energy,South Korea,5,5,5,1,6,17,0,0
/global/archives/category/corporates/sk-enmove,Russia,5,2,1,5,109,18,0,0
/global/archives/category/people,United States,5,5,5,1,13,17,0,0
/global/archives/category/press-room,Germany,5,1,1,5,70,20,0,0
/global/archives/category/press-room,United States,5,4,4,1.25,75.5,17,0,0
/global/archives/category/press-room/financial-results,China,5,7,3,1.6666666666666667,9.666666666666666,21,0,0
/global/archives/tag/lithium-ion-batteries,South Korea,5,1,1,5,34,20,0,0
/global/archives/tag/yubase,United Arab Emirates,5,3,2,2.5,25.5,16,0,0
/global/latestnews,India,5,6,3,1.6666666666666667,12.333333333333334,21,0,0
/global/,France,4,4,3,1.3333333333333333,7,26,0,0
/global/,Hong Kong,4,5,3,1.3333333333333333,20,47,0,0
/global/,Malaysia,4,2,2,2,41,18,0,0
/global/archives/10774,United States,4,4,4,1,28.75,21,0,0
/global/archives/11527,Vietnam,4,1,1,4,24,15,0,0
/global/archives/12306,Sweden,4,1,1,4,84,14,0,0
/global/archives/12306,Vietnam,4,1,1,4,40,14,0,0
/global/archives/13329,United States,4,4,4,1,15.25,16,0,0
/global/archives/14309,United States,4,4,4,1,0,16,0,0
/global/archives/14491,United States,4,5,4,1,0.5,19,0,0
/global/archives/15374,South Korea,4,6,3,1.3333333333333333,53.666666666666664,20,0,0
/global/archives/15490,Germany,4,5,3,1.3333333333333333,55.666666666666664,19,0,0
/global/archives/15687,Russia,4,2,1,4,791,15,0,0
/global/archives/16448,South Korea,4,4,2,2,54,18,0,0
/global/archives/16463,United States,4,5,4,1,5.5,20,0,0
/global/archives/17047,United States,4,5,4,1,1.75,19,0,0
/global/archives/17169,Hong Kong,4,5,3,1.3333333333333333,45,15,0,0
/global/archives/17169,Japan,4,3,3,1.3333333333333333,21,20,0,0
/global/archives/17356,France,4,4,4,1,16,19,0,0
/global/archives/17386,United States,4,3,1,4,3,11,0,0
/global/archives/17426,China,4,4,3,1.3333333333333333,11.666666666666666,16,0,0
/global/archives/17426,Singapore,4,5,3,1.3333333333333333,67,14,0,0
/global/archives/17426,Vietnam,4,4,3,1.3333333333333333,13,15,0,0
/global/archives/17476,South Korea,4,3,3,1.3333333333333333,88.66666666666667,17,0,0
/global/archives/17499,United States,4,4,4,1,35.5,17,0,0
/global/archives/18107,United Kingdom,4,4,4,1,54.5,21,0,0
/global/archives/18283,United Kingdom,4,2,1,4,238,15,0,0
/global/archives/18546,Colombia,4,2,1,4,77,18,0,0
/global/archives/18770,Hong Kong,4,3,3,1.3333333333333333,21,18,0,0
/global/archives/18770,United States,4,5,4,1,12.75,15,0,0
/global/archives/19045,Singapore,4,3,3,1.3333333333333333,82.33333333333333,17,0,0
/global/archives/19179,(not set),4,4,4,1,0,16,0,0
/global/archives/19268,Indonesia,4,4,3,1.3333333333333333,5.333333333333333,14,0,0
/global/archives/19349,South Korea,4,4,4,1,17.5,13,0,0
/global/archives/19393,Germany,4,4,4,1,23.5,16,0,0
/global/archives/19393,Japan,4,4,3,1.3333333333333333,49.666666666666664,17,0,0
/global/archives/19393,Malaysia,4,3,3,1.3333333333333333,0,15,0,0
/global/archives/19393,Taiwan,4,4,3,1.3333333333333333,21,19,0,0
/global/archives/4308,South Korea,4,2,2,2,31,13,0,0
/global/archives/4499,Pakistan,4,3,3,1.3333333333333333,8.666666666666666,17,0,0
/global/archives/489,Singapore,4,5,3,1.3333333333333333,20.666666666666668,20,0,0
/global/archives/9910,South Korea,4,3,3,1.3333333333333333,37.333333333333336,17,0,0
/global/archives/category/corporates,Malaysia,4,1,1,4,180,16,0,0
/global/archives/category/corporates/sk-earthon,Malaysia,4,1,1,4,57,16,0,0
/global/archives/category/corporates/sk-geo-centric,Spain,4,1,1,4,44,15,0,0
/global/archives/category/corporates/sk-on,China,4,4,2,2,490.5,13,0,0
/global/archives/category/insight,United States,4,5,4,1,4.5,15,0,0
/global/archives/category/press-room/press-release,China,4,4,1,4,19,13,0,0
/global/latestnews,Singapore,4,4,2,2,126.5,16,0,0
/global/,Vietnam,3,3,3,1,12.333333333333334,11,0,0
/global/archives/10654,South Korea,3,3,2,1.5,43,12,0,0
/global/archives/10654,United States,3,3,3,1,65.33333333333333,15,0,0
/global/archives/10774,South Korea,3,4,3,1,3.3333333333333335,17,0,0
/global/archives/11147,United States,3,3,3,1,15.333333333333334,16,0,0
/global/archives/11400,China,3,1,1,3,91,12,0,0
/global/archives/12106,South Korea,3,3,1,3,5,11,0,0
/global/archives/12667,Sweden,3,2,2,1.5,134.5,11,0,0
/global/archives/13329,Australia,3,1,1,3,38,11,0,0
/global/archives/13329,Hong Kong,3,3,2,1.5,10.5,12,0,0
/global/archives/13595,South Korea,3,4,3,1,23.333333333333332,14,0,0
/global/archives/13780,South Korea,3,3,1,3,33,11,0,0
/global/archives/13932,Taiwan,3,1,1,3,44,11,0,0
/global/archives/14491,India,3,1,1,3,19,13,0,0
/global/archives/14766,United States,3,4,2,1.5,3.5,14,0,0
/global/archives/15259,United States,3,3,3,1,0,12,0,0
/global/archives/15374,Malaysia,3,3,3,1,39,14,0,0
/global/archives/15374,Thailand,3,2,2,1.5,13.5,13,0,0
/global/archives/15664,India,3,2,2,1.5,5,13,0,0
/global/archives/15664,South Korea,3,3,3,1,27,14,0,0
/global/archives/15687,Hong Kong,3,3,2,1.5,0,9,0,0
/global/archives/16493,India,3,4,2,1.5,23,13,0,0
/global/archives/17047,Latvia,3,1,1,3,67,8,0,0
/global/archives/17216,South Korea,3,3,3,1,41.666666666666664,14,0,0
/global/archives/17426,South Korea,3,3,3,1,63.666666666666664,15,0,0
/global/archives/17499,France,3,3,2,1.5,0,11,0,0
/global/archives/17499,Hong Kong,3,3,2,1.5,81,12,0,0
/global/archives/17623,Australia,3,3,1,3,3,12,0,0
/global/archives/17737,Japan,3,2,1,3,82,12,0,0
/global/archives/17817,United States,3,3,3,1,11.333333333333334,15,0,0
/global/archives/17844,South Korea,3,3,2,1.5,4.5,9,0,0
/global/archives/17863,United States,3,2,2,1.5,22,11,0,0
/global/archives/17893,United States,3,2,2,1.5,60.5,10,0,0
/global/archives/17950,United States,3,3,3,1,42.666666666666664,14,0,0
/global/archives/18022,Indonesia,3,3,2,1.5,9,13,0,0
/global/archives/18022,South Korea,3,3,2,1.5,34.5,15,0,0
/global/archives/18065,South Korea,3,4,3,1,45.333333333333336,10,0,0
/global/archives/18065,United States,3,3,3,1,0,12,0,0
/global/archives/18107,Indonesia,3,2,2,1.5,26,12,0,0
/global/archives/18140,India,3,3,2,1.5,0,11,0,0
/global/archives/18283,South Korea,3,2,2,1.5,22,13,0,0
/global/archives/18283,United States,3,3,2,1.5,28.5,10,0,0
/global/archives/18361,United States,3,3,3,1,83.33333333333333,15,0,0
/global/archives/18388,United States,3,3,3,1,9,14,0,0
/global/archives/18436,South Korea,3,2,1,3,53,11,0,0
/global/archives/18436,United States,3,3,3,1,22.666666666666668,14,0,0
/global/archives/18546,Indonesia,3,5,1,3,222,15,0,0
/global/archives/18546,Japan,3,3,2,1.5,18,13,0,0
/global/archives/18608,France,3,2,2,1.5,54.5,13,0,0
/global/archives/18608,Singapore,3,2,2,1.5,4.5,12,0,0
/global/archives/18659,(not set),3,3,3,1,0,12,0,0
/global/archives/18659,Australia,3,3,3,1,22.666666666666668,15,0,0
/global/archives/18770,India,3,3,3,1,7.333333333333333,12,0,0
/global/archives/19045,(not set),3,3,3,1,0,11,0,0
/global/archives/19078,(not set),3,3,3,1,0,12,0,0
/global/archives/19078,United States,3,3,3,1,17.666666666666668,14,0,0
/global/archives/19149,China,3,4,2,1.5,140,11,0,0
/global/archives/19154,United States,3,3,2,1.5,21.5,12,0,0
/global/archives/19179,Czechia,3,2,1,3,66,12,0,0
/global/archives/19230,Russia,3,3,1,3,104,15,0,0
/global/archives/19268,Hungary,3,3,1,3,0,7,0,0
/global/archives/19393,Indonesia,3,4,2,1.5,23,16,0,0
/global/archives/19393,Italy,3,3,3,1,9.666666666666666,11,0,0
/global/archives/19393,Netherlands,3,3,3,1,6,13,0,0
/global/archives/19421,Australia,3,3,3,1,3.6666666666666665,13,0,0
/global/archives/19421,Japan,3,3,2,1.5,124.5,12,0,0
/global/archives/2557,Singapore,3,1,1,3,38,11,0,0
/global/archives/3674,Singapore,3,2,1,3,0,9,0,0
/global/archives/7906,South Korea,3,4,3,1,6,14,0,0
/global/archives/8310,China,3,3,2,1.5,70.5,12,0,0
/global/archives/8899,South Korea,3,4,3,1,10.666666666666666,15,0,0
/global/archives/8914,Cambodia,3,1,1,3,46,10,0,0
/global/archives/9509,United States,3,3,1,3,0,12,0,0
/global/archives/9709,United States,3,3,3,1,12.333333333333334,13,0,0
/global/archives/9740,South Korea,3,3,3,1,4,14,0,0
/global/archives/9740,Vietnam,3,4,1,3,24,12,0,0
/global/archives/category/corporates,China,3,2,2,1.5,15.5,10,0,0
/global/archives/category/corporates/sk-earthon,Singapore,3,2,2,1.5,67.5,12,0,0
/global/archives/category/corporates/sk-energy,India,3,3,2,1.5,134.5,12,0,0
/global/archives/category/corporates/sk-enterm,United States,3,3,3,1,13.333333333333334,15,0,0
/global/archives/category/corporates/sk-geo-centric,United States,3,3,3,1,8.666666666666666,11,0,0
/global/archives/category/corporates/sk-on,Sweden,3,2,2,1.5,37,11,0,0
/global/archives/category/insight,South Korea,3,3,3,1,7.666666666666667,11,0,0
/global/archives/category/insight/expert-voice,South Korea,3,2,2,1.5,11,11,0,0
/global/archives/category/insight/expert-voice,United States,3,2,2,1.5,94,11,0,0
/global/archives/category/people/inno-people,South Korea,3,1,1,3,0,6,0,0
/global/archives/category/people/sustainability,Peru,3,1,1,3,25,12,0,0
/global/archives/category/press-room,Colombia,3,1,1,3,154,12,0,0
/global/archives/category/press-room,Malaysia,3,1,1,3,97,12,0,0
/global/archives/category/press-room/financial-results,Portugal,3,1,1,3,22,13,0,0
/global/archives/category/press-room/financial-results,United Kingdom,3,3,2,1.5,27,15,0,0
/global/archives/category/press-room/issue-fact,Singapore,3,4,2,1.5,14.5,12,0,0
/global/archives/tag/all-solid-state,South Korea,3,1,1,3,8,12,0,0
/global/archives/tag/batteries,South Korea,3,1,1,3,9,12,0,0
/global/archives/tag/f-150-lightning,South Korea,3,4,2,1.5,5.5,15,0,0
/global/archives/tag/green-bonds,China,3,1,1,3,24,8,0,0
/global/archives/tag/houston,United States,3,2,2,1.5,7.5,13,0,0
/global/archives/tag/lithium-ion-battery,Singapore,3,1,1,3,31,14,0,0
/global/archives/tag/northvolt,South Korea,3,3,3,1,3.6666666666666665,16,0,0
/global/archives/tag/oh-jong-hoon,Singapore,3,1,1,3,17,12,0,0
/global/archives/tag/sk-energy-americas,United States,3,1,1,3,35,14,0,0
/global/family-site-links,South Korea,3,3,3,1,8.666666666666666,19,0,0
/global/latestnews,Russia,3,2,1,3,83,13,0,0
/global/,Argentina,2,2,1,2,16,7,0,0
/global/,Canada,2,1,1,2,7,9,0,0
/global/,Mexico,2,2,2,1,10.5,19,0,0
/global/archives/10073,Spain,2,1,1,2,42,6,0,0
/global/archives/1058,South Korea,2,2,1,2,59,8,0,0
/global/archives/10610,South Korea,2,2,2,1,25,10,0,0
/global/archives/10610,United Kingdom,2,2,2,1,11.5,10,0,0
/global/archives/10610,United States,2,2,2,1,0,6,0,0
/global/archives/10713,South Korea,2,1,1,2,48,9,0,0
/global/archives/107411,South Korea,2,2,2,1,0.5,9,0,0
/global/archives/10802,United States,2,3,2,1,27.5,9,0,0
/global/archives/10835,South Korea,2,2,2,1,11,8,0,0
/global/archives/10835,Sweden,2,1,1,2,59,10,0,0
/global/archives/10835,United States,2,2,2,1,49,9,0,0
/global/archives/10842,United States,2,2,1,2,0,8,0,0
/global/archives/10939,South Korea,2,2,2,1,16.5,9,0,0
/global/archives/11087,India,2,2,2,1,33.5,7,0,0
/global/archives/11087,Kenya,2,2,1,2,0,6,0,0
/global/archives/11161,South Korea,2,1,1,2,15,8,0,0
/global/archives/114530,South Korea,2,1,1,2,1,9,0,0
/global/archives/11596,South Korea,2,2,2,1,27,11,0,0
/global/archives/11807,South Korea,2,2,2,1,50,10,0,0
/global/archives/11807,Taiwan,2,1,1,2,60,7,0,0
/global/archives/12008,South Korea,2,1,1,2,0,4,0,0
/global/archives/12022,Hong Kong,2,2,2,1,5,8,0,0
/global/archives/12022,Malaysia,2,2,2,1,0,8,0,0
/global/archives/12072,United States,2,3,2,1,18.5,12,0,0
/global/archives/12106,United States,2,2,1,2,78,9,0,0
/global/archives/12220,United Kingdom,2,2,1,2,15,8,0,0
/global/archives/12274/skee,South Korea,2,2,2,1,6,10,0,0
/global/archives/12306,South Korea,2,3,2,1,2.5,8,0,0
/global/archives/12692,South Korea,2,2,2,1,35.5,10,0,0
/global/archives/12891,South Korea,2,3,2,1,0.5,8,0,0
/global/archives/12950,Netherlands,2,2,2,1,4,5,0,0
/global/archives/13103,United States,2,2,2,1,43.5,7,0,0
/global/archives/13130,Switzerland,2,2,1,2,15,9,0,0
/global/archives/13184,China,2,1,1,2,34,10,0,0
/global/archives/13521,Germany,2,3,2,1,4.5,10,0,0
/global/archives/13595,Hungary,2,1,1,2,0,7,0,0
/global/archives/13748,United Kingdom,2,1,1,2,541,7,0,0
/global/archives/13780,United Kingdom,2,3,2,1,0.5,10,0,0
/global/archives/13780,United States,2,2,2,1,49.5,9,0,0
/global/archives/14193,South Korea,2,3,2,1,0,8,0,0
/global/archives/14226,Germany,2,3,2,1,12.5,11,0,0
/global/archives/14226,South Korea,2,3,2,1,3.5,10,0,0
/global/archives/14766,South Korea,2,2,2,1,20.5,8,0,0
/global/archives/1493,United States,2,2,2,1,62,8,0,0
/global/archives/15067,South Korea,2,2,2,1,1,6,0,0
/global/archives/15103,United States,2,1,1,2,36,10,0,0
/global/archives/15259,Japan,2,3,2,1,0,9,0,0
/global/archives/15374,Saudi Arabia,2,2,2,1,47.5,9,0,0
/global/archives/15462,Malaysia,2,2,1,2,162,9,0,0
/global/archives/15654,Vietnam,2,1,1,2,44,6,0,0
/global/archives/15687,South Korea,2,3,3,0.6666666666666666,18.666666666666668,9,0,0
/global/archives/15760,Thailand,2,1,1,2,16,8,0,0
/global/archives/15937,South Korea,2,1,1,2,5,6,0,0
/global/archives/16060,Hong Kong,2,2,2,1,1,8,0,0
/global/archives/16060,Japan,2,4,2,1,26,8,0,0
/global/archives/16154,India,2,3,1,2,0,8,0,0
/global/archives/16154,South Korea,2,3,2,1,7,12,0,0
/global/archives/16376,India,2,2,0,0,0,6,0,0
/global/archives/16448,Singapore,2,2,1,2,118,8,0,0
/global/archives/16463,Hong Kong,2,2,2,1,40.5,7,0,0
/global/archives/16463,Japan,2,1,1,2,39,8,0,0
/global/archives/16532,Singapore,2,3,2,1,139,11,0,0
/global/archives/16532,Thailand,2,2,1,2,0,9,0,0
/global/archives/16939,China,2,1,1,2,3,5,0,0
/global/archives/17022,United Kingdom,2,2,2,1,0,8,0,0
/global/archives/17047,Indonesia,2,1,1,2,88,10,0,0
/global/archives/17169,China,2,3,2,1,18.5,9,0,0
/global/archives/17169,South Korea,2,2,2,1,18.5,8,0,0
/global/archives/17216,Japan,2,2,2,1,28.5,10,0,0
/global/archives/17216,United States,2,2,2,1,5.5,7,0,0
/global/archives/17313,Hong Kong,2,3,2,1,2,8,0,0
/global/archives/17313,South Korea,2,2,2,1,27,9,0,0
/global/archives/17356,Japan,2,2,1,2,179,8,0,0
/global/archives/17426,France,2,3,2,1,14,10,0,0
/global/archives/17426,Hong Kong,2,3,1,2,131,12,0,0
/global/archives/17426,Malaysia,2,1,1,2,965,8,0,0
/global/archives/17426,Peru,2,1,1,2,18,9,0,0
/global/archives/17426,Philippines,2,3,2,1,11.5,13,0,0
/global/archives/17426,Switzerland,2,2,1,2,102,9,0,0
/global/archives/17446,Netherlands,2,2,2,1,12.5,6,0,0
/global/archives/17446,Singapore,2,1,1,2,75,9,0,0
/global/archives/17460,India,2,2,2,1,18.5,11,0,0
/global/archives/17476,Australia,2,2,1,2,0,7,0,0
/global/archives/17514,Dominican Republic,2,2,1,2,166,9,0,0
/global/archives/17514,India,2,2,1,2,0,7,0,0
/global/archives/17569,Hong Kong,2,2,1,2,27,6,0,0
/global/archives/17595,Germany,2,2,2,1,5,9,0,0
/global/archives/17623,Malaysia,2,2,1,2,43,9,0,0
/global/archives/17796,South Korea,2,2,2,1,278,6,0,0
/global/archives/17817,Germany,2,2,2,1,25,11,0,0
/global/archives/17817,India,2,2,0,0,0,5,0,0
/global/archives/17817,Taiwan,2,3,2,1,14.5,11,0,0
/global/archives/17844,Singapore,2,2,1,2,26,9,0,0
/global/archives/17893,Singapore,2,2,1,2,68,9,0,0
/global/archives/17990,United States,2,1,1,2,36,7,0,0
/global/archives/18107,Australia,2,2,2,1,324,10,0,0
/global/archives/18107,Italy,2,2,1,2,151,8,0,0
/global/archives/18107,Netherlands,2,2,2,1,85.5,11,0,0
/global/archives/18107,Philippines,2,2,1,2,1329,8,0,0
/global/archives/18283,France,2,1,1,2,1,8,0,0
/global/archives/18301,United States,2,2,2,1,52,10,0,0
/global/archives/18332,Ukraine,2,1,1,2,48,9,0,0
/global/archives/18445,Philippines,2,1,1,2,71,10,0,0
/global/archives/18445,United States,2,1,1,2,27,8,0,0
/global/archives/18546,France,2,2,2,1,5,10,0,0
/global/archives/18546,United Kingdom,2,2,2,1,23.5,9,0,0
/global/archives/18546,Vietnam,2,2,1,2,4,8,0,0
/global/archives/18608,Vietnam,2,1,1,2,75,8,0,0
/global/archives/19078,United Kingdom,2,2,2,1,42,10,0,0
/global/archives/19149,Germany,2,2,2,1,0,6,0,0
/global/archives/19149,South Korea,2,2,2,1,24,7,0,0
/global/archives/19179,United States,2,2,2,1,26,9,0,0
/global/archives/19230,Germany,2,1,1,2,79,8,0,0
/global/archives/19230,Pakistan,2,1,1,2,31,8,0,0
/global/archives/19230,Singapore,2,1,1,2,14,6,0,0
/global/archives/19328,Mexico,2,2,1,2,0,6,0,0
/global/archives/19349,Germany,2,2,2,1,29.5,7,0,0
/global/archives/19349,Singapore,2,3,2,1,5,9,0,0
/global/archives/19393,Argentina,2,1,1,2,0,6,0,0
/global/archives/19393,Australia,2,2,2,1,41.5,9,0,0
/global/archives/19393,Dominican Republic,2,1,1,2,557,10,0,0
/global/archives/19393,Hungary,2,2,2,1,0,7,0,0
/global/archives/19393,Philippines,2,3,0,0,0,7,0,0
/global/archives/19393,South Africa,2,2,2,1,28,8,0,0
/global/archives/19393,United Kingdom,2,2,1,2,0,7,0,0
/global/archives/19421,Canada,2,2,2,1,16.5,9,0,0
/global/archives/19421,France,2,2,2,1,0,8,0,0
/global/archives/19421,Hong Kong,2,2,2,1,35,8,0,0
/global/archives/19421,Hungary,2,2,2,1,0,7,0,0
/global/archives/19421,Netherlands,2,2,2,1,0,8,0,0
/global/archives/19421,Norway,2,2,2,1,9,8,0,0
/global/archives/19421,Spain,2,2,2,1,0,8,0,0
/global/archives/19421,Taiwan,2,2,2,1,67,9,0,0
/global/archives/19421,United Arab Emirates,2,2,1,2,288,9,0,0
/global/archives/2329,United States,2,3,2,1,0,8,0,0
/global/archives/2490,South Korea,2,2,1,2,395,8,0,0
/global/archives/298,United States,2,2,2,1,17.5,11,0,0
/global/archives/303,United States,2,2,2,1,0,6,0,0
/global/archives/3820,Brazil,2,1,1,2,0,8,0,0
/global/archives/3962,Vietnam,2,2,1,2,0,8,0,0
/global/archives/497,Germany,2,2,1,2,0,8,0,0
/global/archives/5772,South Korea,2,2,2,1,4,7,0,0
/global/archives/5772,Ukraine,2,1,1,2,1,7,0,0
/global/archives/5981,United Kingdom,2,2,1,2,3,8,0,0
/global/archives/6216,South Korea,2,2,2,1,130,11,0,0
/global/archives/6807,South Korea,2,2,1,2,110,8,0,0
/global/archives/7245,United States,2,2,2,1,96,9,0,0
/global/archives/7302,United States,2,2,2,1,7,8,0,0
/global/archives/7445,Poland,2,2,2,1,84,8,0,0
/global/archives/7445,South Korea,2,1,1,2,0,6,0,0
/global/archives/7476,Singapore,2,2,2,1,15.5,9,0,0
/global/archives/7596,Spain,2,2,2,1,13,9,0,0
/global/archives/7633,South Korea,2,2,2,1,5.5,9,0,0
/global/archives/7906,India,2,1,1,2,1,7,0,0
/global/archives/7991,Singapore,2,1,1,2,8,7,0,0
/global/archives/8046,Austria,2,2,1,2,18,9,0,0
/global/archives/8067,United Kingdom,2,1,1,2,89,9,0,0
/global/archives/8327,Japan,2,2,2,1,18,10,0,0
/global/archives/8350,India,2,3,2,1,2,11,0,0
/global/archives/8383,Philippines,2,2,1,2,0,7,0,0
/global/archives/9394,Singapore,2,1,1,2,24,8,0,0
/global/archives/9509,Thailand,2,2,2,1,88,9,0,0
/global/archives/category/corporate/sk-energy,France,2,1,1,2,7,6,0,0
/global/archives/category/corporate/sk-enmove,United States,2,2,1,2,20,9,0,0
/global/archives/category/corporate/sk-on,Taiwan,2,2,1,2,51,8,0,0
/global/archives/category/corporate/sk-rading-international,South Korea,2,2,1,2,6,8,0,0
/global/archives/category/corporates,Singapore,2,1,1,2,22,8,0,0
/global/archives/category/corporates/sk-earthon,United States,2,2,2,1,9,9,0,0
/global/archives/category/corporates/sk-energy,Dominican Republic,2,2,1,2,25,8,0,0
/global/archives/category/corporates/sk-enterm,Hong Kong,2,1,1,2,12,6,0,0
/global/archives/category/corporates/sk-enterm,South Korea,2,2,2,1,6.5,9,0,0
/global/archives/category/corporates/sk-geo-centric,South Korea,2,2,1,2,7,9,0,0
/global/archives/category/corporates/sk-ie-technology,Japan,2,1,1,2,2,7,0,0
/global/archives/category/corporates/sk-incheon-petrochem,United States,2,1,1,2,9,8,0,0
/global/archives/category/corporates/sk-innovation,China,2,2,2,1,11,4,0,0
/global/archives/category/corporates/sk-innovation,Hong Kong,2,3,2,1,29.5,8,0,0
/global/archives/category/corporates/sk-innovation,India,2,2,2,1,15,8,0,0
/global/archives/category/corporates/sk-innovation,Singapore,2,2,2,1,42,7,0,0
/global/archives/category/corporates/sk-innovation,Vietnam,2,3,2,1,13,10,0,0
/global/archives/category/corporates/sk-on,Czechia,2,1,1,2,28,6,0,0
/global/archives/category/corporates/sk-on,India,2,1,1,2,1,7,0,0
/global/archives/category/corporates/sk-on,United States,2,2,1,2,45,7,0,0
/global/archives/category/insight/trend_report,Russia,2,2,1,2,37,6,0,0
/global/archives/category/insight/trend_report,South Korea,2,2,2,1,6,8,0,0
/global/archives/category/people,Hungary,2,2,1,2,21,7,0,0
/global/archives/category/people,Peru,2,1,1,2,5,8,0,0
/global/archives/category/people,South Korea,2,2,2,1,2,8,0,0
/global/archives/category/people/onsite-report,Dominican Republic,2,1,1,2,673,8,0,0
/global/archives/category/people/sustainability,United States,2,2,2,1,5,10,0,0
/global/archives/category/press-room,India,2,3,1,2,12,8,0,0
/global/archives/category/press-room,Japan,2,2,2,1,6.5,8,0,0
/global/archives/category/press-room,Taiwan,2,2,1,2,40,8,0,0
/global/archives/category/press-room/financial-results,India,2,3,2,1,3.5,8,0,0
/global/archives/category/press-room/financial-results,Malaysia,2,1,1,2,27,8,0,0
/global/archives/category/press-room/financial-results,South Korea,2,2,1,2,5,9,0,0
/global/archives/category/press-room/financial-results,Taiwan,2,2,2,1,13,8,0,0
/global/archives/category/press-room/financial-results,Vietnam,2,1,1,2,26,9,0,0
/global/archives/category/press-room/issue-fact,China,2,2,1,2,123,5,0,0
/global/archives/category/press-room/issue-fact,Russia,2,1,1,2,28,6,0,0
/global/archives/category/press-room/issue-fact,United States,2,2,2,1,7.5,8,0,0
/global/archives/category/press-room/press-release,Taiwan,2,1,1,2,25,8,0,0
/global/archives/category/social-value/csr-program,United States,2,2,2,1,5,10,0,0
/global/archives/category/social-value/social-enterprise,United States,2,2,2,1,5.5,10,0,0
/global/archives/tag/2021,South Korea,2,2,2,1,2.5,10,0,0
/global/archives/tag/2024gmf,Taiwan,2,1,1,2,6,8,0,0
/global/archives/tag/ecopro-bm,United States,2,2,2,1,13,7,0,0
/global/archives/tag/egg-program,South Korea,2,1,1,2,15,9,0,0
/global/archives/tag/executive-appointments,India,2,1,1,2,19,8,0,0
/global/archives/tag/financial-results,United States,2,1,1,2,16,8,0,0
/global/archives/tag/ford,South Korea,2,1,1,2,10,8,0,0
/global/archives/tag/liquid-immersion-cooling,South Korea,2,1,1,2,18,9,0,0
/global/archives/tag/malaysia,Malaysia,2,1,1,2,0,6,0,0
/global/archives/tag/ncm811,Australia,2,1,1,2,17,8,0,0
/global/archives/tag/nexlene,Singapore,2,1,1,2,30,8,0,0
/global/archives/tag/poe,South Korea,2,1,1,2,0,7,0,0
/global/archives/tag/rhee-jang-weon,United States,2,1,1,2,3,8,0,0
/global/archives/tag/s-pack,South Korea,2,1,1,2,3,8,0,0
/global/archives/tag/s-pack,United States,2,1,1,2,30,9,0,0
/global/archives/tag/secondary-batteries,South Korea,2,1,1,2,10,8,0,0
/global/archives/tag/sk-energy-americas,United Kingdom,2,1,1,2,14,9,0,0
/global/archives/tag/sk-hi-tech-battery-materials-china,South Korea,2,1,1,2,16,10,0,0
/global/archives/tag/sk-hi-tech-battery-materials-poland,Philippines,2,1,1,2,0,5,0,0
/global/archives/tag/sk-on-hungary,Spain,2,1,1,2,14,7,0,0
/global/archives/tag/sken,South Korea,2,2,1,2,15,8,0,0
/global/archives/tag/skgca,United States,2,1,1,2,18,8,0,0
/global/archives/tag/sko,United States,2,2,1,2,14,10,0,0
/global/archives/tag/sk综合化学上海,South Korea,2,2,2,1,2.5,9,0,0
/global/archives/tag/ဒီရေတောများပြန်လည်ပျို,South Korea,2,2,2,1,7,10,0,0
/global/archives/tag/电池,South Korea,2,2,2,1,6,9,0,0
/global/legal-notices,China,2,2,0,0,0,6,0,0
/global/sustainability-report,Vietnam,2,1,1,2,14,8,0,0
/global/who-we-are,Czechia,2,1,1,2,11,6,0,0
/global/,Australia,1,1,1,1,14,13,0,0
/global/,Hungary,1,1,1,1,0,4,0,0
/global/,Indonesia,1,1,1,1,0,3,0,0
/global/,Latvia,1,1,1,1,0,3,0,0
/global/,Poland,1,1,1,1,23,5,0,0
/global/,South Africa,1,1,1,1,5,9,0,0
/global/,Spain,1,1,1,1,32,5,0,0
/global/,Switzerland,1,1,1,1,6,4,0,0
/global/,United Arab Emirates,1,2,1,1,3,10,0,0
/global/404,South Korea,1,1,1,1,2,6,0,0
/global/archives/10031,Hungary,1,2,1,1,0,5,0,0
/global/archives/10066,South Korea,1,1,1,1,1,4,0,0
/global/archives/10133,South Korea,1,1,1,1,4,5,0,0
/global/archives/10133,Spain,1,1,1,1,28,4,0,0
/global/archives/10326,Vietnam,1,1,1,1,0,4,0,0
/global/archives/10445,United States,1,1,1,1,0,3,0,0
/global/archives/10535,India,1,1,1,1,8,4,0,0
/global/archives/10535,United Kingdom,1,1,1,1,6,4,0,0
/global/archives/1058,United Kingdom,1,1,1,1,2,5,0,0
/global/archives/10610,India,1,1,1,1,22,5,0,0
/global/archives/10610,Lebanon,1,1,1,1,0,4,0,0
/global/archives/10654,Spain,1,2,1,1,0,6,0,0
/global/archives/10697,South Korea,1,1,1,1,245,4,0,0
/global/archives/10767,Colombia,1,1,1,1,7,4,0,0
/global/archives/10767,Singapore,1,2,1,1,0,6,0,0
/global/archives/10774,Germany,1,2,1,1,25,7,0,0
/global/archives/10774,Poland,1,1,1,1,6,4,0,0
/global/archives/10774,United Kingdom,1,1,1,1,16,5,0,0
/global/archives/10802,Singapore,1,1,1,1,3,4,0,0
/global/archives/10872,South Korea,1,1,1,1,25,6,0,0
/global/archives/10913,Australia,1,2,1,1,0,6,0,0
/global/archives/10913,France,1,1,1,1,11,5,0,0
/global/archives/10939,Saudi Arabia,1,1,1,1,242,6,0,0
/global/archives/10985,South Korea,1,1,1,1,73,6,0,0
/global/archives/11037,United States,1,1,1,1,0,4,0,0
/global/archives/11087,South Korea,1,1,1,1,35,5,0,0
/global/archives/11087,United Kingdom,1,1,1,1,25,5,0,0
/global/archives/11087,United States,1,1,1,1,52,5,0,0
/global/archives/11125,Bangladesh,1,1,1,1,0,4,0,0
/global/archives/11125,South Korea,1,1,1,1,5,4,0,0
/global/archives/11161,Singapore,1,1,1,1,725,5,0,0
/global/archives/11161,Switzerland,1,2,1,1,0,6,0,0
/global/archives/11214,India,1,2,1,1,5,7,0,0
/global/archives/11286,United Kingdom,1,1,1,1,0,3,0,0
/global/archives/11342,South Korea,1,1,1,1,11,4,0,0
/global/archives/11400,Japan,1,1,1,1,21,6,0,0
/global/archives/11486,Spain,1,1,1,1,32,4,0,0
/global/archives/11512,South Korea,1,1,1,1,114,3,0,0
/global/archives/11527,China,1,1,1,1,1,5,0,0
/global/archives/11537,South Korea,1,1,1,1,131,3,0,0
/global/archives/11537,United States,1,1,1,1,0,3,0,0
/global/archives/11596,Hong Kong,1,1,1,1,0,4,0,0
/global/archives/1175,United States,1,1,1,1,0,2,0,0
/global/archives/11758,South Korea,1,1,1,1,2,5,0,0
/global/archives/11889,United States,1,1,1,1,0,4,0,0
/global/archives/11980,Singapore,1,1,1,1,356,5,0,0
/global/archives/11992,Singapore,1,1,1,1,53,5,0,0
/global/archives/11992,South Korea,1,1,1,1,0,3,0,0
/global/archives/12008,Australia,1,1,1,1,35,4,0,0
/global/archives/12008,Japan,1,1,1,1,2,5,0,0
/global/archives/12008,United States,1,1,1,1,26,5,0,0
/global/archives/12022,Canada,1,1,1,1,7,5,0,0
/global/archives/12022,France,1,1,1,1,0,5,0,0
/global/archives/12022,India,1,1,1,1,4,5,0,0
/global/archives/12022,Japan,1,1,1,1,4,5,0,0
/global/archives/12022,Portugal,1,1,1,1,15,5,0,0
/global/archives/12022,Singapore,1,1,1,1,8,5,0,0
/global/archives/12022,Spain,1,1,1,1,5,4,0,0
/global/archives/12022,United Kingdom,1,1,1,1,4,5,0,0
/global/archives/12022,United States,1,1,1,1,0,4,0,0
/global/archives/12036,Singapore,1,1,1,1,0,3,0,0
/global/archives/12091,United States,1,1,1,1,0,3,0,0
/global/archives/12106,Germany,1,1,1,1,234,4,0,0
/global/archives/12106,India,1,1,1,1,9,5,0,0
/global/archives/12106,Indonesia,1,1,1,1,20,4,0,0
/global/archives/12106,Thailand,1,2,1,1,0,6,0,0
/global/archives/12106,United Kingdom,1,1,1,1,0,4,0,0
/global/archives/12147,Germany,1,1,1,1,13,5,0,0
/global/archives/12147,Ireland,1,1,1,1,26,5,0,0
/global/archives/12147,Netherlands,1,1,1,1,21,4,0,0
/global/archives/12147,Romania,1,1,1,1,12,5,0,0
/global/archives/12147,South Korea,1,2,1,1,0,5,0,0
/global/archives/12147,United Kingdom,1,1,1,1,0,4,0,0
/global/archives/12147,United States,1,1,1,1,32,5,0,0
/global/archives/12220,India,1,1,1,1,5,5,0,0
/global/archives/12220,Japan,1,1,1,1,24,5,0,0
/global/archives/12269,India,1,1,1,1,12,5,0,0
/global/archives/12269,South Korea,1,2,1,1,0,6,0,0
/global/archives/12269,United States,1,1,1,1,0,4,0,0
/global/archives/12306,Australia,1,1,1,1,41,4,0,0
/global/archives/12306,France,1,1,1,1,20,4,0,0
/global/archives/12306,Japan,1,1,1,1,26,4,0,0
/global/archives/12306,United States,1,1,1,1,18,5,0,0
/global/archives/1237,United States,1,1,1,1,22,4,0,0
/global/archives/12373,South Korea,1,1,1,1,1,4,0,0
/global/archives/12471,Singapore,1,1,1,1,14,4,0,0
/global/archives/12471,United States,1,1,1,1,0,2,0,0
/global/archives/12483,South Korea,1,1,1,1,18,5,0,0
/global/archives/1257,South Korea,1,1,1,1,13,4,0,0
/global/archives/12617,Singapore,1,2,1,1,2,4,0,0
/global/archives/12667,China,1,2,1,1,473,5,0,0
/global/archives/12688,Singapore,1,1,1,1,111,4,0,0
/global/archives/12692,Sweden,1,1,1,1,10,3,0,0
/global/archives/12692,United States,1,1,1,1,0,4,0,0
/global/archives/12891,Hungary,1,1,1,1,100,4,0,0
/global/archives/12950,Finland,1,1,1,1,26,4,0,0
/global/archives/13103,South Korea,1,1,1,1,1,3,0,0
/global/archives/13184,Germany,1,1,1,1,0,4,0,0
/global/archives/13211,Netherlands,1,1,1,1,0,4,0,0
/global/archives/13313,Taiwan,1,1,1,1,10,5,0,0
/global/archives/13327,Indonesia,1,1,1,1,13,5,0,0
/global/archives/13329,Colombia,1,2,1,1,28,7,0,0
/global/archives/13329,South Korea,1,1,0,0,0,3,0,0
/global/archives/13329,Taiwan,1,1,1,1,0,2,0,0
/global/archives/13374,Malaysia,1,2,1,1,0,6,0,0
/global/archives/13374,United States,1,1,1,1,0,3,0,0
/global/archives/13437,Hong Kong,1,1,1,1,10,5,0,0
/global/archives/13513,Philippines,1,1,1,1,13,3,0,0
/global/archives/13521,China,1,1,1,1,620,6,0,0
/global/archives/13521,Hungary,1,1,1,1,0,4,0,0
/global/archives/13521,Singapore,1,1,1,1,7,3,0,0
/global/archives/13521,South Korea,1,1,1,1,1,5,0,0
/global/archives/13521,United Kingdom,1,1,1,1,32,4,0,0
/global/archives/13521,United States,1,1,1,1,4,5,0,0
/global/archives/13544,Singapore,1,1,1,1,2,5,0,0
/global/archives/13544,South Korea,1,1,1,1,14,3,0,0
/global/archives/13595,Italy,1,1,1,1,0,3,0,0
/global/archives/13595,United Kingdom,1,1,1,1,104,5,0,0
/global/archives/13595,United States,1,1,1,1,24,6,0,0
/global/archives/13748,Colombia,1,1,1,1,8,4,0,0
/global/archives/13748,India,1,1,1,1,41,5,0,0
/global/archives/13748,United States,1,1,1,1,0,4,0,0
/global/archives/13780,Canada,1,1,1,1,0,3,0,0
/global/archives/13780,Germany,1,1,1,1,0,4,0,0
/global/archives/13780,Italy,1,2,1,1,0,6,0,0
/global/archives/13850,United States,1,1,0,0,0,2,0,0
/global/archives/13932,Japan,1,1,1,1,5,5,0,0
/global/archives/13932,United States,1,1,1,1,14,5,0,0
/global/archives/13981,South Korea,1,1,1,1,0,2,0,0
/global/archives/1399,Malaysia,1,1,1,1,31,5,0,0
/global/archives/14065,Finland,1,1,1,1,0,4,0,0
/global/archives/14065,Lithuania,1,2,1,1,0,6,0,0
/global/archives/14078,Nigeria,1,1,1,1,24,5,0,0
/global/archives/14146,South Korea,1,1,1,1,32,3,0,0
/global/archives/14179,Estonia,1,1,1,1,102,5,0,0
/global/archives/14193,Japan,1,2,1,1,0,6,0,0
/global/archives/14193,United States,1,1,1,1,0,4,0,0
/global/archives/14226,France,1,1,1,1,28,5,0,0
/global/archives/14243,Greece,1,1,1,1,0,4,0,0
/global/archives/14243,Thailand,1,1,1,1,0,4,0,0
/global/archives/14264,Canada,1,1,1,1,54,4,0,0
/global/archives/14264,Taiwan,1,1,1,1,0,2,0,0
/global/archives/14309,Poland,1,1,1,1,49,6,0,0
/global/archives/14333,Colombia,1,1,1,1,67,4,0,0
/global/archives/14354,United States,1,1,1,1,71,5,0,0
/global/archives/14415,Philippines,1,1,1,1,1,5,0,0
/global/archives/14415,United States,1,1,1,1,116,5,0,0
/global/archives/14491,Colombia,1,1,1,1,6,4,0,0
/global/archives/14491,South Korea,1,1,1,1,1,5,0,0
/global/archives/14491,United Arab Emirates,1,1,1,1,24,5,0,0
/global/archives/14493,Japan,1,1,1,1,0,4,0,0
/global/archives/14493,United Kingdom,1,1,1,1,11,5,0,0
/global/archives/14628,France,1,1,1,1,0,3,0,0
/global/archives/14628,United Kingdom,1,1,1,1,32,4,0,0
/global/archives/14628,United States,1,1,1,1,3,3,0,0
/global/archives/14634,Brazil,1,1,1,1,0,4,0,0
/global/archives/14634,Bulgaria,1,1,1,1,32,5,0,0
/global/archives/14634,India,1,1,1,1,1,5,0,0
/global/archives/14688,South Korea,1,1,1,1,9,4,0,0
/global/archives/14688,Thailand,1,1,1,1,42,4,0,0
/global/archives/14688,United States,1,1,1,1,40,5,0,0
/global/archives/14740,Jordan,1,1,1,1,2,4,0,0
/global/archives/14770,Germany,1,1,1,1,7,5,0,0
/global/archives/14770,Spain,1,1,1,1,0,2,0,0
/global/archives/14962,Japan,1,1,1,1,0,3,0,0
/global/archives/14962,South Korea,1,1,1,1,0,2,0,0
/global/archives/14962,United Kingdom,1,1,1,1,0,4,0,0
/global/archives/15007,Japan,1,1,1,1,64,6,0,0
/global/archives/15007,United States,1,1,1,1,0,3,0,0
/global/archives/15067,France,1,1,1,1,43,6,0,0
/global/archives/15067,Japan,1,1,1,1,69,5,0,0
/global/archives/15204,South Korea,1,1,1,1,10,4,0,0
/global/archives/15353,South Korea,1,1,1,1,0,2,0,0
/global/archives/15374,Australia,1,2,1,1,0,6,0,0
/global/archives/15374,France,1,1,1,1,25,4,0,0
/global/archives/15374,Taiwan,1,1,1,1,13,6,0,0
/global/archives/15430,China,1,1,1,1,60,5,0,0
/global/archives/15430,Taiwan,1,1,1,1,85,5,0,0
/global/archives/15462,Canada,1,1,1,1,2,4,0,0
/global/archives/15462,Finland,1,1,1,1,4,5,0,0
/global/archives/15462,Singapore,1,1,1,1,25,4,0,0
/global/archives/15462,United Kingdom,1,1,1,1,8,4,0,0
/global/archives/15462,United States,1,2,1,1,41,7,0,0
/global/archives/15490,Chile,1,1,1,1,0,4,0,0
/global/archives/15490,China,1,2,1,1,84,6,0,0
/global/archives/15490,France,1,1,1,1,6,5,0,0
/global/archives/15490,India,1,1,1,1,115,6,0,0
/global/archives/15574,China,1,1,1,1,0,3,0,0
/global/archives/15574,Colombia,1,1,1,1,14,3,0,0
/global/archives/15574,Hong Kong,1,1,1,1,8,3,0,0
/global/archives/15574,South Korea,1,2,1,1,0,6,0,0
/global/archives/15592,South Korea,1,2,1,1,0,6,0,0
/global/archives/15623,Cambodia,1,1,1,1,0,4,0,0
/global/archives/15664,Colombia,1,1,1,1,2,4,0,0
/global/archives/15664,Japan,1,1,1,1,5,5,0,0
/global/archives/15664,Singapore,1,1,1,1,16,5,0,0
/global/archives/15664,United States,1,1,1,1,0,4,0,0
/global/archives/15687,Malaysia,1,1,1,1,201,5,0,0
/global/archives/15687,Pakistan,1,1,1,1,106,6,0,0
/global/archives/15687,Singapore,1,1,1,1,0,4,0,0
/global/archives/15689,Hong Kong,1,1,1,1,34,5,0,0
/global/archives/15760,Hong Kong,1,1,1,1,8,5,0,0
/global/archives/15760,Vietnam,1,1,1,1,85,5,0,0
/global/archives/15840,Malaysia,1,1,1,1,18,5,0,0
/global/archives/15865,India,1,1,1,1,0,4,0,0
/global/archives/15865,Indonesia,1,1,0,0,0,2,0,0
/global/archives/15865,South Korea,1,1,1,1,4,4,0,0
/global/archives/15937,China,1,1,1,1,131,6,0,0
/global/archives/15937,Ghana,1,1,1,1,3,5,0,0
/global/archives/15937,India,1,1,1,1,5,6,0,0
/global/archives/15937,Japan,1,2,1,1,0,5,0,0
/global/archives/15985,India,1,1,1,1,33,5,0,0
/global/archives/15985,New Zealand,1,1,1,1,49,6,0,0
/global/archives/16005,France,1,1,1,1,148,5,0,0
/global/archives/16005,Spain,1,1,1,1,12,5,0,0
/global/archives/16060,Singapore,1,1,1,1,0,4,0,0
/global/archives/16060,South Korea,1,1,1,1,92,5,0,0
/global/archives/16154,Finland,1,1,1,1,38,5,0,0
/global/archives/16154,Malaysia,1,1,1,1,13,5,0,0
/global/archives/16154,Netherlands,1,1,1,1,11,6,0,0
/global/archives/16154,United Kingdom,1,1,1,1,21,5,0,0
/global/archives/16286,India,1,1,1,1,12,3,0,0
/global/archives/16286,Japan,1,2,1,1,0,5,0,0
/global/archives/16286,Switzerland,1,1,1,1,4,4,0,0
/global/archives/16286,United Kingdom,1,1,1,1,0,4,0,0
/global/archives/16308,France,1,1,1,1,7,6,0,0
/global/archives/16308,India,1,1,1,1,5,5,0,0
/global/archives/16334,India,1,2,1,1,0,4,0,0
/global/archives/16376,South Korea,1,1,1,1,5,5,0,0
/global/archives/16376,United States,1,1,1,1,0,4,0,0
/global/archives/16405,Spain,1,1,1,1,26,3,0,0
/global/archives/16448,Germany,1,1,1,1,50,6,0,0
/global/archives/16448,Hong Kong,1,1,1,1,16,4,0,0
/global/archives/16448,United Kingdom,1,1,1,1,0,4,0,0
/global/archives/16448,United States,1,1,1,1,24,4,0,0
/global/archives/16463,Canada,1,1,1,1,26,5,0,0
/global/archives/16463,Germany,1,1,1,1,18,5,0,0
/global/archives/16463,Netherlands,1,1,1,1,8,5,0,0
/global/archives/16463,Singapore,1,2,1,1,2,5,0,0
/global/archives/16463,United Kingdom,1,1,1,1,19,5,0,0
/global/archives/16480,India,1,1,1,1,3,5,0,0
/global/archives/16480,South Korea,1,1,1,1,25,5,0,0
/global/archives/16493,Hong Kong,1,1,1,1,146,5,0,0
/global/archives/16493,Nigeria,1,1,1,1,7,3,0,0
/global/archives/16493,Russia,1,1,1,1,106,5,0,0
/global/archives/16493,South Korea,1,1,1,1,0,4,0,0
/global/archives/16493,United States,1,1,1,1,114,6,0,0
/global/archives/16532,Germany,1,2,1,1,0,6,0,0
/global/archives/16532,Sweden,1,1,1,1,0,4,0,0
/global/archives/16532,United Kingdom,1,1,1,1,0,3,0,0
/global/archives/16583,China,1,1,1,1,73,4,0,0
/global/archives/16613,Belarus,1,1,1,1,0,4,0,0
/global/archives/16613,France,1,1,0,0,0,2,0,0
/global/archives/16719,India,1,1,1,1,0,4,0,0
/global/archives/16719,Singapore,1,1,1,1,126,5,0,0
/global/archives/16719,United States,1,1,1,1,249,5,0,0
/global/archives/16738,Switzerland,1,1,1,1,0,4,0,0
/global/archives/16738,United States,1,1,1,1,28,6,0,0
/global/archives/16787,South Korea,1,1,1,1,428,5,0,0
/global/archives/16787,United States,1,1,1,1,0,3,0,0
/global/archives/16834,Pakistan,1,1,1,1,5,5,0,0
/global/archives/16834,South Korea,1,2,1,1,0,5,0,0
/global/archives/16881,South Korea,1,1,1,1,51,4,0,0
/global/archives/16881,Taiwan,1,2,1,1,0,6,0,0
/global/archives/16939,South Korea,1,1,1,1,26,5,0,0
/global/archives/16970,South Korea,1,1,1,1,0,4,0,0
/global/archives/16970,United Kingdom,1,2,1,1,0,5,0,0
/global/archives/16970,Vietnam,1,1,1,1,9,6,0,0
/global/archives/17010,China,1,2,1,1,0,4,0,0
/global/archives/17010,Japan,1,1,1,1,15,5,0,0
/global/archives/17022,Latvia,1,1,1,1,25,6,0,0
/global/archives/17022,South Korea,1,1,1,1,8,4,0,0
/global/archives/17022,Thailand,1,1,1,1,24,5,0,0
/global/archives/17047,South Korea,1,1,1,1,6,6,0,0
/global/archives/17134,Indonesia,1,1,1,1,25,4,0,0
/global/archives/17144,South Korea,1,1,1,1,2,4,0,0
/global/archives/17169,Switzerland,1,1,1,1,81,6,0,0
/global/archives/17169,United States,1,1,1,1,57,6,0,0
/global/archives/17216,China,1,1,1,1,16,4,0,0
/global/archives/17216,France,1,2,1,1,0,6,0,0
/global/archives/17216,Hong Kong,1,2,0,0,0,5,0,0
/global/archives/17216,India,1,1,1,1,29,5,0,0
/global/archives/17216,United Kingdom,1,1,1,1,17,4,0,0
/global/archives/17216,Vietnam,1,1,1,1,17,5,0,0
/global/archives/17313,Japan,1,1,1,1,21,6,0,0
/global/archives/17313,Taiwan,1,1,1,1,13,5,0,0
/global/archives/17356,Finland,1,1,1,1,25,5,0,0
/global/archives/17356,India,1,1,1,1,26,5,0,0
/global/archives/17356,Netherlands,1,1,1,1,0,4,0,0
/global/archives/17356,South Korea,1,1,1,1,15,4,0,0
/global/archives/17356,Spain,1,2,1,1,0,5,0,0
/global/archives/17356,United States,1,1,1,1,0,4,0,0
/global/archives/17426,Indonesia,1,2,1,1,0,5,0,0
/global/archives/17426,Japan,1,1,0,0,0,4,0,0
/global/archives/17426,Portugal,1,1,1,1,9,4,0,0
/global/archives/17446,Finland,1,1,1,1,0,1,0,0
/global/archives/17446,Indonesia,1,1,1,1,40,5,0,0
/global/archives/17446,South Korea,1,1,1,1,12,5,0,0
/global/archives/17460,France,1,1,1,1,33,5,0,0
/global/archives/17460,Vietnam,1,1,1,1,0,4,0,0
/global/archives/17476,India,1,1,1,1,0,4,0,0
/global/archives/17476,Indonesia,1,3,1,1,0,8,0,0
/global/archives/17499,Hungary,1,1,1,1,250,5,0,0
/global/archives/17499,Indonesia,1,2,1,1,0,6,0,0
/global/archives/17499,Türkiye,1,1,1,1,247,5,0,0
/global/archives/17499,United Arab Emirates,1,1,1,1,134,5,0,0
/global/archives/17499,United Kingdom,1,1,1,1,0,4,0,0
/global/archives/17514,Indonesia,1,1,1,1,131,6,0,0
/global/archives/17514,South Korea,1,1,1,1,28,6,0,0
/global/archives/17569,India,1,1,1,1,752,5,0,0
/global/archives/17569,Malaysia,1,1,1,1,0,4,0,0
/global/archives/17569,South Korea,1,1,1,1,13,5,0,0
/global/archives/17569,United States,1,1,1,1,3,5,0,0
/global/archives/17595,Canada,1,1,1,1,49,5,0,0
/global/archives/17595,United Kingdom,1,1,1,1,40,4,0,0
/global/archives/17595,United States,1,1,1,1,20,5,0,0
/global/archives/17623,Indonesia,1,1,1,1,0,4,0,0
/global/archives/17623,Thailand,1,1,1,1,12,5,0,0
/global/archives/1768,Switzerland,1,1,1,1,0,4,0,0
/global/archives/17697,United States,1,1,1,1,21,5,0,0
/global/archives/17737,Indonesia,1,1,1,1,0,4,0,0
/global/archives/17817,Hong Kong,1,1,1,1,4,3,0,0
/global/archives/17817,Poland,1,1,1,1,28,6,0,0
/global/archives/17817,South Korea,1,1,1,1,2,5,0,0
/global/archives/17893,Canada,1,1,1,1,0,4,0,0
/global/archives/17950,China,1,2,1,1,23,3,0,0
/global/archives/17950,South Korea,1,1,1,1,29,4,0,0
/global/archives/17965,India,1,1,1,1,50,3,0,0
/global/archives/17978,China,1,1,1,1,0,2,0,0
/global/archives/17978,United States,1,1,1,1,20,4,0,0
/global/archives/17990,France,1,1,1,1,0,4,0,0
/global/archives/17990,Hong Kong,1,1,1,1,0,4,0,0
/global/archives/18022,United States,1,1,1,1,3,4,0,0
/global/archives/18065,Singapore,1,1,1,1,4,4,0,0
/global/archives/18065,United Kingdom,1,1,1,1,0,4,0,0
/global/archives/18107,Brazil,1,1,1,1,0,4,0,0
/global/archives/18107,Czechia,1,1,1,1,715,5,0,0
/global/archives/18107,Denmark,1,1,1,1,3,5,0,0
/global/archives/18107,Germany,1,1,1,1,0,3,0,0
/global/archives/18107,India,1,1,1,1,0,4,0,0
/global/archives/18107,Iraq,1,1,1,1,1061,6,0,0
/global/archives/18107,New Zealand,1,1,1,1,0,4,0,0
/global/archives/18107,Serbia,1,1,1,1,189,5,0,0
/global/archives/18107,South Africa,1,1,1,1,0,4,0,0
/global/archives/18208,United States,1,1,1,1,0,3,0,0
/global/archives/18283,China,1,1,1,1,4,2,0,0
/global/archives/18283,Japan,1,1,1,1,2,4,0,0
/global/archives/18283,Netherlands,1,1,1,1,15,4,0,0
/global/archives/18301,Spain,1,1,1,1,212,5,0,0
/global/archives/18361,India,1,1,1,1,5,3,0,0
/global/archives/18361,Pakistan,1,1,1,1,3,4,0,0
/global/archives/18361,South Korea,1,1,1,1,7,4,0,0
/global/archives/18361,United Kingdom,1,1,1,1,12,5,0,0
/global/archives/18374,Italy,1,1,1,1,7,5,0,0
/global/archives/18388,Hong Kong,1,1,1,1,107,6,0,0
/global/archives/18388,Mexico,1,1,1,1,14,4,0,0
/global/archives/18388,Poland,1,1,1,1,0,4,0,0
/global/archives/18436,Singapore,1,1,1,1,37,5,0,0
/global/archives/18445,Australia,1,1,1,1,8,5,0,0
/global/archives/18445,China,1,1,1,1,20,4,0,0
/global/archives/18445,Hong Kong,1,1,1,1,6,3,0,0
/global/archives/18445,India,1,1,1,1,0,3,0,0
/global/archives/18445,Ireland,1,1,1,1,29,5,0,0
/global/archives/18445,Spain,1,2,1,1,0,5,0,0
/global/archives/18445,Uganda,1,1,1,1,0,4,0,0
/global/archives/18445,United Kingdom,1,1,1,1,4,5,0,0
/global/archives/18478,Singapore,1,1,1,1,52,4,0,0
/global/archives/18546,Bosnia & Herzegovina,1,1,1,1,15,5,0,0
/global/archives/18546,Ireland,1,1,1,1,34,5,0,0
/global/archives/18546,Poland,1,1,1,1,108,4,0,0
/global/archives/18571,Germany,1,1,1,1,2,4,0,0
/global/archives/18571,Japan,1,1,1,1,0,4,0,0
/global/archives/18571,Singapore,1,1,1,1,12,6,0,0
/global/archives/18571,Taiwan,1,2,1,1,0,6,0,0
/global/archives/18608,Australia,1,1,1,1,92,5,0,0
/global/archives/18608,China,1,1,1,1,16,5,0,0
/global/archives/18608,Hong Kong,1,3,1,1,0,7,0,0
/global/archives/18608,Hungary,1,1,1,1,1,4,0,0
/global/archives/18608,India,1,1,1,1,0,2,0,0
/global/archives/18608,Indonesia,1,1,1,1,0,2,0,0
/global/archives/18608,Japan,1,1,1,1,10,5,0,0
/global/archives/18608,United Kingdom,1,1,1,1,32,5,0,0
/global/archives/18639,Australia,1,1,1,1,26,5,0,0
/global/archives/18639,Indonesia,1,1,1,1,0,4,0,0
/global/archives/18659,Singapore,1,1,1,1,35,4,0,0
/global/archives/18659,South Korea,1,2,1,1,0,6,0,0
/global/archives/18659,United Kingdom,1,1,1,1,24,5,0,0
/global/archives/18690,Colombia,1,1,1,1,57,4,0,0
/global/archives/18690,India,1,2,1,1,4,4,0,0
/global/archives/18708,Canada,1,1,1,1,3,5,0,0
/global/archives/18743,South Korea,1,1,1,1,0,2,0,0
/global/archives/18753,India,1,2,2,0.5,0,4,0,0
/global/archives/18753,South Korea,1,1,1,1,0,2,0,0
/global/archives/18753,United States,1,1,1,1,0,1,0,0
/global/archives/18770,China,1,1,1,1,0,2,0,0
/global/archives/18770,Hungary,1,1,1,1,0,4,0,0
/global/archives/18770,Singapore,1,1,1,1,0,4,0,0
/global/archives/18770,Vietnam,1,1,1,1,15,5,0,0
/global/archives/18989,Malaysia,1,1,1,1,7,4,0,0
/global/archives/18989,South Korea,1,1,1,1,6,5,0,0
/global/archives/19045,Colombia,1,1,1,1,42,4,0,0
/global/archives/19045,Japan,1,1,1,1,43,4,0,0
/global/archives/19045,United Kingdom,1,1,1,1,114,5,0,0
/global/archives/19078,Canada,1,1,1,1,4,5,0,0
/global/archives/19078,France,1,1,1,1,6,4,0,0
/global/archives/19078,Iran,1,1,0,0,0,2,0,0
/global/archives/19078,Malaysia,1,1,1,1,0,4,0,0
/global/archives/19078,Mexico,1,1,1,1,0,4,0,0
/global/archives/19078,Spain,1,1,1,1,4,5,0,0
/global/archives/19078,Switzerland,1,1,0,0,0,3,0,0
/global/archives/19078,Vietnam,1,1,1,1,0,4,0,0
/global/archives/19095,France,1,1,1,1,0,4,0,0
/global/archives/19095,Hong Kong,1,1,0,0,0,3,0,0
/global/archives/19095,Russia,1,1,1,1,0,3,0,0
/global/archives/19095,South Korea,1,1,1,1,0,4,0,0
/global/archives/19108,Dominican Republic,1,1,1,1,92,3,0,0
/global/archives/19128,United States,1,1,1,1,0,3,0,0
/global/archives/19149,Italy,1,1,1,1,3,5,0,0
/global/archives/19149,Singapore,1,1,1,1,4,4,0,0
/global/archives/19154,Canada,1,1,1,1,212,5,0,0
/global/archives/19154,China,1,1,1,1,0,2,0,0
/global/archives/19154,France,1,1,1,1,0,4,0,0
/global/archives/19154,Indonesia,1,1,1,1,3,5,0,0
/global/archives/19154,Malaysia,1,1,1,1,181,6,0,0
/global/archives/19154,Mongolia,1,2,1,1,0,6,0,0
/global/archives/19154,Spain,1,1,1,1,47,5,0,0
/global/archives/19154,Thailand,1,2,1,1,4,4,0,0
/global/archives/19179,Colombia,1,1,1,1,0,3,0,0
/global/archives/19179,Mexico,1,1,1,1,0,4,0,0
/global/archives/19179,Netherlands,1,1,1,1,36,5,0,0
/global/archives/19179,Singapore,1,1,1,1,13,3,0,0
/global/archives/19179,Spain,1,1,1,1,153,5,0,0
/global/archives/19179,Taiwan,1,1,1,1,32,4,0,0
/global/archives/19202,Czechia,1,1,1,1,123,4,0,0
/global/archives/19202,Japan,1,1,1,1,11,5,0,0
/global/archives/19202,Spain,1,1,1,1,0,3,0,0
/global/archives/19202,United States,1,1,1,1,15,4,0,0
/global/archives/19230,Czechia,1,1,1,1,9,3,0,0
/global/archives/19230,Finland,1,1,1,1,0,4,0,0
/global/archives/19230,United States,1,1,1,1,11,4,0,0
/global/archives/19268,,1,1,1,1,0,4,0,0
/global/archives/19268,Australia,1,1,1,1,0,4,0,0
/global/archives/19268,Brazil,1,1,1,1,0,3,0,0
/global/archives/19268,Colombia,1,1,1,1,25,4,0,0
/global/archives/19268,France,1,1,1,1,0,3,0,0
/global/archives/19268,Ireland,1,1,1,1,0,4,0,0
/global/archives/19268,Italy,1,1,1,1,0,4,0,0
/global/archives/19268,Singapore,1,1,1,1,0,3,0,0
/global/archives/19268,Spain,1,1,1,1,0,4,0,0
/global/archives/19268,Vietnam,1,1,1,1,0,4,0,0
/global/archives/19328,South Korea,1,1,1,1,11,4,0,0
/global/archives/19349,Malaysia,1,1,1,1,0,4,0,0
/global/archives/19349,United States,1,1,1,1,58,5,0,0
/global/archives/19393,Colombia,1,1,1,1,2,4,0,0
/global/archives/19393,Czechia,1,1,1,1,3,3,0,0
/global/archives/19421,Bosnia & Herzegovina,1,1,1,1,207,4,0,0
/global/archives/19421,Brazil,1,1,1,1,0,4,0,0
/global/archives/19421,Brunei,1,1,1,1,8,5,0,0
/global/archives/19421,Egypt,1,2,0,0,0,5,0,0
/global/archives/19421,Guatemala,1,1,1,1,10,5,0,0
/global/archives/19421,Italy,1,1,1,1,0,4,0,0
/global/archives/19421,Philippines,1,1,1,1,17,5,0,0
/global/archives/19421,Vietnam,1,1,1,1,0,3,0,0
/global/archives/2212,United States,1,1,1,1,156,4,0,0
/global/archives/2241,United Arab Emirates,1,1,1,1,24,5,0,0
/global/archives/2490,Thailand,1,1,1,1,27,5,0,0
/global/archives/253,Singapore,1,1,1,1,25,5,0,0
/global/archives/2576,Germany,1,1,1,1,289,5,0,0
/global/archives/2635,South Korea,1,2,1,1,0,6,0,0
/global/archives/2756,Japan,1,1,1,1,96,4,0,0
/global/archives/303,Hong Kong,1,1,1,1,3,4,0,0
/global/archives/303,Pakistan,1,1,1,1,3,5,0,0
/global/archives/311,Japan,1,1,1,1,12,5,0,0
/global/archives/311,Singapore,1,1,1,1,0,4,0,0
/global/archives/3123,South Korea,1,1,1,1,1,2,0,0
/global/archives/3197,India,1,1,1,1,1,5,0,0
/global/archives/3220,Hungary,1,2,1,1,0,5,0,0
/global/archives/3464,United States,1,1,1,1,17,6,0,0
/global/archives/3473,South Korea,1,1,1,1,0,4,0,0
/global/archives/3674,India,1,1,1,1,6,5,0,0
/global/archives/3674,Italy,1,2,1,1,0,6,0,0
/global/archives/3674,Philippines,1,2,1,1,10,7,0,0
/global/archives/3709,Russia,1,1,1,1,0,4,0,0
/global/archives/3709,United States,1,1,1,1,6,4,0,0
/global/archives/3741,China,1,1,1,1,10,3,0,0
/global/archives/3820,Hong Kong,1,1,1,1,111,4,0,0
/global/archives/3820,Japan,1,1,1,1,19,5,0,0
/global/archives/3820,South Korea,1,1,1,1,0,2,0,0
/global/archives/3820,Spain,1,1,1,1,3,3,0,0
/global/archives/3820,United States,1,1,1,1,5,5,0,0
/global/archives/3830,Philippines,1,1,1,1,0,4,0,0
/global/archives/3962,Germany,1,1,1,1,0,4,0,0
/global/archives/3962,South Korea,1,1,1,1,27,5,0,0
/global/archives/3962,United Kingdom,1,1,1,1,0,4,0,0
/global/archives/3962,United States,1,1,1,1,3,5,0,0
/global/archives/4077,China,1,1,1,1,2,2,0,0
/global/archives/4086,United States,1,1,1,1,21,5,0,0
/global/archives/4146,India,1,1,1,1,0,4,0,0
/global/archives/4146,Netherlands,1,1,1,1,22,6,0,0
/global/archives/4146,United States,1,1,1,1,16,6,0,0
/global/archives/4193,Thailand,1,1,1,1,68,6,0,0
/global/archives/4308,Thailand,1,1,1,1,34,4,0,0
/global/archives/4309,China,1,2,1,1,0,6,0,0
/global/archives/4309,Taiwan,1,1,1,1,16,5,0,0
/global/archives/441,Bangladesh,1,1,1,1,74,6,0,0
/global/archives/4450,India,1,1,1,1,141,5,0,0
/global/archives/4482,Czechia,1,1,1,1,176,5,0,0
/global/archives/4482,Ukraine,1,1,1,1,0,4,0,0
/global/archives/4499,Lebanon,1,1,1,1,0,4,0,0
/global/archives/4499,Philippines,1,1,1,1,0,4,0,0
/global/archives/4499,Vietnam,1,1,1,1,12,5,0,0
/global/archives/4612,China,1,1,1,1,7,5,0,0
/global/archives/4612,Singapore,1,2,1,1,0,6,0,0
/global/archives/4612,South Korea,1,1,1,1,0,4,0,0
/global/archives/4612,United Kingdom,1,1,1,1,27,4,0,0
/global/archives/4612,United States,1,1,1,1,4,5,0,0
/global/archives/4614,China,1,1,1,1,58,4,0,0
/global/archives/4728,Thailand,1,1,1,1,54,6,0,0
/global/archives/4751,Hong Kong,1,1,1,1,404,5,0,0
/global/archives/4751,Singapore,1,1,1,1,0,4,0,0
/global/archives/4751,South Korea,1,2,1,1,4170,3,0,0
/global/archives/4793,Sri Lanka,1,1,1,1,0,4,0,0
/global/archives/489,Myanmar (Burma),1,1,1,1,80,5,0,0
/global/archives/4921,Hong Kong,1,1,1,1,3,4,0,0
/global/archives/497,Indonesia,1,1,0,0,0,4,0,0
/global/archives/5016,Italy,1,1,1,1,0,4,0,0
/global/archives/5205,South Korea,1,1,1,1,119,6,0,0
/global/archives/5225,South Korea,1,1,1,1,8,4,0,0
/global/archives/5234,Switzerland,1,1,1,1,6,5,0,0
/global/archives/564,France,1,1,1,1,93,5,0,0
/global/archives/564,Japan,1,2,1,1,0,5,0,0
/global/archives/5651,South Korea,1,2,1,1,0,6,0,0
/global/archives/5692,United States,1,2,1,1,87,7,0,0
/global/archives/5772,Germany,1,1,1,1,34,6,0,0
/global/archives/5804,South Korea,1,1,1,1,7,5,0,0
/global/archives/5893,Singapore,1,1,1,1,0,4,0,0
/global/archives/6072,Canada,1,1,1,1,0,5,0,0
/global/archives/6216,India,1,2,1,1,265,7,0,0
/global/archives/6216,Norway,1,1,1,1,7,5,0,0
/global/archives/6253,India,1,1,1,1,18,6,0,0
/global/archives/6313,Slovakia,1,1,1,1,27,5,0,0
/global/archives/6313,South Korea,1,1,1,1,26,4,0,0
/global/archives/6343,Costa Rica,1,1,1,1,22,5,0,0
/global/archives/6343,India,1,1,1,1,0,3,0,0
/global/archives/6343,Japan,1,1,1,1,0,4,0,0
/global/archives/6377,Singapore,1,1,1,1,0,3,0,0
/global/archives/6436,South Korea,1,1,1,1,24,4,0,0
/global/archives/6462,Hong Kong,1,1,1,1,30,5,0,0
/global/archives/6462,Peru,1,1,1,1,35,4,0,0
/global/archives/6462,Philippines,1,1,1,1,0,3,0,0
/global/archives/6546,United States,1,1,1,1,0,3,0,0
/global/archives/6683,Lithuania,1,1,1,1,7,5,0,0
/global/archives/6710,Vietnam,1,1,0,0,0,3,0,0
/global/archives/6807,Kuwait,1,1,1,1,7,5,0,0
/global/archives/6870,Singapore,1,2,1,1,5,7,0,0
/global/archives/6998,South Korea,1,1,1,1,41,4,0,0
/global/archives/7043,Japan,1,1,1,1,197,5,0,0
/global/archives/7043,Thailand,1,1,1,1,0,4,0,0
/global/archives/7177,United States,1,1,1,1,127,6,0,0
/global/archives/7221,South Korea,1,1,1,1,0,4,0,0
/global/archives/7245,Netherlands,1,2,1,1,0,6,0,0
/global/archives/7245,South Korea,1,1,1,1,7,5,0,0
/global/archives/7292,South Korea,1,1,1,1,35,3,0,0
/global/archives/733,United States,1,1,1,1,14,5,0,0
/global/archives/7353,Canada,1,1,1,1,16,5,0,0
/global/archives/7445,India,1,2,1,1,0,6,0,0
/global/archives/7445,Singapore,1,1,1,1,61,6,0,0
/global/archives/7445,United Kingdom,1,2,1,1,18,7,0,0
/global/archives/7445,Vietnam,1,2,1,1,0,6,0,0
/global/archives/7710,France,1,1,1,1,0,3,0,0
/global/archives/7761,India,1,1,1,1,4,3,0,0
/global/archives/7761,South Korea,1,1,1,1,4,4,0,0
/global/archives/7870,Japan,1,1,1,1,64,5,0,0
/global/archives/7870,South Korea,1,1,1,1,15,5,0,0
/global/archives/7919,United States,1,1,1,1,0,4,0,0
/global/archives/7961,Hong Kong,1,1,1,1,0,3,0,0
/global/archives/7961,Hungary,1,1,1,1,28,5,0,0
/global/archives/8067,United States,1,1,1,1,12,5,0,0
/global/archives/8087,South Korea,1,1,1,1,14,5,0,0
/global/archives/8087,United Kingdom,1,1,1,1,66,4,0,0
/global/archives/8152,Spain,1,1,1,1,0,2,0,0
/global/archives/822,Congo - Kinshasa,1,1,1,1,3,4,0,0
/global/archives/8230,United States,1,1,1,1,0,3,0,0
/global/archives/8298,Indonesia,1,1,1,1,0,4,0,0
/global/archives/8298,Norway,1,1,1,1,31,6,0,0
/global/archives/8310,South Korea,1,1,1,1,21,6,0,0
/global/archives/8310L,China,1,1,1,1,0,3,0,0
/global/archives/8400,Hong Kong,1,1,1,1,0,4,0,0
/global/archives/8400,Japan,1,2,1,1,0,6,0,0
/global/archives/8899,United States,1,1,1,1,81,5,0,0
/global/archives/8972,South Korea,1,1,1,1,21,6,0,0
/global/archives/9079,South Korea,1,1,1,1,20,6,0,0
/global/archives/9191,South Korea,1,2,1,1,24,3,0,0
/global/archives/9191,Vietnam,1,1,1,1,2,3,0,0
/global/archives/9480,Dominican Republic,1,1,1,1,220,4,0,0
/global/archives/9493,Poland,1,1,1,1,45,5,0,0
/global/archives/9509,South Korea,1,1,1,1,31,5,0,0
/global/archives/9548,Hong Kong,1,1,1,1,8,3,0,0
/global/archives/9668,Hong Kong,1,1,1,1,17,3,0,0
/global/archives/9668,South Korea,1,2,1,1,40,4,0,0
/global/archives/9682,Singapore,1,1,1,1,2,3,0,0
/global/archives/9695,South Korea,1,1,1,1,14,5,0,0
/global/archives/9695,United Kingdom,1,1,1,1,32,4,0,0
/global/archives/9695,United States,1,1,1,1,16,5,0,0
/global/archives/9709,Philippines,1,1,1,1,0,3,0,0
/global/archives/9709,South Korea,1,1,1,1,10,5,0,0
/global/archives/9740,Malaysia,1,1,1,1,26,5,0,0
/global/archives/9740,United States,1,1,1,1,31,5,0,0
/global/archives/9786,Tunisia,1,1,1,1,0,3,0,0
/global/archives/9797,Hungary,1,2,1,1,0,5,0,0
/global/archives/9910,China,1,1,1,1,4,3,0,0
/global/archives/9910,Indonesia,1,1,1,1,31,6,0,0
/global/archives/9910,Japan,1,1,1,1,4,6,0,0
/global/archives/9910,Kuwait,1,1,1,1,71,6,0,0
/global/archives/9951,United States,1,1,1,1,29,5,0,0
/global/archives/category/ces/ces-2022-ces-2022,United Kingdom,1,1,1,1,3,4,0,0
/global/archives/category/corporate/sk-energy,China,1,1,1,1,76,5,0,0
/global/archives/category/corporate/sk-energy,Singapore,1,1,1,1,42,6,0,0
/global/archives/category/corporate/sk-energy,United States,1,1,1,1,7,5,0,0
/global/archives/category/corporate/sk-energy,Uzbekistan,1,1,1,1,0,4,0,0
/global/archives/category/corporate/sk-enmove,Japan,1,1,1,1,29,4,0,0
/global/archives/category/corporate/sk-enmove,Russia,1,1,1,1,32,5,0,0
/global/archives/category/corporate/sk-enmove,South Korea,1,1,1,1,0,4,0,0
/global/archives/category/corporate/sk-ie-technology,Poland,1,1,1,1,20,4,0,0
/global/archives/category/corporate/sk-on,France,1,1,1,1,2,4,0,0
/global/archives/category/corporates,Hong Kong,1,1,1,1,21,3,0,0
/global/archives/category/corporates,Japan,1,1,1,1,4,4,0,0
/global/archives/category/corporates,Peru,1,1,1,1,2,4,0,0
/global/archives/category/corporates/sk-earthon,Vietnam,1,1,1,1,8,4,0,0
/global/archives/category/corporates/sk-energy,Russia,1,1,1,1,26,4,0,0
/global/archives/category/corporates/sk-energy,Thailand,1,1,1,1,19,4,0,0
/global/archives/category/corporates/sk-energy,United Kingdom,1,1,1,1,2,4,0,0
/global/archives/category/corporates/sk-energy,United States,1,1,1,1,11,3,0,0
/global/archives/category/corporates/sk-enmove,Hong Kong,1,1,1,1,13,4,0,0
/global/archives/category/corporates/sk-enmove,Indonesia,1,1,1,1,0,3,0,0
/global/archives/category/corporates/sk-enmove,United Arab Emirates,1,1,1,1,71,4,0,0
/global/archives/category/corporates/sk-enmove,United States,1,1,1,1,24,4,0,0
/global/archives/category/corporates/sk-enterm,Singapore,1,1,1,1,1,5,0,0
/global/archives/category/corporates/sk-geo-centric,China,1,1,1,1,39,3,0,0
/global/archives/category/corporates/sk-geo-centric,India,1,1,1,1,61,4,0,0
/global/archives/category/corporates/sk-geo-centric,Japan,1,1,1,1,11,4,0,0
/global/archives/category/corporates/sk-ie-technology,Germany,1,1,1,1,33,5,0,0
/global/archives/category/corporates/sk-incheon-petrochem,China,1,1,1,1,9,3,0,0
/global/archives/category/corporates/sk-incheon-petrochem,South Korea,1,1,1,1,4,4,0,0
/global/archives/category/corporates/sk-innovation,Czechia,1,1,1,1,16,5,0,0
/global/archives/category/corporates/sk-innovation,France,1,1,1,1,0,3,0,0
/global/archives/category/corporates/sk-innovation,Netherlands,1,1,1,1,23,4,0,0
/global/archives/category/corporates/sk-innovation,Pakistan,1,1,1,1,8,4,0,0
/global/archives/category/corporates/sk-innovation,Peru,1,1,1,1,15,4,0,0
/global/archives/category/corporates/sk-innovation,Thailand,1,1,1,1,8,4,0,0
/global/archives/category/corporates/sk-innovation,United States,1,1,1,1,668,4,0,0
/global/archives/category/corporates/sk-on,Canada,1,1,1,1,12,4,0,0
/global/archives/category/corporates/sk-on,Germany,1,2,1,1,0,4,0,0
/global/archives/category/corporates/sk-on,Hungary,1,1,1,1,47,4,0,0
/global/archives/category/corporates/sk-on,Japan,1,1,1,1,6,4,0,0
/global/archives/category/corporates/sk-on,Taiwan,1,1,1,1,38,4,0,0
/global/archives/category/insight,Peru,1,1,1,1,1,4,0,0
/global/archives/category/insight/trend_report,China,1,1,1,1,0,2,0,0
/global/archives/category/insight/trend_report,Peru,1,1,1,1,4,4,0,0
/global/archives/category/insight/trend_report,Singapore,1,1,1,1,19,4,0,0
/global/archives/category/people,India,1,1,1,1,39,4,0,0
/global/archives/category/people/ceo-leaders,Philippines,1,1,1,1,0,2,0,0
/global/archives/category/people/inno-people,China,1,1,1,1,9,3,0,0
/global/archives/category/people/inno-people,Hungary,1,2,1,1,0,5,0,0
/global/archives/category/people/inno-people,India,1,1,1,1,49,4,0,0
/global/archives/category/people/inno-people,Taiwan,1,1,1,1,17,3,0,0
/global/archives/category/people/inno-people,United States,1,2,1,1,0,5,0,0
/global/archives/category/people/sustainability,Hungary,1,1,1,1,33,4,0,0
/global/archives/category/people/sustainability,South Korea,1,1,1,1,4,4,0,0
/global/archives/category/press-room,Canada,1,1,1,1,1,4,0,0
/global/archives/category/press-room,Hong Kong,1,1,1,1,0,3,0,0
/global/archives/category/press-room,Hungary,1,2,1,1,0,5,0,0
/global/archives/category/press-room,South Korea,1,1,1,1,5,4,0,0
/global/archives/category/press-room/financial-results,France,1,1,1,1,9,4,0,0
/global/archives/category/press-room/financial-results,Hong Kong,1,1,1,1,135,5,0,0
/global/archives/category/press-room/financial-results,Peru,1,1,1,1,7,4,0,0
/global/archives/category/press-room/issue-fact,South Korea,1,1,1,1,13,4,0,0
/global/archives/category/press-room/press-release,Bosnia & Herzegovina,1,1,1,1,6,4,0,0
/global/archives/category/social-value/opinions,United States,1,1,1,1,5,5,0,0
/global/archives/tag/2020大韩民国环保包装论坛,South Korea,1,1,1,1,0,4,0,0
/global/archives/tag/2022-esg-report,United States,1,1,1,1,3,5,0,0
/global/archives/tag/2024-q1,South Korea,1,1,1,1,8,5,0,0
/global/archives/tag/abs,South Korea,1,1,1,1,3,5,0,0
/global/archives/tag/advanced-plastic-recycling-cluster,United States,1,1,1,1,8,3,0,0
/global/archives/tag/australia,Australia,1,1,1,1,5,4,0,0
/global/archives/tag/battery,Germany,1,1,1,1,11,4,0,0
/global/archives/tag/bmw,United States,1,1,1,1,3,5,0,0
/global/archives/tag/conference,South Korea,1,1,1,1,3,5,0,0
/global/archives/tag/crude-oil,South Korea,1,1,1,1,17,4,0,0
/global/archives/tag/daejeon,United States,1,1,1,1,5,4,0,0
/global/archives/tag/eaa-plant,Taiwan,1,1,1,1,7,5,0,0
/global/archives/tag/ecopro,Indonesia,1,1,1,1,15,5,0,0
/global/archives/tag/egg-program,United States,1,1,1,1,7,5,0,0
/global/archives/tag/electrolyte,South Korea,1,1,1,1,5,4,0,0
/global/archives/tag/envirun-for-the-earth,South Korea,1,1,1,1,4,5,0,0
/global/archives/tag/esg,United States,1,1,1,1,5,5,0,0
/global/archives/tag/ess,Spain,1,1,1,1,0,4,0,0
/global/archives/tag/europe,Hungary,1,1,1,1,6,5,0,0
/global/archives/tag/financial-results,France,1,1,1,1,10,4,0,0
/global/archives/tag/freeport,Japan,1,1,1,1,7,4,0,0
/global/archives/tag/georgia,United States,1,1,1,1,16,4,0,0
/global/archives/tag/germany,(not set),1,1,1,1,0,3,0,0
/global/archives/tag/gmf,Spain,1,1,1,1,0,3,0,0
/global/archives/tag/hg-initiative,South Korea,1,1,1,1,4,5,0,0
/global/archives/tag/interbattery-2023,South Korea,1,1,1,1,1,5,0,0
/global/archives/tag/iodine,South Korea,1,1,1,1,15,6,0,0
/global/archives/tag/iscc,France,1,1,1,1,0,3,0,0
/global/archives/tag/jee-dong-seob,South Korea,1,1,1,1,3,4,0,0
/global/archives/tag/job-fair,United States,1,1,1,1,5,4,0,0
/global/archives/tag/joshua-han,Iraq,1,1,1,1,0,3,0,0
/global/archives/tag/kentucky,United States,1,1,1,1,29,6,0,0
/global/archives/tag/ketapu-cluster,Japan,1,1,1,1,3,4,0,0
/global/archives/tag/ketapu-cluster,Malaysia,1,1,1,1,7,4,0,0
/global/archives/tag/lee-seong-jun,Philippines,1,1,1,1,4,5,0,0
/global/archives/tag/libs,Thailand,1,2,1,1,0,5,0,0
/global/archives/tag/malaysia,Singapore,1,1,1,1,4,5,0,0
/global/archives/tag/marine-innovation,South Korea,1,1,1,1,47,6,0,0
/global/archives/tag/market-kurly,South Korea,1,1,1,1,4,5,0,0
/global/archives/tag/merger,United States,1,1,1,1,0,1,0,0
/global/archives/tag/natural-graphite,Hong Kong,1,2,1,1,6,6,0,0
/global/archives/tag/ncm811,South Korea,1,1,1,1,4,3,0,0
/global/archives/tag/ncm811,Sweden,1,1,1,1,13,5,0,0
/global/archives/tag/ncm9,Sweden,1,1,1,1,0,3,0,0
/global/archives/tag/nmc,United States,1,1,1,1,9,5,0,0
/global/archives/tag/oil-spill,United States,1,1,1,1,0,4,0,0
/global/archives/tag/petroleum,Thailand,1,1,1,1,46,5,0,0
/global/archives/tag/petronas,South Korea,1,1,1,1,52,6,0,0
/global/archives/tag/plastic-recycling,United States,1,1,1,1,21,4,0,0
/global/archives/tag/plogging,Hungary,1,2,1,1,0,5,0,0
/global/archives/tag/poe,Japan,1,1,1,1,2,5,0,0
/global/archives/tag/poland,Spain,1,1,1,1,44,5,0,0
/global/archives/tag/pouch-type-battery,Canada,1,1,1,1,3,5,0,0
/global/archives/tag/pouch-type-battery,South Korea,1,1,1,1,4,4,0,0
/global/archives/tag/pouch-type-battery,United States,1,1,1,1,12,6,0,0
/global/archives/tag/pta,Netherlands,1,1,1,1,9,4,0,0
/global/archives/tag/pyrolysis,Switzerland,1,1,1,1,35,5,0,0
/global/archives/tag/sabic-sk-nexlene-company,Singapore,1,1,1,1,6,4,0,0
/global/archives/tag/seosan,Malaysia,1,1,1,1,11,5,0,0
/global/archives/tag/separator,South Korea,1,1,1,1,39,4,0,0
/global/archives/tag/sk-battery-america,United States,1,1,1,1,8,5,0,0
/global/archives/tag/sk-earthon-kuala-lumpur,South Korea,1,1,1,1,5,3,0,0
/global/archives/tag/sk-energy-americas,Russia,1,1,1,1,10,5,0,0
/global/archives/tag/sk-gc-americas,United States,1,1,1,1,2,5,0,0
/global/archives/tag/sk-global-chemical,South Korea,1,1,1,1,5,5,0,0
/global/archives/tag/sk-global-chemical-shanghai,South Korea,1,1,1,1,7,5,0,0
/global/archives/tag/sk-green,Japan,1,1,1,1,3,5,0,0
/global/archives/tag/sk-group,United States,1,1,1,1,0,3,0,0
/global/archives/tag/sk-hi-tech-battery-materials-poland,Japan,1,1,1,1,4,5,0,0
/global/archives/tag/sk-hi-tech-battery-materials-poland,Ukraine,1,1,1,1,0,4,0,0
/global/archives/tag/sk-lubricants-oil-india,South Korea,1,1,1,1,7,5,0,0
/global/archives/tag/sk-primacor-americas,South Korea,1,1,1,1,3,5,0,0
/global/archives/tag/skba,South Korea,1,1,1,1,12,5,0,0
/global/archives/tag/skba,United States,1,1,1,1,0,3,0,0
/global/archives/tag/skei-singapore,South Korea,1,1,1,1,28,5,0,0
/global/archives/tag/skeo,South Korea,1,1,1,1,30,3,0,0
/global/archives/tag/skgc,United States,1,1,1,1,69,5,0,0
/global/archives/tag/sko,South Korea,1,2,1,1,0,5,0,0
/global/archives/tag/sko,Thailand,1,1,1,1,28,5,0,0
/global/archives/tag/skti,Kuwait,1,2,1,1,0,6,0,0
/global/archives/tag/skti,South Korea,1,1,1,1,1,5,0,0
/global/archives/tag/sk综合化学,China,1,1,1,1,16,3,0,0
/global/archives/tag/sk综合化学,Hong Kong,1,1,1,1,20,5,0,0
/global/archives/tag/sk综合化学上海,China,1,1,1,1,12,5,0,0
/global/archives/tag/small-modular-reactor,South Korea,1,1,1,1,1,6,0,0
/global/archives/tag/solid-power,South Korea,1,1,1,1,5,5,0,0
/global/archives/tag/solid-power,United States,1,1,1,1,70,6,0,0
/global/archives/tag/sunwoda,South Korea,1,1,1,1,13,5,0,0
/global/archives/tag/tesla,Tunisia,1,1,1,1,0,5,0,0
/global/archives/tag/tesla,Uzbekistan,1,1,1,1,0,4,0,0
/global/archives/tag/turkey,Poland,1,1,1,1,20,4,0,0
/global/archives/tag/turkey,Türkiye,1,1,0,0,0,2,0,0
/global/archives/tag/ulsan-clx,Poland,1,1,1,1,9,5,0,0
/global/archives/tag/ulsan-clx,South Korea,1,1,1,1,37,4,0,0
/global/archives/tag/ulsan-complex,South Korea,1,1,1,1,14,3,0,0
/global/archives/tag/vietnam,Australia,1,1,0,0,0,4,0,0
/global/archives/tag/vwbe,Italy,1,1,1,1,3,5,0,0
/global/archives/tag/warm-mix-asphalt,Japan,1,1,1,1,3,5,0,0
/global/archives/tag/yubase,United States,1,1,1,1,5,5,0,0
/global/archives/tag/中韩石化,South Korea,1,2,2,0.5,0,5,0,0
/global/archives/tag/中韩石化,United States,1,1,1,1,14,5,0,0
/global/archives/tag/常州,South Korea,1,1,1,1,0,4,0,0
/global/archives/tag/电动汽车,South Korea,1,2,2,0.5,2,6,0,0
/global/archives/tag/电动汽车电池,South Korea,1,1,1,1,0,4,0,0
/global/latestnews,Czechia,1,1,1,1,9,4,0,0
/global/latestnews,Italy,1,1,1,1,45,4,0,0
/global/latestnews,Vietnam,1,2,1,1,0,5,0,0
/global/legal-notices,Vietnam,1,1,1,1,3,4,0,0
/global/privacy-policy,Philippines,1,1,1,1,3,5,0,0
/global/privacy-policy,United States,1,1,1,1,0,2,0,0
/global/sustainability-report,South Korea,1,1,1,1,2,5,0,0
/global/sustainability-report,Switzerland,1,1,1,1,4,4,0,0
/pagead/aclk,Mexico,1,1,1,1,0,3,0,0
/global/archives/10842,South Korea,0,1,0,0,0,2,0,0
/global/archives/12950,Ireland,0,1,1,0,25,2,0,0
/global/archives/17426,United Kingdom,0,1,1,0,0,2,0,0
/global/archives/17446,Ireland,0,1,1,0,23,1,0,0
/global/archives/19078,Germany,0,1,1,0,28,3,0,0
/global/archives/19154,United Kingdom,0,1,0,0,0,2,0,0
/global/archives/19268,United Kingdom,0,1,1,0,17,2,0,0
/global/archives/4844,Denmark,0,1,1,0,61,2,0,0
/global/archives/6253,South Korea,0,1,1,0,0,1,0,0
/global/archives/6658,United Kingdom,0,1,0,0,0,2,0,0
/global/archives/736,South Korea,0,1,0,0,0,2,0,0
/global/archives/category/corporates/sk-enmove,Spain,0,1,1,0,48,1,0,0
/global/archives/category/insight/expert-voice,Russia,0,1,1,0,54,3,0,0
/global/archives/category/people/onsite-report,Russia,0,1,1,0,33,3,0,0
/global/archives/category/press-room,Spain,0,1,1,0,0,2,0,0
/global/archives/category/press-room/financial-results,Russia,0,1,1,0,37,2,0,0