# ----------------------------------------
# 보고서 CSV 내보내기
# 계정: skinno global
# 속성: skinno 글로벌 - GA4
# ----------------------------------------
# 
# 모든 사용자
# 시작일: 20240930
# 종료일: 20241006
페이지 경로 및 화면 클래스,세션 소스,조회수,세션수,활성 사용자,활성 사용자당 조회수,활성 사용자당 평균 참여 시간,이벤트 수,주요 이벤트,총 수익
/global/archives/19179,google,518,419,395,1.3113924050632912,4.706329113924051,2068,0,0
/global/latestnews,(direct),168,157,138,1.2173913043478262,19.615942028985508,682,0,0
/global/archives/19078,google,133,102,45,2.9555555555555557,21.066666666666666,449,0,0
/global/,(direct),64,59,55,1.1636363636363636,8.072727272727272,298,0,0
/global/archives/19179,(direct),53,47,44,1.2045454545454546,7.9772727272727275,199,0,0
/global/,google,51,37,31,1.6451612903225807,22.483870967741936,228,0,0
/global/archives/19045,google,39,44,29,1.3448275862068966,35.55172413793103,159,0,0
/global/archives/18546,google,37,49,32,1.15625,33,186,0,0
/global/archives/19154,(direct),33,37,33,1,28.757575757575758,136,0,0
/global/,skinnovation.com,32,17,17,1.8823529411764706,34.94117647058823,154,0,0
/global/latestnews,google,31,28,12,2.5833333333333335,49.666666666666664,125,0,0
/global/archives/category/corporates/sk-on,google,29,15,15,1.9333333333333333,24.333333333333332,112,0,0
/global/archives/18107,google,28,27,26,1.0769230769230769,83.1923076923077,135,0,0
/global/archives/17623,google,27,30,21,1.2857142857142858,55.42857142857143,125,0,0
/global/archives/19149,(direct),25,27,24,1.0416666666666667,7.75,91,0,0
/global/archives/category/press-room/press-release,google,25,18,15,1.6666666666666667,17.8,102,0,0
/global/archives/19014,(direct),23,25,19,1.2105263157894737,102.6842105263158,91,0,0
/global/archives/9910,google,23,24,18,1.2777777777777777,60.27777777777778,94,0,0
/global/archives/category/press-room/press-release,(direct),23,15,7,3.2857142857142856,32,87,0,0
/pagead/aclk,google,21,14,14,1.5,0,68,0,0
/global/archives/19045,(direct),20,19,19,1.0526315789473684,15.842105263157896,85,0,0
/global/archives/19078,(direct),20,21,18,1.1111111111111112,11.38888888888889,80,0,0
/global/archives/category/press-room/financial-results,google,19,15,11,1.7272727272727273,9.636363636363637,78,0,0
/global/archives/12022,google,18,16,15,1.2,49.46666666666667,87,0,0
/global/archives/17426,google,18,17,13,1.3846153846153846,22,84,0,0
/global/archives/19154,google,18,21,14,1.2857142857142858,42,79,0,0
/global/,linkedin.com,17,13,4,4.25,18.25,66,0,0
/global/archives/18608,google,17,17,14,1.2142857142857142,24.571428571428573,75,0,0
/global/archives/19149,google,17,19,12,1.4166666666666667,66.08333333333333,68,0,0
/global/archives/11087,google,15,9,8,1.875,28.75,61,0,0
/global/archives/14766,google,15,16,10,1.5,59,62,0,0
/global/archives/16376,google,15,13,8,1.875,35.75,53,0,0
/global/archives/19179,ozmailer.com,15,7,6,2.5,1,50,0,0
/global/archives/17499,google,14,16,12,1.1666666666666667,36.833333333333336,65,0,0
/global/archives/18065,google,14,10,6,2.3333333333333335,12,54,0,0
/global/latestnews,linkedin.com,13,6,2,6.5,97.5,53,0,0
/global/,bing,12,7,6,2,32.833333333333336,61,0,0
/global/archives/15374,google,12,15,11,1.0909090909090908,78,59,0,0
/global/archives/16463,google,12,13,11,1.0909090909090908,86.0909090909091,59,0,0
/global/archives/17216,google,12,12,11,1.0909090909090908,41.54545454545455,57,0,0
/global/archives/9740,google,12,12,11,1.0909090909090908,13.818181818181818,52,0,0
/global/archives/12106,google,11,9,3,3.6666666666666665,56,44,0,0
/global/archives/18445,(direct),11,11,7,1.5714285714285714,35.57142857142857,49,0,0
/global/archives/18445,google,11,11,10,1.1,24.8,57,0,0
/global/archives/19108,(direct),11,17,10,1.1,4.3,51,0,0
/global/archives/19179,linkedin.com,11,11,10,1.1,0.6,42,0,0
/global/archives/category/corporates/sk-ie-technology,google,11,6,6,1.8333333333333333,24.333333333333332,46,0,0
/global/archives/category/press-room,(direct),11,9,4,2.75,14.25,43,0,0
/global/,eng.skietechnology.com,10,1,1,10,95,49,0,0
/global/archives/15374,skenergy.com,10,8,7,1.4285714285714286,15.428571428571429,38,0,0
/global/archives/18770,google,10,12,8,1.25,55.625,42,0,0
/global/archives/category/corporate/sk-enmove,skenmove.com,10,9,9,1.1111111111111112,5.333333333333333,43,0,0
/global/archives/category/corporates/sk-innovation,google,10,10,10,1,15.6,39,0,0
/global/archives/category/people,(direct),10,13,12,0.8333333333333334,12.833333333333334,44,0,0
/global/archives/16448,google,9,8,7,1.2857142857142858,28.857142857142858,40,0,0
/global/archives/17737,google,9,11,7,1.2857142857142858,26.714285714285715,42,0,0
/global/archives/18283,google,9,8,5,1.8,38.6,38,0,0
/global/archives/18546,(direct),9,10,8,1.125,17.625,43,0,0
/global/archives/18659,google,9,13,8,1.125,15.875,43,0,0
/global/archives/category/corporate/sk-energy,skenergy.com,9,7,4,2.25,37.5,38,0,0
/global/archives/tag/northvolt,google,9,6,6,1.5,12.5,44,0,0
/global/archives/11161,google,8,9,5,1.6,39.8,36,0,0
/global/archives/15490,google,8,9,8,1,16.375,33,0,0
/global/archives/16493,google,8,10,8,1,42.125,41,0,0
/global/archives/17460,google,8,8,8,1,22,38,0,0
/global/archives/18989,(direct),8,9,7,1.1428571428571428,69.57142857142857,37,0,0
/global/archives/3820,google,8,11,5,1.6,52.2,39,0,0
/global/archives/6014,google,8,10,3,2.6666666666666665,6.666666666666667,29,0,0
/global/archives/6216,google,8,11,7,1.1428571428571428,14.428571428571429,44,0,0
/global/archives/category/corporates/sk-enterm,google,8,5,5,1.6,13.4,32,0,0
/global/archives/category/corporates/sk-innovation,skinnovation.com,8,2,2,4,36,30,0,0
/global/archives/category/insight,(direct),8,10,10,0.8,15.6,36,0,0
/global/archives/category/insight/trend_report,google,8,6,4,2,12,28,0,0
/global/archives/11004,google,7,7,5,1.4,42.4,29,0,0
/global/archives/12306,google,7,8,6,1.1666666666666667,40.833333333333336,33,0,0
/global/archives/14226,google,7,6,5,1.4,35.6,28,0,0
/global/archives/14634,google,7,6,6,1.1666666666666667,32.333333333333336,31,0,0
/global/archives/15374,(direct),7,7,6,1.1666666666666667,2.6666666666666665,28,0,0
/global/archives/16060,google,7,7,5,1.4,18.8,28,0,0
/global/archives/16131,(direct),7,7,0,0,0,20,0,0
/global/archives/16939,(direct),7,4,3,2.3333333333333335,28.666666666666668,23,0,0
/global/archives/17356,google,7,7,6,1.1666666666666667,48.5,32,0,0
/global/archives/17990,google,7,6,6,1.1666666666666667,15,32,0,0
/global/archives/18140,google,7,4,2,3.5,166,23,0,0
/global/archives/18388,(direct),7,6,6,1.1666666666666667,0.5,26,0,0
/global/archives/18989,linkedin.com,7,7,1,7,0,22,0,0
/global/archives/19045,bing,7,4,4,1.75,105,32,0,0
/global/archives/19149,skinnovation.com,7,4,4,1.75,53,28,0,0
/global/archives/19179,skenmove.com,7,8,5,1.4,63.2,29,0,0
/global/archives/4612,google,7,7,4,1.75,73,30,0,0
/global/archives/category/corporates,google,7,7,7,1,21.714285714285715,26,0,0
/global/archives/category/insight,google,7,3,3,2.3333333333333335,13.333333333333334,26,0,0
/global/sustainability-report,(direct),7,7,7,1,3.7142857142857144,34,0,0
/global/archives/15007,google,6,4,1,6,91,21,0,0
/global/archives/15259,(direct),6,5,5,1.2,8.2,25,0,0
/global/archives/16787,google,6,6,5,1.2,19.2,26,0,0
/global/archives/17426,bing,6,2,1,6,62,25,0,0
/global/archives/17446,google,6,7,6,1,24.166666666666668,30,0,0
/global/archives/17595,(direct),6,6,4,1.5,34.5,19,0,0
/global/archives/18301,google,6,6,6,1,37.666666666666664,28,0,0
/global/archives/18361,google,6,4,4,1.5,20.25,25,0,0
/global/archives/18374,google,6,4,3,2,25.333333333333332,27,0,0
/global/archives/19149,ozmailer.com,6,4,3,2,2,18,0,0
/global/archives/category/corporates/sk-energy,google,6,4,4,1.5,15.75,23,0,0
/global/archives/category/corporates/sk-on,(direct),6,7,4,1.5,13.5,21,0,0
/global/archives/category/people/inno-people,google,6,3,3,2,7,22,0,0
/global/archives/category/press-room,skinnovation.com,6,3,3,2,133.33333333333334,23,0,0
/global/archives/tag/sko,google,6,6,5,1.2,11.6,29,0,0
/global/archives/10774,google,5,5,5,1,43.6,23,0,0
/global/archives/10835,google,5,6,3,1.6666666666666667,106,20,0,0
/global/archives/10939,google,5,6,4,1.25,9.75,22,0,0
/global/archives/11807,google,5,5,2,2.5,3,19,0,0
/global/archives/12950,google,5,6,5,1,7.4,21,0,0
/global/archives/14264,google,5,4,3,1.6666666666666667,10.666666666666666,23,0,0
/global/archives/15103,google,5,6,5,1,23.2,25,0,0
/global/archives/15840,google,5,7,4,1.25,47,24,0,0
/global/archives/15937,(direct),5,6,5,1,3.2,23,0,0
/global/archives/15937,statics.teams.cdn.office.net,5,5,2,2.5,100.5,22,0,0
/global/archives/16060,sktradinginternational.com,5,4,4,1.25,24.5,22,0,0
/global/archives/16532,google,5,4,4,1.25,15.5,21,0,0
/global/archives/16834,google,5,4,4,1.25,30.25,23,0,0
/global/archives/17047,google,5,7,5,1,13.8,26,0,0
/global/archives/17623,(direct),5,4,4,1.25,0,16,0,0
/global/archives/18022,skinnovation.com,5,3,3,1.6666666666666667,122.66666666666667,24,0,0
/global/archives/18608,chatgpt.com,5,5,4,1.25,35.25,23,0,0
/global/archives/18989,google,5,5,3,1.6666666666666667,0.3333333333333333,17,0,0
/global/archives/19014,google,5,5,4,1.25,19.25,19,0,0
/global/archives/19045,statics.teams.cdn.office.net,5,6,3,1.6666666666666667,0,20,0,0
/global/archives/19078,bing,5,3,3,1.6666666666666667,84.33333333333333,16,0,0
/global/archives/19095,(direct),5,6,5,1,42.2,20,0,0
/global/archives/19154,linkedin.com,5,4,4,1.25,7.75,18,0,0
/global/archives/4612,bing,5,5,4,1.25,29.25,23,0,0
/global/archives/564,google,5,6,3,1.6666666666666667,24.333333333333332,22,0,0
/global/archives/6253,google,5,5,5,1,32.6,24,0,0
/global/archives/7961,google,5,5,4,1.25,26.75,21,0,0
/global/archives/category/corporates/sk-innovation,(direct),5,5,5,1,14.6,17,0,0
/global/archives/category/press-room,eng.skietechnology.com,5,1,1,5,65,20,0,0
/global/archives/category/press-room/financial-results,eng.skietechnology.com,5,1,1,5,59,20,0,0
/global/archives/tag/pouch-type-battery,bing,5,4,4,1.25,10.5,24,0,0
/global/archives/tag/pouch-type-battery,google,5,5,4,1.25,21.5,26,0,0
/global/archives/tag/sk-energy-americas,google,5,3,3,1.6666666666666667,10,21,0,0
/global/archives/10310,(direct),4,3,2,2,4.5,13,0,0
/global/archives/10985,google,4,4,3,1.3333333333333333,49.666666666666664,17,0,0
/global/archives/11400,(direct),4,4,4,1,14.25,20,0,0
/global/archives/13036,google,4,3,2,2,13.5,17,0,0
/global/archives/13521,bing,4,2,2,2,14,20,0,0
/global/archives/14065,(direct),4,4,0,0,0,12,0,0
/global/archives/14354,google,4,2,2,2,67.5,16,0,0
/global/archives/14770,google,4,5,3,1.3333333333333333,27.666666666666668,18,0,0
/global/archives/15497,(direct),4,2,2,2,56,16,0,0
/global/archives/16005,google,4,4,3,1.3333333333333333,11.666666666666666,17,0,0
/global/archives/17426,(direct),4,4,4,1,3,16,0,0
/global/archives/17476,google,4,4,4,1,25.25,19,0,0
/global/archives/17595,google,4,4,2,2,89,13,0,0
/global/archives/17817,(direct),4,4,2,2,0,12,0,0
/global/archives/18022,google,4,4,3,1.3333333333333333,84.33333333333333,19,0,0
/global/archives/18436,google,4,5,2,2,38.5,18,0,0
/global/archives/19078,linkedin.com,4,4,4,1,10.25,18,0,0
/global/archives/19149,linkedin.com,4,5,3,1.3333333333333333,0.3333333333333333,19,0,0
/global/archives/4146,google,4,1,1,4,255,15,0,0
/global/archives/4921,google,4,4,4,1,90.25,20,0,0
/global/archives/7710,google,4,4,4,1,58.5,17,0,0
/global/archives/7919,google,4,4,4,1,1.25,17,0,0
/global/archives/9548,google,4,4,4,1,14,18,0,0
/global/archives/category/corporates,(direct),4,3,3,1.3333333333333333,14.666666666666666,16,0,0
/global/archives/category/people,google,4,3,3,1.3333333333333333,37.333333333333336,16,0,0
/global/archives/category/press-room,google,4,4,4,1,19.25,15,0,0
/global/archives/tag/skba,google,4,5,3,1.3333333333333333,5,19,0,0
/global/archives/tag/sken,google,4,5,3,1.3333333333333333,7.333333333333333,19,0,0
/global/archives/tag/sunwoda,google,4,2,1,4,5,14,0,0
/global/sustainability-report,google,4,5,4,1,4,21,0,0
/global/,eng.sk-on.com,3,4,3,1,2.6666666666666665,14,0,0
/global/archives/1058,google,3,2,2,1.5,70,10,0,0
/global/archives/11147,sktradinginternational.com,3,3,3,1,36,14,0,0
/global/archives/12147,google,3,2,2,1.5,50.5,11,0,0
/global/archives/12220,google,3,3,3,1,9.333333333333334,12,0,0
/global/archives/13018,google,3,2,1,3,75,12,0,0
/global/archives/13329,google,3,3,3,1,19,13,0,0
/global/archives/13804,google,3,2,2,1.5,47,13,0,0
/global/archives/14193,google,3,3,3,1,18.666666666666668,14,0,0
/global/archives/14491,google,3,2,2,1.5,0,10,0,0
/global/archives/14766,(direct),3,4,3,1,0.6666666666666666,15,0,0
/global/archives/15259,google,3,1,1,3,41,12,0,0
/global/archives/15462,google,3,2,2,1.5,56,11,0,0
/global/archives/15574,bing,3,1,1,3,91,12,0,0
/global/archives/15664,(direct),3,3,2,1.5,1.5,10,0,0
/global/archives/15664,google,3,4,3,1,9.666666666666666,13,0,0
/global/archives/15687,google,3,3,3,1,16.666666666666668,14,0,0
/global/archives/15865,(direct),3,3,3,1,0.3333333333333333,11,0,0
/global/archives/15937,google,3,4,2,1.5,0,12,0,0
/global/archives/16286,(direct),3,3,3,1,0,12,0,0
/global/archives/16719,google,3,4,2,1.5,5,13,0,0
/global/archives/16970,google,3,3,1,3,7,13,0,0
/global/archives/17010,(direct),3,3,2,1.5,0,10,0,0
/global/archives/17169,(direct),3,2,2,1.5,129.5,12,0,0
/global/archives/17169,google,3,3,2,1.5,9,12,0,0
/global/archives/17356,(direct),3,3,3,1,8,11,0,0
/global/archives/17569,skenmove.com,3,1,1,3,32,7,0,0
/global/archives/17817,google,3,3,2,1.5,0,11,0,0
/global/archives/17950,google,3,4,3,1,39,14,0,0
/global/archives/18065,(direct),3,3,3,1,0,12,0,0
/global/archives/18332,google,3,4,3,1,1.6666666666666667,15,0,0
/global/archives/18388,google,3,3,3,1,13.333333333333334,13,0,0
/global/archives/18445,skinnovation.com,3,3,3,1,229.66666666666666,15,0,0
/global/archives/18546,chatgpt.com,3,3,3,1,5,13,0,0
/global/archives/18546,statics.teams.cdn.office.net,3,5,2,1.5,0,15,0,0
/global/archives/18639,google,3,3,3,1,27.666666666666668,14,0,0
/global/archives/18659,(direct),3,3,3,1,0,12,0,0
/global/archives/18690,eng.skietechnology.com,3,1,1,3,27,12,0,0
/global/archives/18770,statics.teams.cdn.office.net,3,2,1,3,63,12,0,0
/global/archives/19108,google,3,3,2,1.5,30.5,13,0,0
/global/archives/19128,(direct),3,4,3,1,2.6666666666666665,11,0,0
/global/archives/2293,google,3,5,3,1,28.333333333333332,19,0,0
/global/archives/3473,google,3,3,2,1.5,32.5,13,0,0
/global/archives/3859,google,3,3,3,1,14.666666666666666,13,0,0
/global/archives/4518,google,3,3,3,1,3,13,0,0
/global/archives/564,(direct),3,2,1,3,0,8,0,0
/global/archives/6377,google,3,3,3,1,0,12,0,0
/global/archives/7245,google,3,3,3,1,21,12,0,0
/global/archives/8087,google,3,3,2,1.5,10,14,0,0
/global/archives/822,google,3,3,2,1.5,28,11,0,0
/global/archives/9129,google,3,3,3,1,4.333333333333333,13,0,0
/global/archives/9910,bing,3,2,2,1.5,195.5,13,0,0
/global/archives/category/corporates,skinnovation.com,3,3,2,1.5,4,12,0,0
/global/archives/category/corporates/sk-energy,bing,3,2,2,1.5,9,12,0,0
/global/archives/category/corporates/sk-enmove,(direct),3,3,2,1.5,8.5,11,0,0
/global/archives/category/corporates/sk-enmove,google,3,2,2,1.5,57,11,0,0
/global/archives/category/corporates/sk-geo-centric,skinnovation.com,3,1,1,3,150,12,0,0
/global/archives/category/corporates/sk-rading-international,google,3,2,2,1.5,11,11,0,0
/global/archives/category/people/sustainability,google,3,2,2,1.5,40.5,12,0,0
/global/archives/category/press-room/financial-results,statics.teams.cdn.office.net,3,1,1,3,25,12,0,0
/global/archives/category/press-room/press-release,skinnovation.com,3,2,2,1.5,29.5,12,0,0
/global/archives/tag/solid-power,google,3,2,2,1.5,30,13,0,0
/global/archives/tag/turkey,google,3,2,2,1.5,2,12,0,0
/global/archives/tag/ulsan-clx,google,3,3,3,1,24.666666666666668,14,0,0
/global/who-we-are,google,3,2,2,1.5,38,15,0,0
/global/,eng.skearthon.com,2,2,2,1,9.5,9,0,0
/global/,statics.teams.cdn.office.net,2,1,1,2,48,9,0,0
/global/archives/10535,google,2,2,2,1,2,10,0,0
/global/archives/10872,google,2,2,2,1,128,10,0,0
/global/archives/11004,bing,2,1,1,2,107,7,0,0
/global/archives/11037,google,2,2,2,1,24,8,0,0
/global/archives/11037,skenergy.com,2,3,2,1,48,12,0,0
/global/archives/11147,google,2,2,2,1,21.5,9,0,0
/global/archives/11161,chatgpt.com,2,2,1,2,7,9,0,0
/global/archives/11527,google,2,3,2,1,4.5,11,0,0
/global/archives/11537,(direct),2,2,2,1,14,7,0,0
/global/archives/11853,(direct),2,3,1,2,14,10,0,0
/global/archives/11992,google,2,2,1,2,6,9,0,0
/global/archives/12036,skenergy.com,2,1,1,2,10,7,0,0
/global/archives/12190,google,2,2,2,1,14,9,0,0
/global/archives/12220,bing,2,1,1,2,99,10,0,0
/global/archives/12274/skee,google,2,2,2,1,4,10,0,0
/global/archives/12610,google,2,2,2,1,11.5,10,0,0
/global/archives/12667,google,2,2,2,1,0,6,0,0
/global/archives/12878,bing,2,2,1,2,3,9,0,0
/global/archives/12950,(direct),2,2,2,1,9.5,9,0,0
/global/archives/12950,statics.teams.cdn.office.net,2,2,1,2,10,8,0,0
/global/archives/13130,(direct),2,2,2,1,2,9,0,0
/global/archives/13313,google,2,2,2,1,53.5,11,0,0
/global/archives/13327,chatgpt.com,2,2,1,2,15,9,0,0
/global/archives/13780,google,2,2,1,2,0,7,0,0
/global/archives/14179,google,2,2,2,1,8.5,7,0,0
/global/archives/14264,(direct),2,1,1,2,237,8,0,0
/global/archives/14309,google,2,2,2,1,0,8,0,0
/global/archives/14333,google,2,2,2,1,24,8,0,0
/global/archives/14491,news.google.com,2,2,1,2,163,9,0,0
/global/archives/14688,google,2,2,2,1,34,10,0,0
/global/archives/14740,(direct),2,2,2,1,6.5,9,0,0
/global/archives/15007/1969-개업한-국내-최초-현대식-주유소-서교동-청기와주유,google,2,2,2,1,23,10,0,0
/global/archives/15204,eng.sk-on.com,2,2,1,2,11,7,0,0
/global/archives/15353,google,2,2,2,1,34,10,0,0
/global/archives/15592,(direct),2,2,2,1,2.5,8,0,0
/global/archives/15592,bing,2,1,1,2,1,7,0,0
/global/archives/15760,google,2,2,2,1,57,9,0,0
/global/archives/15985,eng.sk-on.com,2,1,1,2,4,6,0,0
/global/archives/16060,(direct),2,2,2,1,4.5,9,0,0
/global/archives/16131,google,2,2,1,2,26,7,0,0
/global/archives/16480,google,2,2,2,1,32.5,9,0,0
/global/archives/16532,linkedin.com,2,1,1,2,20,10,0,0
/global/archives/16834,(direct),2,2,2,1,3.5,9,0,0
/global/archives/16881,google,2,2,2,1,29.5,9,0,0
/global/archives/16925,google,2,2,2,1,8,9,0,0
/global/archives/17010,google,2,2,2,1,20.5,8,0,0
/global/archives/17134,google,2,3,2,1,36.5,10,0,0
/global/archives/17313,skenmove.com,2,2,2,1,81.5,8,0,0
/global/archives/17386,google,2,3,2,1,31,12,0,0
/global/archives/17446,(direct),2,2,2,1,33.5,9,0,0
/global/archives/17499,statics.teams.cdn.office.net,2,2,2,1,297.5,9,0,0
/global/archives/17514,google,2,2,2,1,31,6,0,0
/global/archives/17569,google,2,3,2,1,1.5,10,0,0
/global/archives/17623,statics.teams.cdn.office.net,2,2,1,2,0,6,0,0
/global/archives/17737,statics.teams.cdn.office.net,2,2,1,2,3,7,0,0
/global/archives/17796,google,2,1,1,2,17,7,0,0
/global/archives/17965,(direct),2,3,3,0.6666666666666666,6,8,0,0
/global/archives/17965,google,2,2,2,1,0,8,0,0
/global/archives/17990,bing,2,1,1,2,89,10,0,0
/global/archives/18107,(direct),2,2,1,2,25,11,0,0
/global/archives/18140,(direct),2,2,0,0,0,6,0,0
/global/archives/18283,(direct),2,2,2,1,11.5,8,0,0
/global/archives/18283,news.google.com,2,2,1,2,0,5,0,0
/global/archives/18421,google,2,2,2,1,0,8,0,0
/global/archives/18708,google,2,2,1,2,4,9,0,0
/global/archives/18770,linkedin.com,2,1,1,2,9,6,0,0
/global/archives/18770,skinnovation.com,2,2,2,1,18.5,8,0,0
/global/archives/18783,google,2,3,2,1,4,7,0,0
/global/archives/19045,linkedin.com,2,2,2,1,4,9,0,0
/global/archives/19078,greenproduction.co.jp,2,1,1,2,30,7,0,0
/global/archives/19128,google,2,3,2,1,2.5,9,0,0
/global/archives/19128,linkedin.com,2,2,2,1,3,9,0,0
/global/archives/19149,battery-tech.net,2,1,1,2,52,11,0,0
/global/archives/19149,bing,2,2,2,1,12,9,0,0
/global/archives/19154,bing,2,4,2,1,1.5,10,0,0
/global/archives/19154,skinnovation.com,2,2,2,1,23.5,8,0,0
/global/archives/19179,(not set),2,2,2,1,1.5,5,0,0
/global/archives/2026,google,2,2,2,1,18.5,10,0,0
/global/archives/2329,google,2,3,2,1,6.5,9,0,0
/global/archives/2490,google,2,1,1,2,6,8,0,0
/global/archives/253,google,2,2,2,1,32.5,10,0,0
/global/archives/2535,(direct),2,2,2,1,26,8,0,0
/global/archives/2756,google,2,2,2,1,123,8,0,0
/global/archives/3830,google,2,1,1,2,32,7,0,0
/global/archives/3962,bing,2,3,2,1,80,11,0,0
/global/archives/3962,google,2,3,2,1,4,11,0,0
/global/archives/4308,google,2,2,2,1,2,8,0,0
/global/archives/4499,google,2,2,2,1,6,9,0,0
/global/archives/4569,google,2,1,1,2,63,9,0,0
/global/archives/4612,chatgpt.com,2,1,1,2,9,7,0,0
/global/archives/4776,(direct),2,2,2,1,6.5,8,0,0
/global/archives/4793,google,2,2,1,2,2,9,0,0
/global/archives/5772,google,2,3,2,1,0,10,0,0
/global/archives/6216,bing,2,2,2,1,28,8,0,0
/global/archives/6517,google,2,3,2,1,6,8,0,0
/global/archives/7112,google,2,2,2,1,16,8,0,0
/global/archives/7445,bing,2,2,2,1,11,9,0,0
/global/archives/7761,bing,2,2,1,2,472,10,0,0
/global/archives/7870,google,2,2,2,1,40,11,0,0
/global/archives/8152,google,2,2,2,1,112.5,10,0,0
/global/archives/8400,google,2,2,2,1,44,7,0,0
/global/archives/8972,google,2,2,2,1,14,10,0,0
/global/archives/9493,google,2,2,2,1,1.5,9,0,0
/global/archives/9509,google,2,2,2,1,16.5,7,0,0
/global/archives/9548,(direct),2,2,2,1,12,9,0,0
/global/archives/9668,google,2,2,2,1,23.5,10,0,0
/global/archives/9893,google,2,3,1,2,0,9,0,0
/global/archives/9910,(direct),2,2,2,1,7,9,0,0
/global/archives/category/ces/ces-2023,google,2,2,2,1,15,9,0,0
/global/archives/category/corporate/sk-energy,(direct),2,1,1,2,23,6,0,0
/global/archives/category/corporate/sk-on,(direct),2,2,2,1,28.5,8,0,0
/global/archives/category/corporates/sk-energy,skinnovation.com,2,2,2,1,13,8,0,0
/global/archives/category/corporates/sk-enmove,skenmove.com,2,2,2,1,64.5,8,0,0
/global/archives/category/corporates/sk-on,skinnovation.com,2,2,2,1,17,8,0,0
/global/archives/category/corporates/sk-rading-international,sktradinginternational.com,2,3,2,1,1.5,9,0,0
/global/archives/category/insight,eng.skietechnology.com,2,1,1,2,27,8,0,0
/global/archives/category/insight/trend_report,(direct),2,1,1,2,7,8,0,0
/global/archives/category/people,eng.skietechnology.com,2,1,1,2,14,8,0,0
/global/archives/category/people,skinnovation.com,2,1,1,2,59,6,0,0
/global/archives/category/people/ceo-leaders,google,2,2,2,1,9.5,9,0,0
/global/archives/category/press-room/financial-results,bing,2,1,1,2,1,7,0,0
/global/archives/category/press-room/financial-results,skinnovation.com,2,2,2,1,14,8,0,0
/global/archives/category/press-room/press-release,statics.teams.cdn.office.net,2,2,1,2,7,8,0,0
/global/archives/category/social-value/csr-program,(direct),2,2,2,1,5,10,0,0
/global/archives/category/social-value/opinions,(direct),2,2,2,1,4,10,0,0
/global/archives/category/social-value/social-enterprise,(direct),2,2,2,1,4,10,0,0
/global/archives/tag/eaa-plant,bing,2,1,1,2,47,8,0,0
/global/archives/tag/europe,google,2,1,1,2,41,8,0,0
/global/archives/tag/ev-batteries,skinnovation.com,2,1,1,2,44,8,0,0
/global/archives/tag/greenification,google,2,1,1,2,10,9,0,0
/global/archives/tag/libs,google,2,1,1,2,20,9,0,0
/global/archives/tag/lithium-ion-battery,google,2,2,2,1,0,8,0,0
/global/archives/tag/malaysia,google,2,1,1,2,12,8,0,0
/global/archives/tag/morgan-stanley-capital-international,google,2,2,2,1,5,10,0,0
/global/archives/tag/poland,google,2,1,1,2,44,9,0,0
/global/archives/tag/singapore,google,2,1,1,2,11,8,0,0
/global/archives/tag/sk-battery-hungary,google,2,1,1,2,12,7,0,0
/global/archives/tag/skeo,google,2,2,2,1,22,9,0,0
/global/archives/tag/sungeel-hitech,google,2,1,1,2,14,9,0,0
/global/archives/tag/vwbe,google,2,2,2,1,15,11,0,0
/global/archives/tag/电动汽车,google,2,2,2,1,1.5,9,0,0
/global/latestnews,skinnovation.com,2,1,1,2,46,8,0,0
/global/,eng.skglobalchemical.com,1,1,1,1,0,4,0,0
/global/,fahnd.com,1,1,1,1,0,2,0,0
/global/,googleadservices.com,1,1,1,1,0,4,0,0
/global/,m193.mailplug.com,1,2,1,1,3,7,0,0
/global/,skenmove.com,1,1,1,1,7,4,0,0
/global/,yahoo,1,1,1,1,4,5,0,0
/global/404,(direct),1,1,1,1,0,4,0,0
/global/404,linkedin.com,1,1,1,1,1,5,0,0
/global/archives/10133,google,1,1,1,1,28,5,0,0
/global/archives/10148,(direct),1,1,1,1,0,1,0,0
/global/archives/10445,google,1,1,1,1,10,5,0,0
/global/archives/10610,(direct),1,1,1,1,0,3,0,0
/global/archives/10654,google,1,1,1,1,0,4,0,0
/global/archives/10680,(direct),1,1,1,1,0,3,0,0
/global/archives/10774,(direct),1,2,1,1,0,5,0,0
/global/archives/10774,bing,1,1,1,1,0,4,0,0
/global/archives/10897,google,1,1,1,1,0,4,0,0
/global/archives/10913,ecosia.org,1,1,1,1,70,6,0,0
/global/archives/10913,google,1,1,0,0,0,3,0,0
/global/archives/10939,bing,1,1,1,1,398,6,0,0
/global/archives/10977,(direct),1,1,1,1,0,2,0,0
/global/archives/10985,bing,1,1,1,1,83,5,0,0
/global/archives/11004,chatgpt.com,1,1,1,1,7,5,0,0
/global/archives/11087,skenergy.com,1,1,1,1,48,5,0,0
/global/archives/11286,duckduckgo,1,1,1,1,35,5,0,0
/global/archives/11286,google,1,1,1,1,22,5,0,0
/global/archives/11400,google,1,1,1,1,7,6,0,0
/global/archives/11415,google,1,1,1,1,36,5,0,0
/global/archives/11415,news.google.com,1,1,1,1,0,3,0,0
/global/archives/11475,google,1,2,1,1,0,6,0,0
/global/archives/11537,bing,1,1,1,1,74,6,0,0
/global/archives/11537,sktradinginternational.com,1,2,1,1,49,7,0,0
/global/archives/11573,google,1,1,1,1,0,5,0,0
/global/archives/11596,google,1,1,1,1,13,5,0,0
/global/archives/11596,skenergy.com,1,1,1,1,43,5,0,0
/global/archives/1175,google,1,1,1,1,147,5,0,0
/global/archives/11853,google,1,1,1,1,13,5,0,0
/global/archives/12008,google,1,3,1,1,0,8,0,0
/global/archives/12022,(direct),1,1,1,1,18,5,0,0
/global/archives/12022,skenmove.com,1,1,1,1,0,2,0,0
/global/archives/12036,google,1,1,1,1,27,5,0,0
/global/archives/12036,news.google.com,1,1,1,1,0,4,0,0
/global/archives/12072,bing,1,1,1,1,21,4,0,0
/global/archives/12091,google,1,1,1,1,8,5,0,0
/global/archives/12106,(direct),1,1,0,0,0,3,0,0
/global/archives/12106,lowyinstitute.org,1,1,1,1,8,5,0,0
/global/archives/12125,google,1,1,1,1,7,3,0,0
/global/archives/12269,google,1,1,1,1,5,4,0,0
/global/archives/12306,(direct),1,1,1,1,24,4,0,0
/global/archives/1237,google,1,1,1,1,46,4,0,0
/global/archives/12389,bing,1,1,1,1,23,5,0,0
/global/archives/1257,google,1,1,1,1,30,5,0,0
/global/archives/12688,google,1,1,1,1,8,3,0,0
/global/archives/12692,google,1,1,1,1,2,5,0,0
/global/archives/12928,google,1,1,1,1,42,5,0,0
/global/archives/12968,google,1,1,1,1,8,4,0,0
/global/archives/13060,google,1,1,1,1,7,5,0,0
/global/archives/13103,bing,1,1,1,1,0,4,0,0
/global/archives/1321,news.google.com,1,1,1,1,0,3,0,0
/global/archives/13211,google,1,1,1,1,0,4,0,0
/global/archives/13413,(direct),1,1,1,1,6,4,0,0
/global/archives/13437,google,1,1,1,1,0,5,0,0
/global/archives/13478,(direct),1,1,1,1,146,4,0,0
/global/archives/13521,(direct),1,1,1,1,0,2,0,0
/global/archives/13521,google,1,2,1,1,0,6,0,0
/global/archives/13540,(direct),1,1,1,1,0,3,0,0
/global/archives/13544,google,1,1,1,1,42,4,0,0
/global/archives/13595,google,1,2,1,1,0,5,0,0
/global/archives/13748,google,1,1,1,1,0,4,0,0
/global/archives/13795,bing,1,1,1,1,141,4,0,0
/global/archives/13795,chatgpt.com,1,1,1,1,1,3,0,0
/global/archives/13804,(direct),1,1,1,1,30,5,0,0
/global/archives/13932,google,1,2,1,1,0,6,0,0
/global/archives/1399,google,1,1,1,1,20,5,0,0
/global/archives/14030,google,1,1,1,1,13,6,0,0
/global/archives/14065,google,1,1,1,1,0,4,0,0
/global/archives/14078,google,1,1,1,1,8,5,0,0
/global/archives/14193,skinnovation.com,1,1,1,1,83,4,0,0
/global/archives/14226,(direct),1,1,1,1,0,4,0,0
/global/archives/14243,(direct),1,1,1,1,24,4,0,0
/global/archives/14243,google,1,1,1,1,0,2,0,0
/global/archives/14243,skenmove.com,1,1,1,1,40,5,0,0
/global/archives/14309,(direct),1,1,0,0,0,3,0,0
/global/archives/14333,(direct),1,1,1,1,0,3,0,0
/global/archives/14354,(direct),1,1,1,1,12,5,0,0
/global/archives/14493,(direct),1,1,1,1,1,4,0,0
/global/archives/14565,eng.sk-on.com,1,2,1,1,0,5,0,0
/global/archives/14628,google,1,1,1,1,0,4,0,0
/global/archives/14770,(direct),1,1,1,1,0,4,0,0
/global/archives/14770,news.google.com,1,1,1,1,0,3,0,0
/global/archives/14788,google,1,2,1,1,0,6,0,0
/global/archives/14803,(direct),1,1,1,1,52,4,0,0
/global/archives/14962,google,1,1,1,1,0,3,0,0
/global/archives/15007,(direct),1,1,1,1,10,5,0,0
/global/archives/15204,google,1,1,1,1,14,5,0,0
/global/archives/15317,google,1,1,1,1,38,3,0,0
/global/archives/15353,(direct),1,1,1,1,16,5,0,0
/global/archives/15374,(not set),1,1,1,1,9,3,0,0
/global/archives/15409,google,1,1,1,1,0,4,0,0
/global/archives/15490,(direct),1,1,1,1,8,5,0,0
/global/archives/15574,chatgpt.com,1,1,1,1,0,4,0,0
/global/archives/15574,skenmove.com,1,1,1,1,31,6,0,0
/global/archives/15592,chatgpt.com,1,1,1,1,0,3,0,0
/global/archives/15610,google,1,1,1,1,19,5,0,0
/global/archives/15623,(direct),1,1,1,1,0,3,0,0
/global/archives/15638,(direct),1,1,1,1,0,4,0,0
/global/archives/15638,google,1,1,1,1,17,4,0,0
/global/archives/15654,fahnd.com,1,1,1,1,0,4,0,0
/global/archives/15664,news.google.com,1,1,1,1,15,3,0,0
/global/archives/15687,skenmove.com,1,1,1,1,0,4,0,0
/global/archives/15760,(direct),1,1,1,1,172,4,0,0
/global/archives/15840,(direct),1,1,1,1,165,5,0,0
/global/archives/15865,google,1,1,1,1,67,4,0,0
/global/archives/15902,google,1,1,1,1,4,5,0,0
/global/archives/15964,google,1,1,1,1,2,5,0,0
/global/archives/15985,usc-excel.officeapps.live.com,1,1,1,1,3,4,0,0
/global/archives/16005,(direct),1,1,1,1,25,4,0,0
/global/archives/16025,linkedin.com,1,2,1,1,12,7,0,0
/global/archives/16060,chatgpt.com,1,1,1,1,64,6,0,0
/global/archives/16073,google,1,1,1,1,308,5,0,0
/global/archives/16154,bing,1,1,1,1,0,4,0,0
/global/archives/16154,google,1,1,1,1,11,5,0,0
/global/archives/16376,(direct),1,1,1,1,0,4,0,0
/global/archives/16463,(direct),1,1,1,1,10,5,0,0
/global/archives/16463,eng.sk-on.com,1,2,1,1,2,4,0,0
/global/archives/16463,linkedin.com,1,1,1,1,2,5,0,0
/global/archives/16480,(direct),1,1,1,1,0,3,0,0
/global/archives/16480,chatgpt.com,1,1,1,1,27,5,0,0
/global/archives/16532,bing,1,1,1,1,12,5,0,0
/global/archives/16532,eng.skearthon.com,1,1,1,1,3,4,0,0
/global/archives/16583,eng.skearthon.com,1,1,1,1,5,4,0,0
/global/archives/16613,(direct),1,1,1,1,0,4,0,0
/global/archives/16624,google,1,2,1,1,0,6,0,0
/global/archives/16719,eng.skietechnology.com,1,1,1,1,31,4,0,0
/global/archives/16834,chatgpt.com,1,1,1,1,0,3,0,0
/global/archives/16904,google,1,2,1,1,5,7,0,0
/global/archives/16939,chatgpt.com,1,1,1,1,13,6,0,0
/global/archives/16939,google,1,1,1,1,51,6,0,0
/global/archives/16952,(direct),1,1,1,1,0,3,0,0
/global/archives/17022,google,1,1,1,1,2,5,0,0
/global/archives/17047,l.instagram.com,1,1,1,1,0,4,0,0
/global/archives/17134,bing,1,1,1,1,98,4,0,0
/global/archives/17144,news.google.com,1,1,1,1,0,3,0,0
/global/archives/17216,(direct),1,1,1,1,0,3,0,0
/global/archives/17216,linkedin.com,1,1,1,1,7,5,0,0
/global/archives/17356,lnkd.in,1,1,1,1,33,4,0,0
/global/archives/17356,skenmove.com,1,1,1,1,86,4,0,0
/global/archives/17356,statics.teams.cdn.office.net,1,2,1,1,0,6,0,0
/global/archives/17426,statics.teams.cdn.office.net,1,1,1,1,280,4,0,0
/global/archives/17446,eng.sk-on.com,1,1,1,1,3,3,0,0
/global/archives/17446,statics.teams.cdn.office.net,1,2,1,1,0,5,0,0
/global/archives/17499,(direct),1,1,1,1,22,5,0,0
/global/archives/17499,bing,1,1,1,1,15,5,0,0
/global/archives/17569,(direct),1,1,1,1,0,2,0,0
/global/archives/17569,lnkd.in,1,2,1,1,0,5,0,0
/global/archives/17595,statics.teams.cdn.office.net,1,1,1,1,41,5,0,0
/global/archives/17697,google,1,1,1,1,3,5,0,0
/global/archives/17796,(direct),1,1,1,1,0,4,0,0
/global/archives/17817,skinnovation.com,1,1,1,1,3,3,0,0
/global/archives/17893,google,1,1,1,1,0,4,0,0
/global/archives/17950,(direct),1,1,1,1,0,3,0,0
/global/archives/17978,google,1,1,1,1,804,5,0,0
/global/archives/17989,google,1,1,1,1,12,5,0,0
/global/archives/18022,(direct),1,1,1,1,0,4,0,0
/global/archives/18022,linkedin.com,1,2,1,1,29,5,0,0
/global/archives/18065,bing,1,2,1,1,281,4,0,0
/global/archives/18065,chatgpt.com,1,1,1,1,10,6,0,0
/global/archives/18065,eng.skietechnology.com,1,1,1,1,21,4,0,0
/global/archives/18065,linkedin.com,1,2,1,1,0,6,0,0
/global/archives/18076,skinnovation.com,1,1,1,1,4,3,0,0
/global/archives/18107,bing,1,1,1,1,0,2,0,0
/global/archives/18167,ecosia.org,1,1,1,1,4,5,0,0
/global/archives/18208,google,1,1,1,1,0,4,0,0
/global/archives/18374,skinnovation.com,1,1,1,1,76,4,0,0
/global/archives/18388,g.shuifeng.net,1,1,1,1,0,4,0,0
/global/archives/18436,(direct),1,2,1,1,0,6,0,0
/global/archives/18436,skinnovation.com,1,1,1,1,6,5,0,0
/global/archives/18445,linkedin.com,1,1,1,1,13,4,0,0
/global/archives/18478,(direct),1,1,1,1,22,5,0,0
/global/archives/18500,(direct),1,1,1,1,0,3,0,0
/global/archives/18500,linkedin.com,1,1,1,1,1,4,0,0
/global/archives/18546,bing,1,1,0,0,0,3,0,0
/global/archives/18546,linkedin.com,1,1,1,1,0,3,0,0
/global/archives/18546,skinnovation.com,1,1,1,1,15,4,0,0
/global/archives/18608,(direct),1,1,1,1,0,3,0,0
/global/archives/18608,bing,1,2,1,1,0,6,0,0
/global/archives/18608,edgeservices.bing.com,1,1,0,0,0,3,0,0
/global/archives/18608,statics.teams.cdn.office.net,1,1,1,1,35,4,0,0
/global/archives/18659,bing,1,1,1,1,3,3,0,0
/global/archives/18690,google,1,1,1,1,21,4,0,0
/global/archives/18695,(direct),1,1,1,1,27,4,0,0
/global/archives/18743,(direct),1,1,1,1,0,4,0,0
/global/archives/18743,google,1,1,1,1,17,4,0,0
/global/archives/18743,skinnovation.com,1,1,1,1,13,4,0,0
/global/archives/18753,google,1,1,1,1,40,4,0,0
/global/archives/18770,bing,1,1,1,1,37,5,0,0
/global/archives/18783,linkedin.com,1,1,1,1,48,6,0,0
/global/archives/18989,bing,1,1,1,1,0,2,0,0
/global/archives/18989,statics.teams.cdn.office.net,1,1,1,1,0,3,0,0
/global/archives/19014,bing,1,1,1,1,110,4,0,0
/global/archives/19045,cn.bing.com,1,1,1,1,8,4,0,0
/global/archives/19045,eng.skearthon.com,1,1,1,1,8,3,0,0
/global/archives/19078,(not set),1,1,1,1,0,2,0,0
/global/archives/19078,chatgpt.com,1,2,1,1,0,6,0,0
/global/archives/19078,lnkd.in,1,2,1,1,0,6,0,0
/global/archives/19078,skenergy.com,1,1,1,1,4,4,0,0
/global/archives/19095,google,1,1,0,0,0,3,0,0
/global/archives/19095,skinnovation.com,1,1,1,1,18,4,0,0
/global/archives/19108,linkedin.com,1,1,1,1,2,4,0,0
/global/archives/19108,skenergy.com,1,1,1,1,50,4,0,0
/global/archives/19128,bing,1,1,1,1,0,3,0,0
/global/archives/19149,chatgpt.com,1,1,1,1,2,5,0,0
/global/archives/19149,eng.sk-on.com,1,2,1,1,6,3,0,0
/global/archives/19149,lnkd.in,1,1,1,1,20,5,0,0
/global/archives/19149,v8-infongen.infongen.com,1,1,1,1,28,5,0,0
/global/archives/19154,eng.sk-on.com,1,2,1,1,12,3,0,0
/global/archives/19154,eng.skgeocentric.com,1,1,1,1,0,2,0,0
/global/archives/19154,skenergy.com,1,1,1,1,120,3,0,0
/global/archives/19179,battery-tech.net,1,1,1,1,6,4,0,0
/global/archives/19179,eng.sk-on.com,1,2,1,1,28,4,0,0
/global/archives/19179,lnkd.in,1,3,1,1,37,7,0,0
/global/archives/19179,skinnovation.com,1,1,1,1,17,3,0,0
/global/archives/1960,google,1,2,1,1,35,4,0,0
/global/archives/2241,google,1,1,1,1,5,5,0,0
/global/archives/2535,google,1,1,1,1,14,4,0,0
/global/archives/2576,google,1,2,1,1,0,6,0,0
/global/archives/2701,(direct),1,1,1,1,0,3,0,0
/global/archives/2756,yahoo,1,1,1,1,17,5,0,0
/global/archives/295,google,1,1,1,1,5,3,0,0
/global/archives/303,(direct),1,1,1,1,0,3,0,0
/global/archives/303,ecosia.org,1,1,1,1,0,4,0,0
/global/archives/303,google,1,1,1,1,167,5,0,0
/global/archives/349,google,1,1,1,1,1,3,0,0
/global/archives/3674,google,1,2,1,1,0,6,0,0
/global/archives/3772,skinnovation.com,1,1,1,1,3,3,0,0
/global/archives/3820,bing,1,1,1,1,0,4,0,0
/global/archives/3820,chatgpt.com,1,1,1,1,0,4,0,0
/global/archives/3820,copilot.microsoft.com,1,1,1,1,0,4,0,0
/global/archives/3820,getliner.com,1,1,1,1,1,3,0,0
/global/archives/3830,(direct),1,2,1,1,0,6,0,0
"/global/archives/3830SK Innovation’s Yancheng plant in China started production in 2020. This facility has been producing 20 GWh of batteries annually, supporting the growing demand for e",google,1,1,1,1,1,4,0,0
/global/archives/3922,google,1,1,1,1,3,3,0,0
/global/archives/4193,google,1,2,1,1,0,6,0,0
/global/archives/4308,bing,1,1,1,1,0,3,0,0
/global/archives/4482,google,1,1,1,1,12,4,0,0
/global/archives/4518,(direct),1,1,1,1,0,4,0,0
/global/archives/4705,bing,1,2,1,1,0,5,0,0
/global/archives/4776,linkedin.com,1,1,1,1,4,4,0,0
/global/archives/4812,(direct),1,1,1,1,18,5,0,0
/global/archives/4812,google,1,1,1,1,85,5,0,0
/global/archives/4900,google,1,1,1,1,14,5,0,0
/global/archives/5016,google,1,1,1,1,9,5,0,0
/global/archives/521,google,1,1,1,1,82,3,0,0
/global/archives/5528,(direct),1,1,1,1,0,3,0,0
/global/archives/5609,(direct),1,1,1,1,0,4,0,0
/global/archives/5772,(direct),1,1,1,1,0,3,0,0
/global/archives/5892,bing,1,1,1,1,58,6,0,0
/global/archives/5892,google,1,1,1,1,15,5,0,0
/global/archives/5944,(direct),1,1,1,1,0,2,0,0
/global/archives/5944,google,1,1,1,1,182,5,0,0
/global/archives/5981,google,1,1,1,1,15,5,0,0
/global/archives/6090,(direct),1,1,1,1,0,4,0,0
/global/archives/6216,(direct),1,1,1,1,25,5,0,0
/global/archives/6216,iask.ai,1,1,1,1,0,4,0,0
/global/archives/6276,google,1,1,1,1,0,4,0,0
/global/archives/6323,(direct),1,1,1,1,1,5,0,0
/global/archives/6343,google,1,1,1,1,46,5,0,0
/global/archives/6658,(direct),1,1,1,1,21,5,0,0
/global/archives/6807,(direct),1,1,1,1,0,4,0,0
/global/archives/6870,google,1,1,1,1,16,3,0,0
/global/archives/7043,google,1,1,1,1,22,5,0,0
/global/archives/7064,google,1,1,1,1,21,5,0,0
/global/archives/7099,google,1,1,1,1,214,4,0,0
/global/archives/7168,google,1,1,1,1,4,5,0,0
/global/archives/7353,(direct),1,1,1,1,29,5,0,0
/global/archives/7445,(direct),1,1,1,1,0,3,0,0
/global/archives/7445,google,1,1,1,1,23,5,0,0
/global/archives/7476,google,1,1,1,1,25,5,0,0
/global/archives/7574,google,1,1,1,1,55,6,0,0
/global/archives/7596,bing,1,1,1,1,19,5,0,0
/global/archives/7633,(direct),1,1,1,1,0,4,0,0
/global/archives/7633,bing,1,2,1,1,0,6,0,0
/global/archives/7670,google,1,1,1,1,3,5,0,0
/global/archives/7740,bing,1,1,1,1,12,5,0,0
/global/archives/7740,chatgpt.com,1,1,1,1,11,5,0,0
/global/archives/7740,google,1,1,1,1,0,4,0,0
/global/archives/7784,(direct),1,1,1,1,0,4,0,0
/global/archives/7784,google,1,1,1,1,36,6,0,0
/global/archives/7848,(direct),1,1,1,1,15,5,0,0
/global/archives/7848,google,1,2,1,1,149,7,0,0
/global/archives/7906,bing,1,1,1,1,218,6,0,0
/global/archives/7906,google,1,1,1,1,6,5,0,0
/global/archives/7919,m.facebook.com,1,1,1,1,18,5,0,0
/global/archives/7991,google,1,1,1,1,15,4,0,0
/global/archives/8046,google,1,1,1,1,13,3,0,0
/global/archives/8046,skincheonpetrochem.com,1,1,1,1,17,5,0,0
/global/archives/8197,eng.skearthon.com,1,1,1,1,5,4,0,0
/global/archives/8230,google,1,1,1,1,67,3,0,0
/global/archives/8298,bing,1,2,1,1,24,5,0,0
/global/archives/8310,cn.bing.com,1,1,1,1,55,5,0,0
/global/archives/8327,google,1,1,1,1,43,6,0,0
/global/archives/8360,google,1,1,1,1,108,5,0,0
/global/archives/8383,google,1,1,1,1,0,4,0,0
/global/archives/8553,google,1,1,1,1,13,4,0,0
/global/archives/8899,google,1,1,1,1,0,4,0,0
/global/archives/9168,google,1,2,1,1,180,4,0,0
/global/archives/9191,google,1,1,1,1,0,3,0,0
/global/archives/9493,getliner.com,1,1,1,1,0,4,0,0
/global/archives/9616,sktradinginternational.com,1,1,1,1,84,5,0,0
/global/archives/9682,google,1,1,1,1,2,5,0,0
/global/archives/9709,(direct),1,1,1,1,0,4,0,0
/global/archives/9709,google,1,1,1,1,13,5,0,0
/global/archives/9740,(direct),1,1,1,1,23,5,0,0
/global/archives/9740,bing,1,1,1,1,2,3,0,0
/global/archives/9740,skenergy.com,1,1,1,1,15,4,0,0
/global/archives/9837,google,1,1,1,1,9,5,0,0
/global/archives/atompower.com,google,1,1,1,1,3,4,0,0
/global/archives/category/corporate/sk-ie-technology,eng.skietechnology.com,1,1,1,1,341,4,0,0
/global/archives/category/corporate/sk-incheon-petrochem,chatgpt.com,1,1,1,1,7,5,0,0
/global/archives/category/corporate/sk-rading-international,sktradinginternational.com,1,1,1,1,80,5,0,0
/global/archives/category/corporates,eng.skearthon.com,1,1,1,1,25,4,0,0
/global/archives/category/corporates,linkedin.com,1,1,1,1,0,2,0,0
/global/archives/category/corporates/sk-earthon,eng.skearthon.com,1,1,1,1,34,4,0,0
/global/archives/category/corporates/sk-earthon,eng.skgeocentric.com,1,1,1,1,0,2,0,0
/global/archives/category/corporates/sk-earthon,google,1,2,1,1,0,4,0,0
/global/archives/category/corporates/sk-earthon,linkedin.com,1,1,1,1,10,4,0,0
/global/archives/category/corporates/sk-energy,eng.skietechnology.com,1,1,1,1,11,4,0,0
/global/archives/category/corporates/sk-enmove,linkedin.com,1,1,1,1,5,4,0,0
/global/archives/category/corporates/sk-enterm,eng.skgeocentric.com,1,1,1,1,2,4,0,0
/global/archives/category/corporates/sk-enterm,naver,1,1,1,1,23,5,0,0
/global/archives/category/corporates/sk-geo-centric,bing,1,1,1,1,22,4,0,0
/global/archives/category/corporates/sk-geo-centric,google,1,1,1,1,5,4,0,0
/global/archives/category/corporates/sk-ie-technology,(direct),1,1,1,1,2,3,0,0
/global/archives/category/corporates/sk-ie-technology,eng.skgeocentric.com,1,1,1,1,1,3,0,0
/global/archives/category/corporates/sk-incheon-petrochem,chatgpt.com,1,2,1,1,0,5,0,0
/global/archives/category/corporates/sk-incheon-petrochem,google,1,1,1,1,7,3,0,0
/global/archives/category/corporates/sk-innovation,fahnd.com,1,1,1,1,0,3,0,0
/global/archives/category/corporates/sk-innovation,linkedin.com,1,1,1,1,21,4,0,0
/global/archives/category/corporates/sk-innovation,statics.teams.cdn.office.net,1,1,1,1,6,4,0,0
/global/archives/category/insight,eng.skearthon.com,1,1,1,1,3,4,0,0
/global/archives/category/insight,linkedin.com,1,1,1,1,7,3,0,0
/global/archives/category/insight,skinnovation.com,1,1,1,1,5,4,0,0
/global/archives/category/insight/trend_report,linkedin.com,1,1,1,1,3,4,0,0
/global/archives/category/insight/trend_report,skinnovation.com,1,1,1,1,13,3,0,0
/global/archives/category/people,sktradinginternational.com,1,1,1,1,69,4,0,0
/global/archives/category/people/inno-people,(direct),1,1,1,1,0,3,0,0
/global/archives/category/people/inno-people,eng.skearthon.com,1,1,1,1,3,4,0,0
/global/archives/category/people/inno-people,linkedin.com,1,1,1,1,4,4,0,0
/global/archives/category/people/onsite-report,google,1,1,1,1,10,4,0,0
/global/archives/category/people/sustainability,eng.skietechnology.com,1,1,1,1,24,4,0,0
/global/archives/category/people/sustainability,skinnovation.com,1,1,1,1,13,4,0,0
/global/archives/category/press-room,bing,1,1,1,1,9,3,0,0
/global/archives/category/press-room,skenergy.com,1,1,1,1,187,4,0,0
/global/archives/category/press-room/financial-results,(direct),1,1,0,0,0,3,0,0
/global/archives/category/press-room/issue-fact,google,1,1,1,1,10,4,0,0
/global/archives/category/press-room/issue-fact,skinnovation.com,1,2,1,1,0,5,0,0
/global/archives/category/press-room/press-release,bing,1,1,1,1,21,4,0,0
/global/archives/category/press-room/press-release,eng.sk-on.com,1,2,1,1,26,3,0,0
/global/archives/category/press-room/press-release,eng.skgeocentric.com,1,1,1,1,5,4,0,0
/global/archives/tag/2022-esg-report,(direct),1,1,1,1,3,5,0,0
/global/archives/tag/2024-q2,google,1,1,1,1,5,4,0,0
/global/archives/tag/australia,google,1,1,1,1,32,5,0,0
/global/archives/tag/bayu-undan-ccs-project,google,1,1,1,1,6,5,0,0
/global/archives/tag/carbon-capture,google,1,1,1,1,2,5,0,0
/global/archives/tag/carbon-neutral,google,1,1,1,1,2,4,0,0
/global/archives/tag/carbon-neutrality,google,1,1,1,1,2,3,0,0
/global/archives/tag/dog-photography,sktradinginternational.com,1,1,1,1,6,3,0,0
/global/archives/tag/drone,google,1,1,1,1,6,5,0,0
/global/archives/tag/ecopro-bm,(direct),1,1,0,0,0,3,0,0
/global/archives/tag/ecosystem,google,1,1,1,1,0,4,0,0
/global/archives/tag/electric-vehicle,skinnovation.com,1,1,1,1,6,4,0,0
/global/archives/tag/energy-saving-company,(direct),1,1,1,1,12,4,0,0
/global/archives/tag/ep-business,eng.skearthon.com,1,1,1,1,74,4,0,0
/global/archives/tag/esg,(direct),1,1,1,1,5,5,0,0
/global/archives/tag/europe,bing,1,1,1,1,44,4,0,0
/global/archives/tag/ferrari,google,1,1,1,1,9,5,0,0
/global/archives/tag/financial-results,google,1,1,1,1,3,4,0,0
/global/archives/tag/financial-results,statics.teams.cdn.office.net,1,1,1,1,18,4,0,0
/global/archives/tag/germany,google,1,1,1,1,4,6,0,0
/global/archives/tag/hybrid-electric-vehicle,skinnovation.com,1,1,1,1,7,4,0,0
/global/archives/tag/innovate-uk,google,1,1,1,1,3,5,0,0
/global/archives/tag/international-womens-day,google,1,1,1,1,4,5,0,0
/global/archives/tag/iscc,google,1,1,1,1,2,5,0,0
/global/archives/tag/jva,google,1,1,1,1,5,5,0,0
/global/archives/tag/komarom,google,1,1,1,1,4,4,0,0
/global/archives/tag/loop-industries,google,1,1,1,1,0,3,0,0
/global/archives/tag/lubricant,skenmove.com,1,1,1,1,28,3,0,0
/global/archives/tag/membrane,google,1,1,1,1,7,5,0,0
/global/archives/tag/ncm811,(direct),1,1,1,1,7,5,0,0
/global/archives/tag/ncm811,google,1,1,1,1,49,3,0,0
/global/archives/tag/poe,google,1,1,1,1,3,6,0,0
/global/archives/tag/preliminary-social-enterprises,google,1,1,1,1,0,3,0,0
/global/archives/tag/psep,google,1,1,1,1,5,3,0,0
/global/archives/tag/refrigerant,skenmove.com,1,1,1,1,0,2,0,0
/global/archives/tag/refrigerants,statics.teams.cdn.office.net,1,1,1,1,9,4,0,0
/global/archives/tag/s-pack,google,1,1,1,1,2,5,0,0
/global/archives/tag/separator,(direct),1,1,1,1,4,5,0,0
/global/archives/tag/sk-enmove,(direct),1,1,1,1,57,4,0,0
/global/archives/tag/sk-enmove,skenmove.com,1,1,1,1,37,3,0,0
/global/archives/tag/sk-hi-tech-battery-materials-poland,google,1,1,1,1,0,4,0,0
/global/archives/tag/sk-innovation-institute-of-environmental-science-and-technology,google,1,1,1,1,6,4,0,0
/global/archives/tag/sk-innovation-ulsan-clx,google,1,1,1,1,33,6,0,0
/global/archives/tag/sk-innovations-institute-of-environmental-science-technology,google,1,1,1,1,23,6,0,0
/global/archives/tag/sk-on,skinnovation.com,1,1,1,1,12,3,0,0
/global/archives/tag/sk-seorin-building,google,1,1,1,1,6,6,0,0
/global/archives/tag/sk-trading-international,google,1,1,1,1,15,3,0,0
/global/archives/tag/sk-zic-zero,google,1,1,1,1,12,4,0,0
/global/archives/tag/sustainability-report,(direct),1,1,1,1,3,5,0,0
/global/archives/tag/synthetic-crude-oil,google,1,1,1,1,20,6,0,0
/global/archives/tag/zhejiang-satellite-petrochemical,google,1,2,1,1,0,6,0,0
/global/archives/tag/锂离子电池隔膜,google,1,1,1,1,0,4,0,0
/global/latestnews,eng.skietechnology.com,1,1,1,1,13,4,0,0
/global/latestnews,sktradinginternational.com,1,1,1,1,12,4,0,0
/global/privacy-policy,google,1,1,1,1,4,4,0,0
/services/DocDisplay/getstory.cgi,(direct),1,1,1,1,0,5,0,0
/global/archives/15374,bing,0,1,1,0,0,2,0,0
/global/archives/15574,google,0,1,1,0,56,1,0,0
/global/archives/15937,bing,0,1,1,0,0,2,0,0
/global/archives/16480,linkedin.com,0,1,0,0,0,2,0,0
/global/latestnews,(not set),0,8,8,0,25.25,8,0,0