# ----------------------------------------
# 보고서 CSV 내보내기
# 계정: skinno global
# 속성: skinno 글로벌 - GA4
# ----------------------------------------
# 
# 모든 사용자
# 시작일: 20240902
# 종료일: 20240908
페이지 경로 및 화면 클래스,세션 소스,조회수,세션수,활성 사용자,활성 사용자당 조회수,활성 사용자당 평균 참여 시간,이벤트 수,주요 이벤트,총 수익
/global/latestnews,(direct),139,139,124,1.1209677419354838,19.903225806451612,549,0,0
/global/,(direct),86,77,66,1.303030303030303,17.257575757575758,341,0,0
/global/,google,68,44,37,1.837837837837838,22.45945945945946,289,0,0
/global/archives/18770,(direct),53,54,39,1.358974358974359,49.8974358974359,218,0,0
/global/archives/18546,google,52,63,40,1.3,46.675,246,0,0
/global/archives/17426,google,51,40,32,1.59375,60.625,215,0,0
/global/archives/category/press-room/financial-results,google,43,25,20,2.15,16.05,164,0,0
/global/latestnews,google,43,42,12,3.5833333333333335,14.25,142,0,0
/global/archives/18107,google,42,38,36,1.1666666666666667,95.86111111111111,198,0,0
/global/archives/18608,google,38,31,21,1.8095238095238095,24.38095238095238,142,0,0
/global/archives/category/press-room/press-release,(direct),37,33,24,1.5416666666666667,38.125,145,0,0
/global/archives/18546,(direct),32,28,21,1.5238095238095237,52.38095238095238,125,0,0
/global/archives/6216,google,28,29,17,1.6470588235294117,21.705882352941178,120,0,0
/global/archives/9910,google,28,35,22,1.2727272727272727,53.27272727272727,136,0,0
/global/archives/16463,google,26,21,15,1.7333333333333334,13.266666666666667,112,0,0
/global/archives/18989,(direct),24,26,21,1.1428571428571428,136,102,0,0
/global/archives/category/corporates/sk-innovation,google,22,20,17,1.2941176470588236,13.470588235294118,86,0,0
/global/archives/16532,google,20,16,14,1.4285714285714286,64.64285714285714,83,0,0
/global/archives/category/corporates,google,19,15,12,1.5833333333333333,21.583333333333332,73,0,0
/global/archives/18659,google,18,16,10,1.8,24.8,65,0,0
/global/,bing,17,5,3,5.666666666666667,84.33333333333333,81,0,0
/global/archives/17216,google,17,20,16,1.0625,40.125,81,0,0
/global/archives/category/press-room/press-release,google,17,13,12,1.4166666666666667,28.75,69,0,0
/global/,skinnovation.com,16,12,10,1.6,39.7,73,0,0
/global/latestnews,linkedin.com,16,6,3,5.333333333333333,75.33333333333333,59,0,0
/global/who-we-are,google,16,13,11,1.4545454545454546,17,73,0,0
/global/,linkedin.com,15,11,4,3.75,13.5,59,0,0
/global/archives/14491,google,15,19,13,1.1538461538461537,30.53846153846154,75,0,0
/global/archives/15374,google,15,15,11,1.3636363636363635,24.181818181818183,66,0,0
/global/archives/15490,(direct),15,13,9,1.6666666666666667,62.888888888888886,60,0,0
/global/archives/18283,(direct),15,16,15,1,21.333333333333332,68,0,0
/global/archives/category/corporates/sk-energy,google,14,11,11,1.2727272727272727,20.181818181818183,53,0,0
/global/archives/category/corporates/sk-enterm,google,14,8,6,2.3333333333333335,4.333333333333333,58,0,0
/global/archives/category/corporates/sk-on,google,14,14,12,1.1666666666666667,46.916666666666664,56,0,0
/global/archives/17476,google,13,9,7,1.8571428571428572,46,50,0,0
/global/archives/17990,google,13,11,9,1.4444444444444444,38,55,0,0
/global/archives/18065,google,13,12,11,1.1818181818181819,21.545454545454547,57,0,0
/global/,eng.sk-on.com,12,10,9,1.3333333333333333,13.222222222222221,58,0,0
/global/archives/18989,linkedin.com,12,13,12,1,37.5,57,0,0
/global/archives/4921,google,12,15,7,1.7142857142857142,8.428571428571429,55,0,0
/global/archives/category/corporates/sk-ie-technology,google,12,11,8,1.5,14,49,0,0
/global/archives/category/press-room/financial-results,(direct),12,4,2,6,171,48,0,0
/global/archives/11087,google,11,11,8,1.375,83.5,51,0,0
/global/archives/15490,google,11,11,5,2.2,118.8,45,0,0
/global/archives/16060,google,11,11,9,1.2222222222222223,34.55555555555556,50,0,0
/global/archives/17623,google,11,11,10,1.1,92.6,54,0,0
/global/archives/6216,(direct),11,10,8,1.375,53.125,49,0,0
/global/archives/category/press-room,(direct),11,9,4,2.75,4.25,41,0,0
/global/archives/category/press-room,google,11,7,7,1.5714285714285714,33.857142857142854,41,0,0
/global/archives/15259,google,10,3,2,5,68.5,41,0,0
/global/archives/17569,google,10,13,10,1,13.2,47,0,0
/global/archives/17595,google,10,8,5,2,35.8,39,0,0
/global/archives/17950,google,10,13,8,1.25,35.25,49,0,0
/global/archives/18445,google,10,10,9,1.1111111111111112,40,54,0,0
/global/archives/18690,(direct),10,9,8,1.25,10.125,38,0,0
/global/archives/3820,google,10,7,7,1.4285714285714286,34.714285714285715,44,0,0
/global/archives/category/insight/trend_report,google,10,10,6,1.6666666666666667,12.166666666666666,37,0,0
/global/archives/10939,google,9,8,6,1.5,39.666666666666664,42,0,0
/global/archives/13780,google,9,10,9,1,105.33333333333333,38,0,0
/global/archives/15937,google,9,9,6,1.5,71,39,0,0
/global/archives/16060,(direct),9,9,3,3,0,30,0,0
/global/archives/17499,google,9,10,9,1,43.77777777777778,46,0,0
/global/archives/18743,(direct),9,5,5,1.8,33.4,28,0,0
/global/archives/18770,linkedin.com,9,7,6,1.5,35.5,35,0,0
/global/archives/19014,(direct),9,11,6,1.5,109.83333333333333,41,0,0
/global/archives/4612,google,9,8,4,2.25,60,38,0,0
/global/archives/12220,bing,8,4,2,4,29.5,24,0,0
/global/archives/14193,google,8,9,7,1.1428571428571428,61.285714285714285,45,0,0
/global/archives/15664,google,8,9,6,1.3333333333333333,16.833333333333332,36,0,0
/global/archives/15687,google,8,6,6,1.3333333333333333,43.666666666666664,38,0,0
/global/archives/16286,(direct),8,8,7,1.1428571428571428,4,33,0,0
/global/archives/17356,google,8,8,7,1.1428571428571428,53.142857142857146,34,0,0
/global/archives/18659,(direct),8,9,8,1,3.5,31,0,0
/global/archives/18753,google,8,6,5,1.6,43.4,29,0,0
/global/archives/18770,google,8,10,7,1.1428571428571428,26.714285714285715,22,0,0
/global/archives/18989,ozmailer.com,8,7,3,2.6666666666666665,15.666666666666666,27,0,0
/global/archives/4751,google,8,8,8,1,35.75,35,0,0
/global/archives/category/people,(direct),8,7,7,1.1428571428571428,10.285714285714286,28,0,0
/global/legal-notices,(direct),8,8,5,1.6,24.2,31,0,0
/global/archives/10774,google,7,7,7,1,47.42857142857143,33,0,0
/global/archives/11161,google,7,5,4,1.75,22.75,31,0,0
/global/archives/12022,google,7,8,8,0.875,8.25,31,0,0
/global/archives/12106,google,7,6,6,1.1666666666666667,39.5,28,0,0
/global/archives/13521,google,7,7,7,1,12.285714285714286,36,0,0
/global/archives/14491,(direct),7,7,7,1,16.571428571428573,31,0,0
/global/archives/16834,google,7,10,7,1,8.571428571428571,37,0,0
/global/archives/18283,google,7,7,7,1,61.142857142857146,29,0,0
/global/archives/18361,google,7,8,6,1.1666666666666667,163.33333333333334,27,0,0
/global/archives/18608,(direct),7,6,5,1.4,79.8,33,0,0
/global/archives/18770,skinnovation.com,7,8,6,1.1666666666666667,82.16666666666667,32,0,0
/global/archives/3709,google,7,8,4,1.75,19.25,32,0,0
/global/archives/5892,google,7,6,6,1.1666666666666667,41.666666666666664,32,0,0
/global/archives/category/corporates/sk-on,(direct),7,6,3,2.3333333333333335,101,22,0,0
/global/archives/tag/2024-q2,google,7,3,3,2.3333333333333335,17,27,0,0
/global/archives/10913,google,6,6,5,1.2,17,24,0,0
/global/archives/15865,google,6,6,4,1.5,14.75,21,0,0
/global/archives/16376,google,6,6,5,1.2,26.8,28,0,0
/global/archives/17737,google,6,6,6,1,42.333333333333336,30,0,0
/global/archives/17990,(direct),6,5,5,1.2,73,25,0,0
/global/archives/18140,skenergy.com,6,6,2,3,8.5,19,0,0
/global/archives/18301,google,6,6,5,1.2,33.6,28,0,0
/global/archives/18374,google,6,5,5,1.2,26.4,24,0,0
/global/archives/6253,google,6,6,5,1.2,16.4,26,0,0
/global/archives/category/corporates/sk-innovation,(direct),6,4,4,1.5,35,22,0,0
/global/archives/category/press-room/issue-fact,google,6,5,5,1.2,6.4,23,0,0
/global/archives/tag/financial-results,google,6,4,4,1.5,18.5,22,0,0
/global/archives/tag/pbat,google,6,5,4,1.5,13.25,26,0,0
/global/archives/tag/skba,google,6,3,3,2,33.333333333333336,25,0,0
/global/archives/tag/sko,google,6,5,4,1.5,13.75,30,0,0
/global/archives/10939,bing,5,2,2,2.5,169,20,0,0
/global/archives/12147,google,5,5,5,1,36.6,25,0,0
/global/archives/13329,google,5,7,5,1,75,26,0,0
/global/archives/14226,google,5,4,4,1.25,11.25,19,0,0
/global/archives/14634,google,5,5,4,1.25,10.75,22,0,0
/global/archives/14766,google,5,5,5,1,13.2,23,0,0
/global/archives/15007,(direct),5,4,3,1.6666666666666667,18.333333333333332,18,0,0
/global/archives/15462,google,5,7,5,1,14.6,23,0,0
/global/archives/16286,google,5,2,2,2.5,37.5,20,0,0
/global/archives/16480,bing,5,5,1,5,0,15,0,0
/global/archives/16493,google,5,5,5,1,9.6,23,0,0
/global/archives/17426,bing,5,7,4,1.25,101.5,22,0,0
/global/archives/18783,(direct),5,4,4,1.25,4.75,16,0,0
/global/archives/18783,linkedin.com,5,4,3,1.6666666666666667,28.666666666666668,21,0,0
/global/archives/3820,(direct),5,4,4,1.25,10.5,23,0,0
/global/archives/7445,google,5,5,5,1,26.8,23,0,0
/global/archives/category/corporate/sk-enmove,skenmove.com,5,5,3,1.6666666666666667,24.333333333333332,23,0,0
/global/archives/category/corporates,(direct),5,4,4,1.25,11.5,16,0,0
/global/archives/category/press-room,skinnovation.com,5,3,3,1.6666666666666667,65.66666666666667,20,0,0
/global/archives/category/press-room/press-release,skinnovation.com,5,4,4,1.25,24.25,20,0,0
/global/archives/tag/nickel,(direct),5,5,5,1,13.2,24,0,0
/global/,(not set),4,4,4,1,13.25,22,0,0
/global/,chn.sk-on.com,4,2,2,2,77.5,21,0,0
/global/,eng.skgeocentric.com,4,3,2,2,20.5,17,0,0
/global/archives/1058,google,4,4,3,1.3333333333333333,93.33333333333333,18,0,0
/global/archives/11087,bing,4,2,2,2,36.5,14,0,0
/global/archives/12036,google,4,4,4,1,7.25,18,0,0
/global/archives/12950,google,4,3,3,1.3333333333333333,19.333333333333332,16,0,0
/global/archives/1399,google,4,4,4,1,84.5,15,0,0
/global/archives/15840,google,4,4,4,1,16,18,0,0
/global/archives/16154,google,4,3,3,1.3333333333333333,4.666666666666667,18,0,0
/global/archives/17386,google,4,5,4,1,21.75,19,0,0
/global/archives/17817,google,4,4,2,2,33.5,17,0,0
/global/archives/18140,google,4,4,2,2,7,14,0,0
/global/archives/18167,google,4,3,3,1.3333333333333333,32,19,0,0
/global/archives/18361,(direct),4,4,1,4,57,16,0,0
/global/archives/18421,skinnovation.com,4,3,3,1.3333333333333333,32.333333333333336,16,0,0
/global/archives/18546,statics.teams.cdn.office.net,4,6,4,1,44.75,23,0,0
/global/archives/18659,bing,4,5,3,1.3333333333333333,11.666666666666666,18,0,0
/global/archives/18690,google,4,2,2,2,34,14,0,0
/global/archives/18690,linkedin.com,4,4,4,1,1.5,15,0,0
/global/archives/18690,skinnovation.com,4,2,2,2,46.5,17,0,0
/global/archives/18753,(direct),4,4,4,1,22.5,14,0,0
/global/archives/18753,skinnovation.com,4,4,3,1.3333333333333333,15.666666666666666,17,0,0
/global/archives/18989,google,4,4,4,1,17.25,18,0,0
/global/archives/19014,google,4,2,1,4,22,15,0,0
/global/archives/3123,skenergy.com,4,1,1,4,15,13,0,0
/global/archives/4360,google,4,4,4,1,121,19,0,0
/global/archives/4793,google,4,3,2,2,35,14,0,0
/global/archives/6377,google,4,4,4,1,2,17,0,0
/global/archives/7445,(direct),4,4,4,1,7.75,16,0,0
/global/archives/7670,google,4,3,3,1.3333333333333333,6,16,0,0
/global/archives/9493,google,4,4,3,1.3333333333333333,9,16,0,0
/global/archives/9668,(direct),4,4,4,1,0.75,16,0,0
/global/archives/9740,google,4,4,2,2,89.5,16,0,0
/global/archives/9910,bing,4,5,3,1.3333333333333333,198.66666666666666,22,0,0
/global/archives/9998,google,4,3,2,2,27,18,0,0
/global/archives/category/corporates/sk-earthon,(direct),4,2,2,2,5.5,11,0,0
/global/archives/category/corporates/sk-earthon,(not set),4,1,1,4,21,13,0,0
/global/archives/category/corporates/sk-innovation,bing,4,3,3,1.3333333333333333,4,15,0,0
/global/archives/category/corporates/sk-rading-international,google,4,4,4,1,11.75,16,0,0
/global/archives/category/corporates/sk-rading-international,lens.google.com,4,1,1,4,27,16,0,0
/global/archives/category/insight,(direct),4,4,4,1,21.25,18,0,0
/global/archives/category/press-room,chn.sk-on.com,4,2,2,2,29.5,14,0,0
/global/archives/category/press-room/press-release,eng.sk-on.com,4,1,1,4,58,16,0,0
/global/archives/tag/financial-results,eng.sk-on.com,4,2,1,4,18,16,0,0
/global/archives/tag/ncm811,google,4,2,2,2,11,16,0,0
/global/latestnews,ozmailer.com,4,3,2,2,3.5,15,0,0
/global/,ozmailer.com,3,3,3,1,3,12,0,0
/global/archives/10133,google,3,2,2,1.5,23.5,14,0,0
/global/archives/10535,google,3,3,2,1.5,53,12,0,0
/global/archives/10835,google,3,2,2,1.5,49,12,0,0
/global/archives/10872,(direct),3,2,2,1.5,110,12,0,0
/global/archives/10872,google,3,3,3,1,9.333333333333334,12,0,0
/global/archives/11004,google,3,3,3,1,62.333333333333336,15,0,0
/global/archives/11596,skenergy.com,3,3,2,1.5,4.5,12,0,0
/global/archives/11807,google,3,3,1,3,84,13,0,0
/global/archives/12220,google,3,1,1,3,501,8,0,0
/global/archives/12688,(direct),3,2,2,1.5,360,14,0,0
/global/archives/12688,google,3,4,3,1,1.3333333333333333,11,0,0
/global/archives/13103,google,3,3,3,1,0.3333333333333333,13,0,0
/global/archives/13595,google,3,3,3,1,59.333333333333336,14,0,0
/global/archives/13595,lens.google.com,3,1,1,3,207,12,0,0
/global/archives/14309,google,3,3,3,1,11.666666666666666,12,0,0
/global/archives/14333,(direct),3,3,3,1,16.333333333333332,13,0,0
/global/archives/15374,bing,3,3,2,1.5,8.5,13,0,0
/global/archives/15374,skenergy.com,3,3,3,1,23.666666666666668,14,0,0
/global/archives/15574,google,3,3,3,1,2.6666666666666665,11,0,0
/global/archives/15664,(direct),3,2,2,1.5,76,13,0,0
/global/archives/16448,google,3,4,3,1,11,12,0,0
/global/archives/16480,google,3,3,3,1,13.333333333333334,15,0,0
/global/archives/16787,google,3,3,3,1,9.666666666666666,15,0,0
/global/archives/16939,skinnovation.com,3,2,2,1.5,53.5,10,0,0
/global/archives/16970,bing,3,1,1,3,19,11,0,0
/global/archives/17022,google,3,2,2,1.5,10.5,11,0,0
/global/archives/17169,google,3,3,3,1,43.666666666666664,15,0,0
/global/archives/17216,skinnovation.com,3,3,2,1.5,37,10,0,0
/global/archives/17313,google,3,4,2,1.5,2,15,0,0
/global/archives/17313,skenmove.com,3,3,3,1,83,14,0,0
/global/archives/17446,skinnovation.com,3,3,2,1.5,80,11,0,0
/global/archives/17460,google,3,3,3,1,12.666666666666666,13,0,0
/global/archives/17569,skenmove.com,3,3,3,1,164,14,0,0
/global/archives/17796,google,3,3,2,1.5,47.5,12,0,0
/global/archives/17990,linkedin.com,3,3,3,1,29.666666666666668,13,0,0
/global/archives/18208,google,3,4,1,3,0,13,0,0
/global/archives/18388,google,3,3,3,1,51.333333333333336,14,0,0
/global/archives/18388,skinnovation.com,3,4,3,1,29,15,0,0
/global/archives/18445,skinnovation.com,3,4,3,1,27.333333333333332,15,0,0
/global/archives/18478,google,3,3,3,1,17.333333333333332,13,0,0
/global/archives/18546,bing,3,3,1,3,239,13,0,0
/global/archives/18546,chatgpt.com,3,2,2,1.5,51.5,11,0,0
/global/archives/18546,linkedin.com,3,4,3,1,1,12,0,0
/global/archives/18608,bing,3,5,3,1,18,17,0,0
/global/archives/18659,skinnovation.com,3,2,2,1.5,26,11,0,0
/global/archives/18743,google,3,3,3,1,45.333333333333336,13,0,0
/global/archives/18743,linkedin.com,3,3,3,1,0.3333333333333333,13,0,0
/global/archives/18770,eng.sk-on.com,3,2,2,1.5,60,12,0,0
/global/archives/19045,(direct),3,2,2,1.5,27,8,0,0
/global/archives/2293,google,3,4,3,1,23.666666666666668,16,0,0
/global/archives/2490,google,3,2,2,1.5,41,12,0,0
/global/archives/253,google,3,3,3,1,44.666666666666664,14,0,0
/global/archives/3123,google,3,4,3,1,17.666666666666668,15,0,0
/global/archives/3820,chatgpt.com,3,4,3,1,2,14,0,0
/global/archives/3962,google,3,3,3,1,131.66666666666666,15,0,0
/global/archives/4146,google,3,3,2,1.5,1.5,12,0,0
/global/archives/4499,google,3,3,3,1,121,16,0,0
/global/archives/489,google,3,3,3,1,26,15,0,0
/global/archives/5944,google,3,4,3,1,4,15,0,0
/global/archives/7221,(direct),3,3,3,1,0,9,0,0
/global/archives/7245,(direct),3,4,2,1.5,52,15,0,0
/global/archives/7596,google,3,2,2,1.5,0,11,0,0
/global/archives/7961,google,3,2,2,1.5,44,14,0,0
/global/archives/9509,google,3,2,2,1.5,12,12,0,0
/global/archives/category/corporates/sk-earthon,google,3,3,3,1,17.333333333333332,13,0,0
/global/archives/category/corporates/sk-energy,skenergy.com,3,2,1,3,12,11,0,0
/global/archives/category/corporates/sk-geo-centric,(direct),3,2,2,1.5,29.5,12,0,0
/global/archives/category/corporates/sk-innovation,(not set),3,3,3,1,5.666666666666667,10,0,0
/global/archives/category/press-room/financial-results,skenergy.com,3,1,1,3,32,12,0,0
/global/archives/tag/earnings,google,3,2,2,1.5,6,11,0,0
/global/archives/tag/pbat,(direct),3,2,2,1.5,15.5,12,0,0
/global/archives/tag/shepherd-ccs-project,google,3,1,1,3,20,12,0,0
/global/archives/tag/sken,google,3,3,3,1,4.333333333333333,16,0,0
/global/archives/tag/sk综合化学上海,google,3,1,1,3,12,13,0,0
/global/,eng.skietechnology.com,2,2,2,1,24,6,0,0
/global/,skenergy.com,2,1,1,2,30,8,0,0
/global/archives/10159,google,2,2,2,1,11.5,11,0,0
/global/archives/10610,google,2,2,2,1,14,10,0,0
/global/archives/10767,(direct),2,2,2,1,22,9,0,0
/global/archives/11087,skenergy.com,2,2,2,1,0,8,0,0
/global/archives/11853,google,2,2,2,1,4,7,0,0
/global/archives/12274/skee,google,2,2,2,1,23,11,0,0
/global/archives/12306,chatgpt.com,2,1,1,2,75,9,0,0
/global/archives/12306,google,2,2,2,1,26.5,8,0,0
/global/archives/12319,lens.google.com,2,1,1,2,23,8,0,0
/global/archives/12603,sktradinginternational.com,2,2,1,2,0,6,0,0
/global/archives/13103,bing,2,2,2,1,54,10,0,0
/global/archives/13513,google,2,2,2,1,10,9,0,0
/global/archives/1398,skenergy.com,2,1,1,2,0,6,0,0
/global/archives/14065,(direct),2,2,1,2,0,6,0,0
/global/archives/14243,google,2,2,2,1,29,6,0,0
/global/archives/14415,google,2,3,2,1,4,10,0,0
/global/archives/14770,google,2,2,2,1,20,9,0,0
/global/archives/14800,google,2,2,2,1,8,10,0,0
/global/archives/15007,google,2,2,2,1,105,11,0,0
/global/archives/15259,(direct),2,2,2,1,0,8,0,0
/global/archives/15490,chatgpt.com,2,3,2,1,7.5,10,0,0
/global/archives/15610,google,2,2,2,1,50.5,10,0,0
/global/archives/15687,skenmove.com,2,2,1,2,4,9,0,0
/global/archives/15840,bing,2,1,1,2,184,8,0,0
/global/archives/16169,google,2,2,2,1,45.5,9,0,0
/global/archives/16376,skinnovation.com,2,1,1,2,63,7,0,0
/global/archives/16463,(direct),2,2,2,1,5.5,10,0,0
/global/archives/16463,skinnovation.com,2,1,1,2,44,6,0,0
/global/archives/16480,skinnovation.com,2,1,1,2,48,8,0,0
/global/archives/16532,skinnovation.com,2,1,1,2,46,7,0,0
/global/archives/16583,bing,2,2,2,1,51,10,0,0
/global/archives/16787,(direct),2,2,2,1,4,7,0,0
/global/archives/16939,google,2,3,2,1,13,9,0,0
/global/archives/17313,(direct),2,2,2,1,0,7,0,0
/global/archives/17356,skenmove.com,2,3,2,1,22,9,0,0
/global/archives/17426,skinnovation.com,2,1,1,2,261,8,0,0
/global/archives/17817,skinnovation.com,2,1,1,2,61,8,0,0
/global/archives/17950,skinnovation.com,2,1,1,2,75,8,0,0
/global/archives/17989,google,2,2,2,1,70,10,0,0
/global/archives/18022,(direct),2,2,2,1,0.5,8,0,0
/global/archives/18301,(direct),2,2,2,1,0,8,0,0
/global/archives/18388,(direct),2,2,2,1,0,8,0,0
/global/archives/18421,(direct),2,2,2,1,13,9,0,0
/global/archives/18436,google,2,3,2,1,3.5,12,0,0
/global/archives/18436,skinnovation.com,2,2,2,1,22,8,0,0
/global/archives/18546,skenergy.com,2,2,1,2,38,8,0,0
/global/archives/18608,(not set),2,2,2,1,7,7,0,0
/global/archives/18608,eng.sk-on.com,2,3,1,2,146,9,0,0
/global/archives/18608,skenergy.com,2,1,1,2,11,8,0,0
/global/archives/18623,skinnovation.com,2,2,2,1,5.5,6,0,0
/global/archives/18639,skinnovation.com,2,1,1,2,91,8,0,0
/global/archives/18708,linkedin.com,2,3,2,1,0,7,0,0
/global/archives/18770,chatgpt.com,2,1,1,2,0,6,0,0
/global/archives/18783,google,2,2,1,2,4,8,0,0
/global/archives/18989,lnkd.in,2,2,2,1,21.5,9,0,0
/global/archives/1960,google,2,2,2,1,8.5,11,0,0
/global/archives/2026,google,2,2,2,1,3,9,0,0
/global/archives/3674,google,2,2,2,1,1,8,0,0
/global/archives/3820,bing,2,2,2,1,12,9,0,0
/global/archives/3962,uk.search.yahoo.com,2,1,1,2,103,8,0,0
/global/archives/4218,google,2,1,1,2,82,9,0,0
/global/archives/4612,bing,2,2,2,1,95.5,10,0,0
/global/archives/4776,cn.bing.com,2,3,2,1,137.5,13,0,0
/global/archives/4844,google,2,2,2,1,15.5,9,0,0
/global/archives/4921,(not set),2,1,1,2,22,6,0,0
/global/archives/4921,bing,2,1,1,2,162,10,0,0
/global/archives/6090,(direct),2,2,2,1,0,8,0,0
/global/archives/6462,google,2,2,2,1,28.5,9,0,0
/global/archives/6517,google,2,1,1,2,44,8,0,0
/global/archives/7043,google,2,2,2,1,0,8,0,0
/global/archives/7292,google,2,2,2,1,13.5,9,0,0
/global/archives/8067,bing,2,1,1,2,0,5,0,0
/global/archives/8350,google,2,2,2,1,45.5,9,0,0
/global/archives/8846,google,2,2,2,1,48.5,11,0,0
/global/archives/9419,google,2,4,1,2,0,10,0,0
/global/archives/9493,(direct),2,2,2,1,7.5,8,0,0
/global/archives/9548,google,2,2,2,1,3,8,0,0
/global/archives/9616,sktradinginternational.com,2,2,2,1,60.5,12,0,0
/global/archives/9709,google,2,3,2,1,59,11,0,0
/global/archives/9893,google,2,2,0,0,0,6,0,0
/global/archives/9951,google,2,3,2,1,0,9,0,0
/global/archives/category/corporate/sk-energy,(direct),2,1,1,2,7,7,0,0
/global/archives/category/corporate/sk-energy,skenergy.com,2,2,2,1,14.5,9,0,0
/global/archives/category/corporate/sk-ie-technology,eng.skietechnology.com,2,2,2,1,15.5,9,0,0
/global/archives/category/corporates,lens.google.com,2,3,1,2,3,9,0,0
/global/archives/category/corporates,skinnovation.com,2,1,1,2,56,8,0,0
/global/archives/category/corporates/sk-energy,(direct),2,2,2,1,7,7,0,0
/global/archives/category/corporates/sk-energy,lens.google.com,2,1,1,2,44,8,0,0
/global/archives/category/corporates/sk-enmove,eng.skgeocentric.com,2,1,1,2,1,7,0,0
/global/archives/category/corporates/sk-ie-technology,(direct),2,1,1,2,4,8,0,0
/global/archives/category/corporates/sk-ie-technology,eng.skietechnology.com,2,3,1,2,0,10,0,0
/global/archives/category/corporates/sk-incheon-petrochem,google,2,2,2,1,10,8,0,0
/global/archives/category/corporates/sk-innovation,eng.sk-on.com,2,2,2,1,5.5,8,0,0
/global/archives/category/corporates/sk-on,(not set),2,1,1,2,71,8,0,0
/global/archives/category/corporates/sk-on,chn.sk-on.com,2,1,1,2,17,7,0,0
/global/archives/category/corporates/sk-on,eng.sk-on.com,2,2,2,1,11,7,0,0
/global/archives/category/corporates/sk-on,eng.skgeocentric.com,2,3,1,2,0,8,0,0
/global/archives/category/corporates/sk-on,skinnovation.com,2,1,1,2,29,8,0,0
/global/archives/category/insight,linkedin.com,2,2,1,2,3,9,0,0
/global/archives/category/insight/expert-voice,(direct),2,1,1,2,54,6,0,0
/global/archives/category/people/inno-people,google,2,2,2,1,10,6,0,0
/global/archives/category/press-room,eng.sk-on.com,2,1,1,2,19,7,0,0
/global/archives/category/press-room/financial-results,(not set),2,1,1,2,0,2,0,0
/global/archives/category/press-room/issue-fact,eng.sk-on.com,2,1,1,2,14,8,0,0
/global/archives/tag/2024-q2,(not set),2,1,1,2,13,8,0,0
/global/archives/tag/assb,google,2,1,1,2,12,7,0,0
/global/archives/tag/bmic,google,2,1,1,2,9,9,0,0
/global/archives/tag/ceo-park-sang-kyu,bing,2,1,1,2,12,8,0,0
/global/archives/tag/ecopro,google,2,2,2,1,13,8,0,0
/global/archives/tag/green-bonds,google,2,2,2,1,9.5,9,0,0
/global/archives/tag/gs-energy,google,2,3,2,1,5.5,11,0,0
/global/archives/tag/iest,google,2,1,1,2,8,9,0,0
/global/archives/tag/northvolt,google,2,1,1,2,8,8,0,0
/global/archives/tag/poland,google,2,2,2,1,32,10,0,0
/global/archives/tag/revenue,google,2,1,1,2,6,8,0,0
/global/archives/tag/sk-hi-tech-battery-materials-poland,google,2,2,2,1,13.5,10,0,0
/global/archives/tag/sk-innovation,google,2,1,1,2,18,8,0,0
/global/archives/tag/sk-supex-council,google,2,1,1,2,40,10,0,0
/global/archives/tag/skeo,google,2,2,2,1,27.5,10,0,0
/global/archives/tag/skti,google,2,1,1,2,6,7,0,0
/global/archives/tag/sustainable-aviation-fuel,google,2,1,1,2,25,8,0,0
/global/archives/tag/turkey,(direct),2,1,1,2,4,8,0,0
/global/archives/tag/中国,(not set),2,1,1,2,4,4,0,0
/global/latestnews,skinnovation.com,2,2,2,1,24.5,8,0,0
/global/legal-notices,eng.sk-on.com,2,3,1,2,11,9,0,0
/global/legal-notices,linkedin.com,2,4,2,1,12.5,9,0,0
/global/legal-notices,ozmailer.com,2,4,1,2,0,9,0,0
/global/privacy-policy,(direct),2,3,1,2,13,9,0,0
/global/sustainability-report,(direct),2,2,2,1,17,10,0,0
/global/sustainability-report,google,2,2,2,1,8.5,10,0,0
/global/terms-and-conditions,ozmailer.com,2,1,1,2,52,9,0,0
/global/,baidu,1,1,1,1,0,3,0,0
/global/,chn.skgeocentric.com,1,1,1,1,18,5,0,0
/global/,eng.skearthon.com,1,1,0,0,0,3,0,0
/global/,m193.mailplug.com,1,2,1,1,4,6,0,0
/global/404,m193.mailplug.com,1,1,1,1,2,4,0,0
"/global/archivThe company is expanding its battery production facility in Komárom, Hungary, with an additional investment to increase capacity to 30 GWh per year, catering to the European EV market.es/16463",google,1,1,1,1,0,3,0,0
/global/archives,google,1,1,1,1,3,4,0,0
/global/archives/,google,1,1,1,1,2,4,0,0
/global/archives/10133,bing,1,2,1,1,0,6,0,0
/global/archives/10460,google,1,2,1,1,0,6,0,0
/global/archives/10478,google,1,1,1,1,10,4,0,0
/global/archives/10654,google,1,1,1,1,8,5,0,0
/global/archives/10774,(direct),1,1,1,1,15,4,0,0
/global/archives/10802,linkedin.com,1,1,1,1,21,5,0,0
/global/archives/10835,chatgpt.com,1,1,1,1,0,4,0,0
/global/archives/10897,bing,1,1,1,1,37,3,0,0
/global/archives/10897,google,1,1,1,1,4,4,0,0
/global/archives/10897,skenergy.com,1,1,1,1,0,3,0,0
/global/archives/11004,(direct),1,1,1,1,31,6,0,0
/global/archives/11037,google,1,1,1,1,12,5,0,0
/global/archives/11058,google,1,1,1,1,11,5,0,0
/global/archives/11087,prnewswire.com,1,2,1,1,0,6,0,0
/global/archives/11147,google,1,1,1,1,11,5,0,0
/global/archives/11180,google,1,1,1,1,24,5,0,0
/global/archives/11342,daum,1,1,1,1,5,5,0,0
/global/archives/11376,google,1,1,1,1,0,4,0,0
/global/archives/11475,google,1,1,1,1,6,5,0,0
/global/archives/11512,(direct),1,1,1,1,19,5,0,0
/global/archives/11527,google,1,1,1,1,118,3,0,0
/global/archives/11537,(direct),1,1,1,1,0,3,0,0
/global/archives/11573,google,1,1,1,1,0,4,0,0
/global/archives/11683,google,1,1,1,1,12,5,0,0
/global/archives/11807,(direct),1,2,1,1,0,4,0,0
/global/archives/11807,linkedin.com,1,1,1,1,18,4,0,0
/global/archives/11853,(direct),1,1,1,1,0,4,0,0
/global/archives/11853,chatgpt.com,1,1,1,1,12,5,0,0
/global/archives/12008,lens.google.com,1,1,1,1,6,4,0,0
/global/archives/12022,skenmove.com,1,1,1,1,27,4,0,0
/global/archives/12044,google,1,1,1,1,17,5,0,0
/global/archives/12072,google,1,1,1,1,56,5,0,0
/global/archives/12072,linkedin.com,1,2,1,1,205,7,0,0
/global/archives/12091,google,1,1,1,1,3,5,0,0
/global/archives/12106,(direct),1,1,1,1,59,5,0,0
/global/archives/12106,bing,1,1,1,1,4,4,0,0
/global/archives/12125,(direct),1,1,1,1,0,4,0,0
/global/archives/12147,eng.sk-on.com,1,1,1,1,73,4,0,0
/global/archives/12190,google,1,1,1,1,1,3,0,0
/global/archives/12220,cn.bing.com,1,1,1,1,12,4,0,0
/global/archives/12241,lens.google.com,1,1,1,1,13,4,0,0
/global/archives/12306,news.google.com,1,1,1,1,0,3,0,0
/global/archives/12349,lens.google.com,1,1,1,1,8,4,0,0
/global/archives/12373,lens.google.com,1,1,1,1,122,4,0,0
/global/archives/12413,lens.google.com,1,1,1,1,3,4,0,0
/global/archives/1257,google,1,1,1,1,22,5,0,0
/global/archives/12603,(direct),1,1,1,1,3,3,0,0
/global/archives/12603,lens.google.com,1,1,1,1,4,4,0,0
/global/archives/12667,(direct),1,1,1,1,3,5,0,0
/global/archives/12667,(not set),1,1,1,1,159,4,0,0
/global/archives/12692,google,1,1,1,1,324,6,0,0
/global/archives/12692,lens.google.com,1,1,1,1,194,6,0,0
/global/archives/12823,lens.google.com,1,1,1,1,0,3,0,0
/global/archives/12878,google,1,1,1,1,26,5,0,0
/global/archives/12928,lens.google.com,1,1,1,1,4,3,0,0
/global/archives/13018,google,1,1,1,1,28,5,0,0
/global/archives/13130,google,1,1,1,1,3,4,0,0
/global/archives/13211,google,1,1,1,1,42,5,0,0
/global/archives/13329,(direct),1,1,1,1,19,6,0,0
/global/archives/13329,skenmove.com,1,1,1,1,13,3,0,0
/global/archives/13374,google,1,1,1,1,6,5,0,0
/global/archives/13521,chatgpt.com,1,1,1,1,42,5,0,0
/global/archives/13667,google,1,1,1,1,4,5,0,0
/global/archives/13780,(direct),1,1,1,1,87,4,0,0
/global/archives/13780,skinnovation.com,1,1,1,1,24,4,0,0
/global/archives/1399,bing,1,1,1,1,82,5,0,0
/global/archives/14004,google,1,1,1,1,0,4,0,0
/global/archives/14078,google,1,1,1,1,22,5,0,0
/global/archives/14264,google,1,1,0,0,0,4,0,0
/global/archives/14302,google,1,1,0,0,0,3,0,0
/global/archives/14309,(direct),1,1,1,1,0,4,0,0
/global/archives/14491,skinnovation.com,1,1,1,1,0,2,0,0
/global/archives/14628,google,1,2,1,1,0,5,0,0
/global/archives/14628,skinnovation.com,1,1,1,1,0,2,0,0
/global/archives/14766,(direct),1,1,1,1,2,2,0,0
/global/archives/14766,yahoo,1,2,1,1,0,6,0,0
/global/archives/14770,(direct),1,1,1,1,14,4,0,0
/global/archives/14962,bing,1,1,1,1,793,4,0,0
/global/archives/15103,google,1,1,1,1,0,4,0,0
/global/archives/15204,bing,1,1,1,1,0,3,0,0
/global/archives/15204,google,1,1,1,1,26,4,0,0
/global/archives/1521,google,1,1,1,1,41,5,0,0
/global/archives/15353,google,1,2,1,1,0,6,0,0
/global/archives/15374,(direct),1,2,2,0.5,3.5,5,0,0
/global/archives/15374,(not set),1,1,1,1,0,2,0,0
/global/archives/15374,skinnovation.com,1,1,1,1,18,4,0,0
/global/archives/15490,lgekrhqms34.lge.com,1,1,1,1,26,6,0,0
/global/archives/15490,skinnovation.com,1,1,1,1,101,3,0,0
/global/archives/15497,google,1,1,1,1,7,5,0,0
/global/archives/15592,chatgpt.com,1,2,1,1,0,6,0,0
/global/archives/15592,google,1,1,1,1,10,6,0,0
/global/archives/15592,skinnovation.com,1,1,0,0,0,3,0,0
/global/archives/15638,cn.bing.com,1,1,1,1,0,2,0,0
/global/archives/15638,google,1,1,1,1,33,4,0,0
/global/archives/15664,(not set),1,1,1,1,0,3,0,0
/global/archives/15664,lens.google.com,1,1,1,1,13,3,0,0
/global/archives/15664,skinnovation.com,1,1,1,1,143,4,0,0
/global/archives/15865,(direct),1,2,2,0.5,0,4,0,0
/global/archives/15865,bing,1,2,1,1,0,5,0,0
/global/archives/15902,google,1,1,1,1,30,5,0,0
/global/archives/15937,skinnovation.com,1,1,1,1,16,4,0,0
/global/archives/15964,(direct),1,1,1,1,0,3,0,0
/global/archives/15985,en.wikipedia.org,1,1,1,1,2,4,0,0
/global/archives/15985,google,1,1,1,1,3,5,0,0
/global/archives/16060,chatgpt.com,1,1,1,1,71,4,0,0
/global/archives/16060,sktradinginternational.com,1,1,1,1,10,6,0,0
/global/archives/16169,skinnovation.com,1,1,1,1,33,4,0,0
/global/archives/16187,google,1,1,1,1,0,2,0,0
/global/archives/16286,chatgpt.com,1,2,1,1,0,6,0,0
/global/archives/16448,skinnovation.com,1,1,1,1,14,4,0,0
/global/archives/16480,(direct),1,1,0,0,0,2,0,0
/global/archives/16493,bing,1,1,1,1,41,5,0,0
/global/archives/16493,skinnovation.com,1,1,1,1,32,4,0,0
/global/archives/16532,(direct),1,1,1,1,71,4,0,0
/global/archives/16532,(not set),1,1,1,1,3,4,0,0
/global/archives/16532,bing,1,2,1,1,49,4,0,0
/global/archives/16532,edgeservices.bing.com,1,1,1,1,86,5,0,0
/global/archives/16583,google,1,2,1,1,0,4,0,0
/global/archives/16613,google,1,1,0,0,0,3,0,0
/global/archives/16719,(direct),1,1,1,1,43,4,0,0
/global/archives/16834,(direct),1,1,1,1,167,5,0,0
/global/archives/16881,google,1,1,1,1,19,5,0,0
/global/archives/16925,(not set),1,1,1,1,6,3,0,0
/global/archives/16925,google,1,1,1,1,11,5,0,0
/global/archives/16952,google,1,1,1,1,9,4,0,0
/global/archives/16970,(direct),1,1,1,1,2,5,0,0
/global/archives/16970,google,1,1,1,1,1,5,0,0
/global/archives/17047,google,1,1,1,1,214,5,0,0
/global/archives/17047/4-sk이노베이션_ces2024_sk원더랜드_sk-wonderland_판타스틱아일랜드_1,google,1,1,1,1,0,4,0,0
/global/archives/17144,google,1,1,1,1,0,3,0,0
/global/archives/17169,news.google.com,1,1,0,0,0,3,0,0
/global/archives/17216,(direct),1,1,1,1,2,5,0,0
/global/archives/1722,google,1,1,1,1,29,5,0,0
/global/archives/17292,chatgpt.com,1,1,1,1,96,4,0,0
/global/archives/17356,(direct),1,1,1,1,0,4,0,0
/global/archives/17356,skinnovation.com,1,1,1,1,191,5,0,0
/global/archives/17356,statics.teams.cdn.office.net,1,1,1,1,37,6,0,0
/global/archives/17386,(direct),1,1,1,1,0,4,0,0
/global/archives/17426,(direct),1,2,1,1,0,6,0,0
/global/archives/1744,bing,1,1,1,1,40,4,0,0
/global/archives/17446,(direct),1,2,1,1,0,6,0,0
/global/archives/17446,google,1,1,1,1,0,3,0,0
/global/archives/17460,(direct),1,1,1,1,8,5,0,0
/global/archives/17476,(direct),1,1,1,1,0,4,0,0
/global/archives/17499,(direct),1,1,1,1,204,5,0,0
/global/archives/17514,google,1,1,1,1,45,5,0,0
/global/archives/17569,skinnovation.com,1,1,1,1,78,4,0,0
/global/archives/17595,pushevs.com,1,1,1,1,5,5,0,0
/global/archives/17623,(direct),1,1,1,1,0,4,0,0
/global/archives/1768,google,1,1,1,1,3,4,0,0
/global/archives/17697,google,1,1,1,1,71,6,0,0
/global/archives/17844,google,1,2,1,1,0,6,0,0
/global/archives/17863,google,1,1,1,1,3,3,0,0
/global/archives/17893,google,1,1,1,1,0,4,0,0
/global/archives/17950,(direct),1,1,1,1,0,4,0,0
/global/archives/17965,google,1,1,1,1,25,4,0,0
/global/archives/17978,(direct),1,2,1,1,0,5,0,0
/global/archives/17990,bing,1,1,1,1,40,5,0,0
/global/archives/17990,skinnovation.com,1,1,1,1,4,4,0,0
/global/archives/18022,google,1,1,1,1,20,5,0,0
/global/archives/18022,skinnovation.com,1,1,1,1,51,5,0,0
/global/archives/18065,bing,1,2,2,0.5,40.5,4,0,0
/global/archives/18065,chatgpt.com,1,1,1,1,8,5,0,0
/global/archives/18301,linkedin.com,1,2,1,1,4,3,0,0
/global/archives/18332,google,1,1,1,1,166,6,0,0
/global/archives/18332,skinnovation.com,1,1,1,1,1,3,0,0
/global/archives/18361,chatgpt.com,1,1,1,1,6,5,0,0
/global/archives/18361,chn.sk-on.com,1,1,1,1,0,3,0,0
/global/archives/18374,chn.sk-on.com,1,1,1,1,41,4,0,0
/global/archives/18445,(direct),1,1,1,1,715,4,0,0
/global/archives/18500,google,1,1,1,1,94,6,0,0
/global/archives/18546,(not set),1,2,2,0.5,0,3,0,0
/global/archives/18546,commondms-deals-gd.digitalinsightresearch.in,1,1,1,1,0,4,0,0
/global/archives/18546,commondms-deals.digitalinsightresearch.in,1,1,1,1,6,5,0,0
/global/archives/18546,relay.gir.services.gs.com,1,1,1,1,0,4,0,0
/global/archives/18571,(direct),1,1,1,1,131,3,0,0
/global/archives/18571,google,1,1,1,1,0,4,0,0
/global/archives/18571,linkedin.com,1,1,1,1,8,4,0,0
/global/archives/18571,skinnovation.com,1,1,1,1,73,4,0,0
/global/archives/18608,chn.sk-on.com,1,1,1,1,360,4,0,0
/global/archives/18608,cn.bing.com,1,1,0,0,0,2,0,0
/global/archives/18639,(direct),1,2,1,1,35,4,0,0
/global/archives/18639,google,1,1,1,1,272,5,0,0
/global/archives/18639,linkedin.com,1,1,1,1,0,3,0,0
/global/archives/18659,(not set),1,1,1,1,7,3,0,0
/global/archives/18659,linkedin.com,1,1,1,1,2,4,0,0
/global/archives/18695,chn.sk-on.com,1,1,1,1,68,3,0,0
/global/archives/18695,skinnovation.com,1,1,1,1,41,4,0,0
/global/archives/18708,google,1,1,1,1,128,6,0,0
/global/archives/18743,eng.sk-on.com,1,1,1,1,5,4,0,0
/global/archives/18743,skinnovation.com,1,1,1,1,17,4,0,0
/global/archives/18753,eng.sk-on.com,1,1,1,1,54,4,0,0
/global/archives/18753,linkedin.com,1,1,1,1,2,4,0,0
/global/archives/18770,(not set),1,2,1,1,3,5,0,0
/global/archives/18770,chn.sk-on.com,1,1,1,1,108,4,0,0
/global/archives/18770,commondms-deals-gd.digitalinsightresearch.in,1,1,1,1,17,3,0,0
/global/archives/18770,eng.skgeocentric.com,1,1,1,1,2,4,0,0
/global/archives/18770,news.google.com,1,1,1,1,0,4,0,0
/global/archives/18770,ozmailer.com,1,2,1,1,0,5,0,0
/global/archives/18783,eng.skgeocentric.com,1,1,1,1,0,3,0,0
/global/archives/18783,ozmailer.com,1,1,1,1,5,3,0,0
/global/archives/18989,eng.skgeocentric.com,1,1,1,1,1,4,0,0
/global/archives/18989,skinnovation.com,1,1,1,1,98,4,0,0
/global/archives/18989,statics.teams.cdn.office.net,1,1,1,1,298,4,0,0
/global/archives/19014,linkedin.com,1,1,1,1,4,5,0,0
/global/archives/19014,ozmailer.com,1,1,0,0,0,4,0,0
/global/archives/19045,google,1,1,1,1,180,3,0,0
/global/archives/1960,bing,1,2,1,1,0,5,0,0
/global/archives/2448,google,1,1,1,1,10,5,0,0
/global/archives/2701,google,1,2,1,1,0,6,0,0
/global/archives/2756,google,1,1,1,1,68,5,0,0
/global/archives/3005,google,1,1,1,1,39,5,0,0
/global/archives/311,google,1,1,1,1,13,5,0,0
/global/archives/3123,chatgpt.com,1,2,1,1,16,7,0,0
/global/archives/3197,yandex.ru,1,1,1,1,1,4,0,0
/global/archives/3220,google,1,1,1,1,56,5,0,0
/global/archives/3304,(direct),1,1,1,1,0,4,0,0
/global/archives/349,google,1,1,1,1,60,5,0,0
/global/archives/3859,google,1,1,1,1,27,4,0,0
/global/archives/3873,google,1,1,1,1,0,4,0,0
/global/archives/4002,google,1,1,1,1,21,5,0,0
/global/archives/401,google,1,1,1,1,2,4,0,0
/global/archives/4077,(direct),1,1,1,1,55,5,0,0
/global/archives/4077,cn.bing.com,1,1,1,1,47,6,0,0
/global/archives/4086,google,1,1,1,1,0,3,0,0
/global/archives/4308,google,1,1,1,1,22,6,0,0
/global/archives/4415,google,1,1,1,1,38,5,0,0
/global/archives/449,google,1,1,1,1,8,5,0,0
/global/archives/4518,google,1,2,2,0.5,2.5,5,0,0
/global/archives/4728,chatgpt.com,1,2,1,1,50,7,0,0
/global/archives/4728,google,1,1,1,1,20,5,0,0
/global/archives/4776,google,1,1,1,1,11,5,0,0
/global/archives/4900,google,1,1,1,1,69,5,0,0
/global/archives/5016,google,1,1,1,1,154,5,0,0
/global/archives/5182,google,1,1,1,1,0,2,0,0
/global/archives/5205,google,1,1,1,1,23,6,0,0
/global/archives/5357,google,1,1,1,1,54,4,0,0
/global/archives/5609,google,1,2,1,1,0,6,0,0
/global/archives/5772,(direct),1,1,1,1,14,5,0,0
/global/archives/5892,(direct),1,1,1,1,0,3,0,0
/global/archives/5892,bing,1,1,1,1,33,6,0,0
/global/archives/5893,bing,1,1,1,1,52,5,0,0
/global/archives/5970,google,1,1,1,1,8,5,0,0
/global/archives/5994,en.wikipedia.org,1,1,1,1,11,4,0,0
/global/archives/6119,google,1,1,1,1,15,6,0,0
/global/archives/6150,lens.google.com,1,1,1,1,35,4,0,0
/global/archives/6216,chatgpt.com,1,1,1,1,0,4,0,0
/global/archives/6216,statics.teams.cdn.office.net,1,2,1,1,0,6,0,0
/global/archives/6216,usc-powerpoint.officeapps.live.com,1,1,1,1,38,6,0,0
/global/archives/631,google,1,1,1,1,16,4,0,0
/global/archives/6313,(direct),1,1,0,0,0,3,0,0
/global/archives/6329,google,1,1,1,1,0,3,0,0
/global/archives/653,google,1,1,1,1,346,5,0,0
/global/archives/6683,google,1,1,1,1,0,4,0,0
/global/archives/6807,google,1,1,1,1,44,6,0,0
/global/archives/6984,google,1,1,1,1,0,3,0,0
/global/archives/7031,google,1,1,1,1,0,3,0,0
/global/archives/7064,google,1,1,1,1,0,3,0,0
/global/archives/7177,google,1,1,1,1,10,4,0,0
/global/archives/7445,bing,1,1,1,1,0,4,0,0
/global/archives/7476,google,1,1,1,1,38,4,0,0
/global/archives/7574,google,1,2,1,1,0,6,0,0
/global/archives/7633,chatgpt.com,1,1,1,1,3,5,0,0
/global/archives/7670,(direct),1,1,1,1,0,4,0,0
/global/archives/7710,google,1,2,1,1,0,6,0,0
/global/archives/7794,google,1,1,1,1,6,6,0,0
/global/archives/7870,chatgpt.com,1,1,1,1,26,6,0,0
/global/archives/7906,google,1,1,1,1,9,5,0,0
/global/archives/8067,google,1,1,1,1,11,5,0,0
/global/archives/8087,google,1,2,1,1,0,6,0,0
/global/archives/8105,google,1,1,1,1,41,5,0,0
/global/archives/822,(direct),1,1,1,1,0,4,0,0
/global/archives/822,google,1,1,1,1,1,5,0,0
/global/archives/831,google,1,1,1,1,16,3,0,0
/global/archives/8310,cn.bing.com,1,1,1,1,74,5,0,0
/global/archives/8327,google,1,1,1,1,3,5,0,0
/global/archives/8360,google,1,1,1,1,26,3,0,0
/global/archives/8383,google,1,1,1,1,0,4,0,0
/global/archives/8400,google,1,1,1,1,24,5,0,0
/global/archives/8428,chatgpt.com,1,1,1,1,20,5,0,0
/global/archives/8553,google,1,1,1,1,0,3,0,0
/global/archives/8599,google,1,1,1,1,19,5,0,0
/global/archives/8763,lens.google.com,1,1,1,1,4,4,0,0
/global/archives/8765,lens.google.com,1,1,1,1,22,4,0,0
/global/archives/878,google,1,1,1,1,0,3,0,0
/global/archives/8899,(direct),1,2,1,1,0,6,0,0
/global/archives/8899,bing,1,2,1,1,11,6,0,0
/global/archives/8899,google,1,2,1,1,0,6,0,0
/global/archives/8914,chatgpt.com,1,1,1,1,3,5,0,0
/global/archives/8914,google,1,1,1,1,411,4,0,0
/global/archives/8972,google,1,1,1,1,154,5,0,0
/global/archives/9096,google,1,1,1,1,20,4,0,0
/global/archives/9250,google,1,1,1,1,30,4,0,0
/global/archives/9548,lens.google.com,1,1,1,1,20,4,0,0
/global/archives/9616,google,1,1,1,1,0,2,0,0
/global/archives/9648,google,1,1,1,1,4,5,0,0
/global/archives/9668,google,1,1,1,1,30,5,0,0
/global/archives/9682,(not set),1,1,1,1,5,2,0,0
/global/archives/9695,google,1,2,1,1,0,6,0,0
/global/archives/9695,lens.google.com,1,1,1,1,13,4,0,0
/global/archives/9910,(direct),1,2,1,1,0,6,0,0
/global/archives/9968,google,1,1,1,1,5,3,0,0
/global/archives/9998/attachment/04,google,1,1,1,1,10,4,0,0
/global/archives/category/corporate/sk-incheon-petrochem,chatgpt.com,1,1,1,1,0,2,0,0
/global/archives/category/corporate/sk-on,(direct),1,1,1,1,5,3,0,0
/global/archives/category/corporate/sk-on,bing,1,1,1,1,16,4,0,0
/global/archives/category/corporate/sk-on,skinnovation.com,1,1,1,1,3,4,0,0
/global/archives/category/corporate/sk-rading-international,sktradinginternational.com,1,1,1,1,16,6,0,0
/global/archives/category/corporates,chn.sk-on.com,1,1,1,1,28,4,0,0
/global/archives/category/corporates/sk-earthon,eng.skgeocentric.com,1,1,1,1,1,4,0,0
/global/archives/category/corporates/sk-earthon,skinnovation.com,1,1,1,1,12,4,0,0
/global/archives/category/corporates/sk-enmove,google,1,1,1,1,3,4,0,0
/global/archives/category/corporates/sk-enmove,lens.google.com,1,1,1,1,13,4,0,0
/global/archives/category/corporates/sk-ie-technology,eng.skgeocentric.com,1,1,1,1,1,4,0,0
/global/archives/category/corporates/sk-incheon-petrochem,(direct),1,1,1,1,30,4,0,0
/global/archives/category/corporates/sk-incheon-petrochem,chatgpt.com,1,1,1,1,0,4,0,0
/global/archives/category/corporates/sk-incheon-petrochem,eng.skgeocentric.com,1,1,1,1,0,3,0,0
/global/archives/category/corporates/sk-innovation,lens.google.com,1,1,1,1,8,4,0,0
/global/archives/category/corporates/sk-on,bing,1,1,1,1,4,4,0,0
/global/archives/category/corporates/sk-rading-international,eng.skgeocentric.com,1,1,1,1,0,3,0,0
/global/archives/category/insight,google,1,1,1,1,41,4,0,0
/global/archives/category/insight,lens.google.com,1,1,1,1,2,4,0,0
/global/archives/category/insight/expert-voice,google,1,1,1,1,4,3,0,0
/global/archives/category/insight/trend_report,(direct),1,1,1,1,72,4,0,0
/global/archives/category/insight/trend_report,skenergy.com,1,1,1,1,0,3,0,0
/global/archives/category/insight/trend_report,skinnovation.com,1,1,1,1,18,4,0,0
/global/archives/category/people,google,1,1,1,1,6,4,0,0
/global/archives/category/people/ceo-leaders,(direct),1,1,1,1,7,4,0,0
/global/archives/category/people/ceo-leaders,google,1,1,1,1,11,4,0,0
/global/archives/category/people/inno-people,(direct),1,1,1,1,33,4,0,0
/global/archives/category/people/sustainability,(direct),1,1,1,1,2,3,0,0
/global/archives/category/people/sustainability,lens.google.com,1,1,1,1,8,4,0,0
/global/archives/category/people/sustainability,skinnovation.com,1,2,1,1,0,5,0,0
/global/archives/category/press-room,chn.skgeocentric.com,1,1,1,1,0,3,0,0
/global/archives/category/press-room,gateway.zscalerthree.net,1,1,1,1,0,3,0,0
/global/archives/category/press-room/financial-results,eng.sk-on.com,1,1,1,1,10,4,0,0
/global/archives/category/press-room/issue-fact,(direct),1,1,1,1,9,3,0,0
/global/archives/category/press-room/issue-fact,skenergy.com,1,1,1,1,0,3,0,0
/global/archives/category/press-room/press-release,(not set),1,1,1,1,0,2,0,0
/global/archives/category/press-room/press-release,bing,1,1,1,1,4,4,0,0
/global/archives/category/press-room/press-release,eng.skgeocentric.com,1,1,1,1,3,3,0,0
/global/archives/category/press-room/press-release,fahnd.com,1,1,1,1,0,4,0,0
/global/archives/tag/2022-esg-report,google,1,1,1,1,7,4,0,0
/global/archives/tag/ambassadors-spouses-association-in-seoul,google,1,1,1,1,3,5,0,0
/global/archives/tag/bayu-undan-ccs-project,(not set),1,1,1,1,9,4,0,0
/global/archives/tag/bayu-undan-ccs-project,google,1,1,1,1,6,5,0,0
/global/archives/tag/blueovalsk,google,1,1,1,1,19,5,0,0
/global/archives/tag/carbon-capture,google,1,1,1,1,15,5,0,0
/global/archives/tag/ccs,google,1,1,1,1,7,5,0,0
/global/archives/tag/ccus,google,1,2,2,0.5,4,5,0,0
/global/archives/tag/ces,google,1,1,1,1,4,4,0,0
/global/archives/tag/ces2023,lens.google.com,1,1,1,1,11,4,0,0
/global/archives/tag/data-centers,skenmove.com,1,1,1,1,18,4,0,0
/global/archives/tag/dic-certo,google,1,1,1,1,2,5,0,0
/global/archives/tag/drone,google,1,1,1,1,9,5,0,0
/global/archives/tag/ecopro,baidu,1,1,1,1,0,3,0,0
/global/archives/tag/electric-vehicles,(direct),1,1,1,1,4,5,0,0
/global/archives/tag/ess,yahoo,1,1,1,1,3,5,0,0
/global/archives/tag/extraordinary-general-meeting,bing,1,1,1,1,3,4,0,0
/global/archives/tag/ford,google,1,1,1,1,5,4,0,0
/global/archives/tag/frontier-1-5d,google,1,1,1,1,3,5,0,0
/global/archives/tag/germany,google,1,1,1,1,15,5,0,0
/global/archives/tag/global-csr,google,1,1,1,1,2,5,0,0
/global/archives/tag/great-music-festival,google,1,1,1,1,0,4,0,0
/global/archives/tag/houston,google,1,1,1,1,0,4,0,0
/global/archives/tag/hungary,(direct),1,1,1,1,0,4,0,0
/global/archives/tag/immersion-cooling-fluids,google,1,1,1,1,0,2,0,0
/global/archives/tag/indonesia,google,1,1,1,1,2,5,0,0
/global/archives/tag/infinium,google,1,1,1,1,21,6,0,0
/global/archives/tag/inobus,google,1,1,1,1,10,6,0,0
/global/archives/tag/interbattery-2024,google,1,1,1,1,6,3,0,0
/global/archives/tag/korea-hydro-nuclear-power,google,1,1,1,1,38,5,0,0
/global/archives/tag/libs,google,1,1,1,1,10,5,0,0
/global/archives/tag/lithium-ion-battery,google,1,1,1,1,0,4,0,0
/global/archives/tag/lubricant-base-oil-production,google,1,1,1,1,0,4,0,0
/global/archives/tag/malaysia,google,1,1,1,1,1,5,0,0
/global/archives/tag/merger,bing,1,1,1,1,5,4,0,0
/global/archives/tag/methane,(direct),1,1,1,1,29,3,0,0
/global/archives/tag/ncm9,google,1,1,1,1,7,4,0,0
/global/archives/tag/nmc,google,1,1,1,1,2,4,0,0
/global/archives/tag/olefin,google,1,1,1,1,5,5,0,0
/global/archives/tag/portfolio,bing,1,1,1,1,9,4,0,0
/global/archives/tag/pouch-type-battery,google,1,1,1,1,5,5,0,0
/global/archives/tag/pyrolysis,google,1,1,1,1,28,5,0,0
/global/archives/tag/rd,google,1,1,1,1,7,3,0,0
/global/archives/tag/separator,(direct),1,1,1,1,3,3,0,0
/global/archives/tag/sinopec-sk-wuhan-petrochemical,google,1,1,1,1,6,5,0,0
/global/archives/tag/sk-battery-america,google,1,1,1,1,7,5,0,0
/global/archives/tag/sk-global-chemical,eng.sk-on.com,1,1,1,1,6,3,0,0
/global/archives/tag/sk-green,google,1,1,1,1,0,4,0,0
/global/archives/tag/sk-innovations-institute-of-environmental-science-technology,google,1,1,1,1,8,6,0,0
/global/archives/tag/skbh,(direct),1,1,1,1,5,5,0,0
/global/archives/tag/skbmp,google,1,1,1,1,0,3,0,0
/global/archives/tag/skei-singapore,google,1,1,1,1,15,5,0,0
/global/archives/tag/skgc,google,1,1,1,1,0,4,0,0
/global/archives/tag/skiet,google,1,1,1,1,47,5,0,0
/global/archives/tag/skoh,google,1,1,1,1,0,4,0,0
/global/archives/tag/spain,google,1,1,1,1,0,4,0,0
/global/archives/tag/spinoff,google,1,2,1,1,3,6,0,0
/global/archives/tag/super-gap,google,1,1,1,1,18,5,0,0
/global/archives/tag/tesla,google,1,1,1,1,2,5,0,0
/global/archives/tag/ulsan-clx,skenergy.com,1,1,1,1,13,4,0,0
/global/archives/tag/ulsan-complex,google,1,1,1,1,5,5,0,0
/global/archives/tag/weixing-chemical,google,1,1,1,1,8,4,0,0
/global/archives/tag/winter-pro-lfp-battery,google,1,1,1,1,11,3,0,0
/global/archives/tag/yukong,google,1,1,1,1,18,5,0,0
/global/archives/tag/中韩石化,google,1,1,1,1,1,4,0,0
/global/latestnews,chn.sk-on.com,1,1,1,1,38,4,0,0
/global/latestnews,statics.teams.cdn.office.net,1,1,1,1,72,4,0,0
/global/legal-notices,google,1,1,1,1,45,5,0,0
/global/privacy-policy,linkedin.com,1,1,1,1,2,3,0,0
/global/terms-and-conditions,google,1,1,1,1,2,6,0,0
/global/terms-and-conditions,m193.mailplug.com,1,1,1,1,15,3,0,0
/global/who-we-are,(direct),1,1,1,1,0,4,0,0
/global/archives/10460,(direct),0,1,0,0,0,2,0,0
/global/archives/1058,(not set),0,1,1,0,0,1,0,0
/global/archives/11161,(not set),0,1,1,0,27,2,0,0
/global/archives/11161,ssnc-nexlene.com,0,1,0,0,0,2,0,0
/global/archives/12022,(not set),0,1,1,0,25,2,0,0
/global/archives/12603,(not set),0,1,1,0,2,1,0,0
/global/archives/14065,(not set),0,1,0,0,0,1,0,0
/global/archives/14309,(not set),0,1,1,0,0,1,0,0
/global/archives/14309,bing,0,1,1,0,3,1,0,0
/global/archives/14770,(not set),0,1,1,0,21,3,0,0
/global/archives/15259,bing,0,1,1,0,8,1,0,0
/global/archives/15490,(not set),0,2,2,0,8,5,0,0
/global/archives/15865,(not set),0,1,0,0,0,1,0,0
/global/archives/15937,(not set),0,1,0,0,0,1,0,0
/global/archives/16834,(not set),0,1,1,0,3,1,0,0
/global/archives/17426,eng.sk-on.com,0,1,1,0,26,1,0,0
/global/archives/17460,(not set),0,1,1,0,12,3,0,0
/global/archives/18107,(not set),0,3,3,0,144.66666666666666,6,0,0
/global/archives/18301,(not set),0,2,2,0,0,2,0,0
/global/archives/18445,(not set),0,1,1,0,1,2,0,0
/global/archives/18608,copilot.microsoft.com,0,1,0,0,0,2,0,0
/global/archives/18753,(not set),0,1,1,0,4,2,0,0
/global/archives/18770,statics.teams.cdn.office.net,0,1,0,0,0,2,0,0
/global/archives/19045,(not set),0,1,1,0,58,1,0,0
/global/archives/4776,(not set),0,1,1,0,1,1,0,0
/global/archives/4793,(not set),0,1,1,0,13,2,0,0
/global/archives/6329,(not set),0,1,1,0,42,2,0,0
/global/archives/878,eng.sk-on.com,0,1,1,0,0,2,0,0
/global/archives/9893,(not set),0,1,0,0,0,1,0,0
/global/archives/category/corporates/sk-enterm,eng.skgeocentric.com,0,1,1,0,2,2,0,0
/global/latestnews,(not set),0,7,7,0,21.714285714285715,8,0,0
/global/legal-notices,(not set),0,2,2,0,4,3,0,0