# ----------------------------------------
# 보고서 CSV 내보내기
# 계정: SK이노베이션(한글)
# 속성: SK이노베이션 - GA4
# ----------------------------------------
# 
# 모든 사용자
# 시작일: 20240814
# 종료일: 20240814
기기 카테고리,페이지 경로 및 화면 클래스,총 사용자,새 사용자 수,조회수
desktop,/archives/category/press/press-release,53,40,67
mobile,/archives/12657,34,34,35
desktop,/archives/84588,38,32,50
desktop,/,82,28,161
desktop,/archives/12657,17,17,19
desktop,/archives/113797,18,15,22
mobile,/archives/32828,11,11,13
mobile,/archives/96864,11,11,11
desktop,/archives/115731,13,10,14
desktop,/archives/111831,9,8,10
desktop,/archives/115674,16,8,18
desktop,/archives/96864,8,7,8
mobile,/archives/104985,7,7,7
mobile,/archives/113952,7,7,7
mobile,/archives/84588,7,7,7
desktop,/archives/32828,7,6,6
mobile,/,10,6,25
mobile,/archives/115731,6,6,7
desktop,/archives/113952,6,5,6
desktop,/archives/114094,6,5,6
desktop,/archives/115057,5,5,5
desktop,/archives/115988,10,5,10
desktop,/archives/11700,6,5,7
mobile,/archives/10815,5,5,5
mobile,/archives/114094,5,5,6
mobile,/archives/115674,7,5,6
mobile,/archives/115988,5,5,5
mobile,/archives/65061,5,5,5
desktop,/archives/111387,4,4,4
desktop,/archives/111929,5,4,6
desktop,/archives/83571,5,4,6
desktop,/archives/97929,5,4,5
desktop,/archives/98107,6,4,5
desktop,/archives/category/business/sk-on,17,4,30
mobile,/archives/113797,6,4,7
mobile,/archives/16295,4,4,4
mobile,/archives/32685,4,4,4
mobile,/archives/9512,5,4,5
mobile,/archives/category/business/sk-on,5,4,6
desktop,/archives/104002,5,3,5
desktop,/archives/105914,4,3,7
desktop,/archives/10815,3,3,3
desktop,/archives/113159,4,3,4
desktop,/archives/113680,4,3,4
desktop,/archives/114065,5,3,6
desktop,/archives/114118,3,3,3
desktop,/archives/114138,5,3,5
desktop,/archives/114973,11,3,13
desktop,/archives/32685,3,3,3
desktop,/archives/48028,3,3,3
desktop,/archives/63622,3,3,3
desktop,/archives/76541,4,3,4
desktop,/archives/81784,3,3,3
desktop,/archives/8355,4,3,4
desktop,/archives/94397,7,3,6
desktop,/archives/95110,3,3,6
desktop,/archives/97843,6,3,5
desktop,/archives/tag/sk경영경제연구소,4,3,9
desktop,/posts,13,3,16
mobile,/archives/10963,3,3,3
mobile,/archives/112908,3,3,3
mobile,/archives/114999,3,3,4
mobile,/archives/115057,3,3,3
mobile,/archives/116170,4,3,4
mobile,/archives/24686,3,3,3
mobile,/archives/76541,3,3,4
mobile,/archives/7751,3,3,3
desktop,/archives/100001,2,2,3
desktop,/archives/100892,4,2,3
desktop,/archives/109090,2,2,2
desktop,/archives/110323,3,2,3
desktop,/archives/111978,2,2,2
desktop,/archives/112580,3,2,3
desktop,/archives/113855,4,2,5
desktop,/archives/114153,3,2,3
desktop,/archives/114221,2,2,2
desktop,/archives/114773,2,2,2
desktop,/archives/114999,4,2,5
desktop,/archives/115258,3,2,6
desktop,/archives/115537,5,2,5
desktop,/archives/115664,5,2,7
desktop,/archives/115877,5,2,6
desktop,/archives/13104,2,2,3
desktop,/archives/18648,3,2,2
desktop,/archives/34624,3,2,3
desktop,/archives/34678,4,2,2
desktop,/archives/48279,2,2,4
desktop,/archives/49884,5,2,7
desktop,/archives/73454,2,2,2
desktop,/archives/8482,2,2,2
desktop,/archives/89158,2,2,2
desktop,/archives/94923,7,2,6
desktop,/archives/category/business/sk-energy,3,2,7
desktop,/archives/category/business/sk-enmove,5,2,5
desktop,/archives/tag/봉사활동,2,2,2
desktop,/archives/tag/중한석화,2,2,2
mobile,/archives/104002,2,2,2
mobile,/archives/114138,2,2,2
mobile,/archives/115537,2,2,2
mobile,/archives/115971,3,2,3
mobile,/archives/23352,2,2,2
mobile,/archives/45433,2,2,2
mobile,/archives/48279,3,2,3
mobile,/archives/49884,2,2,3
mobile,/archives/69357,2,2,2
mobile,/archives/70300,2,2,2
mobile,/archives/78785,2,2,2
mobile,/archives/8448,2,2,2
mobile,/archives/category/business/sk-enterm,2,2,2
desktop,/archives/100309,1,1,1
desktop,/archives/100438,1,1,1
desktop,/archives/10083,1,1,1
desktop,/archives/101143,2,1,2
desktop,/archives/10179,1,1,1
desktop,/archives/101945,1,1,1
desktop,/archives/102095,1,1,1
desktop,/archives/102835,1,1,1
desktop,/archives/10330,1,1,1
desktop,/archives/103302,1,1,1
desktop,/archives/103336,1,1,1
desktop,/archives/103594,1,1,1
desktop,/archives/103803,1,1,1
desktop,/archives/103818,2,1,2
desktop,/archives/103989,3,1,3
desktop,/archives/104261,1,1,2
desktop,/archives/105131,1,1,1
desktop,/archives/105532,1,1,1
desktop,/archives/105821,1,1,2
desktop,/archives/106345,1,1,1
desktop,/archives/106411,1,1,1
desktop,/archives/106626,1,1,1
desktop,/archives/107411,1,1,1
desktop,/archives/107506,2,1,2
desktop,/archives/108156/230222_sk이노베이션_계열_전국_사업장_소개04-5,1,1,1
desktop,/archives/108704,1,1,1
desktop,/archives/10963,1,1,1
desktop,/archives/109888,1,1,1
desktop,/archives/110055,1,1,1
desktop,/archives/110206,1,1,1
desktop,/archives/110469,1,1,1
desktop,/archives/110975,2,1,2
desktop,/archives/111105,1,1,1
desktop,/archives/111283,1,1,1
desktop,/archives/111540,2,1,3
desktop,/archives/111616,1,1,1
desktop,/archives/112046,1,1,1
desktop,/archives/112167,1,1,1
desktop,/archives/112378,1,1,1
desktop,/archives/112724,1,1,1
desktop,/archives/112882,1,1,2
desktop,/archives/112956,2,1,2
desktop,/archives/113289,1,1,1
desktop,/archives/113881,1,1,1
desktop,/archives/113998,1,1,1
desktop,/archives/114336,1,1,1
desktop,/archives/114688,2,1,2
desktop,/archives/115020,1,1,1
desktop,/archives/115394,2,1,2
desktop,/archives/115517,2,1,2
desktop,/archives/115558,2,1,3
desktop,/archives/115691,1,1,1
desktop,/archives/115727,4,1,5
desktop,/archives/115896,2,1,2
desktop,/archives/115954,1,1,1
desktop,/archives/116007,2,1,2
desktop,/archives/11623,1,1,1
desktop,/archives/11761,1,1,2
desktop,/archives/12513,1,1,1
desktop,/archives/12929,1,1,1
desktop,/archives/13682,1,1,1
desktop,/archives/14875,1,1,1
desktop,/archives/14965,1,1,1
desktop,/archives/16310,1,1,1
desktop,/archives/17131,1,1,1
desktop,/archives/17256,1,1,1
desktop,/archives/17876,1,1,2
desktop,/archives/19881,1,1,1
desktop,/archives/19961,1,1,1
desktop,/archives/20287,1,1,1
desktop,/archives/20706,1,1,1
desktop,/archives/21261,1,1,1
desktop,/archives/21295,1,1,1
desktop,/archives/21354,1,1,1
desktop,/archives/21558,1,1,1
desktop,/archives/22252,1,1,3
desktop,/archives/22361,1,1,1
desktop,/archives/22870,1,1,1
desktop,/archives/23614,1,1,1
desktop,/archives/24373,1,1,1
desktop,/archives/24588,1,1,1
desktop,/archives/24686,1,1,1
desktop,/archives/25421,1,1,1
desktop,/archives/25734,1,1,1
desktop,/archives/25903,2,1,2
desktop,/archives/25955,1,1,1
desktop,/archives/26029,1,1,1
desktop,/archives/26114,2,1,2
desktop,/archives/26186,1,1,1
desktop,/archives/27705,1,1,1
desktop,/archives/27825,1,1,2
desktop,/archives/28157,1,1,1
desktop,/archives/28713,1,1,2
desktop,/archives/29138,1,1,1
desktop,/archives/29224,1,1,2
desktop,/archives/30560,1,1,1
desktop,/archives/32839,1,1,1
desktop,/archives/33139,1,1,1
desktop,/archives/33685,1,1,1
desktop,/archives/34355,1,1,1
desktop,/archives/34597,1,1,1
desktop,/archives/37693,1,1,1
desktop,/archives/37759,1,1,1
desktop,/archives/38936,1,1,1
desktop,/archives/45433,2,1,2
desktop,/archives/4564,1,1,1
desktop,/archives/46360,1,1,1
desktop,/archives/47192,1,1,1
desktop,/archives/47699,1,1,1
desktop,/archives/47895,1,1,1
desktop,/archives/51077,1,1,2
desktop,/archives/51666,1,1,1
desktop,/archives/53828,1,1,1
desktop,/archives/54522,1,1,1
desktop,/archives/61743,1,1,1
desktop,/archives/62713,1,1,1
desktop,/archives/65154,1,1,1
desktop,/archives/65346,1,1,1
desktop,/archives/67865,1,1,1
desktop,/archives/68240,1,1,1
desktop,/archives/69864,2,1,2
desktop,/archives/71231,1,1,1
desktop,/archives/72552,1,1,1
desktop,/archives/72610,1,1,2
desktop,/archives/72888,1,1,1
desktop,/archives/73127,1,1,1
desktop,/archives/73965,1,1,1
desktop,/archives/74339,1,1,1
desktop,/archives/75340,1,1,1
desktop,/archives/76494,1,1,1
desktop,/archives/76839,1,1,1
desktop,/archives/7696,1,1,1
desktop,/archives/77515,1,1,1
desktop,/archives/77539,1,1,1
desktop,/archives/77996,1,1,1
desktop,/archives/78466,1,1,3
desktop,/archives/78785,1,1,1
desktop,/archives/79003,1,1,1
desktop,/archives/79499,1,1,1
desktop,/archives/80603,1,1,1
desktop,/archives/81946,1,1,1
desktop,/archives/83166,1,1,1
desktop,/archives/83720,2,1,1
desktop,/archives/8422,1,1,1
desktop,/archives/8448,1,1,1
desktop,/archives/84789,1,1,1
desktop,/archives/85278,2,1,3
desktop,/archives/86006,1,1,1
desktop,/archives/86617,1,1,1
desktop,/archives/87527,1,1,1
desktop,/archives/88849,1,1,1
desktop,/archives/8935,1,1,1
desktop,/archives/8957,1,1,1
desktop,/archives/89939,1,1,1
desktop,/archives/90077,1,1,1
desktop,/archives/90811,1,1,1
desktop,/archives/92988,1,1,1
desktop,/archives/93583,1,1,1
desktop,/archives/9370,1,1,1
desktop,/archives/93799,1,1,1
desktop,/archives/94311,1,1,1
desktop,/archives/95027,1,1,1
desktop,/archives/9512,1,1,1
desktop,/archives/95134,1,1,1
desktop,/archives/95380,1,1,1
desktop,/archives/95432,1,1,1
desktop,/archives/9660,1,1,1
desktop,/archives/96759,2,1,2
desktop,/archives/96997,1,1,2
desktop,/archives/97027,1,1,1
desktop,/archives/97113,1,1,1
desktop,/archives/97151,5,1,5
desktop,/archives/97264퓨릿 내부자료20240603_퓨릿_조금씩 이루어지는 다변화_한국IR협의회,2,1,6
desktop,/archives/97418,1,1,1
desktop,/archives/97579,1,1,1
desktop,/archives/97693,1,1,1
desktop,/archives/97821,1,1,1
desktop,/archives/98610,1,1,1
desktop,/archives/98731,3,1,3
desktop,/archives/98767,6,1,5
desktop,/archives/99191,1,1,1
desktop,/archives/99547,5,1,5
desktop,/archives/category/business/sk-enterm,4,1,5
desktop,/archives/category/field-news/management,2,1,2
desktop,/archives/category/social-news/social-company,1,1,1
desktop,/archives/category/경영진-신년-인터뷰,1,1,1
desktop,/archives/tag/lng,1,1,1
desktop,/archives/tag/sk-울산clx,2,1,2
desktop,/archives/tag/sk에너지-축구단,1,1,4
desktop,/archives/tag/sk이노베이션-공모전,1,1,1
desktop,/archives/tag/대용량방사포,1,1,1
desktop,/archives/tag/석유화학,1,1,3
desktop,/archives/tag/소무나,1,1,2
desktop,/archives/tag/에너지절약,1,1,1
desktop,/archives/tag/웰컴키트,1,1,2
desktop,/archives/tag/일렉트로닉,1,1,1
desktop,/archives/tag/증권사리포트,1,1,1
desktop,/archives/tag/직무소개,1,1,2
desktop,/archives/tag/폴리카보네이트,1,1,1
desktop,/archives/tag/한중경제문화교육협회,1,1,1
desktop,/archives/tag/행복-cc,1,1,1
desktop,/archives/tag/행복키움,1,1,1
desktop,/archives/tag/행코,1,1,1
desktop,/mergerqna7,1,1,1
desktop,/privacy20210908,1,1,1
mobile,/archives/100303,1,1,1
mobile,/archives/100438,1,1,1
mobile,/archives/100892,2,1,2
mobile,/archives/10179,2,1,2
mobile,/archives/102896,1,1,1
mobile,/archives/103310,1,1,1
mobile,/archives/103349,1,1,1
mobile,/archives/103400,1,1,2
mobile,/archives/103669,1,1,1
mobile,/archives/105131,1,1,1
mobile,/archives/105362,1,1,1
mobile,/archives/105449,1,1,1
mobile,/archives/106017,1,1,1
mobile,/archives/106338,1,1,1
mobile,/archives/106345,1,1,1
mobile,/archives/107411,1,1,1
mobile,/archives/107506,1,1,1
mobile,/archives/107738,1,1,1
mobile,/archives/107857,1,1,1
mobile,/archives/108736,1,1,1
mobile,/archives/108755,1,1,1
mobile,/archives/109090,1,1,1
mobile,/archives/110055,1,1,1
mobile,/archives/110458,1,1,1
mobile,/archives/110560,1,1,1
mobile,/archives/111435,1,1,2
mobile,/archives/111540,1,1,1
mobile,/archives/111748,1,1,2
mobile,/archives/111831,1,1,1
mobile,/archives/112024,1,1,1
mobile,/archives/112036,1,1,1
mobile,/archives/112046,1,1,1
mobile,/archives/112418,1,1,1
mobile,/archives/112480,1,1,2
mobile,/archives/112834,1,1,1
mobile,/archives/112995,2,1,2
mobile,/archives/113226,1,1,1
mobile,/archives/113998,1,1,1
mobile,/archives/114153,1,1,1
mobile,/archives/114221,1,1,1
mobile,/archives/114278,1,1,1
mobile,/archives/114474,1,1,1
mobile,/archives/114773,1,1,1
mobile,/archives/114810,1,1,1
mobile,/archives/115394,1,1,1
mobile,/archives/115558,2,1,2
mobile,/archives/115611,1,1,1
mobile,/archives/115727,2,1,2
mobile,/archives/115877,2,1,2
mobile,/archives/11955,1,1,2
mobile,/archives/13682,1,1,1
mobile,/archives/14188,1,1,1
mobile,/archives/19961,1,1,3
mobile,/archives/22171,1,1,1
mobile,/archives/22252,1,1,1
mobile,/archives/22310,1,1,1
mobile,/archives/23134,1,1,1
mobile,/archives/23448,2,1,2
mobile,/archives/23900,1,1,1
mobile,/archives/24588,1,1,1
mobile,/archives/24874,1,1,1
mobile,/archives/25690,1,1,1
mobile,/archives/28782,1,1,1
mobile,/archives/30069,1,1,1
mobile,/archives/31518,1,1,1
mobile,/archives/31789,1,1,1
mobile,/archives/3268,1,1,1
mobile,/archives/33788,1,1,1
mobile,/archives/35063,1,1,1
mobile,/archives/36314,1,1,1
mobile,/archives/36348,1,1,1
mobile,/archives/37497,1,1,1
mobile,/archives/37645,1,1,1
mobile,/archives/38706,1,1,1
mobile,/archives/48476,1,1,1
mobile,/archives/48690,1,1,1
mobile,/archives/50688,1,1,1
mobile,/archives/51614,1,1,1
mobile,/archives/59030,1,1,1
mobile,/archives/59820,1,1,1
mobile,/archives/62155,1,1,3
mobile,/archives/63622,1,1,1
mobile,/archives/64878,1,1,2
mobile,/archives/6688,1,1,1
mobile,/archives/67841,1,1,3
mobile,/archives/69146,1,1,1
mobile,/archives/69589,1,1,1
mobile,/archives/70071,1,1,1
mobile,/archives/70521,1,1,1
mobile,/archives/7268,1,1,3
mobile,/archives/73628,1,1,1
mobile,/archives/76496,1,1,1
mobile,/archives/7696,1,1,1
mobile,/archives/81303,1,1,3
mobile,/archives/8482,1,1,1
mobile,/archives/84916,1,1,1
mobile,/archives/8502,1,1,1
mobile,/archives/89732,1,1,1
mobile,/archives/9049,1,1,1
mobile,/archives/93780,1,1,1
mobile,/archives/94030,1,1,1
mobile,/archives/94081,1,1,1
mobile,/archives/9439,1,1,1
mobile,/archives/95110,1,1,2
mobile,/archives/96200,1,1,1
mobile,/archives/96339,1,1,1
mobile,/archives/97077,1,1,1
mobile,/archives/97763,1,1,4
mobile,/archives/9782,1,1,1
mobile,/archives/98107,1,1,1
mobile,/archives/98215,1,1,2
mobile,/archives/category/business/sk-energy,1,1,1
mobile,/archives/category/business/sk-enmove,1,1,2
mobile,/archives/category/business/sk-geo-centric,1,1,3
mobile,/archives/tag/sk그룹,1,1,1
mobile,/archives/tag/sk주유소,1,1,1
mobile,/archives/tag/광화에서빛나이다,1,1,1
mobile,/archives/tag/사이다,1,1,1
mobile,/archives/tag/영어캠프아르바이트,1,1,1
mobile,/archives/tag/행복그린디자인,1,1,1
tablet,/archives/10815,1,1,1
tablet,/archives/112655,1,1,1
tablet,/archives/114094,1,1,1
tablet,/archives/114973,1,1,1
tablet,/archives/115537,1,1,1
tablet,/archives/115731,1,1,1
tablet,/archives/23352,1,1,1
tablet,/archives/34678,1,1,1
tablet,/archives/62569,1,1,1
tablet,/archives/8171,1,1,1
tablet,/archives/9637,1,1,1
desktop,/archives/100041,1,0,1
desktop,/archives/100207,1,0,1
desktop,/archives/100222,1,0,1
desktop,/archives/100303,1,0,1
desktop,/archives/100667,2,0,2
desktop,/archives/10147,1,0,1
desktop,/archives/101730,1,0,1
desktop,/archives/102531,1,0,1
desktop,/archives/103830,1,0,1
desktop,/archives/103947,3,0,4
desktop,/archives/104187,1,0,1
desktop,/archives/104517,1,0,1
desktop,/archives/104532,2,0,2
desktop,/archives/104742,1,0,5
desktop,/archives/104829,1,0,1
desktop,/archives/104985,1,0,1
desktop,/archives/105440,1,0,1
desktop,/archives/105449,2,0,2
desktop,/archives/105707,1,0,1
desktop,/archives/105883,1,0,1
desktop,/archives/106701,2,0,1
desktop,/archives/107610,1,0,0
desktop,/archives/107738,1,0,1
desktop,/archives/107822,1,0,1
desktop,/archives/109118,3,0,3
desktop,/archives/109571,1,0,2
desktop,/archives/110003,1,0,1
desktop,/archives/110015,1,0,1
desktop,/archives/110458,1,0,2
desktop,/archives/110560,1,0,1
desktop,/archives/110768,1,0,1
desktop,/archives/111245,1,0,2
desktop,/archives/111394,1,0,1
desktop,/archives/111466,1,0,1
desktop,/archives/111591,1,0,1
desktop,/archives/112239,1,0,1
desktop,/archives/112250,1,0,1
desktop,/archives/112402,1,0,1
desktop,/archives/112480,2,0,2
desktop,/archives/112487,1,0,1
desktop,/archives/112490,1,0,1
desktop,/archives/112544,1,0,1
desktop,/archives/112754,1,0,1
desktop,/archives/113197,1,0,1
desktop,/archives/114172,1,0,1
desktop,/archives/114309,1,0,1
desktop,/archives/114364,1,0,1
desktop,/archives/114407,1,0,1
desktop,/archives/114530,1,0,1
desktop,/archives/114632,2,0,2
desktop,/archives/114801,1,0,1
desktop,/archives/114931,1,0,1
desktop,/archives/114987,1,0,1
desktop,/archives/115416,2,0,2
desktop,/archives/115494,1,0,1
desktop,/archives/115635,1,0,1
desktop,/archives/115706,3,0,3
desktop,/archives/115791,1,0,1
desktop,/archives/115808,1,0,1
desktop,/archives/115817,1,0,1
desktop,/archives/115837,2,0,5
desktop,/archives/115899,1,0,1
desktop,/archives/115922,4,0,5
desktop,/archives/115933,2,0,2
desktop,/archives/115950,2,0,2
desktop,/archives/115971,1,0,1
desktop,/archives/116018,6,0,6
desktop,/archives/116170,4,0,6
desktop,/archives/116189,2,0,5
desktop,/archives/15100,1,0,1
desktop,/archives/15187,1,0,1
desktop,/archives/15214,1,0,3
desktop,/archives/15654,1,0,1
desktop,/archives/22734,1,0,1
desktop,/archives/23448,2,0,2
desktop,/archives/25579,1,0,1
desktop,/archives/25596,1,0,1
desktop,/archives/26620,1,0,1
desktop,/archives/32337,1,0,1
desktop,/archives/36348,1,0,1
desktop,/archives/37290,1,0,1
desktop,/archives/37795,1,0,1
desktop,/archives/49027,1,0,1
desktop,/archives/49319,1,0,1
desktop,/archives/5506,1,0,1
desktop,/archives/57233,1,0,1
desktop,/archives/58337,1,0,1
desktop,/archives/58976,1,0,1
desktop,/archives/60291,1,0,1
desktop,/archives/64114,1,0,1
desktop,/archives/6688,1,0,1
desktop,/archives/67841,1,0,1
desktop,/archives/67904,1,0,1
desktop,/archives/71505,1,0,1
desktop,/archives/72120,1,0,1
desktop,/archives/7380,1,0,0
desktop,/archives/75513,1,0,1
desktop,/archives/76271,1,0,1
desktop,/archives/76328,1,0,1
desktop,/archives/76912,1,0,2
desktop,/archives/78553,1,0,1
desktop,/archives/7938,1,0,1
desktop,/archives/80526,1,0,1
desktop,/archives/80564,2,0,2
desktop,/archives/83065,1,0,1
desktop,/archives/84557,1,0,1
desktop,/archives/85896,1,0,1
desktop,/archives/8624,1,0,1
desktop,/archives/87068,1,0,1
desktop,/archives/87738,1,0,1
desktop,/archives/87887,1,0,1
desktop,/archives/88198,3,0,3
desktop,/archives/88339,1,0,1
desktop,/archives/92217,1,0,1
desktop,/archives/96050,1,0,1
desktop,/archives/96953,4,0,4
desktop,/archives/97077,1,0,1
desktop,/archives/97264,2,0,4
desktop,/archives/98363,4,0,5
desktop,/archives/98444,1,0,1
desktop,/archives/99640,1,0,1
desktop,/archives/category/business,6,0,10
desktop,/archives/category/business/sk-geo-centric,2,0,2
desktop,/archives/category/business/sk-ietechnology,1,0,1
desktop,/archives/category/business/sk-incheonpetrochem,1,0,1
desktop,/archives/category/business/sk-innovation,11,0,12
desktop,/archives/category/field-news,3,0,3
desktop,/archives/category/field-news/inno-field,4,0,4
desktop,/archives/category/field-news/inno-people,2,0,2
desktop,/archives/category/industry-and-insight/basics,4,0,4
desktop,/archives/category/industry-and-insight/inno-column,4,0,4
desktop,/archives/category/industry-and-insight/specialist-column,1,0,1
desktop,/archives/category/press,5,0,11
desktop,/archives/category/press/archive,2,0,2
desktop,/archives/category/press/archive/photo,1,0,1
desktop,/archives/category/press/notice,3,0,3
desktop,/archives/category/social-news/csr,1,0,1
desktop,/archives/tag/sk서린사옥,1,0,1
desktop,/archives/tag/sk이노베이션-경영전략,1,0,1
desktop,/archives/tag/그린밸런스-2030,1,0,3
desktop,/archives/tag/배터리,2,0,2
desktop,/archives/tag/제주유나이티드,1,0,1
desktop,/archives/tag/플라스틱,1,0,1
desktop,/archives/tag/플라스틱-종류,1,0,1
desktop,/mergerqna1,1,0,1
desktop,/mergerqna2,3,0,3
desktop,/mergerqna4,1,0,1
desktop,/mergerqna6,1,0,1
desktop,/newsroom-guide,1,0,1
mobile,/archives/101465,1,0,1
mobile,/archives/102756,1,0,1
mobile,/archives/109462,1,0,1
mobile,/archives/110323,1,0,2
mobile,/archives/111324,1,0,1
mobile,/archives/112239,1,0,2
mobile,/archives/115258,1,0,3
mobile,/archives/115517,1,0,1
mobile,/archives/115706,1,0,1
mobile,/archives/115922,1,0,1
mobile,/archives/116018,3,0,4
mobile,/archives/21354,1,0,1
mobile,/archives/21617,1,0,1
mobile,/archives/22942,1,0,1
mobile,/archives/25579,1,0,2
mobile,/archives/26466,1,0,1
mobile,/archives/48028,1,0,8
mobile,/archives/82045,1,0,1
mobile,/archives/82567,1,0,1
mobile,/archives/85006,1,0,1
mobile,/archives/85278,1,0,2
mobile,/archives/86192,1,0,1
mobile,/archives/93206,1,0,1
mobile,/archives/97391,1,0,1
mobile,/archives/category/business,2,0,3
mobile,/archives/category/field-news/inno-people,1,0,2
mobile,/archives/category/industry-and-insight,1,0,1
mobile,/archives/category/press,2,0,3
mobile,/archives/category/press/notice,1,0,1
mobile,/archives/category/press/press-release,2,0,2
mobile,/archives/tag/노동조합,1,0,1
mobile,/archives/tag/말복-보양식,1,0,1
mobile,/archives/tag/보니하니,1,0,1
mobile,/mergerqna2,1,0,2
mobile,/mergerqna5,1,0,1
mobile,/mergerqna7,1,0,1
mobile,/mergerqna8,1,0,1
mobile,/page/7,1,0,1
mobile,/posts,2,0,5
tablet,/archives/84762,1,0,1