# ----------------------------------------
# 보고서 CSV 내보내기
# 계정: skinno global
# 속성: skinno 글로벌 - GA4
# ----------------------------------------
# 
# 모든 사용자
# 시작일: 20240909
# 종료일: 20240915
페이지 경로 및 화면 클래스,세션 소스,조회수,세션수,활성 사용자,활성 사용자당 조회수,활성 사용자당 평균 참여 시간,이벤트 수,주요 이벤트,총 수익
/global/archives/19045,google,9111,7181,6529,1.3954663807627508,4.654005207535611,34937,0,0
/pagead/aclk,google,423,170,151,2.801324503311258,0,1060,0,0
/global/archives/19045,(direct),355,261,243,1.4609053497942386,15.304526748971194,1342,0,0
/global/,google,159,116,107,1.485981308411215,17.1588785046729,567,0,0
/global/archives/19078,(direct),147,140,121,1.2148760330578512,29.34710743801653,607,0,0
/global/,(direct),111,87,71,1.5633802816901408,25.211267605633804,453,0,0
/global/latestnews,(direct),99,95,90,1.1,18.27777777777778,376,0,0
/global/archives/19078,google,83,81,67,1.2388059701492538,37.83582089552239,358,0,0
/global/archives/18546,google,60,69,39,1.5384615384615385,72.84615384615384,272,0,0
/global/archives/9910,google,56,53,45,1.2444444444444445,69.31111111111112,248,0,0
/global/archives/19078,linkedin.com,54,53,48,1.125,17.8125,235,0,0
/global/latestnews,google,44,39,12,3.6666666666666665,19.25,153,0,0
/global/archives/18546,(direct),37,39,32,1.15625,36.375,158,0,0
/global/archives/19045,linkedin.com,37,35,26,1.4230769230769231,22.26923076923077,163,0,0
/global/archives/17426,google,32,30,25,1.28,33.6,148,0,0
/global/archives/category/press-room/financial-results,google,32,20,14,2.2857142857142856,27.5,128,0,0
/global/archives/category/corporates/sk-earthon,google,31,21,21,1.4761904761904763,15.047619047619047,113,0,0
/global/,linkedin.com,29,18,7,4.142857142857143,39.57142857142857,110,0,0
/global/archives/18107,google,26,27,26,1,90.38461538461539,123,0,0
/global/archives/4921,google,26,25,18,1.4444444444444444,23.333333333333332,106,0,0
/global/archives/6216,google,26,28,19,1.368421052631579,44.89473684210526,124,0,0
/global/,googleadservices.com,25,20,19,1.3157894736842106,0,64,0,0
/global/,skinnovation.com,25,16,15,1.6666666666666667,66.93333333333334,108,0,0
/global/archives/6377,google,25,27,23,1.0869565217391304,10.26086956521739,107,0,0
/global/archives/category/press-room/press-release,(direct),24,23,13,1.8461538461538463,48.38461538461539,89,0,0
/global/archives/18608,google,23,16,13,1.7692307692307692,80.76923076923077,89,0,0
/global/archives/18659,google,23,18,14,1.6428571428571428,51.785714285714285,85,0,0
/global/,eng.skearthon.com,22,14,13,1.6923076923076923,20.53846153846154,101,0,0
/global/archives/category/press-room/press-release,google,22,19,19,1.1578947368421053,15.947368421052632,90,0,0
/global/archives/17426,(direct),20,18,13,1.5384615384615385,32.76923076923077,76,0,0
/global/archives/17595,google,20,24,16,1.25,33.5,91,0,0
/global/archives/category/corporate/sk-energy,skenergy.com,20,18,17,1.1764705882352942,11.705882352941176,90,0,0
/global/archives/19045,statics.teams.cdn.office.net,19,18,11,1.7272727272727273,71.27272727272727,83,0,0
/global/archives/category/corporates,google,19,16,13,1.4615384615384615,24.846153846153847,73,0,0
/global/archives/category/corporates/sk-innovation,google,19,18,16,1.1875,11,71,0,0
/global/archives/19078,skenergy.com,18,19,14,1.2857142857142858,42.92857142857143,65,0,0
/global/archives/18770,google,17,21,13,1.3076923076923077,110.23076923076923,62,0,0
/global/archives/11807,google,16,13,9,1.7777777777777777,62.22222222222222,69,0,0
/global/archives/17216,google,16,18,15,1.0666666666666667,19.866666666666667,67,0,0
/global/archives/category/corporates,skinnovation.com,16,5,4,4,42.75,63,0,0
/global/archives/13780,google,15,17,13,1.1538461538461537,15.23076923076923,68,0,0
/global/archives/16532,google,14,14,7,2,35,50,0,0
/global/archives/17623,google,14,14,12,1.1666666666666667,11.166666666666666,56,0,0
/global/archives/3820,google,14,15,12,1.1666666666666667,23.75,64,0,0
/global/archives/category/corporates/sk-on,google,14,13,10,1.4,22.8,53,0,0
/global/archives/category/people,(direct),14,13,12,1.1666666666666667,10.75,54,0,0
/global/archives/tag/malaysia,google,14,12,12,1.1666666666666667,8.583333333333334,42,0,0
/global/archives/15490,google,13,16,12,1.0833333333333333,10.5,57,0,0
/global/archives/19045,eng.skearthon.com,13,17,12,1.0833333333333333,63.25,53,0,0
/global/archives/category/press-room,(direct),13,9,7,1.8571428571428572,10.857142857142858,47,0,0
/global/archives/12022,google,12,11,11,1.0909090909090908,34.81818181818182,59,0,0
/global/archives/12106,google,12,14,6,2,16.833333333333332,50,0,0
/global/archives/15374,google,12,10,8,1.5,91.125,45,0,0
/global/archives/15937,google,12,12,5,2.4,186.6,45,0,0
/global/archives/16448,google,12,11,8,1.5,15.875,54,0,0
/global/archives/category/corporate/sk-geo-centric,(direct),12,8,5,2.4,66.6,47,0,0
/global/archives/12147,google,11,12,10,1.1,60.4,50,0,0
/global/archives/19078,statics.teams.cdn.office.net,11,14,7,1.5714285714285714,39.142857142857146,54,0,0
/global/archives/9509,google,11,7,5,2.2,85.4,44,0,0
/global/archives/category/corporates/sk-geo-centric,(direct),11,3,3,3.6666666666666665,44.666666666666664,40,0,0
/global/archives/category/corporates/sk-geo-centric,google,11,7,6,1.8333333333333333,24.166666666666668,36,0,0
/global/archives/category/insight,(direct),11,12,11,1,10.727272727272727,45,0,0
/global/archives/category/people,google,11,9,9,1.2222222222222223,10,40,0,0
/global/archives/15259,(direct),10,10,10,1,0,39,0,0
/global/archives/17499,google,10,10,9,1.1111111111111112,103.66666666666667,43,0,0
/global/archives/17569,(direct),10,10,9,1.1111111111111112,0.5555555555555556,39,0,0
/global/archives/18283,google,10,12,9,1.1111111111111112,16.22222222222222,43,0,0
/global/archives/18770,skinnovation.com,10,8,5,2,48.8,45,0,0
/global/archives/19045,bing,10,9,9,1.1111111111111112,72.55555555555556,52,0,0
/global/archives/9910,(direct),10,8,8,1.25,5.75,37,0,0
/global/archives/category/corporate/sk-enmove,skenmove.com,10,7,6,1.6666666666666667,33,44,0,0
/global/archives/category/press-room/financial-results,(direct),10,7,7,1.4285714285714286,19,37,0,0
/global/archives/tag/financial-results,google,10,4,3,3.3333333333333335,13.333333333333334,38,0,0
/global/archives/15687,google,9,8,7,1.2857142857142858,36.714285714285715,40,0,0
/global/archives/16060,google,9,12,7,1.2857142857142858,4.714285714285714,39,0,0
/global/archives/16154,google,9,9,6,1.5,12.333333333333334,32,0,0
/global/archives/16286,(direct),9,9,9,1,0,36,0,0
/global/archives/16376,google,9,10,9,1,128.88888888888889,43,0,0
/global/archives/17356,google,9,8,7,1.2857142857142858,29.714285714285715,42,0,0
/global/archives/18301,google,9,8,7,1.2857142857142858,31.428571428571427,39,0,0
/global/archives/18546,bing,9,8,4,2.25,96.25,29,0,0
/global/archives/18608,(direct),9,7,6,1.5,67.5,41,0,0
/global/archives/18753,google,9,11,6,1.5,36.166666666666664,31,0,0
/global/archives/19078,ozmailer.com,9,6,6,1.5,0.3333333333333333,32,0,0
/global/archives/category/corporates/sk-innovation,(direct),9,7,6,1.5,6.5,33,0,0
/global/archives/category/corporates/sk-innovation,skinnovation.com,9,5,5,1.8,18,35,0,0
/global/archives/tag/2024-q2,google,9,3,3,3,26,36,0,0
/global/archives/tag/ketapu-cluster,google,9,9,9,1,6.888888888888889,32,0,0
/global/archives/tag/solid-power,google,9,5,5,1.8,20.2,37,0,0
/global/sustainability-report,google,9,10,8,1.125,6.625,46,0,0
/global/archives/10774,google,8,9,7,1.1428571428571428,25.285714285714285,38,0,0
/global/archives/11004,google,8,9,6,1.3333333333333333,41.166666666666664,35,0,0
/global/archives/14766,google,8,9,7,1.1428571428571428,54.42857142857143,36,0,0
/global/archives/16463,google,8,8,7,1.1428571428571428,19.142857142857142,36,0,0
/global/archives/17313,skenmove.com,8,8,5,1.6,30.2,32,0,0
/global/archives/17569,google,8,8,8,1,14.5,36,0,0
/global/archives/17569,skenmove.com,8,7,6,1.3333333333333333,44.166666666666664,37,0,0
/global/archives/17950,google,8,9,5,1.6,166.6,36,0,0
/global/archives/18361,google,8,8,8,1,11.875,37,0,0
/global/archives/18445,google,8,5,5,1.6,4.4,25,0,0
/global/archives/19045,skinnovation.com,8,10,7,1.1428571428571428,38.285714285714285,34,0,0
/global/archives/19078,bing,8,11,6,1.3333333333333333,24.5,42,0,0
/global/archives/category/corporates,(direct),8,6,6,1.3333333333333333,6.166666666666667,31,0,0
/global/archives/category/corporates/sk-energy,google,8,6,6,1.3333333333333333,12.5,30,0,0
/global/archives/category/corporates/sk-enmove,google,8,6,5,1.6,18.4,27,0,0
/global/archives/tag/crude-oil,google,8,8,8,1,2.5,24,0,0
/global/who-we-are,google,8,7,7,1.1428571428571428,49.285714285714285,41,0,0
/global/,eng.sk-on.com,7,6,5,1.4,30.4,34,0,0
/global/archives/12306,google,7,8,7,1,17.142857142857142,26,0,0
/global/archives/13521,google,7,6,6,1.1666666666666667,45.666666666666664,30,0,0
/global/archives/14193,google,7,8,5,1.4,108.8,35,0,0
/global/archives/16925,google,7,6,5,1.4,25,21,0,0
/global/archives/17169,google,7,8,4,1.75,22.75,27,0,0
/global/archives/17446,google,7,7,6,1.1666666666666667,37.833333333333336,29,0,0
/global/archives/17737,google,7,8,7,1,33.142857142857146,38,0,0
/global/archives/18436,skinnovation.com,7,7,7,1,17.571428571428573,33,0,0
/global/archives/18690,google,7,8,7,1,42.714285714285715,30,0,0
/global/archives/18753,skinnovation.com,7,7,6,1.1666666666666667,30.333333333333332,28,0,0
/global/archives/18770,(direct),7,9,7,1,29.428571428571427,33,0,0
/global/archives/253,google,7,7,3,2.3333333333333335,27.333333333333332,27,0,0
/global/archives/3709,google,7,6,4,1.75,48.25,27,0,0
/global/archives/7445,google,7,7,7,1,50.142857142857146,30,0,0
/global/archives/category/corporates/sk-earthon,(direct),7,5,4,1.75,26,23,0,0
/global/archives/category/corporates/sk-enterm,google,7,6,3,2.3333333333333335,13.666666666666666,28,0,0
/global/archives/category/press-room/financial-results,eng.skgeocentric.com,7,1,1,7,135,28,0,0
/global/archives/tag/1-4-butanediol,google,7,3,3,2.3333333333333335,11,31,0,0
/global/archives/tag/nickel,(direct),7,7,7,1,2.4285714285714284,29,0,0
/global/,chn.sk-on.com,6,2,2,3,88,23,0,0
/global/archives/10835,google,6,5,4,1.5,47.75,25,0,0
/global/archives/10913,google,6,7,5,1.2,16,26,0,0
/global/archives/11807,(direct),6,5,5,1.2,8,24,0,0
/global/archives/13780,safe.menlosecurity.com,6,1,1,6,171,17,0,0
/global/archives/15490,(direct),6,4,4,1.5,82,18,0,0
/global/archives/18989,(direct),6,7,6,1,15.833333333333334,24,0,0
/global/archives/19014,(direct),6,7,6,1,39,25,0,0
/global/archives/19014,google,6,4,4,1.5,34.75,23,0,0
/global/archives/19014,ozmailer.com,6,4,3,2,7,22,0,0
/global/archives/19078,lnkd.in,6,3,3,2,17.666666666666668,21,0,0
/global/archives/category/corporates/sk-on,edgeservices.bing.com,6,2,1,6,129,22,0,0
/global/archives/category/insight/trend_report,google,6,6,6,1,17.166666666666668,23,0,0
/global/archives/category/press-room,google,6,6,6,1,15.166666666666666,23,0,0
/global/archives/category/press-room,skinnovation.com,6,2,2,3,100,23,0,0
/global/archives/category/press-room/press-release,skinnovation.com,6,6,5,1.2,17.2,24,0,0
/global/archives/tag/ep-business,google,6,6,6,1,2.8333333333333335,18,0,0
/global/archives/tag/g-15-ap-block,google,6,3,3,2,56.666666666666664,24,0,0
/global/privacy-policy,google,6,5,5,1.2,27.6,22,0,0
/global/,eng.skgeocentric.com,5,3,3,1.6666666666666667,58.666666666666664,23,0,0
/global/,ozmailer.com,5,3,1,5,34,23,0,0
/global/archives/10939,google,5,5,4,1.25,31.25,21,0,0
/global/archives/11087,google,5,6,5,1,16,23,0,0
/global/archives/12072,google,5,5,4,1.25,30.25,23,0,0
/global/archives/12274/skee,google,5,5,5,1,31.8,26,0,0
/global/archives/14491,google,5,6,4,1.25,39,23,0,0
/global/archives/14634,google,5,5,5,1,28.4,22,0,0
/global/archives/15007,(direct),5,5,5,1,9.8,25,0,0
/global/archives/15374,skenergy.com,5,5,5,1,65,22,0,0
/global/archives/15687,skenmove.com,5,6,4,1.25,201.5,20,0,0
/global/archives/16060,(direct),5,5,4,1.25,0,19,0,0
/global/archives/16060,linkedin.com,5,5,5,1,20.2,14,0,0
/global/archives/16480,google,5,5,4,1.25,14.75,21,0,0
/global/archives/16583,google,5,4,3,1.6666666666666667,0,12,0,0
/global/archives/16613,google,5,4,3,1.6666666666666667,5,18,0,0
/global/archives/17386,google,5,5,5,1,119.6,27,0,0
/global/archives/17426,bing,5,5,3,1.6666666666666667,71,22,0,0
/global/archives/17426,statics.teams.cdn.office.net,5,5,3,1.6666666666666667,202.33333333333334,22,0,0
/global/archives/17514,google,5,6,5,1,63.8,24,0,0
/global/archives/17817,google,5,7,5,1,19.2,24,0,0
/global/archives/17990,google,5,6,5,1,15.6,24,0,0
/global/archives/18140,(direct),5,6,5,1,27,21,0,0
/global/archives/18283,(direct),5,7,5,1,10.4,26,0,0
/global/archives/18361,(direct),5,5,3,1.6666666666666667,3.3333333333333335,16,0,0
/global/archives/18421,google,5,5,4,1.25,21,20,0,0
/global/archives/18608,chatgpt.com,5,4,2,2.5,0,16,0,0
/global/archives/18770,bing,5,4,2,2.5,10,18,0,0
/global/archives/18989,google,5,3,3,1.6666666666666667,33.333333333333336,16,0,0
/global/archives/19045,eng.sk-on.com,5,3,3,1.6666666666666667,28.666666666666668,20,0,0
/global/archives/19045,ozmailer.com,5,3,3,1.6666666666666667,1,14,0,0
/global/archives/19078,skinnovation.com,5,5,3,1.6666666666666667,139,20,0,0
/global/archives/6216,bing,5,7,4,1.25,11.75,26,0,0
/global/archives/7292,google,5,5,5,1,9.6,22,0,0
/global/archives/category/corporates/sk-earthon,linkedin.com,5,4,4,1.25,12.75,19,0,0
/global/archives/category/corporates/sk-enmove,skenmove.com,5,2,2,2.5,21.5,20,0,0
/global/archives/category/corporates/sk-on,eng.sk-on.com,5,2,2,2.5,12,19,0,0
/global/archives/category/insight,linkedin.com,5,2,2,2.5,7.5,18,0,0
/global/archives/category/people/inno-people,google,5,5,5,1,13.8,19,0,0
/global/archives/tag/blueovalsk,google,5,4,3,1.6666666666666667,10.333333333333334,23,0,0
/global/archives/tag/ncm811,google,5,4,3,1.6666666666666667,14.666666666666666,22,0,0
/global/archives/tag/skbmp,google,5,6,5,1,8,22,0,0
/global/archives/tag/skoh,google,5,4,4,1.25,5.5,24,0,0
/global/,lens.google.com,4,1,1,4,32,19,0,0
/global/,skenmove.com,4,1,1,4,133,16,0,0
/global/archives/1058,google,4,4,1,4,0,12,0,0
/global/archives/12190,google,4,4,4,1,131,14,0,0
/global/archives/12220,(direct),4,5,4,1,3.5,18,0,0
/global/archives/12471,google,4,4,2,2,20,11,0,0
/global/archives/14243,skenmove.com,4,5,4,1,54.25,19,0,0
/global/archives/14415,google,4,3,3,1.3333333333333333,14,15,0,0
/global/archives/15007,google,4,4,4,1,71,21,0,0
/global/archives/15103,google,4,4,4,1,44.75,20,0,0
/global/archives/15462,google,4,3,3,1.3333333333333333,50.333333333333336,17,0,0
/global/archives/15664,google,4,4,4,1,9,17,0,0
/global/archives/16154,(direct),4,3,3,1.3333333333333333,143.33333333333334,17,0,0
/global/archives/16463,(direct),4,4,3,1.3333333333333333,5.333333333333333,16,0,0
/global/archives/16493,google,4,3,3,1.3333333333333333,61,15,0,0
/global/archives/16834,google,4,4,4,1,29,19,0,0
/global/archives/17047,google,4,4,2,2,40.5,18,0,0
/global/archives/17476,(direct),4,4,4,1,3.5,14,0,0
/global/archives/17476,google,4,4,4,1,92.75,17,0,0
/global/archives/17623,(direct),4,4,4,1,31.5,19,0,0
/global/archives/17950,(direct),4,4,4,1,4.75,15,0,0
/global/archives/18065,(direct),4,4,4,1,1.5,14,0,0
/global/archives/18140,google,4,5,4,1,20,16,0,0
/global/archives/18388,google,4,4,4,1,0,19,0,0
/global/archives/18436,google,4,3,3,1.3333333333333333,28.333333333333332,19,0,0
/global/archives/18546,skenergy.com,4,4,1,4,1,13,0,0
/global/archives/18546,statics.teams.cdn.office.net,4,7,3,1.3333333333333333,100.33333333333333,24,0,0
/global/archives/18659,bing,4,5,4,1,101.75,17,0,0
/global/archives/18690,(direct),4,3,2,2,0,14,0,0
/global/archives/18753,bing,4,4,2,2,21,11,0,0
/global/archives/19078,skmagic.hanbiro.net,4,5,4,1,43.5,23,0,0
/global/archives/2329,google,4,4,4,1,71.75,18,0,0
/global/archives/3709,(direct),4,3,3,1.3333333333333333,0,11,0,0
/global/archives/3820,bing,4,3,3,1.3333333333333333,15.666666666666666,17,0,0
/global/archives/4499,(direct),4,2,2,2,9.5,14,0,0
/global/archives/4499,google,4,3,3,1.3333333333333333,42.666666666666664,18,0,0
/global/archives/4844,google,4,4,3,1.3333333333333333,8.333333333333334,16,0,0
/global/archives/5892,google,4,4,4,1,16.25,21,0,0
/global/archives/8067,edgeservices.bing.com,4,2,1,4,127,13,0,0
/global/archives/8350,google,4,4,3,1.3333333333333333,15.333333333333334,19,0,0
/global/archives/9837,google,4,2,2,2,37,17,0,0
/global/archives/category/corporates/sk-incheon-petrochem,google,4,3,3,1.3333333333333333,18,17,0,0
/global/archives/category/corporates/sk-on,(direct),4,5,4,1,15,16,0,0
/global/archives/category/corporates/sk-on,skinnovation.com,4,3,3,1.3333333333333333,113.66666666666667,14,0,0
/global/archives/category/people,googleadservices.com,4,4,4,1,0,9,0,0
/global/archives/category/press-room,googleadservices.com,4,4,4,1,0,11,0,0
/global/archives/category/press-room/press-release,eng.skgeocentric.com,4,2,2,2,29.5,15,0,0
/global/archives/tag/europe,google,4,2,2,2,12,12,0,0
/global/archives/tag/sk-gc-americas,google,4,3,3,1.3333333333333333,10.666666666666666,21,0,0
/global/archives/tag/sken,google,4,3,3,1.3333333333333333,33.666666666666664,18,0,0
/global/archives/tag/skeo,google,4,3,3,1.3333333333333333,31.666666666666668,14,0,0
/global/archives/tag/sko,google,4,4,4,1,2.75,19,0,0
/global/인터배터리-2024-sk온-부스_05,google,4,1,1,4,36,17,0,0
/global/archives/10654,google,3,4,3,1,62.333333333333336,16,0,0
/global/archives/10767,google,3,3,3,1,19.666666666666668,11,0,0
/global/archives/10802,google,3,2,2,1.5,224,14,0,0
/global/archives/13544,google,3,1,1,3,41,12,0,0
/global/archives/13932,google,3,3,3,1,34.666666666666664,14,0,0
/global/archives/14078,google,3,2,2,1.5,25,11,0,0
/global/archives/15353,google,3,3,3,1,7.333333333333333,11,0,0
/global/archives/15374,(direct),3,2,2,1.5,0,10,0,0
/global/archives/15574,google,3,4,3,1,40,15,0,0
/global/archives/15574,skenmove.com,3,3,3,1,96.33333333333333,11,0,0
/global/archives/15592,google,3,2,2,1.5,10,12,0,0
/global/archives/15610,google,3,1,1,3,48,12,0,0
/global/archives/15689,google,3,2,1,3,21,12,0,0
/global/archives/16286,google,3,2,2,1.5,13.5,13,0,0
/global/archives/16493,(direct),3,1,1,3,101,10,0,0
/global/archives/16532,(direct),3,3,3,1,8.333333333333334,12,0,0
/global/archives/16787,google,3,2,2,1.5,16.5,12,0,0
/global/archives/16834,(direct),3,3,3,1,9.666666666666666,14,0,0
/global/archives/17990,(direct),3,3,3,1,6.666666666666667,14,0,0
/global/archives/18065,google,3,4,3,1,6.333333333333333,14,0,0
/global/archives/18107,(direct),3,3,2,1.5,102,13,0,0
/global/archives/18140,linkedin.com,3,3,3,1,26.333333333333332,12,0,0
/global/archives/18140,skenergy.com,3,4,1,3,0,10,0,0
/global/archives/18374,google,3,2,2,1.5,15.5,13,0,0
/global/archives/18608,cn.bing.com,3,2,2,1.5,28.5,11,0,0
/global/archives/18639,google,3,1,1,3,26,10,0,0
/global/archives/18743,google,3,5,2,1.5,32.5,11,0,0
/global/archives/18743,skinnovation.com,3,3,3,1,18,11,0,0
/global/archives/19045,(not set),3,15,11,0.2727272727272727,4.909090909090909,28,0,0
/global/archives/19078,cn.bing.com,3,3,3,1,17,14,0,0
/global/archives/19078,eng.skgeocentric.com,3,1,1,3,181,12,0,0
/global/archives/19078,greenproduction.co.jp,3,3,2,1.5,43.5,13,0,0
/global/archives/3158,google,3,1,1,3,11,11,0,0
/global/archives/3962,google,3,2,2,1.5,39,13,0,0
/global/archives/4482,google,3,2,2,1.5,27.5,14,0,0
/global/archives/4612,google,3,3,3,1,88,15,0,0
/global/archives/5853,(direct),3,1,1,3,42,11,0,0
/global/archives/6313,google,3,3,2,1.5,17.5,14,0,0
/global/archives/6734,google,3,2,2,1.5,52.5,12,0,0
/global/archives/7919,google,3,3,3,1,17,14,0,0
/global/archives/8067,(direct),3,1,1,3,113,12,0,0
/global/archives/822,google,3,2,2,1.5,29.5,13,0,0
/global/archives/8400,google,3,3,3,1,9,13,0,0
/global/archives/9548,google,3,2,2,1.5,32.5,13,0,0
/global/archives/9709,google,3,3,3,1,240.33333333333334,13,0,0
/global/archives/category/corporate/sk-geo-centric,google,3,3,2,1.5,4.5,11,0,0
/global/archives/category/corporate/sk-ie-technology,eng.skietechnology.com,3,3,2,1.5,41,15,0,0
/global/archives/category/corporates,edgeservices.bing.com,3,1,1,3,17,11,0,0
/global/archives/category/corporates,yahoo,3,2,2,1.5,42,12,0,0
/global/archives/category/corporates/sk-earthon,bing,3,3,2,1.5,11,13,0,0
/global/archives/category/corporates/sk-energy,(direct),3,3,2,1.5,24,11,0,0
/global/archives/category/corporates/sk-energy,linkedin.com,3,1,1,3,150,12,0,0
/global/archives/category/corporates/sk-energy,skinnovation.com,3,3,3,1,43.333333333333336,12,0,0
/global/archives/category/corporates/sk-ie-technology,google,3,3,3,1,24.333333333333332,11,0,0
/global/archives/category/corporates/sk-innovation,skenergy.com,3,1,1,3,70,11,0,0
/global/archives/category/corporates/sk-innovation,yahoo,3,1,1,3,15,12,0,0
/global/archives/category/insight,google,3,3,3,1,1.6666666666666667,10,0,0
/global/archives/category/insight/trend_report,skinnovation.com,3,1,1,3,29,12,0,0
/global/archives/category/people/ceo-leaders,google,3,3,3,1,8,14,0,0
/global/archives/category/people/sustainability,google,3,2,2,1.5,24,12,0,0
/global/archives/category/press-room,skenmove.com,3,2,1,3,52,12,0,0
/global/archives/category/press-room/issue-fact,google,3,4,4,0.75,8.25,13,0,0
/global/archives/category/press-room/press-release,bing,3,1,1,3,16,12,0,0
/global/archives/tag/board-of-directors,google,3,2,1,3,6,9,0,0
/global/archives/tag/carbon-capture,google,3,2,2,1.5,24,11,0,0
/global/archives/tag/earnings,(direct),3,1,1,3,36,12,0,0
/global/archives/tag/ess,google,3,1,1,3,16,10,0,0
/global/archives/tag/ioniq-5,google,3,2,2,1.5,15.5,15,0,0
/global/archives/tag/pouch-type-battery,google,3,2,2,1.5,10,15,0,0
/global/archives/tag/revenue,google,3,2,2,1.5,9,11,0,0
/global/archives/tag/sarawak,google,3,3,3,1,150.66666666666666,12,0,0
/global/archives/tag/sk-functional-polymer,google,3,1,1,3,238,12,0,0
/global/archives/tag/sustainable-aviation-fuel,skenergy.com,3,1,1,3,36,12,0,0
/global/archives/tag/ulsan-complex,google,3,3,2,1.5,52.5,15,0,0
/global/archives/tag/中韩石化,(direct),3,1,1,3,12,13,0,0
/global/latestnews,chn.sk-on.com,3,1,1,3,109,11,0,0
/global/latestnews,skinnovation.com,3,4,2,1.5,17,13,0,0
/global/legal-notices,google,3,2,2,1.5,17.5,11,0,0
/pagead/aclk,(direct),3,3,3,1,0,10,0,0
/global/,bing,2,2,2,1,14,7,0,0
/global/archives/10133,google,2,2,2,1,11,11,0,0
/global/archives/10310,google,2,1,1,2,47,9,0,0
/global/archives/1058,(direct),2,2,2,1,0,7,0,0
/global/archives/10872,google,2,2,2,1,3.5,8,0,0
/global/archives/10985,google,2,2,2,1,79.5,9,0,0
/global/archives/11037,skenergy.com,2,2,2,1,3.5,10,0,0
/global/archives/11087,(direct),2,2,2,1,171,11,0,0
/global/archives/11161,google,2,2,2,1,33,10,0,0
/global/archives/1175,google,2,2,2,1,9.5,9,0,0
/global/archives/11807,translate.google.co.jp,2,1,1,2,0,6,0,0
/global/archives/12022,(direct),2,2,2,1,33.5,12,0,0
/global/archives/12022,skenmove.com,2,3,2,1,92.5,8,0,0
/global/archives/12091,google,2,3,2,1,20.5,10,0,0
/global/archives/12106,safe.menlosecurity.com,2,1,1,2,0,6,0,0
/global/archives/12220,bing,2,1,1,2,267,7,0,0
/global/archives/12306,(direct),2,2,2,1,0,5,0,0
/global/archives/12319,google,2,3,2,1,30.5,6,0,0
/global/archives/12603,google,2,1,1,2,46,8,0,0
/global/archives/12667,google,2,3,2,1,28,11,0,0
/global/archives/12688,google,2,2,2,1,48.5,8,0,0
/global/archives/13018,google,2,2,1,2,3,7,0,0
/global/archives/13130,(direct),2,2,2,1,0,6,0,0
/global/archives/13130,google,2,2,2,1,18.5,8,0,0
/global/archives/13443,google,2,2,2,1,59,8,0,0
/global/archives/13521,bing,2,2,2,1,89,11,0,0
/global/archives/13780,(direct),2,2,1,2,62,9,0,0
/global/archives/13780,chatgpt.com,2,1,1,2,23,8,0,0
/global/archives/13804,google,2,2,1,2,2,9,0,0
/global/archives/13850,google,2,2,2,1,17.5,10,0,0
/global/archives/14065,google,2,2,2,1,47.5,9,0,0
/global/archives/14243,(direct),2,2,1,2,17,9,0,0
/global/archives/14243,google,2,2,2,1,13,9,0,0
/global/archives/14354,google,2,2,2,1,14,9,0,0
/global/archives/14688,google,2,1,1,2,55,9,0,0
/global/archives/14770,google,2,2,2,1,10,9,0,0
/global/archives/1493,bing,2,3,1,2,87,10,0,0
/global/archives/15204,google,2,2,1,2,20,7,0,0
/global/archives/15259,google,2,2,2,1,0.5,8,0,0
/global/archives/15490,safe.menlosecurity.com,2,1,1,2,0,6,0,0
/global/archives/15623,google,2,1,1,2,158,10,0,0
/global/archives/15654,google,2,2,2,1,18.5,9,0,0
/global/archives/15664,lens.google.com,2,4,1,2,4,11,0,0
/global/archives/15840,google,2,2,2,1,32,9,0,0
/global/archives/15865,google,2,3,1,2,0,11,0,0
/global/archives/15865,statics.teams.cdn.office.net,2,1,1,2,72,6,0,0
/global/archives/15937,eng.skearthon.com,2,1,1,2,78,6,0,0
/global/archives/16060,skinnovation.com,2,4,2,1,0,10,0,0
/global/archives/16060,sktradinginternational.com,2,2,2,1,74,11,0,0
/global/archives/16131,google,2,3,2,1,4.5,9,0,0
/global/archives/16169,google,2,3,2,1,49.5,10,0,0
/global/archives/16334,google,2,3,2,1,13,10,0,0
/global/archives/16480,bing,2,3,1,2,0,8,0,0
/global/archives/16624,google,2,1,1,2,24,7,0,0
/global/archives/16719,(direct),2,1,1,2,24,7,0,0
/global/archives/16719,google,2,4,2,1,65,8,0,0
/global/archives/16787,(direct),2,2,2,1,15.5,9,0,0
/global/archives/16939,(direct),2,2,2,1,1.5,9,0,0
/global/archives/16970,(direct),2,2,2,1,3.5,8,0,0
/global/archives/17022,google,2,2,2,1,68.5,10,0,0
/global/archives/17169,bing,2,2,2,1,32.5,9,0,0
/global/archives/17356,skenmove.com,2,2,2,1,34,8,0,0
/global/archives/17426,yahoo,2,1,1,2,8,8,0,0
/global/archives/17460,(direct),2,2,2,1,13,10,0,0
/global/archives/17460,google,2,2,2,1,0,7,0,0
/global/archives/17476,linkedin.com,2,2,2,1,0,8,0,0
/global/archives/17499,(direct),2,2,2,1,0,7,0,0
/global/archives/17514,(direct),2,2,2,1,115.5,8,0,0
/global/archives/17595,(not set),2,1,1,2,29,7,0,0
/global/archives/17737,(direct),2,3,2,1,0,10,0,0
/global/archives/17796,linkedin.com,2,2,1,2,1,7,0,0
/global/archives/17965,(direct),2,1,1,2,144,6,0,0
/global/archives/17990,linkedin.com,2,2,1,2,12,7,0,0
/global/archives/18022,(direct),2,2,2,1,86,9,0,0
/global/archives/18022,skinnovation.com,2,2,2,1,33,10,0,0
/global/archives/18065,yahoo,2,1,1,2,10,9,0,0
/global/archives/18107,t.co,2,1,1,2,0,7,0,0
/global/archives/18167,(direct),2,2,2,1,3,8,0,0
/global/archives/18208,google,2,2,2,1,40,10,0,0
/global/archives/18332,(direct),2,1,1,2,29,6,0,0
/global/archives/18388,skinnovation.com,2,1,1,2,168,10,0,0
/global/archives/18421,skinnovation.com,2,2,2,1,9,7,0,0
/global/archives/18436,(direct),2,4,3,0.6666666666666666,3.6666666666666665,8,0,0
/global/archives/18478,skinnovation.com,2,2,2,1,34,8,0,0
/global/archives/18500,(direct),2,2,2,1,15.5,8,0,0
/global/archives/18500,google,2,2,2,1,141.5,11,0,0
/global/archives/18608,eng.skgeocentric.com,2,1,1,2,33,8,0,0
/global/archives/18623,linkedin.com,2,1,1,2,17,7,0,0
/global/archives/18659,linkedin.com,2,3,2,1,5,10,0,0
/global/archives/18695,(direct),2,1,1,2,23,8,0,0
/global/archives/18695,linkedin.com,2,1,1,2,11,7,0,0
/global/archives/18708,(direct),2,2,2,1,12,8,0,0
/global/archives/18743,(direct),2,2,2,1,1.5,8,0,0
/global/archives/18753,chatgpt.com,2,2,1,2,10,9,0,0
/global/archives/18770,eng.skearthon.com,2,2,2,1,15,6,0,0
/global/archives/18770,linkedin.com,2,2,2,1,0,8,0,0
/global/archives/18783,(direct),2,2,2,1,38.5,10,0,0
/global/archives/18989,linkedin.com,2,2,2,1,26,9,0,0
/global/archives/19045,eng.skgeocentric.com,2,2,1,2,6,8,0,0
/global/archives/19045,googleadservices.com,2,2,2,1,0,4,0,0
/global/archives/19045,link.naver.com,2,2,1,2,154,8,0,0
/global/archives/19045,lnkd.in,2,2,2,1,4.5,10,0,0
/global/archives/19045,skenmove.com,2,2,1,2,23,6,0,0
/global/archives/19045,skmagic.hanbiro.net,2,2,2,1,53.5,11,0,0
/global/archives/19078,ccarbon.info,2,2,1,2,0,7,0,0
/global/archives/19078,news.google.com,2,2,2,1,0,8,0,0
/global/archives/19078,viewer.factiva.com,2,1,1,2,25,7,0,0
/global/archives/2280,google,2,1,1,2,9,8,0,0
/global/archives/2293,google,2,2,2,1,24.5,10,0,0
/global/archives/2448,google,2,2,2,1,35,9,0,0
/global/archives/253,lens.google.com,2,1,1,2,7,8,0,0
/global/archives/3518,(direct),2,2,2,1,0,7,0,0
/global/archives/3674,google,2,2,2,1,1,7,0,0
/global/archives/3820,(direct),2,2,2,1,0,8,0,0
/global/archives/3820,chatgpt.com,2,3,2,1,11.5,12,0,0
/global/archives/3962,(direct),2,2,2,1,0,8,0,0
/global/archives/4360,google,2,2,2,1,48,11,0,0
/global/archives/449,google,2,2,2,1,7,8,0,0
/global/archives/4518,google,2,2,2,1,25.5,7,0,0
/global/archives/4751,google,2,3,2,1,80,12,0,0
/global/archives/4776,cn.bing.com,2,2,2,1,23.5,9,0,0
/global/archives/4793,google,2,2,1,2,12,8,0,0
/global/archives/489,(direct),2,3,2,1,56.5,12,0,0
/global/archives/489,google,2,2,2,1,15.5,7,0,0
/global/archives/5234,(direct),2,2,2,1,5.5,9,0,0
/global/archives/5310,(direct),2,2,2,1,6.5,7,0,0
/global/archives/5772,google,2,2,2,1,2,9,0,0
/global/archives/6216,(direct),2,2,2,1,29,9,0,0
/global/archives/6343,google,2,2,2,1,37,11,0,0
/global/archives/6377,bing,2,2,1,2,0,7,0,0
/global/archives/6504,(direct),2,2,2,1,3,8,0,0
/global/archives/6517,google,2,3,2,1,2,11,0,0
/global/archives/6710,google,2,1,1,2,28,8,0,0
/global/archives/6807,google,2,2,2,1,11,10,0,0
/global/archives/6824,google,2,2,2,1,29.5,10,0,0
/global/archives/7112,google,2,2,2,1,18,9,0,0
/global/archives/7445,bing,2,2,2,1,41.5,8,0,0
/global/archives/7710,google,2,3,2,1,8.5,11,0,0
/global/archives/7740,google,2,2,2,1,43,11,0,0
/global/archives/7761,google,2,3,2,1,2,10,0,0
/global/archives/7961,google,2,2,1,2,0,7,0,0
/global/archives/8067,google,2,2,2,1,13,11,0,0
/global/archives/8383,google,2,2,2,1,159,9,0,0
/global/archives/8914,google,2,2,2,1,21,9,0,0
/global/archives/9043,google,2,3,1,2,0,8,0,0
/global/archives/9079,google,2,3,1,2,12,10,0,0
/global/archives/9213,(direct),2,2,2,1,0,8,0,0
/global/archives/9493,google,2,2,2,1,13,8,0,0
/global/archives/9668,google,2,2,2,1,1.5,9,0,0
/global/archives/9695,google,2,2,2,1,15,8,0,0
/global/archives/9740,google,2,3,2,1,0.5,9,0,0
/global/archives/9910,bing,2,2,2,1,50.5,9,0,0
/global/archives/9910,statics.teams.cdn.office.net,2,3,2,1,0,9,0,0
/global/archives/category/ces/ces-2022-ces-2022,google,2,1,1,2,0,4,0,0
/global/archives/category/corporate/sk-on,(direct),2,3,1,2,1,9,0,0
/global/archives/category/corporate/sk-on,skinnovation.com,2,2,1,2,8,8,0,0
/global/archives/category/corporates/sk-earthon,eng.skgeocentric.com,2,2,1,2,12,5,0,0
/global/archives/category/corporates/sk-enmove,(direct),2,1,1,2,72,7,0,0
/global/archives/category/corporates/sk-enmove,skinnovation.com,2,1,1,2,19,8,0,0
/global/archives/category/corporates/sk-enterm,eng.skgeocentric.com,2,2,1,2,5,6,0,0
/global/archives/category/corporates/sk-ie-technology,eng.skgeocentric.com,2,2,1,2,2,8,0,0
/global/archives/category/corporates/sk-ie-technology,eng.skietechnology.com,2,1,1,2,29,6,0,0
/global/archives/category/corporates/sk-rading-international,(direct),2,1,1,2,26,8,0,0
/global/archives/category/corporates/sk-rading-international,eng.skgeocentric.com,2,2,1,2,0,5,0,0
/global/archives/category/corporates/sk-rading-international,google,2,2,2,1,18,7,0,0
/global/archives/category/corporates/sk-rading-international,skinnovation.com,2,1,1,2,43,8,0,0
/global/archives/category/insight,skenmove.com,2,2,2,1,4.5,8,0,0
/global/archives/category/people,cn.bing.com,2,2,2,1,3,6,0,0
/global/archives/category/people,skenmove.com,2,1,1,2,22,6,0,0
/global/archives/category/people/inno-people,(direct),2,3,2,1,0,7,0,0
/global/archives/category/press-room/press-release,eng.skearthon.com,2,1,1,2,24,8,0,0
/global/archives/category/press-room/press-release,yahoo,2,1,1,2,63,8,0,0
/global/archives/category/social-value/csr-program,google,2,1,1,2,2,8,0,0
/global/archives/tag/2022-esg-report,google,2,1,1,2,7,8,0,0
/global/archives/tag/2024-q1,google,2,1,1,2,8,8,0,0
/global/archives/tag/2024-q2,(direct),2,2,2,1,1,8,0,0
/global/archives/tag/battery-monitoring-integrated-circuit,google,2,1,1,2,14,10,0,0
/global/archives/tag/biofuel,google,2,1,1,2,2,7,0,0
/global/archives/tag/extraordinary-general-meeting,google,2,2,2,1,2,8,0,0
/global/archives/tag/flexible-cover-window,chatgpt.com,2,2,1,2,2,11,0,0
/global/archives/tag/green-bonds,google,2,1,1,2,3,7,0,0
/global/archives/tag/kentucky,google,2,1,1,2,20,10,0,0
/global/archives/tag/oh-jong-hoon,(direct),2,1,1,2,6,7,0,0
/global/archives/tag/purecycle-technologies,google,2,1,1,2,16,8,0,0
/global/archives/tag/sk-battery-america,google,2,2,2,1,7.5,8,0,0
/global/archives/tag/sk-geo-centric,(direct),2,1,1,2,6,7,0,0
/global/archives/tag/sk-innovations-institute-of-environmental-science-technology,google,2,2,2,1,5.5,10,0,0
/global/archives/tag/ske,google,2,2,1,2,0,7,0,0
/global/archives/tag/skipc,google,2,2,2,1,15.5,9,0,0
/global/archives/tag/skti,google,2,1,1,2,7,8,0,0
/global/archives/tag/tesla,google,2,2,2,1,7.5,12,0,0
/global/archives/tag/ulsan,(direct),2,1,1,2,35,8,0,0
/global/archives/tag/vwbe,google,2,2,1,2,6,8,0,0
/global/archives/tag/yoo-jae-young,google,2,2,1,2,23,10,0,0
/global/latestnews,linkedin.com,2,2,1,2,17,8,0,0
/global/sustainability-report,bing,2,2,2,1,6,8,0,0
/global/,(not set),1,1,1,1,6,4,0,0
/global/,chatgpt.com,1,1,1,1,4,4,0,0
/global/,fahnd.com,1,1,1,1,0,1,0,0
/global/,yahoo,1,1,1,1,0,3,0,0
/global/archives/10159,google,1,1,1,1,90,6,0,0
/global/archives/10570,cn.bing.com,1,1,1,1,103,6,0,0
/global/archives/10574,cn.bing.com,1,1,1,1,80,4,0,0
/global/archives/10610,google,1,1,1,1,7,5,0,0
/global/archives/10713,google,1,1,1,1,28,6,0,0
/global/archives/10774,(direct),1,1,1,1,0,4,0,0
/global/archives/10774,www4.bing.com,1,1,1,1,6,4,0,0
/global/archives/10802,linkedin.com,1,1,1,1,35,5,0,0
/global/archives/10842,google,1,1,1,1,31,5,0,0
/global/archives/10913,skinnovation.com,1,1,1,1,0,3,0,0
/global/archives/10977,baidu,1,1,1,1,0,3,0,0
/global/archives/10977,google,1,1,1,1,52,5,0,0
/global/archives/11010,google,1,2,1,1,0,5,0,0
/global/archives/11037,eng.skgeocentric.com,1,1,1,1,22,4,0,0
/global/archives/11037,google,1,1,1,1,17,5,0,0
/global/archives/11058,google,1,1,1,1,18,5,0,0
/global/archives/11087,bing,1,1,1,1,33,4,0,0
/global/archives/11087,skenergy.com,1,1,1,1,24,4,0,0
/global/archives/11147,(direct),1,1,1,1,10,4,0,0
/global/archives/11161,in.search.yahoo.com,1,2,1,1,0,6,0,0
/global/archives/11214,ecosia.org,1,1,1,1,10,5,0,0
/global/archives/11214,google,1,1,1,1,6,5,0,0
/global/archives/11286,google,1,1,1,1,71,3,0,0
/global/archives/11376,(direct),1,1,1,1,0,4,0,0
/global/archives/11475,google,1,1,1,1,19,5,0,0
/global/archives/11486,google,1,1,1,1,6,4,0,0
/global/archives/11512,linkedin.com,1,1,1,1,16,4,0,0
/global/archives/11537,eng.skgeocentric.com,1,1,1,1,54,4,0,0
/global/archives/11537,google,1,1,1,1,65,6,0,0
/global/archives/11537,skenmove.com,1,1,1,1,133,4,0,0
/global/archives/11596,skenergy.com,1,1,1,1,72,6,0,0
/global/archives/11623,google,1,1,1,1,39,4,0,0
/global/archives/11683,google,1,1,1,1,9,4,0,0
/global/archives/11807,bing,1,1,1,1,134,4,0,0
/global/archives/11807,linkedin.com,1,1,1,1,196,4,0,0
/global/archives/11807,talk.worksmobile.com,1,1,1,1,48,6,0,0
/global/archives/11853,google,1,1,1,1,48,6,0,0
/global/archives/11992,(direct),1,1,1,1,0,3,0,0
/global/archives/11992,google,1,2,1,1,0,6,0,0
/global/archives/12008,google,1,1,1,1,0,4,0,0
/global/archives/12106,(direct),1,1,1,1,27,3,0,0
/global/archives/12190,(direct),1,1,1,1,2,5,0,0
/global/archives/12220,google,1,1,1,1,10,4,0,0
/global/archives/12269,(direct),1,1,1,1,0,3,0,0
/global/archives/12269,google,1,1,1,1,16,5,0,0
/global/archives/12274,google,1,1,1,1,62,5,0,0
/global/archives/12413,google,1,1,1,1,13,3,0,0
/global/archives/12471,bing,1,2,1,1,0,5,0,0
/global/archives/1257,google,1,1,1,1,5,5,0,0
/global/archives/1257,www4.bing.com,1,1,1,1,10,4,0,0
/global/archives/12610,google,1,1,1,1,4,4,0,0
/global/archives/12667,(direct),1,1,1,1,0,3,0,0
/global/archives/12692,google,1,1,1,1,55,3,0,0
/global/archives/12692/제로카본라이프스타일_5,lens.google.com,1,1,1,1,23,6,0,0
/global/archives/12950,google,1,1,1,1,54,6,0,0
/global/archives/12950,manufacturingdive.com,1,1,1,1,42,5,0,0
/global/archives/13060,google,1,1,1,1,116,6,0,0
/global/archives/13230,(direct),1,1,1,1,21,4,0,0
/global/archives/13230,google,1,1,1,1,2,5,0,0
/global/archives/13329,google,1,1,0,0,0,3,0,0
/global/archives/13329,skenmove.com,1,1,1,1,7,3,0,0
/global/archives/13374,(direct),1,1,1,1,0,3,0,0
/global/archives/13374,google,1,1,1,1,22,5,0,0
/global/archives/13437,google,1,1,1,1,0,4,0,0
/global/archives/13478,(direct),1,1,1,1,235,3,0,0
/global/archives/13521,(direct),1,1,1,1,0,3,0,0
/global/archives/13521,kimi.moonshot.cn,1,1,1,1,4,3,0,0
/global/archives/13595,google,1,1,1,1,84,4,0,0
/global/archives/13669,linkedin.com,1,1,1,1,6,4,0,0
/global/archives/13780,bing,1,1,1,1,96,5,0,0
/global/archives/13879,google,1,1,1,1,195,3,0,0
/global/archives/1398,google,1,2,2,0.5,27,7,0,0
/global/archives/13981,google,1,1,1,1,7,5,0,0
/global/archives/1399,google,1,1,1,1,0,2,0,0
/global/archives/14078,(direct),1,1,1,1,0,3,0,0
/global/archives/14193,chatgpt.com,1,1,1,1,21,6,0,0
/global/archives/14219,linkedin.com,1,1,1,1,50,4,0,0
/global/archives/14226,google,1,2,1,1,0,6,0,0
/global/archives/14226,linkedin.com,1,2,1,1,1,4,0,0
/global/archives/14226,skinnovation.com,1,1,1,1,57,4,0,0
/global/archives/14264,google,1,2,1,1,0,6,0,0
/global/archives/14309,google,1,1,1,1,0,3,0,0
/global/archives/14333,google,1,1,1,1,0,2,0,0
/global/archives/14333,linkedin.com,1,2,1,1,47,4,0,0
/global/archives/14384,google,1,1,1,1,559,3,0,0
/global/archives/14400,(direct),1,1,1,1,0,2,0,0
/global/archives/14491,skinnovation.com,1,1,1,1,0,3,0,0
/global/archives/14493,linkedin.com,1,1,1,1,7,4,0,0
/global/archives/14634,(direct),1,1,1,1,0,3,0,0
/global/archives/14634,skinnovation.com,1,1,1,1,200,4,0,0
/global/archives/14688,(direct),1,2,1,1,0,4,0,0
/global/archives/14690,google,1,1,1,1,1,4,0,0
/global/archives/14766,yahoo,1,1,1,1,0,3,0,0
/global/archives/14770,linkedin.com,1,2,1,1,0,5,0,0
/global/archives/14788,(direct),1,1,1,1,0,3,0,0
/global/archives/14788,google,1,1,1,1,0,4,0,0
/global/archives/14869,google,1,1,1,1,53,4,0,0
/global/archives/14896,google,1,1,1,1,45,4,0,0
/global/archives/1521,google,1,1,1,1,62,5,0,0
/global/archives/15259,chatgpt.com,1,1,1,1,17,5,0,0
/global/archives/15374,eng.skearthon.com,1,1,1,1,255,4,0,0
/global/archives/15409,google,1,1,1,1,173,5,0,0
/global/archives/15430,google,1,1,1,1,50,5,0,0
/global/archives/15462,bing,1,1,1,1,11,5,0,0
/global/archives/15462,statics.teams.cdn.office.net,1,2,1,1,0,6,0,0
/global/archives/15497,(direct),1,1,1,1,0,3,0,0
/global/archives/15574,chatgpt.com,1,1,1,1,4,5,0,0
/global/archives/15623,cn.bing.com,1,1,1,1,8,4,0,0
/global/archives/15638,linkedin.com,1,1,1,1,1,4,0,0
/global/archives/15664,kimi.moonshot.cn,1,1,1,1,0,3,0,0
/global/archives/15687,(direct),1,2,2,0.5,29.5,7,0,0
/global/archives/15687,bing,1,1,1,1,2,4,0,0
/global/archives/15687,skinnovation.com,1,1,1,1,0,3,0,0
/global/archives/15687,www4.bing.com,1,1,1,1,4,4,0,0
/global/archives/15760,google,1,1,1,1,111,5,0,0
/global/archives/15865,linkedin.com,1,1,1,1,2,3,0,0
/global/archives/15937,linkedin.com,1,1,1,1,0,3,0,0
/global/archives/15964,google,1,1,1,1,26,6,0,0
/global/archives/15985,google,1,1,1,1,0,4,0,0
/global/archives/16005,google,1,1,1,1,8,4,0,0
/global/archives/16025,google,1,1,1,1,1,4,0,0
/global/archives/16060,skenergy.com,1,1,1,1,0,3,0,0
/global/archives/16169,skenergy.com,1,1,1,1,9,4,0,0
/global/archives/16187,google,1,1,1,1,44,5,0,0
/global/archives/16286,eng.skearthon.com,1,1,1,1,18,4,0,0
/global/archives/16308,google,1,2,1,1,47,5,0,0
/global/archives/16334,(direct),1,2,1,1,0,6,0,0
/global/archives/16334,skinnovation.com,1,1,1,1,71,4,0,0
/global/archives/16376,(direct),1,1,1,1,3,5,0,0
/global/archives/16376,bing,1,1,1,1,38,5,0,0
/global/archives/16376,kimi.moonshot.cn,1,1,1,1,44,4,0,0
/global/archives/16448,(direct),1,1,1,1,0,3,0,0
/global/archives/16448,skenergy.com,1,1,1,1,6,4,0,0
/global/archives/16532,edgeservices.bing.com,1,1,1,1,42,6,0,0
/global/archives/16532,eng.skearthon.com,1,2,1,1,10,4,0,0
/global/archives/16532,facebook.com,1,1,1,1,1,5,0,0
/global/archives/16532,in.marketscreener.com,1,1,1,1,2,4,0,0
/global/archives/16532,statics.teams.cdn.office.net,1,1,1,1,5,4,0,0
/global/archives/16583,(direct),1,1,1,1,21,3,0,0
/global/archives/16583,in.marketscreener.com,1,1,1,1,2,6,0,0
/global/archives/16613,news.google.com,1,1,1,1,46,5,0,0
/global/archives/16787,bing,1,1,1,1,7,5,0,0
/global/archives/16810,cn.bing.com,1,1,1,1,9,2,0,0
/global/archives/16834,chatgpt.com,1,1,1,1,8,5,0,0
/global/archives/16881,(direct),1,1,1,1,6,5,0,0
/global/archives/16881,google,1,2,1,1,0,6,0,0
/global/archives/16904,(direct),1,1,1,1,86,4,0,0
/global/archives/16970,google,1,1,1,1,9,5,0,0
/global/archives/17022,(direct),1,1,1,1,7,5,0,0
/global/archives/17047,(direct),1,1,1,1,0,4,0,0
/global/archives/17047,l.instagram.com,1,1,1,1,0,4,0,0
/global/archives/17047/4-sk이노베이션_ces2024_sk원더랜드_sk-wonderland_판타스틱아일랜드_ai-포-2,google,1,1,1,1,2,5,0,0
/global/archives/17144,skinnovation.com,1,1,1,1,116,4,0,0
/global/archives/17169,skinnovation.com,1,1,1,1,0,3,0,0
/global/archives/17216,(direct),1,1,1,1,28,5,0,0
/global/archives/1722,(direct),1,1,1,1,63,5,0,0
/global/archives/1722,google,1,1,1,1,52,5,0,0
/global/archives/17313,google,1,1,1,1,1,5,0,0
/global/archives/17356,bing,1,1,1,1,13,3,0,0
/global/archives/17356,www4.bing.com,1,1,1,1,3,3,0,0
/global/archives/17426,cn.bing.com,1,1,1,1,1,5,0,0
/global/archives/17514,linkedin.com,1,1,1,1,38,4,0,0
/global/archives/17595,(direct),1,2,1,1,0,5,0,0
/global/archives/17595,kimi.moonshot.cn,1,1,1,1,0,2,0,0
/global/archives/17595,skinnovation.com,1,1,1,1,21,3,0,0
/global/archives/17595,teslaclubsweden.se,1,1,1,1,2,5,0,0
/global/archives/1768,google,1,1,1,1,27,5,0,0
/global/archives/17796,baidu,1,1,1,1,0,3,0,0
/global/archives/17796,google,1,1,1,1,0,2,0,0
/global/archives/17893,google,1,1,1,1,20,6,0,0
/global/archives/17989,eng.sk-on.com,1,2,1,1,0,5,0,0
/global/archives/17989,google,1,1,1,1,17,6,0,0
/global/archives/17990,bing,1,1,1,1,4,5,0,0
/global/archives/18022,google,1,1,1,1,27,5,0,0
/global/archives/18065,search.topicinsight.com,1,1,1,1,0,4,0,0
/global/archives/18140,lnkd.in,1,1,1,1,6,4,0,0
/global/archives/18283,eng.sk-on.com,1,1,1,1,110,4,0,0
/global/archives/18283,m.baidu.com,1,1,1,1,7,5,0,0
/global/archives/18283,skinnovation.com,1,1,1,1,0,4,0,0
/global/archives/18301,(direct),1,1,1,1,0,4,0,0
/global/archives/18332,google,1,1,1,1,0,3,0,0
/global/archives/18361,edgeservices.bing.com,1,1,1,1,40,4,0,0
/global/archives/18361,eng.sk-on.com,1,1,1,1,389,4,0,0
/global/archives/18374,chn.sk-on.com,1,1,1,1,16,3,0,0
/global/archives/18374,eng.sk-on.com,1,1,1,1,51,4,0,0
/global/archives/18374,skinnovation.com,1,1,1,1,5,3,0,0
/global/archives/18421,(direct),1,1,1,1,0,4,0,0
/global/archives/18445,skinnovation.co.kr,1,1,1,1,8,6,0,0
/global/archives/18445,skinnovation.com,1,1,1,1,153,4,0,0
/global/archives/18478,(direct),1,2,1,1,0,5,0,0
/global/archives/18546,eng.skearthon.com,1,2,1,1,1066,5,0,0
/global/archives/18546,skinnovation.com,1,1,1,1,61,4,0,0
/global/archives/18546,yahoo,1,1,1,1,0,4,0,0
/global/archives/18608,bing,1,2,1,1,0,4,0,0
/global/archives/18608,chn.sk-on.com,1,1,1,1,84,4,0,0
/global/archives/18608,eng.skearthon.com,1,1,1,1,0,3,0,0
/global/archives/18608,jpc-powerpoint.officeapps.live.com,1,2,1,1,0,5,0,0
/global/archives/18623,link.naver.com,1,2,1,1,113,4,0,0
/global/archives/18659,(direct),1,1,1,1,17,5,0,0
/global/archives/18659,skinnovation.com,1,1,1,1,113,3,0,0
/global/archives/18690,linkedin.com,1,1,1,1,0,4,0,0
/global/archives/18690,skinnovation.com,1,1,1,1,36,4,0,0
/global/archives/18695,link.naver.com,1,2,1,1,0,5,0,0
/global/archives/18708,skinnovation.com,1,1,1,1,9,4,0,0
/global/archives/18743,chatgpt.com,1,2,1,1,0,5,0,0
/global/archives/18743,linkedin.com,1,1,1,1,0,4,0,0
/global/archives/18753,eng.skearthon.com,1,1,1,1,0,2,0,0
/global/archives/18770,chn.sk-on.com,1,1,1,1,4,3,0,0
/global/archives/18770,skenergy.com,1,1,1,1,524,4,0,0
/global/archives/18783,skenmove.com,1,1,1,1,65,4,0,0
/global/archives/18989,skinnovation.com,1,1,1,1,78,4,0,0
/global/archives/19014,bing,1,1,1,1,129,6,0,0
/global/archives/19014,linkedin.com,1,2,2,0.5,11,5,0,0
/global/archives/19014,m.facebook.com,1,1,1,1,4,4,0,0
/global/archives/19045,in.marketscreener.com,1,1,1,1,165,3,0,0
/global/archives/19045,marketscreener.com,1,1,1,1,0,3,0,0
/global/archives/19045,publicnow.com,1,1,1,1,27,6,0,0
/global/archives/19045,search-dra.dt.dbankcloud.com,1,1,1,1,0,3,0,0
/global/archives/19078,ddec1-0-en-ctp.trendmicro.com,1,1,1,1,56,5,0,0
/global/archives/19078,ecosia.org,1,1,1,1,34,6,0,0
/global/archives/19078,safinvestor.com,1,1,1,1,0,4,0,0
/global/archives/19078,skenmove.com,1,1,1,1,0,2,0,0
/global/archives/1960,google,1,1,1,1,25,5,0,0
/global/archives/2026,bing,1,2,1,1,0,5,0,0
/global/archives/2026,google,1,1,1,1,13,5,0,0
/global/archives/2535,(direct),1,1,1,1,35,4,0,0
/global/archives/255,google,1,1,1,1,0,4,0,0
/global/archives/2568,google,1,1,1,1,16,4,0,0
/global/archives/2635,bing,1,2,1,1,0,5,0,0
/global/archives/2761,cn.bing.com,1,1,1,1,8,3,0,0
/global/archives/3005,(direct),1,1,1,1,0,3,0,0
/global/archives/303,google,1,1,1,1,265,5,0,0
/global/archives/3123,google,1,3,2,0.5,53,10,0,0
/global/archives/3442,google,1,1,1,1,0,3,0,0
/global/archives/3464,google,1,1,1,1,6,5,0,0
/global/archives/3709 -,(direct),1,1,1,1,0,4,0,0
/global/archives/3786,google,1,1,1,1,3,5,0,0
/global/archives/3830,(direct),1,1,1,1,0,3,0,0
/global/archives/4146,google,1,1,1,1,5,5,0,0
/global/archives/4308,(direct),1,1,1,1,29,5,0,0
/global/archives/4308,chatgpt.com,1,2,1,1,37,7,0,0
/global/archives/4309,(direct),1,2,1,1,6,6,0,0
/global/archives/4450,google,1,1,1,1,14,5,0,0
/global/archives/4518,bing,1,1,1,1,148,5,0,0
/global/archives/4585,ceo.ca,1,2,1,1,0,6,0,0
/global/archives/4612,bing,1,1,1,1,58,4,0,0
/global/archives/4728,google,1,2,1,1,0,6,0,0
/global/archives/4751,yahoo,1,1,1,1,0,4,0,0
/global/archives/4776,google,1,1,1,1,96,6,0,0
/global/archives/5205,google,1,1,1,1,14,4,0,0
/global/archives/5234,google,1,1,1,1,63,4,0,0
/global/archives/5247,(direct),1,1,1,1,9,4,0,0
/global/archives/5339,google,1,1,1,1,4,5,0,0
/global/archives/5651,google,1,1,1,1,43,5,0,0
/global/archives/5721,(direct),1,1,1,1,0,3,0,0
/global/archives/5893,google,1,1,1,1,28,4,0,0
/global/archives/5944,(direct),1,1,1,1,0,3,0,0
/global/archives/5981,google,1,1,1,1,0,4,0,0
/global/archives/5994,google,1,1,1,1,1,3,0,0
/global/archives/6014,google,1,1,1,1,508,6,0,0
/global/archives/631,lens.google.com,1,1,1,1,6,4,0,0
/global/archives/6377,(direct),1,1,1,1,0,4,0,0
/global/archives/653,google,1,1,1,1,124,5,0,0
/global/archives/6546,google,1,1,1,1,7,5,0,0
/global/archives/6619,google,1,1,1,1,89,4,0,0
/global/archives/6658,bing,1,1,1,1,70,5,0,0
/global/archives/6734,bing,1,1,1,1,42,5,0,0
/global/archives/6760,google,1,1,1,1,116,4,0,0
/global/archives/6824,(direct),1,1,1,1,97,5,0,0
/global/archives/6824,cn.bing.com,1,1,1,1,158,5,0,0
/global/archives/6834,google,1,1,1,1,22,5,0,0
/global/archives/6870,google,1,1,1,1,26,4,0,0
/global/archives/7245,google,1,1,1,1,0,3,0,0
/global/archives/7262,google,1,1,1,1,29,4,0,0
/global/archives/7302,(direct),1,2,1,1,0,6,0,0
/global/archives/7319,google,1,2,1,1,0,4,0,0
/global/archives/733,google,1,1,1,1,0,4,0,0
/global/archives/7445,(direct),1,1,1,1,11,4,0,0
/global/archives/7445,www4.bing.com,1,1,1,1,6,6,0,0
/global/archives/7476,google,1,1,1,1,42,5,0,0
/global/archives/7574,google,1,1,1,1,18,5,0,0
/global/archives/7596,bing,1,1,1,1,0,3,0,0
/global/archives/7596,google,1,1,1,1,1,5,0,0
/global/archives/7596,skinnovation.com,1,1,1,1,32,4,0,0
/global/archives/7670,(direct),1,1,1,1,0,3,0,0
/global/archives/7848,(direct),1,1,1,1,77,5,0,0
/global/archives/7991,google,1,1,1,1,132,6,0,0
/global/archives/8105,google,1,1,1,1,7,6,0,0
/global/archives/8152,google,1,1,1,1,40,5,0,0
/global/archives/8230,google,1,1,1,1,12,5,0,0
/global/archives/8230,lens.google.com,1,1,1,1,11,5,0,0
/global/archives/831,google,1,1,1,1,0,4,0,0
/global/archives/8310,(direct),1,1,1,1,15,4,0,0
/global/archives/8327,google,1,1,1,1,2,5,0,0
/global/archives/8383,(direct),1,1,1,1,0,4,0,0
/global/archives/8400,(direct),1,1,1,1,0,3,0,0
/global/archives/8428,google,1,1,1,1,35,5,0,0
/global/archives/8829,google,1,2,1,1,0,6,0,0
/global/archives/8899,google,1,2,1,1,0,6,0,0
/global/archives/8972,(direct),1,1,1,1,0,4,0,0
/global/archives/8972,google,1,1,1,1,6,5,0,0
/global/archives/9191,lens.google.com,1,1,1,1,39,6,0,0
/global/archives/9236,(direct),1,1,1,1,0,5,0,0
/global/archives/9299,google,1,1,1,1,0,3,0,0
/global/archives/9394,(direct),1,1,1,1,20,3,0,0
/global/archives/9548,naver.com,1,1,1,1,25,5,0,0
/global/archives/9709,bing,1,1,1,1,30,5,0,0
/global/archives/9715,google,1,1,1,1,12,5,0,0
/global/archives/9740,skenergy.com,1,1,1,1,6,5,0,0
/global/archives/9797,google,1,1,1,1,23,4,0,0
/global/archives/9877,google,1,1,1,1,41,5,0,0
/global/archives/9908,google,1,1,1,1,47,3,0,0
/global/archives/9910,in.marketscreener.com,1,1,1,1,3,4,0,0
/global/archives/9910,naver,1,1,1,1,123,6,0,0
/global/archives/9910,skinnovation.com,1,1,1,1,40,3,0,0
/global/archives/9978,google,1,1,1,1,0,4,0,0
/global/archives/category/corporate/sk-energy,(direct),1,1,1,1,7,4,0,0
/global/archives/category/corporate/sk-energy,bing,1,2,1,1,0,6,0,0
/global/archives/category/corporate/sk-enmove,bing,1,1,1,1,3,5,0,0
/global/archives/category/corporate/sk-ie-technology,(direct),1,1,1,1,0,3,0,0
/global/archives/category/corporates,cn.bing.com,1,1,1,1,9,3,0,0
/global/archives/category/corporates,googleadservices.com,1,1,1,1,0,1,0,0
/global/archives/category/corporates,linkedin.com,1,1,1,1,7,4,0,0
/global/archives/category/corporates,skenergy.com,1,1,1,1,8,4,0,0
/global/archives/category/corporates,skenmove.com,1,1,1,1,4,3,0,0
/global/archives/category/corporates,skmagic.hanbiro.net,1,1,1,1,1,4,0,0
/global/archives/category/corporates/sk-earthon,chn.sk-on.com,1,1,1,1,15,4,0,0
/global/archives/category/corporates/sk-energy,bing,1,1,1,1,10,4,0,0
/global/archives/category/corporates/sk-energy,skenergy.com,1,1,1,1,97,5,0,0
/global/archives/category/corporates/sk-geo-centric,skinnovation.com,1,1,1,1,8,4,0,0
/global/archives/category/corporates/sk-ie-technology,linkedin.com,1,2,1,1,43,5,0,0
/global/archives/category/corporates/sk-ie-technology,skinnovation.com,1,1,1,1,72,4,0,0
/global/archives/category/corporates/sk-incheon-petrochem,(direct),1,1,1,1,0,3,0,0
/global/archives/category/corporates/sk-incheon-petrochem,eng.skgeocentric.com,1,1,1,1,0,3,0,0
/global/archives/category/corporates/sk-innovation,bing,1,1,1,1,13,4,0,0
/global/archives/category/corporates/sk-innovation,linkedin.com,1,1,1,1,11,4,0,0
/global/archives/category/corporates/sk-on,eng.skgeocentric.com,1,1,1,1,1,3,0,0
/global/archives/category/corporates/sk-on,skenergy.com,1,1,1,1,52,3,0,0
/global/archives/category/corporates/sk-rading-international,skmagic.hanbiro.net,1,1,1,1,19,4,0,0
/global/archives/category/insight,chn.sk-on.com,1,1,1,1,2,3,0,0
/global/archives/category/insight,cn.bing.com,1,1,1,1,6,3,0,0
/global/archives/category/insight,googleadservices.com,1,1,1,1,0,3,0,0
/global/archives/category/insight,skinnovation.com,1,1,1,1,1,4,0,0
/global/archives/category/insight,yahoo,1,1,1,1,10,4,0,0
/global/archives/category/insight/expert-voice,google,1,1,1,1,4,4,0,0
/global/archives/category/people,linkedin.com,1,1,1,1,13,4,0,0
/global/archives/category/people,skinnovation.com,1,1,1,1,2,4,0,0
/global/archives/category/people/inno-people,linkedin.com,1,1,1,1,5,4,0,0
/global/archives/category/people/inno-people,skenergy.com,1,1,1,1,1,3,0,0
/global/archives/category/people/onsite-report,skinnovation.com,1,1,1,1,15,4,0,0
/global/archives/category/people/sustainability,(direct),1,1,1,1,6,4,0,0
/global/archives/category/press-room,chn.sk-on.com,1,1,1,1,72,4,0,0
/global/archives/category/press-room,cn.bing.com,1,1,1,1,0,3,0,0
/global/archives/category/press-room,edgeservices.bing.com,1,1,1,1,20,4,0,0
/global/archives/category/press-room,eng.sk-on.com,1,1,1,1,14,3,0,0
/global/archives/category/press-room,eng.skgeocentric.com,1,1,1,1,8,4,0,0
/global/archives/category/press-room/financial-results,skinnovation.com,1,1,1,1,3,4,0,0
/global/archives/category/press-room/press-release,chatgpt.com,1,1,1,1,5,4,0,0
/global/archives/category/press-room/press-release,eng.skietechnology.com,1,1,1,1,8,4,0,0
/global/archives/category/press-room/press-release,skenergy.com,1,1,1,1,5,4,0,0
/global/archives/category/press-room/press-release,skenmove.com,1,2,1,1,0,4,0,0
/global/archives/tag/2024,(direct),1,1,1,1,0,3,0,0
/global/archives/tag/advanced-recycling-cluster,google,1,1,1,1,8,3,0,0
/global/archives/tag/advanced-sf-battery,(direct),1,1,1,1,5,5,0,0
/global/archives/tag/all-solid-state-battery,google,1,1,1,1,8,5,0,0
/global/archives/tag/art,google,1,1,1,1,8,5,0,0
/global/archives/tag/australia,google,1,2,1,1,0,6,0,0
/global/archives/tag/batteries,skinnovation.com,1,1,1,1,10,4,0,0
/global/archives/tag/battery,(direct),1,1,1,1,3,4,0,0
/global/archives/tag/battery,google,1,1,1,1,4,3,0,0
/global/archives/tag/bayu-undan-ccs-project,google,1,1,1,1,4,6,0,0
/global/archives/tag/blueovalsk,(direct),1,1,1,1,0,3,0,0
/global/archives/tag/bmw,google,1,1,1,1,7,5,0,0
/global/archives/tag/c3VzdGFpbm,(direct),1,2,2,0.5,11,6,0,0
/global/archives/tag/canada,google,1,1,1,1,17,5,0,0
/global/archives/tag/ccs-hub-project,google,1,1,1,1,2,3,0,0
/global/archives/tag/ccus,google,1,1,1,1,10,5,0,0
/global/archives/tag/co-processing,google,1,1,1,1,4,5,0,0
/global/archives/tag/co-processing,skenergy.com,1,1,1,1,2,4,0,0
/global/archives/tag/daejeon,google,1,2,1,1,8,7,0,0
/global/archives/tag/digital-transformation,google,1,1,1,1,3,5,0,0
/global/archives/tag/dubai,(direct),1,1,1,1,11,5,0,0
/global/archives/tag/ecopro-bm,(direct),1,1,1,1,2,4,0,0
/global/archives/tag/energy-company,skenergy.com,1,1,1,1,27,3,0,0
/global/archives/tag/energy-super-station,google,1,1,1,1,13,5,0,0
/global/archives/tag/ev-battery,www4.bing.com,1,1,1,1,31,4,0,0
/global/archives/tag/evs,google,1,1,1,1,0,3,0,0
/global/archives/tag/f-150-lightning,google,1,1,1,1,2,6,0,0
/global/archives/tag/financial-results,(direct),1,2,1,1,0,5,0,0
/global/archives/tag/flexible-display,google,1,1,1,1,13,5,0,0
/global/archives/tag/ford,(direct),1,1,1,1,9,5,0,0
/global/archives/tag/germany,google,1,1,1,1,3,4,0,0
/global/archives/tag/green-innovation,(direct),1,1,1,1,0,3,0,0
/global/archives/tag/green-innovation,google,1,1,1,1,7,3,0,0
/global/archives/tag/group-iii-base-oil,google,1,1,1,1,5,5,0,0
/global/archives/tag/gs-energy,(direct),1,1,1,1,17,5,0,0
/global/archives/tag/hydrogen,google,1,1,1,1,2,5,0,0
/global/archives/tag/interbattery-2024,google,1,1,1,1,8,4,0,0
/global/archives/tag/ketapu-cluster,linkedin.com,1,1,1,1,3,3,0,0
/global/archives/tag/libs,skinnovation.com,1,1,1,1,35,4,0,0
/global/archives/tag/life-cycle-assessment,google,1,1,1,1,3,4,0,0
/global/archives/tag/lithium-ion-battery,google,1,1,1,1,0,4,0,0
/global/archives/tag/mbwa,google,1,2,1,1,0,6,0,0
/global/archives/tag/myanmart,(direct),1,1,1,1,4,3,0,0
/global/archives/tag/ncm,google,1,1,1,1,0,4,0,0
/global/archives/tag/op,google,1,1,1,1,10,4,0,0
/global/archives/tag/pat-wilson,google,1,2,1,1,0,6,0,0
/global/archives/tag/pct,google,1,1,1,1,2,5,0,0
/global/archives/tag/petronas,google,1,1,1,1,0,4,0,0
/global/archives/tag/plogging,google,1,1,1,1,15,4,0,0
/global/archives/tag/poe,google,1,1,1,1,29,5,0,0
/global/archives/tag/project,google,1,1,1,1,0,2,0,0
/global/archives/tag/rhee-jang-weon,google,1,1,1,1,18,4,0,0
/global/archives/tag/saf,(direct),1,2,2,0.5,3.5,4,0,0
/global/archives/tag/saf,skenergy.com,1,1,1,1,6,4,0,0
/global/archives/tag/seosan-plant,google,1,1,1,1,11,3,0,0
/global/archives/tag/separator,google,1,1,1,1,8,5,0,0
/global/archives/tag/silesia,google,1,1,1,1,11,3,0,0
/global/archives/tag/sk-block-427,google,1,1,1,1,0,3,0,0
/global/archives/tag/sk-global-chemical,google,1,1,1,1,0,4,0,0
/global/archives/tag/sk-incheon-petrochem,google,1,1,1,1,14,5,0,0
/global/archives/tag/sk-inside,lens.google.com,1,1,1,1,2,4,0,0
/global/archives/tag/sk-lubricants,google,1,1,1,1,41,3,0,0
/global/archives/tag/sk-on,chn.sk-on.com,1,1,1,1,36,4,0,0
/global/archives/tag/skba,(direct),1,1,1,1,1,5,0,0
/global/archives/tag/skbh,google,1,1,1,1,1,5,0,0
/global/archives/tag/skea,google,1,1,1,1,0,3,0,0
/global/archives/tag/sken,(direct),1,1,1,1,8,6,0,0
/global/archives/tag/skgca,google,1,1,1,1,1,5,0,0
/global/archives/tag/skhb,google,1,1,1,1,4,5,0,0
/global/archives/tag/skle,google,1,1,1,1,0,4,0,0
/global/archives/tag/sk综合化学,google,1,1,1,1,9,5,0,0
/global/archives/tag/spinoff,google,1,1,1,1,4,6,0,0
/global/archives/tag/star,google,1,1,1,1,8,3,0,0
/global/archives/tag/sustainable-aviation-fuel,(direct),1,1,1,1,13,4,0,0
/global/archives/tag/sustainable-packaging-materials,(direct),1,1,1,1,4,4,0,0
/global/archives/tag/tesla,fahnd.com,1,1,1,1,0,5,0,0
/global/archives/tag/weixing-chemical,google,1,1,1,1,4,4,0,0
/global/archives/tag/yubase,cn.bing.com,1,2,1,1,21,7,0,0
/global/archives/tag/yubase,google,1,1,1,1,4,5,0,0
/global/archives/tag/z-folding,google,1,1,1,1,7,5,0,0
/global/family-site-links,google,1,1,1,1,25,6,0,0
/global/latestnews,bing,1,1,1,1,6,4,0,0
/global/latestnews,euc-excel.officeapps.live.com,1,1,1,1,2,5,0,0
/global/latestnews,skenmove.com,1,1,1,1,0,3,0,0
/global/latestnews,yahoo,1,1,1,1,16,4,0,0
/global/legal-notices,chn.sk-on.com,1,1,1,1,6,3,0,0
/global/legal-notices,skinnovation.com,1,1,1,1,14,4,0,0
/global/sustainability-report,(direct),1,1,1,1,12,5,0,0
/global/archives/10897,google,0,1,1,0,20,1,0,0
/global/archives/10977,linkedin.com,0,1,1,0,0,2,0,0
/global/archives/12667,(not set),0,1,1,0,7,3,0,0
/global/archives/13521,(not set),0,1,1,0,19,3,0,0
/global/archives/15204,(not set),0,1,1,0,6,2,0,0
/global/archives/15462,linkedin.com,0,1,1,0,0,2,0,0
/global/archives/15490,(not set),0,1,1,0,0,1,0,0
/global/archives/15865,(not set),0,1,1,0,0,1,0,0
/global/archives/16448,linkedin.com,0,1,1,0,115,1,0,0
/global/archives/17499,(not set),0,1,1,0,0,1,0,0
/global/archives/17965,google,0,1,1,0,0,2,0,0
/global/archives/18283,statics.teams.cdn.office.net,0,1,0,0,0,2,0,0
/global/archives/18546,(not set),0,1,0,0,0,1,0,0
/global/archives/18546,chatgpt.com,0,1,1,0,317,1,0,0
/global/archives/18753,(direct),0,1,1,0,0,2,0,0
/global/archives/18770,chatgpt.com,0,1,1,0,0,2,0,0
/global/archives/19045,evaluateenergy.com,0,1,1,0,0,2,0,0
/global/archives/19078,(not set),0,1,0,0,0,1,0,0
/global/archives/3304,(direct),0,1,0,0,0,2,0,0
/global/archives/6216,chatgpt.com,0,1,0,0,0,2,0,0
/global/archives/category/corporates/sk-incheon-petrochem,linkedin.com,0,1,1,0,95,1,0,0
/global/archives/category/people,bing,0,1,0,0,0,2,0,0
/global/archives/tag/中国,cn.bing.com,0,1,1,0,1,3,0,0
/global/latestnews,(not set),0,16,16,0,20.3125,16,0,0