# ----------------------------------------
# 보고서 CSV 내보내기
# 계정: skinno global
# 속성: skinno 글로벌 - GA4
# ----------------------------------------
# 
# 모든 사용자
# 시작일: 20240909
# 종료일: 20240915
페이지 경로 및 화면 클래스,기기 카테고리,조회수,세션수,활성 사용자,활성 사용자당 조회수,활성 사용자당 평균 참여 시간,이벤트 수,주요 이벤트,총 수익
/global/archives/19045,mobile,8838,6849,6307,1.401300142698589,4.442048517520216,33685,0,0
/global/archives/19045,desktop,627,565,483,1.2981366459627328,19.40993788819876,2670,0,0
/pagead/aclk,mobile,426,173,154,2.7662337662337664,0,1070,0,0
/global/,desktop,264,191,152,1.736842105263158,32.33552631578947,1106,0,0
/global/archives/19078,desktop,231,240,185,1.2486486486486486,42.61081081081081,1018,0,0
/global/latestnews,desktop,153,159,124,1.2338709677419355,19.193548387096776,586,0,0
/global/,mobile,141,99,94,1.5,10.127659574468085,445,0,0
/global/archives/19078,mobile,132,113,104,1.2692307692307692,11.153846153846153,514,0,0
/global/archives/19045,tablet,115,90,78,1.4743589743589745,5,427,0,0
/global/archives/18546,desktop,105,122,72,1.4583333333333333,84.125,462,0,0
/global/archives/17426,desktop,64,59,45,1.4222222222222223,46.55555555555556,277,0,0
/global/archives/category/press-room/press-release,desktop,61,53,41,1.4878048780487805,28.658536585365855,239,0,0
/global/archives/category/corporates,desktop,52,33,28,1.8571428571428572,21.392857142857142,200,0,0
/global/archives/category/press-room/financial-results,desktop,50,29,23,2.1739130434782608,28.52173913043478,197,0,0
/global/archives/18608,desktop,44,35,26,1.6923076923076923,48.19230769230769,171,0,0
/global/archives/18770,desktop,41,45,27,1.5185185185185186,90.51851851851852,167,0,0
/global/archives/9910,desktop,38,38,30,1.2666666666666666,55.53333333333333,168,0,0
/global/archives/category/corporates/sk-innovation,desktop,38,29,25,1.52,13.56,148,0,0
/global/archives/9910,mobile,35,31,30,1.1666666666666667,58.86666666666667,148,0,0
/global/archives/category/corporates/sk-on,desktop,34,26,20,1.7,41.35,127,0,0
/global/archives/6216,desktop,30,35,22,1.3636363636363635,31.136363636363637,148,0,0
/global/archives/category/people,desktop,30,27,25,1.2,10,112,0,0
/global/archives/category/press-room,desktop,30,21,18,1.6666666666666667,28.666666666666668,113,0,0
/global/archives/category/corporates/sk-earthon,desktop,27,17,15,1.8,17.733333333333334,100,0,0
/global/archives/13780,desktop,26,22,16,1.625,34.375,107,0,0
/global/archives/18659,desktop,26,23,18,1.4444444444444444,70.66666666666667,101,0,0
/global/archives/category/insight,desktop,25,23,22,1.1363636363636365,7.545454545454546,95,0,0
/global/archives/17595,desktop,24,28,17,1.411764705882353,33.529411764705884,105,0,0
/global/archives/11807,desktop,23,18,11,2.090909090909091,83.36363636363636,95,0,0
/global/archives/18107,mobile,22,21,20,1.1,45.1,95,0,0
/global/archives/18753,desktop,22,25,13,1.6923076923076923,34.69230769230769,81,0,0
/global/archives/6377,mobile,22,24,20,1.1,7.25,97,0,0
/global/archives/category/corporates/sk-earthon,mobile,22,19,18,1.2222222222222223,14.11111111111111,77,0,0
/global/archives/4921,mobile,21,19,17,1.2352941176470589,24.705882352941178,89,0,0
/global/archives/category/corporate/sk-energy,desktop,21,20,18,1.1666666666666667,11.277777777777779,96,0,0
/global/archives/16532,desktop,20,21,13,1.5384615384615385,25.384615384615383,79,0,0
/global/archives/3820,desktop,20,20,16,1.25,22,92,0,0
/global/archives/category/corporates/sk-geo-centric,desktop,19,9,8,2.375,25.375,67,0,0
/global/archives/15687,desktop,17,18,12,1.4166666666666667,89.08333333333333,73,0,0
/global/archives/16060,desktop,17,22,15,1.1333333333333333,4.333333333333333,72,0,0
/global/archives/category/corporates/sk-enmove,desktop,17,10,9,1.8888888888888888,25.11111111111111,62,0,0
/global/archives/18283,desktop,16,21,15,1.0666666666666667,20.533333333333335,75,0,0
/global/archives/19014,desktop,16,16,12,1.3333333333333333,39.416666666666664,69,0,0
/global/archives/15374,desktop,15,13,10,1.5,112.4,58,0,0
/global/archives/17569,desktop,15,14,13,1.1538461538461537,25.307692307692307,66,0,0
/global/archives/18361,desktop,15,15,13,1.1538461538461537,41.07692307692308,61,0,0
/global/archives/category/corporate/sk-geo-centric,desktop,15,11,6,2.5,57,58,0,0
/global/archives/category/corporates/sk-energy,desktop,15,12,11,1.3636363636363635,45.18181818181818,60,0,0
/global/archives/15490,desktop,14,16,11,1.2727272727272727,10,55,0,0
/global/archives/15937,desktop,14,13,5,2.8,40.2,49,0,0
/global/archives/17216,desktop,14,16,13,1.0769230769230769,17,59,0,0
/global/archives/18140,desktop,14,17,12,1.1666666666666667,23.75,55,0,0
/global/archives/12106,desktop,13,14,6,2.1666666666666665,20.833333333333332,50,0,0
/global/archives/15259,desktop,13,13,13,1,1.3846153846153846,52,0,0
/global/archives/16286,desktop,13,12,12,1.0833333333333333,3.75,53,0,0
/global/archives/16448,desktop,13,13,9,1.4444444444444444,26.11111111111111,56,0,0
/global/archives/17623,desktop,13,13,11,1.1818181818181819,11.545454545454545,53,0,0
/global/archives/18436,desktop,13,14,13,1,16.846153846153847,60,0,0
/global/archives/12022,desktop,12,13,12,1,45.5,59,0,0
/global/archives/17950,desktop,12,13,9,1.3333333333333333,94.66666666666667,51,0,0
/global/archives/18546,mobile,12,11,9,1.3333333333333333,8.777777777777779,49,0,0
/global/archives/18690,desktop,12,12,9,1.3333333333333333,37.22222222222222,48,0,0
/global/archives/tag/malaysia,mobile,12,11,11,1.0909090909090908,8.272727272727273,35,0,0
/global/sustainability-report,desktop,12,13,11,1.0909090909090908,7,59,0,0
/global/archives/13521,desktop,11,11,11,1,43.18181818181818,50,0,0
/global/archives/17356,desktop,11,10,10,1.1,15.9,48,0,0
/global/archives/17569,mobile,11,11,10,1.1,5.7,46,0,0
/global/archives/3709,desktop,11,9,7,1.5714285714285714,27.571428571428573,38,0,0
/global/archives/category/corporate/sk-enmove,desktop,11,8,7,1.5714285714285714,28.714285714285715,49,0,0
/global/archives/tag/2024-q2,desktop,11,5,5,2.2,16,44,0,0
/global/archives/tag/financial-results,desktop,11,6,4,2.75,10,43,0,0
/global/archives/10774,desktop,10,11,9,1.1111111111111112,20.333333333333332,46,0,0
/global/archives/16376,desktop,10,11,10,1,124.3,49,0,0
/global/archives/16154,desktop,9,8,8,1.125,63,37,0,0
/global/archives/17169,desktop,9,10,5,1.8,23.2,34,0,0
/global/archives/17313,desktop,9,9,6,1.5,25.333333333333332,37,0,0
/global/archives/18065,desktop,9,9,8,1.125,4.375,37,0,0
/global/archives/18107,desktop,9,10,9,1,183.55555555555554,48,0,0
/global/archives/18743,desktop,9,12,8,1.125,15.25,35,0,0
/global/archives/7445,desktop,9,9,9,1,47.333333333333336,39,0,0
/global/archives/8067,desktop,9,5,3,3,88.66666666666667,36,0,0
/global/archives/category/corporates/sk-enterm,desktop,9,8,4,2.25,11.5,34,0,0
/global/archives/category/corporates/sk-ie-technology,desktop,9,9,7,1.2857142857142858,31.285714285714285,34,0,0
/global/archives/category/insight/trend_report,desktop,9,7,7,1.2857142857142858,18.857142857142858,35,0,0
/global/archives/11087,desktop,8,9,8,1,58.5,37,0,0
/global/archives/14193,desktop,8,9,6,1.3333333333333333,94.16666666666667,41,0,0
/global/archives/15007,desktop,8,8,8,1,37.75,42,0,0
/global/archives/16463,desktop,8,8,7,1.1428571428571428,5.857142857142857,36,0,0
/global/archives/17514,desktop,8,9,8,1,73.5,36,0,0
/global/archives/18421,desktop,8,8,6,1.3333333333333333,17,31,0,0
/global/archives/18989,mobile,8,6,6,1.3333333333333333,9,30,0,0
/global/archives/253,desktop,8,6,3,2.6666666666666665,29.666666666666668,29,0,0
/global/archives/category/corporates/sk-rading-international,desktop,8,6,4,2,27,29,0,0
/global/archives/10913,desktop,7,8,5,1.4,16,29,0,0
/global/archives/12220,desktop,7,7,6,1.1666666666666667,48.5,29,0,0
/global/archives/12306,desktop,7,8,7,1,10.142857142857142,24,0,0
/global/archives/15490,mobile,7,6,5,1.4,68.8,27,0,0
/global/archives/15664,desktop,7,9,5,1.4,8,31,0,0
/global/archives/16060,mobile,7,7,6,1.1666666666666667,36.166666666666664,24,0,0
/global/archives/16834,desktop,7,7,7,1,16.714285714285715,33,0,0
/global/archives/17446,desktop,7,7,6,1.1666666666666667,37.833333333333336,29,0,0
/global/archives/17476,mobile,7,7,7,1,53,29,0,0
/global/archives/4499,mobile,7,4,4,1.75,34,26,0,0
/global/archives/category/corporates/sk-innovation,mobile,7,5,5,1.4,15,22,0,0
/global/archives/category/press-room,mobile,7,7,7,1,2.4285714285714284,21,0,0
/global/archives/tag/1-4-butanediol,desktop,7,3,3,2.3333333333333335,11,31,0,0
/global/archives/tag/crude-oil,mobile,7,7,7,1,1.4285714285714286,20,0,0
/global/archives/tag/ketapu-cluster,mobile,7,7,7,1,4.857142857142857,24,0,0
/global/archives/tag/nickel,desktop,7,7,7,1,2.4285714285714284,29,0,0
/global/who-we-are,desktop,7,6,6,1.1666666666666667,54.166666666666664,35,0,0
/global/archives/1058,mobile,6,6,2,3,0,19,0,0
/global/archives/10835,desktop,6,5,4,1.5,47.75,25,0,0
/global/archives/11004,desktop,6,7,4,1.5,60.75,26,0,0
/global/archives/12147,desktop,6,7,6,1,98.66666666666667,31,0,0
/global/archives/14243,desktop,6,7,5,1.2,21.2,26,0,0
/global/archives/14491,desktop,6,7,4,1.5,39,26,0,0
/global/archives/15374,mobile,6,5,5,1.2,37,23,0,0
/global/archives/15462,desktop,6,7,5,1.2,32.4,30,0,0
/global/archives/15574,desktop,6,7,6,1,49.5,26,0,0
/global/archives/16480,desktop,6,7,5,1.2,11.8,26,0,0
/global/archives/16493,desktop,6,3,2,3,120.5,20,0,0
/global/archives/16787,desktop,6,5,5,1.2,14.2,26,0,0
/global/archives/17499,desktop,6,6,6,1,109.33333333333333,28,0,0
/global/archives/17499,mobile,6,7,6,1,46.166666666666664,23,0,0
/global/archives/17990,desktop,6,7,5,1.2,6.2,27,0,0
/global/archives/18301,desktop,6,5,4,1.5,35.75,24,0,0
/global/archives/18445,desktop,6,6,6,1,30.5,25,0,0
/global/archives/18989,desktop,6,7,6,1,45.166666666666664,23,0,0
/global/archives/9509,desktop,6,4,2,3,94,23,0,0
/global/archives/category/people/inno-people,desktop,6,7,6,1,6.5,24,0,0
/global/archives/category/press-room/press-release,mobile,6,5,5,1.2,4.6,23,0,0
/global/archives/tag/blueovalsk,desktop,6,5,4,1.5,7.75,26,0,0
/global/archives/tag/ep-business,mobile,6,6,6,1,2.8333333333333335,18,0,0
/global/archives/tag/g-15-ap-block,desktop,6,3,3,2,56.666666666666664,24,0,0
/global/archives/12147,mobile,5,5,4,1.25,3,19,0,0
/global/archives/12190,desktop,5,5,5,1,105.2,19,0,0
/global/archives/12274/skee,desktop,5,5,5,1,31.8,26,0,0
/global/archives/12471,desktop,5,6,3,1.6666666666666667,13.333333333333334,16,0,0
/global/archives/14766,desktop,5,7,5,1,66.6,24,0,0
/global/archives/15865,desktop,5,6,2,2.5,37,21,0,0
/global/archives/16583,desktop,5,4,3,1.6666666666666667,7.666666666666667,17,0,0
/global/archives/16925,desktop,5,4,3,1.6666666666666667,39,15,0,0
/global/archives/17047,desktop,5,5,3,1.6666666666666667,27,22,0,0
/global/archives/17737,desktop,5,7,5,1,10.4,28,0,0
/global/archives/17817,desktop,5,7,5,1,19.2,24,0,0
/global/archives/17990,mobile,5,5,5,1,16.6,23,0,0
/global/archives/18388,desktop,5,4,4,1.25,42,25,0,0
/global/archives/18659,mobile,5,5,4,1.25,0,19,0,0
/global/archives/18695,desktop,5,4,3,1.6666666666666667,11.333333333333334,20,0,0
/global/archives/19014,mobile,5,3,3,1.6666666666666667,25.333333333333332,16,0,0
/global/archives/3962,desktop,5,4,4,1.25,19.5,21,0,0
/global/archives/4921,desktop,5,6,1,5,0,17,0,0
/global/archives/9509,mobile,5,3,3,1.6666666666666667,79.66666666666667,21,0,0
/global/archives/category/corporates/sk-incheon-petrochem,desktop,5,5,4,1.25,28.25,19,0,0
/global/archives/category/people,mobile,5,5,5,1,2.4,13,0,0
/global/archives/tag/skoh,desktop,5,4,4,1.25,5.5,24,0,0
/global/archives/tag/solid-power,desktop,5,2,2,2.5,32.5,19,0,0
/global/archives/10802,desktop,4,3,3,1.3333333333333333,161,19,0,0
/global/archives/10939,desktop,4,4,3,1.3333333333333333,21.666666666666668,16,0,0
/global/archives/11807,mobile,4,4,4,1,15.25,18,0,0
/global/archives/12022,mobile,4,3,3,1.3333333333333333,29.666666666666668,20,0,0
/global/archives/13130,desktop,4,4,4,1,9.25,14,0,0
/global/archives/14078,desktop,4,3,3,1.3333333333333333,16.666666666666668,14,0,0
/global/archives/14415,desktop,4,3,3,1.3333333333333333,14,15,0,0
/global/archives/14634,desktop,4,4,4,1,74,17,0,0
/global/archives/14766,mobile,4,3,3,1.3333333333333333,16,15,0,0
/global/archives/16154,mobile,4,4,1,4,0,12,0,0
/global/archives/16463,mobile,4,4,3,1.3333333333333333,36.333333333333336,16,0,0
/global/archives/16719,desktop,4,5,2,2,77,15,0,0
/global/archives/17623,mobile,4,4,4,1,15.5,17,0,0
/global/archives/18022,desktop,4,4,4,1,23.25,19,0,0
/global/archives/18301,mobile,4,4,4,1,19.25,19,0,0
/global/archives/18374,desktop,4,4,4,1,25.5,16,0,0
/global/archives/18445,mobile,4,1,1,4,0,10,0,0
/global/archives/18770,mobile,4,4,4,1,4.25,14,0,0
/global/archives/4844,desktop,4,4,3,1.3333333333333333,8.333333333333334,16,0,0
/global/archives/6734,desktop,4,3,3,1.3333333333333333,49,17,0,0
/global/archives/6824,desktop,4,4,4,1,78.5,20,0,0
/global/archives/8350,desktop,4,4,3,1.3333333333333333,15.333333333333334,19,0,0
/global/archives/8400,desktop,4,4,4,1,6.75,16,0,0
/global/archives/9709,desktop,4,4,4,1,187.75,18,0,0
/global/archives/9837,desktop,4,2,2,2,37,17,0,0
/global/archives/category/corporate/sk-ie-technology,desktop,4,4,3,1.3333333333333333,27.333333333333332,18,0,0
/global/archives/category/corporate/sk-on,desktop,4,5,2,2,4.5,17,0,0
/global/archives/category/corporates/sk-energy,mobile,4,3,2,2,6.5,14,0,0
/global/archives/category/corporates/sk-geo-centric,mobile,4,2,2,2,42,13,0,0
/global/archives/category/people/sustainability,desktop,4,3,3,1.3333333333333333,18,16,0,0
/global/archives/tag/skbmp,desktop,4,5,4,1,10,18,0,0
/global/archives/tag/solid-power,mobile,4,3,3,1.3333333333333333,12,18,0,0
/global/archives/tag/sustainable-aviation-fuel,desktop,4,2,2,2,24.5,16,0,0
/global/privacy-policy,desktop,4,3,3,1.3333333333333333,35,15,0,0
/global/인터배터리-2024-sk온-부스_05,desktop,4,1,1,4,36,17,0,0
/global/archives/10767,desktop,3,3,3,1,19.666666666666668,11,0,0
/global/archives/11037,desktop,3,3,3,1,13,13,0,0
/global/archives/11161,desktop,3,4,3,1,22,16,0,0
/global/archives/11537,desktop,3,3,3,1,84,14,0,0
/global/archives/12072,desktop,3,4,3,1,18.666666666666668,16,0,0
/global/archives/12667,desktop,3,5,4,0.75,15.75,17,0,0
/global/archives/13544,desktop,3,1,1,3,41,12,0,0
/global/archives/13932,desktop,3,3,3,1,34.666666666666664,14,0,0
/global/archives/14226,desktop,3,5,3,1,19.333333333333332,14,0,0
/global/archives/14634,mobile,3,3,3,1,15.333333333333334,12,0,0
/global/archives/14688,desktop,3,3,2,1.5,27.5,13,0,0
/global/archives/14770,desktop,3,4,3,1,6.666666666666667,14,0,0
/global/archives/15592,desktop,3,2,2,1.5,10,12,0,0
/global/archives/15610,desktop,3,1,1,3,48,12,0,0
/global/archives/15623,desktop,3,2,2,1.5,83,14,0,0
/global/archives/15689,desktop,3,2,1,3,21,12,0,0
/global/archives/16169,desktop,3,4,3,1,36,14,0,0
/global/archives/16334,desktop,3,4,3,1,32.333333333333336,14,0,0
/global/archives/16613,mobile,3,2,1,3,0,8,0,0
/global/archives/17022,desktop,3,3,3,1,48,15,0,0
/global/archives/17216,mobile,3,3,3,1,35,13,0,0
/global/archives/17386,desktop,3,3,3,1,79.33333333333333,16,0,0
/global/archives/17460,mobile,3,3,3,1,8.666666666666666,13,0,0
/global/archives/17476,desktop,3,3,3,1,4.666666666666667,10,0,0
/global/archives/17737,mobile,3,3,3,1,52.666666666666664,15,0,0
/global/archives/17796,desktop,3,3,1,3,1,9,0,0
/global/archives/18478,desktop,3,4,3,1,22.666666666666668,13,0,0
/global/archives/18623,desktop,3,3,2,1.5,65,11,0,0
/global/archives/18639,mobile,3,1,1,3,26,10,0,0
/global/archives/18708,desktop,3,3,3,1,11,12,0,0
/global/archives/2329,desktop,3,3,3,1,75.66666666666667,13,0,0
/global/archives/3158,mobile,3,1,1,3,11,11,0,0
/global/archives/4518,desktop,3,3,3,1,66.33333333333333,12,0,0
/global/archives/4612,desktop,3,3,3,1,100,14,0,0
/global/archives/4751,desktop,3,4,3,1,53.333333333333336,16,0,0
/global/archives/4776,desktop,3,3,3,1,47.666666666666664,15,0,0
/global/archives/5234,desktop,3,3,3,1,24.666666666666668,13,0,0
/global/archives/5853,desktop,3,1,1,3,42,11,0,0
/global/archives/5892,desktop,3,3,3,1,20,16,0,0
/global/archives/6216,mobile,3,3,3,1,91,13,0,0
/global/archives/6313,desktop,3,3,2,1.5,17.5,14,0,0
/global/archives/6377,desktop,3,4,3,1,30.333333333333332,14,0,0
/global/archives/6377,tablet,3,2,2,1.5,0,7,0,0
/global/archives/7292,desktop,3,3,3,1,13.333333333333334,14,0,0
/global/archives/7919,desktop,3,3,3,1,17,14,0,0
/global/archives/822,desktop,3,2,2,1.5,29.5,13,0,0
/global/archives/9548,mobile,3,2,2,1.5,35,13,0,0
/global/archives/9740,desktop,3,4,3,1,2.3333333333333335,14,0,0
/global/archives/category/corporates,mobile,3,3,3,1,20.666666666666668,9,0,0
/global/archives/category/people/ceo-leaders,desktop,3,3,3,1,8,14,0,0
/global/archives/category/people/inno-people,mobile,3,3,3,1,12,9,0,0
/global/archives/category/press-room/issue-fact,desktop,3,4,4,0.75,8.25,13,0,0
/global/archives/tag/board-of-directors,desktop,3,2,1,3,6,9,0,0
/global/archives/tag/carbon-capture,desktop,3,2,2,1.5,24,11,0,0
/global/archives/tag/earnings,desktop,3,1,1,3,36,12,0,0
/global/archives/tag/ess,mobile,3,1,1,3,16,10,0,0
/global/archives/tag/europe,mobile,3,1,1,3,23,10,0,0
/global/archives/tag/ketapu-cluster,desktop,3,3,3,1,10.333333333333334,11,0,0
/global/archives/tag/ncm811,mobile,3,2,2,1.5,13.5,13,0,0
/global/archives/tag/pouch-type-battery,desktop,3,2,2,1.5,10,15,0,0
/global/archives/tag/revenue,desktop,3,2,2,1.5,9,11,0,0
/global/archives/tag/sarawak,mobile,3,3,3,1,150.66666666666666,12,0,0
/global/archives/tag/sk-functional-polymer,desktop,3,1,1,3,238,12,0,0
/global/archives/tag/sken,desktop,3,2,2,1.5,50.5,14,0,0
/global/archives/tag/ulsan-complex,desktop,3,3,2,1.5,52.5,15,0,0
/global/archives/tag/中韩石化,desktop,3,1,1,3,12,13,0,0
/global/legal-notices,mobile,3,2,2,1.5,17.5,11,0,0
/global/,tablet,2,1,1,2,48,8,0,0
/global/archives/10133,desktop,2,2,2,1,11,11,0,0
/global/archives/10310,desktop,2,1,1,2,47,9,0,0
/global/archives/10654,desktop,2,3,2,1,7.5,11,0,0
/global/archives/10872,desktop,2,2,2,1,3.5,8,0,0
/global/archives/11004,mobile,2,2,2,1,2,9,0,0
/global/archives/11214,desktop,2,2,2,1,8,10,0,0
/global/archives/1175,desktop,2,2,2,1,9.5,9,0,0
/global/archives/11992,desktop,2,3,1,2,0,9,0,0
/global/archives/12072,mobile,2,1,1,2,65,7,0,0
/global/archives/12091,desktop,2,3,2,1,20.5,10,0,0
/global/archives/12106,mobile,2,2,2,1,1.5,9,0,0
/global/archives/12306,mobile,2,2,2,1,24.5,7,0,0
/global/archives/12319,desktop,2,3,2,1,30.5,6,0,0
/global/archives/1257,desktop,2,2,2,1,7.5,9,0,0
/global/archives/12603,desktop,2,1,1,2,46,8,0,0
/global/archives/12688,desktop,2,2,2,1,48.5,8,0,0
/global/archives/12950,desktop,2,2,2,1,48,11,0,0
/global/archives/13018,desktop,2,2,1,2,3,7,0,0
/global/archives/13230,desktop,2,2,2,1,11.5,9,0,0
/global/archives/13329,desktop,2,2,1,2,7,6,0,0
/global/archives/13443,desktop,2,2,2,1,59,8,0,0
/global/archives/13804,mobile,2,2,1,2,2,9,0,0
/global/archives/13850,desktop,2,2,2,1,17.5,10,0,0
/global/archives/14065,desktop,2,2,2,1,47.5,9,0,0
/global/archives/14243,mobile,2,2,2,1,77,11,0,0
/global/archives/14333,desktop,2,3,2,1,23.5,6,0,0
/global/archives/14354,mobile,2,2,2,1,14,9,0,0
/global/archives/14788,desktop,2,2,2,1,0,7,0,0
/global/archives/1493,desktop,2,3,1,2,87,10,0,0
/global/archives/15103,desktop,2,2,2,1,15.5,9,0,0
/global/archives/15103,mobile,2,2,2,1,74,11,0,0
/global/archives/15353,mobile,2,2,2,1,11,8,0,0
/global/archives/15840,desktop,2,2,2,1,32,9,0,0
/global/archives/16131,desktop,2,3,2,1,4.5,9,0,0
/global/archives/16376,mobile,2,2,1,2,2,8,0,0
/global/archives/16532,mobile,2,2,2,1,0,6,0,0
/global/archives/16583,mobile,2,2,2,1,0,4,0,0
/global/archives/16613,desktop,2,2,2,1,30.5,11,0,0
/global/archives/16624,desktop,2,1,1,2,24,7,0,0
/global/archives/16881,desktop,2,3,2,1,3,11,0,0
/global/archives/16925,mobile,2,2,2,1,4,6,0,0
/global/archives/16939,desktop,2,2,2,1,1.5,9,0,0
/global/archives/16970,desktop,2,2,2,1,4.5,10,0,0
/global/archives/1722,desktop,2,2,2,1,57.5,10,0,0
/global/archives/17356,mobile,2,2,1,2,133,8,0,0
/global/archives/17386,mobile,2,2,2,1,180,11,0,0
/global/archives/17595,mobile,2,2,2,1,9,8,0,0
/global/archives/17965,desktop,2,2,1,2,144,8,0,0
/global/archives/17989,desktop,2,3,2,1,8.5,11,0,0
/global/archives/18208,desktop,2,2,2,1,40,10,0,0
/global/archives/18283,mobile,2,2,2,1,3.5,9,0,0
/global/archives/18332,mobile,2,1,1,2,29,6,0,0
/global/archives/18374,mobile,2,1,1,2,1,7,0,0
/global/archives/18500,desktop,2,2,2,1,117,10,0,0
/global/archives/18500,mobile,2,2,2,1,40,9,0,0
/global/archives/18608,mobile,2,1,1,2,376,10,0,0
/global/archives/18783,desktop,2,2,2,1,50,10,0,0
/global/archives/19045,smart tv,2,2,2,1,0.5,8,0,0
/global/archives/2026,desktop,2,3,2,1,6.5,10,0,0
/global/archives/2280,desktop,2,1,1,2,9,8,0,0
/global/archives/3518,desktop,2,2,2,1,0,7,0,0
/global/archives/3674,desktop,2,2,2,1,1,7,0,0
/global/archives/3820,mobile,2,3,2,1,1.5,9,0,0
/global/archives/4308,desktop,2,3,2,1,33,12,0,0
/global/archives/4360,desktop,2,2,2,1,48,11,0,0
/global/archives/4482,desktop,2,1,1,2,52,9,0,0
/global/archives/449,desktop,2,2,2,1,7,8,0,0
/global/archives/4793,desktop,2,2,1,2,12,8,0,0
/global/archives/489,desktop,2,3,2,1,56.5,12,0,0
/global/archives/489,mobile,2,2,2,1,15.5,7,0,0
/global/archives/5310,desktop,2,2,2,1,6.5,7,0,0
/global/archives/5772,desktop,2,2,2,1,2,9,0,0
/global/archives/6343,desktop,2,2,2,1,37,11,0,0
/global/archives/6504,desktop,2,2,2,1,3,8,0,0
/global/archives/6710,desktop,2,1,1,2,28,8,0,0
/global/archives/6807,desktop,2,2,2,1,11,10,0,0
/global/archives/7292,mobile,2,2,2,1,4,8,0,0
/global/archives/7445,mobile,2,2,2,1,12.5,9,0,0
/global/archives/7596,desktop,2,2,2,1,16,7,0,0
/global/archives/7710,desktop,2,3,2,1,8.5,11,0,0
/global/archives/7740,desktop,2,2,2,1,43,11,0,0
/global/archives/7761,desktop,2,3,2,1,2,10,0,0
/global/archives/7961,mobile,2,2,1,2,0,7,0,0
/global/archives/8230,desktop,2,2,2,1,11.5,10,0,0
/global/archives/8383,mobile,2,2,2,1,4.5,9,0,0
/global/archives/8914,mobile,2,2,2,1,21,9,0,0
/global/archives/8972,desktop,2,2,2,1,3,9,0,0
/global/archives/9043,desktop,2,3,1,2,0,8,0,0
/global/archives/9079,desktop,2,3,1,2,12,10,0,0
/global/archives/9213,desktop,2,2,2,1,0,8,0,0
/global/archives/9493,desktop,2,2,2,1,13,8,0,0
/global/archives/category/ces/ces-2022-ces-2022,mobile,2,1,1,2,0,4,0,0
/global/archives/category/social-value/csr-program,desktop,2,1,1,2,2,8,0,0
/global/archives/tag/2022-esg-report,desktop,2,1,1,2,7,8,0,0
/global/archives/tag/2024-q1,desktop,2,1,1,2,8,8,0,0
/global/archives/tag/battery-monitoring-integrated-circuit,desktop,2,1,1,2,14,10,0,0
/global/archives/tag/biofuel,desktop,2,1,1,2,2,7,0,0
/global/archives/tag/co-processing,desktop,2,2,2,1,3,9,0,0
/global/archives/tag/flexible-cover-window,desktop,2,2,1,2,2,11,0,0
/global/archives/tag/green-bonds,desktop,2,1,1,2,3,7,0,0
/global/archives/tag/green-innovation,desktop,2,2,1,2,7,6,0,0
/global/archives/tag/ioniq-5,desktop,2,1,1,2,13,9,0,0
/global/archives/tag/kentucky,desktop,2,1,1,2,20,10,0,0
/global/archives/tag/malaysia,desktop,2,1,1,2,12,7,0,0
/global/archives/tag/ncm811,desktop,2,2,1,2,17,9,0,0
/global/archives/tag/oh-jong-hoon,desktop,2,1,1,2,6,7,0,0
/global/archives/tag/purecycle-technologies,desktop,2,1,1,2,16,8,0,0
/global/archives/tag/saf,desktop,2,3,3,0.6666666666666666,4.333333333333333,8,0,0
/global/archives/tag/sk-gc-americas,desktop,2,1,1,2,7,9,0,0
/global/archives/tag/sk-gc-americas,mobile,2,2,2,1,12.5,12,0,0
/global/archives/tag/sk-geo-centric,desktop,2,1,1,2,6,7,0,0
/global/archives/tag/sk-innovations-institute-of-environmental-science-technology,desktop,2,2,2,1,5.5,10,0,0
/global/archives/tag/ske,mobile,2,2,1,2,0,7,0,0
/global/archives/tag/sken,mobile,2,2,2,1,4,10,0,0
/global/archives/tag/skeo,desktop,2,1,1,2,27,8,0,0
/global/archives/tag/skeo,mobile,2,2,2,1,34,6,0,0
/global/archives/tag/skipc,desktop,2,2,2,1,15.5,9,0,0
/global/archives/tag/sko,desktop,2,2,2,1,5,10,0,0
/global/archives/tag/sko,mobile,2,2,2,1,0.5,9,0,0
/global/archives/tag/skti,mobile,2,1,1,2,7,8,0,0
/global/archives/tag/tesla,desktop,2,2,2,1,7.5,12,0,0
/global/archives/tag/ulsan,desktop,2,1,1,2,35,8,0,0
/global/archives/tag/vwbe,desktop,2,2,1,2,6,8,0,0
/global/archives/tag/yoo-jae-young,desktop,2,2,1,2,23,10,0,0
/global/archives/tag/yubase,desktop,2,3,2,1,12.5,12,0,0
/global/latestnews,mobile,2,2,2,1,2.5,7,0,0
/global/legal-notices,desktop,2,2,2,1,10,7,0,0
/global/privacy-policy,mobile,2,2,2,1,16.5,7,0,0
/global/,smart tv,1,1,1,1,0,1,0,0
/global/archives/10159,mobile,1,1,1,1,90,6,0,0
/global/archives/10570,desktop,1,1,1,1,103,6,0,0
/global/archives/10574,desktop,1,1,1,1,80,4,0,0
/global/archives/10610,mobile,1,1,1,1,7,5,0,0
/global/archives/10654,mobile,1,1,1,1,172,5,0,0
/global/archives/10713,desktop,1,1,1,1,28,6,0,0
/global/archives/10842,desktop,1,1,1,1,31,5,0,0
/global/archives/10939,mobile,1,1,1,1,60,5,0,0
/global/archives/10977,desktop,1,2,1,1,52,7,0,0
/global/archives/10977,mobile,1,1,1,1,0,3,0,0
/global/archives/10985,desktop,1,1,1,1,3,4,0,0
/global/archives/10985,mobile,1,1,1,1,156,5,0,0
/global/archives/11010,desktop,1,2,1,1,0,5,0,0
/global/archives/11037,tablet,1,1,1,1,7,6,0,0
/global/archives/11058,desktop,1,1,1,1,18,5,0,0
/global/archives/11087,mobile,1,1,1,1,11,5,0,0
/global/archives/11147,desktop,1,1,1,1,10,4,0,0
/global/archives/11286,desktop,1,1,1,1,71,3,0,0
/global/archives/11376,desktop,1,1,1,1,0,4,0,0
/global/archives/11475,desktop,1,1,1,1,19,5,0,0
/global/archives/11486,desktop,1,1,1,1,6,4,0,0
/global/archives/11512,desktop,1,1,1,1,16,4,0,0
/global/archives/11596,desktop,1,1,1,1,72,6,0,0
/global/archives/11623,mobile,1,1,1,1,39,4,0,0
/global/archives/11683,desktop,1,1,1,1,9,4,0,0
/global/archives/11853,desktop,1,1,1,1,48,6,0,0
/global/archives/12008,mobile,1,1,1,1,0,4,0,0
/global/archives/12269,desktop,1,1,1,1,0,3,0,0
/global/archives/12269,mobile,1,1,1,1,16,5,0,0
/global/archives/12274,desktop,1,1,1,1,62,5,0,0
/global/archives/12413,desktop,1,1,1,1,13,3,0,0
/global/archives/12610,desktop,1,1,1,1,4,4,0,0
/global/archives/12692,desktop,1,1,1,1,55,3,0,0
/global/archives/12692/제로카본라이프스타일_5,desktop,1,1,1,1,23,6,0,0
/global/archives/13060,desktop,1,1,1,1,116,6,0,0
/global/archives/13374,desktop,1,1,1,1,0,3,0,0
/global/archives/13374,mobile,1,1,1,1,22,5,0,0
/global/archives/13437,desktop,1,1,1,1,0,4,0,0
/global/archives/13478,desktop,1,1,1,1,235,3,0,0
/global/archives/13595,desktop,1,1,1,1,84,4,0,0
/global/archives/13669,desktop,1,1,1,1,6,4,0,0
/global/archives/13879,desktop,1,1,1,1,195,3,0,0
/global/archives/1398,desktop,1,2,2,0.5,27,7,0,0
/global/archives/13981,desktop,1,1,1,1,7,5,0,0
/global/archives/1399,desktop,1,1,1,1,0,2,0,0
/global/archives/14219,desktop,1,1,1,1,50,4,0,0
/global/archives/14264,desktop,1,2,1,1,0,6,0,0
/global/archives/14309,desktop,1,1,1,1,0,3,0,0
/global/archives/14384,desktop,1,1,1,1,559,3,0,0
/global/archives/14400,desktop,1,1,1,1,0,2,0,0
/global/archives/14493,desktop,1,1,1,1,7,4,0,0
/global/archives/14690,desktop,1,1,1,1,1,4,0,0
/global/archives/14869,desktop,1,1,1,1,53,4,0,0
/global/archives/14896,desktop,1,1,1,1,45,4,0,0
/global/archives/15007,mobile,1,1,1,1,31,4,0,0
/global/archives/15204,desktop,1,2,2,0.5,13,7,0,0
/global/archives/15204,mobile,1,1,0,0,0,2,0,0
/global/archives/1521,desktop,1,1,1,1,62,5,0,0
/global/archives/15353,desktop,1,1,1,1,0,3,0,0
/global/archives/15409,desktop,1,1,1,1,173,5,0,0
/global/archives/15430,desktop,1,1,1,1,50,5,0,0
/global/archives/15497,desktop,1,1,1,1,0,3,0,0
/global/archives/15574,mobile,1,1,1,1,116,5,0,0
/global/archives/15638,desktop,1,1,1,1,1,4,0,0
/global/archives/15654,desktop,1,1,1,1,37,5,0,0
/global/archives/15654,mobile,1,1,1,1,0,4,0,0
/global/archives/15687,mobile,1,1,1,1,59,5,0,0
/global/archives/15760,mobile,1,1,1,1,111,5,0,0
/global/archives/15937,mobile,1,1,1,1,810,5,0,0
/global/archives/15964,desktop,1,1,1,1,26,6,0,0
/global/archives/15985,mobile,1,1,1,1,0,4,0,0
/global/archives/16005,desktop,1,1,1,1,8,4,0,0
/global/archives/16025,mobile,1,1,1,1,1,4,0,0
/global/archives/16187,desktop,1,1,1,1,44,5,0,0
/global/archives/16308,desktop,1,2,1,1,47,5,0,0
/global/archives/16334,mobile,1,2,1,1,0,6,0,0
/global/archives/16448,mobile,1,1,1,1,13,6,0,0
/global/archives/16480,mobile,1,1,0,0,0,3,0,0
/global/archives/16493,mobile,1,1,1,1,43,5,0,0
/global/archives/16613,tablet,1,1,1,1,0,4,0,0
/global/archives/16810,desktop,1,1,1,1,9,2,0,0
/global/archives/16834,mobile,1,1,1,1,36,5,0,0
/global/archives/16904,desktop,1,1,1,1,86,4,0,0
/global/archives/16970,mobile,1,1,1,1,7,3,0,0
/global/archives/17047,mobile,1,1,1,1,0,4,0,0
/global/archives/17047/4-sk이노베이션_ces2024_sk원더랜드_sk-wonderland_판타스틱아일랜드_ai-포-2,desktop,1,1,1,1,2,5,0,0
/global/archives/17144,desktop,1,1,1,1,116,4,0,0
/global/archives/17169,mobile,1,1,1,1,40,5,0,0
/global/archives/17426,mobile,1,1,1,1,0,4,0,0
/global/archives/17460,tablet,1,1,1,1,0,4,0,0
/global/archives/17623,tablet,1,1,1,1,71,5,0,0
/global/archives/1768,desktop,1,1,1,1,27,5,0,0
/global/archives/17737,tablet,1,1,1,1,22,5,0,0
/global/archives/17796,mobile,1,1,1,1,0,3,0,0
/global/archives/17893,desktop,1,1,1,1,20,6,0,0
/global/archives/18022,tablet,1,1,1,1,172,5,0,0
/global/archives/18065,mobile,1,1,1,1,0,4,0,0
/global/archives/18140,mobile,1,1,1,1,0,4,0,0
/global/archives/18140,tablet,1,1,1,1,15,4,0,0
/global/archives/18167,desktop,1,1,1,1,6,4,0,0
/global/archives/18167,mobile,1,1,1,1,0,4,0,0
/global/archives/18332,desktop,1,1,1,1,0,3,0,0
/global/archives/18388,mobile,1,1,1,1,0,4,0,0
/global/archives/18690,mobile,1,1,1,1,0,4,0,0
/global/archives/18743,mobile,1,1,1,1,0,4,0,0
/global/archives/18753,mobile,1,1,1,1,0,2,0,0
/global/archives/18783,mobile,1,1,1,1,42,4,0,0
/global/archives/19078,tablet,1,1,1,1,0,4,0,0
/global/archives/1960,desktop,1,1,1,1,25,5,0,0
/global/archives/2293,desktop,1,1,1,1,0,5,0,0
/global/archives/2293,mobile,1,1,1,1,49,5,0,0
/global/archives/2329,mobile,1,1,1,1,60,5,0,0
/global/archives/2448,desktop,1,1,1,1,21,4,0,0
/global/archives/2448,mobile,1,1,1,1,49,5,0,0
/global/archives/253,mobile,1,2,1,1,0,6,0,0
/global/archives/2535,desktop,1,1,1,1,35,4,0,0
/global/archives/255,desktop,1,1,1,1,0,4,0,0
/global/archives/2568,desktop,1,1,1,1,16,4,0,0
/global/archives/2635,desktop,1,2,1,1,0,5,0,0
/global/archives/2761,desktop,1,1,1,1,8,3,0,0
/global/archives/3005,desktop,1,1,1,1,0,3,0,0
/global/archives/303,mobile,1,1,1,1,265,5,0,0
/global/archives/3123,desktop,1,3,2,0.5,53,10,0,0
/global/archives/3442,desktop,1,1,1,1,0,3,0,0
/global/archives/3464,desktop,1,1,1,1,6,5,0,0
/global/archives/3709 -,desktop,1,1,1,1,0,4,0,0
/global/archives/3786,desktop,1,1,1,1,3,5,0,0
/global/archives/3830,desktop,1,1,1,1,0,3,0,0
/global/archives/4146,desktop,1,1,1,1,5,5,0,0
/global/archives/4309,desktop,1,2,1,1,6,6,0,0
/global/archives/4450,desktop,1,1,1,1,14,5,0,0
/global/archives/4482,mobile,1,1,1,1,3,5,0,0
/global/archives/4499,desktop,1,1,1,1,11,6,0,0
/global/archives/4585,desktop,1,2,1,1,0,6,0,0
/global/archives/4612,mobile,1,1,1,1,22,5,0,0
/global/archives/4728,desktop,1,2,1,1,0,6,0,0
/global/archives/5205,desktop,1,1,1,1,14,4,0,0
/global/archives/5247,mobile,1,1,1,1,9,4,0,0
/global/archives/5339,desktop,1,1,1,1,4,5,0,0
/global/archives/5651,desktop,1,1,1,1,43,5,0,0
/global/archives/5721,desktop,1,1,1,1,0,3,0,0
/global/archives/5892,mobile,1,1,1,1,5,5,0,0
/global/archives/5893,desktop,1,1,1,1,28,4,0,0
/global/archives/5944,desktop,1,1,1,1,0,3,0,0
/global/archives/5981,desktop,1,1,1,1,0,4,0,0
/global/archives/5994,desktop,1,1,1,1,1,3,0,0
/global/archives/6014,mobile,1,1,1,1,508,6,0,0
/global/archives/631,desktop,1,1,1,1,6,4,0,0
/global/archives/6517,desktop,1,2,1,1,0,6,0,0
/global/archives/6517,mobile,1,1,1,1,4,5,0,0
/global/archives/653,mobile,1,1,1,1,124,5,0,0
/global/archives/6546,mobile,1,1,1,1,7,5,0,0
/global/archives/6619,desktop,1,1,1,1,89,4,0,0
/global/archives/6658,desktop,1,1,1,1,70,5,0,0
/global/archives/6760,desktop,1,1,1,1,116,4,0,0
/global/archives/6834,desktop,1,1,1,1,22,5,0,0
/global/archives/6870,desktop,1,1,1,1,26,4,0,0
/global/archives/7112,desktop,1,1,1,1,36,6,0,0
/global/archives/7112,mobile,1,1,1,1,0,3,0,0
/global/archives/7245,desktop,1,1,1,1,0,3,0,0
/global/archives/7262,desktop,1,1,1,1,29,4,0,0
/global/archives/7302,desktop,1,2,1,1,0,6,0,0
/global/archives/7319,desktop,1,2,1,1,0,4,0,0
/global/archives/733,mobile,1,1,1,1,0,4,0,0
/global/archives/7476,desktop,1,1,1,1,42,5,0,0
/global/archives/7574,mobile,1,1,1,1,18,5,0,0
/global/archives/7596,mobile,1,1,1,1,1,5,0,0
/global/archives/7670,desktop,1,1,1,1,0,3,0,0
/global/archives/7848,mobile,1,1,1,1,77,5,0,0
/global/archives/7991,desktop,1,1,1,1,132,6,0,0
/global/archives/8105,mobile,1,1,1,1,7,6,0,0
/global/archives/8152,desktop,1,1,1,1,40,5,0,0
/global/archives/831,mobile,1,1,1,1,0,4,0,0
/global/archives/8310,desktop,1,1,1,1,15,4,0,0
/global/archives/8327,desktop,1,1,1,1,2,5,0,0
/global/archives/8383,desktop,1,1,1,1,309,4,0,0
/global/archives/8428,desktop,1,1,1,1,35,5,0,0
/global/archives/8829,desktop,1,2,1,1,0,6,0,0
/global/archives/8899,mobile,1,2,1,1,0,6,0,0
/global/archives/9191,desktop,1,1,1,1,39,6,0,0
/global/archives/9236,desktop,1,1,1,1,0,5,0,0
/global/archives/9299,desktop,1,1,1,1,0,3,0,0
/global/archives/9394,desktop,1,1,1,1,20,3,0,0
/global/archives/9548,desktop,1,1,1,1,20,5,0,0
/global/archives/9668,desktop,1,1,1,1,3,5,0,0
/global/archives/9668,mobile,1,1,1,1,0,4,0,0
/global/archives/9695,desktop,1,1,1,1,15,5,0,0
/global/archives/9695,mobile,1,1,1,1,15,3,0,0
/global/archives/9715,desktop,1,1,1,1,12,5,0,0
/global/archives/9797,desktop,1,1,1,1,23,4,0,0
/global/archives/9877,mobile,1,1,1,1,41,5,0,0
/global/archives/9908,desktop,1,1,1,1,47,3,0,0
/global/archives/9978,desktop,1,1,1,1,0,4,0,0
/global/archives/category/corporate/sk-energy,mobile,1,1,1,1,3,4,0,0
/global/archives/category/corporates/sk-incheon-petrochem,mobile,1,1,1,1,36,5,0,0
/global/archives/category/corporates/sk-on,mobile,1,1,1,1,8,3,0,0
/global/archives/category/corporates/sk-rading-international,mobile,1,1,1,1,16,3,0,0
/global/archives/category/insight,mobile,1,1,1,1,0,3,0,0
/global/archives/category/insight/expert-voice,desktop,1,1,1,1,4,4,0,0
/global/archives/category/people/onsite-report,desktop,1,1,1,1,15,4,0,0
/global/archives/tag/2024,desktop,1,1,1,1,0,3,0,0
/global/archives/tag/advanced-recycling-cluster,desktop,1,1,1,1,8,3,0,0
/global/archives/tag/advanced-sf-battery,desktop,1,1,1,1,5,5,0,0
/global/archives/tag/all-solid-state-battery,desktop,1,1,1,1,8,5,0,0
/global/archives/tag/art,desktop,1,1,1,1,8,5,0,0
/global/archives/tag/australia,desktop,1,2,1,1,0,6,0,0
/global/archives/tag/batteries,desktop,1,1,1,1,10,4,0,0
/global/archives/tag/battery,desktop,1,1,1,1,3,4,0,0
/global/archives/tag/battery,mobile,1,1,1,1,4,3,0,0
/global/archives/tag/bayu-undan-ccs-project,desktop,1,1,1,1,4,6,0,0
/global/archives/tag/bmw,desktop,1,1,1,1,7,5,0,0
/global/archives/tag/c3VzdGFpbm,desktop,1,2,2,0.5,11,6,0,0
/global/archives/tag/canada,desktop,1,1,1,1,17,5,0,0
/global/archives/tag/ccs-hub-project,mobile,1,1,1,1,2,3,0,0
/global/archives/tag/ccus,desktop,1,1,1,1,10,5,0,0
/global/archives/tag/crude-oil,tablet,1,1,1,1,10,4,0,0
/global/archives/tag/daejeon,desktop,1,2,1,1,8,7,0,0
/global/archives/tag/digital-transformation,mobile,1,1,1,1,3,5,0,0
/global/archives/tag/dubai,mobile,1,1,1,1,11,5,0,0
/global/archives/tag/ecopro-bm,desktop,1,1,1,1,2,4,0,0
/global/archives/tag/energy-company,desktop,1,1,1,1,27,3,0,0
/global/archives/tag/energy-super-station,mobile,1,1,1,1,13,5,0,0
/global/archives/tag/europe,desktop,1,1,1,1,1,2,0,0
/global/archives/tag/ev-battery,desktop,1,1,1,1,31,4,0,0
/global/archives/tag/evs,desktop,1,1,1,1,0,3,0,0
/global/archives/tag/extraordinary-general-meeting,desktop,1,1,1,1,4,5,0,0
/global/archives/tag/extraordinary-general-meeting,mobile,1,1,1,1,0,3,0,0
/global/archives/tag/f-150-lightning,desktop,1,1,1,1,2,6,0,0
/global/archives/tag/flexible-display,desktop,1,1,1,1,13,5,0,0
/global/archives/tag/ford,desktop,1,1,1,1,9,5,0,0
/global/archives/tag/germany,desktop,1,1,1,1,3,4,0,0
/global/archives/tag/group-iii-base-oil,desktop,1,1,1,1,5,5,0,0
/global/archives/tag/gs-energy,desktop,1,1,1,1,17,5,0,0
/global/archives/tag/hydrogen,desktop,1,1,1,1,2,5,0,0
/global/archives/tag/interbattery-2024,desktop,1,1,1,1,8,4,0,0
/global/archives/tag/ioniq-5,mobile,1,1,1,1,18,6,0,0
/global/archives/tag/libs,desktop,1,1,1,1,35,4,0,0
/global/archives/tag/life-cycle-assessment,desktop,1,1,1,1,3,4,0,0
/global/archives/tag/lithium-ion-battery,desktop,1,1,1,1,0,4,0,0
/global/archives/tag/mbwa,desktop,1,2,1,1,0,6,0,0
/global/archives/tag/myanmart,desktop,1,1,1,1,4,3,0,0
/global/archives/tag/ncm,mobile,1,1,1,1,0,4,0,0
/global/archives/tag/op,desktop,1,1,1,1,10,4,0,0
/global/archives/tag/pat-wilson,desktop,1,2,1,1,0,6,0,0
/global/archives/tag/pct,mobile,1,1,1,1,2,5,0,0
/global/archives/tag/petronas,desktop,1,1,1,1,0,4,0,0
/global/archives/tag/plogging,desktop,1,1,1,1,15,4,0,0
/global/archives/tag/poe,desktop,1,1,1,1,29,5,0,0
/global/archives/tag/project,mobile,1,1,1,1,0,2,0,0
/global/archives/tag/rhee-jang-weon,desktop,1,1,1,1,18,4,0,0
/global/archives/tag/seosan-plant,desktop,1,1,1,1,11,3,0,0
/global/archives/tag/separator,desktop,1,1,1,1,8,5,0,0
/global/archives/tag/silesia,desktop,1,1,1,1,11,3,0,0
/global/archives/tag/sk-battery-america,desktop,1,1,1,1,15,5,0,0
/global/archives/tag/sk-battery-america,mobile,1,1,1,1,0,3,0,0
/global/archives/tag/sk-block-427,desktop,1,1,1,1,0,3,0,0
/global/archives/tag/sk-global-chemical,desktop,1,1,1,1,0,4,0,0
/global/archives/tag/sk-incheon-petrochem,mobile,1,1,1,1,14,5,0,0
/global/archives/tag/sk-inside,desktop,1,1,1,1,2,4,0,0
/global/archives/tag/sk-lubricants,mobile,1,1,1,1,41,3,0,0
/global/archives/tag/sk-on,desktop,1,1,1,1,36,4,0,0
/global/archives/tag/skba,desktop,1,1,1,1,1,5,0,0
/global/archives/tag/skbh,mobile,1,1,1,1,1,5,0,0
/global/archives/tag/skbmp,mobile,1,1,1,1,0,4,0,0
/global/archives/tag/skea,mobile,1,1,1,1,0,3,0,0
/global/archives/tag/skgca,desktop,1,1,1,1,1,5,0,0
/global/archives/tag/skhb,mobile,1,1,1,1,4,5,0,0
/global/archives/tag/skle,desktop,1,1,1,1,0,4,0,0
/global/archives/tag/sk综合化学,mobile,1,1,1,1,9,5,0,0
/global/archives/tag/spinoff,desktop,1,1,1,1,4,6,0,0
/global/archives/tag/star,mobile,1,1,1,1,8,3,0,0
/global/archives/tag/sustainable-packaging-materials,desktop,1,1,1,1,4,4,0,0
/global/archives/tag/tesla,smart tv,1,1,1,1,0,5,0,0
/global/archives/tag/weixing-chemical,desktop,1,1,1,1,4,4,0,0
/global/archives/tag/z-folding,desktop,1,1,1,1,7,5,0,0
/global/family-site-links,desktop,1,1,1,1,25,6,0,0
/global/who-we-are,mobile,1,1,1,1,20,6,0,0
/global/archives/10897,desktop,0,1,1,0,20,1,0,0
/global/archives/3304,desktop,0,1,0,0,0,2,0,0
/global/archives/tag/中国,desktop,0,1,1,0,1,3,0,0