# ----------------------------------------
# 보고서 CSV 내보내기
# 계정: skinno global
# 속성: skinno 글로벌 - GA4
# ----------------------------------------
# 
# 모든 사용자
# 시작일: 20240909
# 종료일: 20240915
페이지 경로 및 화면 클래스,국가,조회수,세션수,활성 사용자,활성 사용자당 조회수,활성 사용자당 평균 참여 시간,이벤트 수,주요 이벤트,총 수익
/global/archives/19045,Vietnam,5494,4591,4269,1.2869524478800656,4.089248067463106,21517,0,0
/global/archives/19045,Malaysia,3762,2709,2373,1.5853350189633375,6.061525495153814,13981,0,0
/pagead/aclk,Vietnam,423,171,153,2.764705882352941,0,1061,0,0
/global/,Vietnam,108,73,70,1.542857142857143,9.6,324,0,0
/global/,South Korea,87,55,35,2.4857142857142858,16.085714285714285,358,0,0
/global/latestnews,China,83,96,97,0.8556701030927835,19.556701030927837,332,0,0
/global/archives/19045,United States,72,72,71,1.0140845070422535,6.323943661971831,252,0,0
/global/archives/19045,Singapore,59,59,44,1.3409090909090908,34.40909090909091,254,0,0
/global/archives/19078,Singapore,51,47,39,1.3076923076923077,30.333333333333332,216,0,0
/global/archives/9910,Malaysia,48,42,40,1.2,65.675,212,0,0
/global/archives/19045,South Korea,44,41,27,1.6296296296296295,30.22222222222222,173,0,0
/global/archives/19078,South Korea,42,39,36,1.1666666666666667,25.86111111111111,168,0,0
/global/,United Kingdom,39,35,34,1.1470588235294117,7.235294117647059,162,0,0
/global/archives/19078,India,38,41,30,1.2666666666666666,43.46666666666667,170,0,0
/global/archives/19078,United States,38,39,34,1.1176470588235294,16.529411764705884,158,0,0
/global/archives/19045,India,33,36,24,1.375,77.125,138,0,0
/global/archives/19045,(not set),32,32,32,1,0,128,0,0
/global/,Japan,31,11,10,3.1,69,133,0,0
/global/archives/19078,China,27,17,16,1.6875,54.1875,95,0,0
/global/latestnews,Germany,27,25,1,27,17,86,0,0
/global/archives/19078,United Kingdom,26,24,18,1.4444444444444444,26.88888888888889,113,0,0
/global/archives/4921,United States,26,25,18,1.4444444444444444,23.333333333333332,106,0,0
/global/archives/19078,Japan,25,24,18,1.3888888888888888,45.333333333333336,108,0,0
/global/,Malaysia,23,21,20,1.15,20.2,80,0,0
/global/archives/17426,United States,22,24,20,1.1,62.5,100,0,0
/global/archives/19045,Indonesia,20,17,8,2.5,19.375,69,0,0
/global/,United States,19,17,16,1.1875,24.3125,87,0,0
/global/archives/19078,Malaysia,19,20,17,1.1176470588235294,15.352941176470589,81,0,0
/global/archives/18546,Singapore,16,21,14,1.1428571428571428,127.78571428571429,79,0,0
/global/archives/19045,United Kingdom,16,19,17,0.9411764705882353,31.529411764705884,70,0,0
/global/archives/18546,United States,15,17,12,1.25,24,67,0,0
/global/latestnews,South Korea,15,12,7,2.142857142857143,22.428571428571427,58,0,0
/global/archives/18546,United Kingdom,14,15,7,2,21.142857142857142,59,0,0
/global/archives/category/corporates/sk-earthon,Malaysia,14,10,10,1.4,17.7,49,0,0
/global/archives/category/corporates/sk-earthon,Vietnam,14,12,12,1.1666666666666667,17,51,0,0
/global/archives/category/press-room/press-release,India,14,11,8,1.75,12.75,55,0,0
/global/archives/11807,Japan,13,7,4,3.25,80.5,49,0,0
/global/archives/18546,South Korea,13,16,10,1.3,43.8,63,0,0
/global/archives/18608,United States,13,10,8,1.625,75,48,0,0
/global/archives/category/press-room/press-release,Japan,13,12,6,2.1666666666666665,29,51,0,0
/global/,Indonesia,12,5,2,6,131.5,58,0,0
/global/archives/18546,India,12,18,8,1.5,79.875,53,0,0
/global/archives/19078,Netherlands,12,13,12,1,69.33333333333333,53,0,0
/global/archives/category/corporates,Japan,12,6,6,2,27.666666666666668,46,0,0
/global/,India,11,6,6,1.8333333333333333,20,42,0,0
/global/archives/18546,Japan,11,11,8,1.375,38.625,44,0,0
/global/archives/category/corporate/sk-geo-centric,Japan,11,7,3,3.6666666666666665,105,41,0,0
/global/archives/category/press-room,Singapore,11,8,5,2.2,13.6,40,0,0
/global/,China,10,6,6,1.6666666666666667,219.5,38,0,0
/global/archives/13780,Singapore,10,5,3,3.3333333333333335,73.66666666666667,31,0,0
/global/archives/15259,United States,10,10,10,1,0.1,39,0,0
/global/archives/16286,United States,10,10,10,1,0,40,0,0
/global/archives/17426,China,10,7,4,2.5,100.75,37,0,0
/global/archives/17426,India,10,10,7,1.4285714285714286,17.857142857142858,43,0,0
/global/archives/17426,Singapore,10,9,5,2,44,40,0,0
/global/archives/17623,South Korea,10,10,8,1.25,11.875,43,0,0
/global/archives/19078,Indonesia,10,12,8,1.25,18.75,46,0,0
/global/archives/6216,United States,10,11,7,1.4285714285714286,49.142857142857146,51,0,0
/global/archives/category/corporates/sk-on,Japan,10,5,3,3.3333333333333335,63.333333333333336,37,0,0
/global/archives/category/press-room/financial-results,United States,10,8,7,1.4285714285714286,5.857142857142857,37,0,0
/global/archives/tag/malaysia,Vietnam,10,10,10,1,7.6,29,0,0
/global/,Poland,9,10,3,3,9.333333333333334,35,0,0
/global/,Singapore,9,10,8,1.125,6.75,39,0,0
/global/,Thailand,9,5,4,2.25,83.5,38,0,0
/global/archives/15490,Canada,9,7,7,1.2857142857142858,44.857142857142854,34,0,0
/global/archives/16463,United States,9,10,8,1.125,17.875,40,0,0
/global/archives/17569,South Korea,9,9,9,1,10.11111111111111,42,0,0
/global/archives/19045,Japan,9,9,8,1.125,33.25,40,0,0
/global/archives/category/corporates/sk-geo-centric,Japan,9,2,2,4.5,50,33,0,0
/global/archives/tag/financial-results,France,9,3,2,4.5,17.5,34,0,0
/global/latestnews,United States,9,8,3,3,13.333333333333334,32,0,0
/global/archives/18107,United States,8,8,8,1,43.75,36,0,0
/global/archives/19078,Canada,8,9,8,1,21.75,36,0,0
/global/archives/19078,United Arab Emirates,8,5,5,1.6,25.4,30,0,0
/global/archives/category/press-room/financial-results,India,8,5,4,2,49.5,33,0,0
/global/archives/category/press-room/press-release,United Kingdom,8,4,4,2,18.5,33,0,0
/global/archives/12106,South Korea,7,9,2,3.5,0,26,0,0
/global/archives/13780,South Korea,7,6,6,1.1666666666666667,11.5,32,0,0
/global/archives/15937,Indonesia,7,7,1,7,78,21,0,0
/global/archives/17569,United Kingdom,7,7,6,1.1666666666666667,0,26,0,0
/global/archives/18608,South Korea,7,5,3,2.3333333333333335,11,24,0,0
/global/archives/18770,Singapore,7,6,4,1.75,123.75,25,0,0
/global/archives/18770,South Korea,7,7,5,1.4,9.6,28,0,0
/global/archives/8067,Japan,7,3,1,7,240,25,0,0
/global/archives/category/corporates,India,7,5,3,2.3333333333333335,25.666666666666668,29,0,0
/global/archives/category/corporates,Indonesia,7,4,2,3.5,57.5,25,0,0
/global/archives/category/corporates/sk-enterm,India,7,7,3,2.3333333333333335,11,26,0,0
/global/archives/category/corporates/sk-innovation,South Korea,7,5,4,1.75,9.75,28,0,0
/global/archives/category/corporates/sk-on,South Korea,7,5,4,1.75,7,30,0,0
/global/archives/category/insight,United States,7,8,8,0.875,13.625,27,0,0
/global/archives/category/press-room/financial-results,Kuwait,7,4,1,7,47,27,0,0
/global/archives/category/press-room/financial-results,Singapore,7,3,3,2.3333333333333335,49,28,0,0
/global/archives/category/press-room/financial-results,South Korea,7,1,1,7,135,28,0,0
/global/archives/tag/2024-q2,United States,7,2,2,3.5,30.5,28,0,0
/global/archives/tag/crude-oil,Vietnam,7,7,7,1,1.4285714285714286,20,0,0
/global/archives/tag/ketapu-cluster,Vietnam,7,7,7,1,4.857142857142857,24,0,0
/global/archives/tag/nickel,United States,7,7,7,1,2.4285714285714284,29,0,0
/global/,Taiwan,6,5,5,1.2,12.2,26,0,0
/global/archives/1058,South Korea,6,6,2,3,0,19,0,0
/global/archives/15007,South Korea,6,6,6,1,43.166666666666664,30,0,0
/global/archives/15374,Indonesia,6,4,1,6,255,18,0,0
/global/archives/15490,Singapore,6,6,3,2,0,16,0,0
/global/archives/16060,United States,6,7,5,1.2,0,23,0,0
/global/archives/16493,Japan,6,3,2,3,120.5,20,0,0
/global/archives/17737,South Korea,6,8,6,1,8,30,0,0
/global/archives/17950,India,6,6,3,2,266.6666666666667,25,0,0
/global/archives/18283,India,6,8,6,1,25.166666666666668,27,0,0
/global/archives/18546,Hong Kong,6,5,5,1.2,78.8,25,0,0
/global/archives/18546,Indonesia,6,5,1,6,0,16,0,0
/global/archives/18659,Singapore,6,6,5,1.2,82.8,23,0,0
/global/archives/18770,India,6,8,3,2,104,21,0,0
/global/archives/18770,United Kingdom,6,8,4,1.5,278.5,26,0,0
/global/archives/19078,Austria,6,10,6,1,2.6666666666666665,32,0,0
/global/archives/19078,Italy,6,5,5,1.2,0,21,0,0
/global/archives/6216,Japan,6,5,3,2,21.666666666666668,25,0,0
/global/archives/6377,United States,6,5,4,1.5,3,22,0,0
/global/archives/9910,Indonesia,6,6,1,6,125,20,0,0
/global/archives/category/corporate/sk-enmove,Japan,6,3,3,2,40.333333333333336,26,0,0
/global/archives/category/corporates,Taiwan,6,1,1,6,44,24,0,0
/global/archives/category/corporates/sk-earthon,Singapore,6,5,4,1.5,9,24,0,0
/global/archives/category/insight,South Korea,6,3,3,2,5.333333333333333,22,0,0
/global/archives/category/people,India,6,3,3,2,13.333333333333334,23,0,0
/global/archives/category/people,United States,6,7,7,0.8571428571428571,8.857142857142858,23,0,0
/global/archives/tag/1-4-butanediol,Japan,6,2,2,3,15.5,25,0,0
/global/latestnews,India,6,5,5,1.2,17.2,25,0,0
/global/archives/12022,India,5,5,5,1,39.4,27,0,0
/global/archives/12274/skee,South Korea,5,5,5,1,31.8,26,0,0
/global/archives/15687,India,5,5,3,1.6666666666666667,75.33333333333333,20,0,0
/global/archives/16532,Indonesia,5,4,1,5,16,14,0,0
/global/archives/16532,Malaysia,5,4,3,1.6666666666666667,18,19,0,0
/global/archives/17216,United States,5,5,4,1.25,23,18,0,0
/global/archives/17356,United States,5,4,3,1.6666666666666667,50,22,0,0
/global/archives/17595,India,5,7,4,1.25,9.75,22,0,0
/global/archives/17595,South Korea,5,6,4,1.25,37.5,24,0,0
/global/archives/18065,United States,5,5,5,1,1.2,17,0,0
/global/archives/18107,Canada,5,4,4,1.25,60,22,0,0
/global/archives/18107,Indonesia,5,5,4,1.25,129.5,23,0,0
/global/archives/18283,South Korea,5,6,5,1,25.2,22,0,0
/global/archives/18546,Hungary,5,4,1,5,472,19,0,0
/global/archives/18608,Hong Kong,5,2,2,2.5,53.5,24,0,0
/global/archives/18659,Japan,5,2,2,2.5,72,21,0,0
/global/archives/18690,Japan,5,3,2,2.5,25,18,0,0
/global/archives/18695,South Korea,5,4,3,1.6666666666666667,11.333333333333334,20,0,0
/global/archives/18753,India,5,7,2,2.5,8.5,17,0,0
/global/archives/19014,South Korea,5,3,2,2.5,10.5,18,0,0
/global/archives/19045,Norway,5,2,2,2.5,1,15,0,0
/global/archives/19078,Switzerland,5,3,3,1.6666666666666667,23.333333333333332,21,0,0
/global/archives/253,Indonesia,5,4,1,5,78,18,0,0
/global/archives/4499,United States,5,2,2,2.5,68,18,0,0
/global/archives/6216,South Korea,5,7,4,1.25,32.5,25,0,0
/global/archives/6377,Malaysia,5,5,4,1.25,11.5,18,0,0
/global/archives/9509,Japan,5,3,1,5,188,21,0,0
/global/archives/category/corporate/sk-energy,Japan,5,5,5,1,13.6,24,0,0
/global/archives/category/corporates,South Korea,5,4,4,1.25,10.25,18,0,0
/global/archives/category/corporates,Spain,5,2,1,5,78,20,0,0
/global/archives/category/corporates/sk-earthon,United States,5,1,1,5,44,19,0,0
/global/archives/category/corporates/sk-innovation,Japan,5,4,3,1.6666666666666667,11.666666666666666,20,0,0
/global/archives/category/corporates/sk-on,United States,5,4,3,1.6666666666666667,10.666666666666666,18,0,0
/global/archives/category/people,Vietnam,5,5,5,1,2.4,13,0,0
/global/archives/category/press-room,Vietnam,5,5,5,1,0.8,15,0,0
/global/archives/category/press-room/press-release,United States,5,5,5,1,16.6,19,0,0
/global/archives/tag/ep-business,Vietnam,5,5,5,1,2,14,0,0
/global/archives/tag/solid-power,United States,5,2,2,2.5,32.5,19,0,0
/global/,Canada,4,4,4,1,7.75,17,0,0
/global/,Germany,4,4,4,1,4.5,13,0,0
/global/archives/10774,United States,4,4,3,1.3333333333333333,14.666666666666666,18,0,0
/global/archives/11004,South Korea,4,4,2,2,80,16,0,0
/global/archives/11807,Saudi Arabia,4,2,1,4,48,15,0,0
/global/archives/12072,United States,4,3,3,1.3333333333333333,40.333333333333336,17,0,0
/global/archives/14491,India,4,4,2,2,73.5,15,0,0
/global/archives/15103,United States,4,4,4,1,44.75,20,0,0
/global/archives/15374,United States,4,3,3,1.3333333333333333,171,17,0,0
/global/archives/15865,United Kingdom,4,5,1,4,72,18,0,0
/global/archives/16060,Singapore,4,6,4,1,7.5,18,0,0
/global/archives/16154,India,4,4,1,4,19,12,0,0
/global/archives/16376,South Korea,4,4,4,1,255.25,20,0,0
/global/archives/17169,India,4,6,2,2,20,17,0,0
/global/archives/17169,Japan,4,3,2,2,5.5,12,0,0
/global/archives/17216,South Korea,4,4,4,1,20.25,19,0,0
/global/archives/17476,South Korea,4,4,4,1,92.75,17,0,0
/global/archives/17499,United States,4,4,4,1,157.5,18,0,0
/global/archives/17595,Sweden,4,4,2,2,35,19,0,0
/global/archives/18140,Singapore,4,5,2,2,19,15,0,0
/global/archives/18140,South Korea,4,4,4,1,14.5,16,0,0
/global/archives/18445,Liberia,4,1,1,4,0,10,0,0
/global/archives/18445,South Korea,4,4,4,1,7.5,18,0,0
/global/archives/18546,China,4,6,3,1.3333333333333333,400.6666666666667,17,0,0
/global/archives/18608,China,4,3,3,1.3333333333333333,47,15,0,0
/global/archives/18659,Indonesia,4,4,2,2,179,13,0,0
/global/archives/18659,United States,4,2,2,2,110,15,0,0
/global/archives/18753,Indonesia,4,5,1,4,73,12,0,0
/global/archives/18770,United States,4,4,4,1,15.75,17,0,0
/global/archives/18989,Vietnam,4,2,2,2,0.5,13,0,0
/global/archives/19014,Poland,4,4,3,1.3333333333333333,90.66666666666667,20,0,0
/global/archives/19014,Vietnam,4,2,2,2,36,12,0,0
/global/archives/19045,Australia,4,3,3,1.3333333333333333,57.666666666666664,17,0,0
/global/archives/19045,Cambodia,4,4,4,1,1,19,0,0
/global/archives/19045,Canada,4,5,2,2,13,20,0,0
/global/archives/19045,France,4,4,3,1.3333333333333333,0,15,0,0
/global/archives/19078,France,4,5,3,1.3333333333333333,69,18,0,0
/global/archives/19078,Hong Kong,4,3,2,2,36.5,15,0,0
/global/archives/19078,Taiwan,4,3,2,2,50,15,0,0
/global/archives/19078,Vietnam,4,4,4,1,26.75,18,0,0
/global/archives/3709,South Korea,4,3,1,4,81,15,0,0
/global/archives/3820,South Korea,4,3,2,2,18,17,0,0
/global/archives/3820,United States,4,5,4,1,16.75,19,0,0
/global/archives/7445,India,4,4,4,1,25.75,15,0,0
/global/archives/8350,South Korea,4,4,3,1.3333333333333333,15.333333333333334,19,0,0
/global/archives/9910,Singapore,4,4,4,1,44.75,19,0,0
/global/archives/category/corporates,United States,4,5,5,0.8,9,16,0,0
/global/archives/category/corporates,Vietnam,4,4,4,1,17.25,13,0,0
/global/archives/category/corporates/sk-earthon,South Korea,4,4,3,1.3333333333333333,5.333333333333333,13,0,0
/global/archives/category/corporates/sk-enmove,Japan,4,1,1,4,40,16,0,0
/global/archives/category/corporates/sk-geo-centric,Türkiye,4,1,1,4,65,15,0,0
/global/archives/category/corporates/sk-innovation,Ukraine,4,2,2,2,18,12,0,0
/global/archives/category/corporates/sk-rading-international,Spain,4,2,1,4,69,16,0,0
/global/archives/category/insight,India,4,4,3,1.3333333333333333,3,18,0,0
/global/archives/category/people,China,4,3,3,1.3333333333333333,9.333333333333334,12,0,0
/global/archives/category/people,South Korea,4,3,3,1.3333333333333333,4.666666666666667,16,0,0
/global/archives/category/people/inno-people,Malaysia,4,4,4,1,12.5,14,0,0
/global/archives/category/people/sustainability,India,4,3,3,1.3333333333333333,18,16,0,0
/global/archives/category/press-room,Hungary,4,1,1,4,89,15,0,0
/global/archives/category/press-room,India,4,2,2,2,61,15,0,0
/global/archives/category/press-room/press-release,Canada,4,3,3,1.3333333333333333,184.66666666666666,16,0,0
/global/archives/category/press-room/press-release,France,4,4,3,1.3333333333333333,3.3333333333333335,14,0,0
/global/archives/category/press-room/press-release,Singapore,4,4,4,1,15.5,16,0,0
/global/archives/category/press-room/press-release,South Korea,4,4,4,1,3.5,15,0,0
/global/archives/tag/g-15-ap-block,Japan,4,1,1,4,150,15,0,0
/global/archives/tag/sk-gc-americas,United States,4,3,3,1.3333333333333333,10.666666666666666,21,0,0
/global/archives/tag/sken,South Korea,4,3,3,1.3333333333333333,33.666666666666664,18,0,0
/global/archives/tag/sko,South Korea,4,4,4,1,2.75,19,0,0
/global/archives/tag/skoh,South Korea,4,3,3,1.3333333333333333,6.666666666666667,19,0,0
/global/latestnews,Malaysia,4,3,3,1.3333333333333333,5.333333333333333,15,0,0
/global/sustainability-report,United Kingdom,4,4,3,1.3333333333333333,8.333333333333334,18,0,0
/global/who-we-are,United States,4,3,3,1.3333333333333333,92,19,0,0
/global/인터배터리-2024-sk온-부스_05,South Korea,4,1,1,4,36,17,0,0
/global/,Argentina,3,3,0,0,0,9,0,0
/global/,Spain,3,4,3,1,21.666666666666668,14,0,0
/global/,Türkiye,3,1,1,3,47,15,0,0
/global/archives/10913,India,3,3,1,3,21,9,0,0
/global/archives/11087,United States,3,4,3,1,11,12,0,0
/global/archives/11807,Brazil,3,3,3,1,85.66666666666667,15,0,0
/global/archives/12022,Indonesia,3,2,2,1.5,42,14,0,0
/global/archives/12022,United States,3,3,3,1,36.333333333333336,16,0,0
/global/archives/12106,Singapore,3,2,2,1.5,1.5,11,0,0
/global/archives/12147,Hong Kong,3,3,2,1.5,0,11,0,0
/global/archives/12471,Indonesia,3,3,1,3,7,7,0,0
/global/archives/13544,Japan,3,1,1,3,41,12,0,0
/global/archives/14078,Japan,3,2,2,1.5,25,11,0,0
/global/archives/15374,Malaysia,3,3,3,1,61.666666666666664,13,0,0
/global/archives/15610,United States,3,1,1,3,48,12,0,0
/global/archives/15687,Taiwan,3,4,1,3,611,11,0,0
/global/archives/15687,United States,3,2,2,1.5,21.5,13,0,0
/global/archives/15689,Japan,3,2,1,3,21,12,0,0
/global/archives/15937,Australia,3,2,1,3,6,10,0,0
/global/archives/16060,United Kingdom,3,3,3,1,11,12,0,0
/global/archives/16154,United States,3,3,3,1,45,14,0,0
/global/archives/16448,Netherlands,3,1,1,3,32,14,0,0
/global/archives/16480,South Korea,3,4,2,1.5,1.5,13,0,0
/global/archives/16583,Indonesia,3,2,1,3,0,8,0,0
/global/archives/16719,Japan,3,3,1,3,42,11,0,0
/global/archives/16787,United States,3,2,2,1.5,8,12,0,0
/global/archives/16834,United States,3,3,3,1,3,13,0,0
/global/archives/16925,Indonesia,3,2,1,3,15,7,0,0
/global/archives/17047,United States,3,2,2,1.5,40.5,13,0,0
/global/archives/17313,Taiwan,3,4,1,3,0,11,0,0
/global/archives/17426,Japan,3,2,2,1.5,6,13,0,0
/global/archives/17476,United States,3,3,3,1,0,11,0,0
/global/archives/17569,China,3,3,2,1.5,21.5,14,0,0
/global/archives/17569,India,3,3,3,1,10,13,0,0
/global/archives/17623,India,3,3,3,1,20.666666666666668,10,0,0
/global/archives/17796,Singapore,3,3,1,3,1,9,0,0
/global/archives/18361,China,3,3,1,3,0,9,0,0
/global/archives/18388,United States,3,3,3,1,0,15,0,0
/global/archives/18421,India,3,3,2,1.5,22.5,11,0,0
/global/archives/18436,China,3,3,3,1,17.666666666666668,15,0,0
/global/archives/18546,Australia,3,4,3,1,3.6666666666666665,15,0,0
/global/archives/18546,Germany,3,3,3,1,34.333333333333336,14,0,0
/global/archives/18608,France,3,1,1,3,71,11,0,0
/global/archives/18623,South Korea,3,3,2,1.5,65,11,0,0
/global/archives/18639,India,3,1,1,3,26,10,0,0
/global/archives/18659,Australia,3,4,3,1,4.333333333333333,13,0,0
/global/archives/18659,South Korea,3,4,3,1,3.3333333333333335,13,0,0
/global/archives/18690,South Korea,3,5,3,1,0.3333333333333333,15,0,0
/global/archives/18753,Singapore,3,3,2,1.5,14.5,14,0,0
/global/archives/18753,South Korea,3,3,2,1.5,9.5,12,0,0
/global/archives/18770,Taiwan,3,1,1,3,78,12,0,0
/global/archives/19045,Bosnia & Herzegovina,3,3,1,3,2,9,0,0
/global/archives/19045,Thailand,3,3,3,1,8.333333333333334,12,0,0
/global/archives/19078,Belgium,3,2,2,1.5,54.5,12,0,0
/global/archives/19078,Germany,3,3,3,1,8.666666666666666,12,0,0
/global/archives/19078,Latvia,3,3,3,1,2.3333333333333335,13,0,0
/global/archives/19078,Spain,3,5,2,1.5,187.5,15,0,0
/global/archives/253,Singapore,3,3,2,1.5,3.5,14,0,0
/global/archives/3158,Myanmar (Burma),3,1,1,3,11,11,0,0
/global/archives/3709,India,3,2,2,1.5,33,11,0,0
/global/archives/5853,Taiwan,3,1,1,3,42,11,0,0
/global/archives/6216,Germany,3,3,2,1.5,49,16,0,0
/global/archives/6377,Philippines,3,4,3,1,11,16,0,0
/global/archives/6734,Japan,3,2,2,1.5,52.5,12,0,0
/global/archives/9509,Sweden,3,1,1,3,115,11,0,0
/global/archives/9837,Thailand,3,1,1,3,51,13,0,0
/global/archives/9910,South Korea,3,4,3,1,54.333333333333336,15,0,0
/global/archives/category/corporate/sk-energy,Singapore,3,4,3,1,2.3333333333333335,15,0,0
/global/archives/category/corporate/sk-energy,United States,3,2,2,1.5,11.5,14,0,0
/global/archives/category/corporate/sk-geo-centric,United States,3,3,2,1.5,2.5,12,0,0
/global/archives/category/corporates/sk-earthon,Indonesia,3,1,1,3,16,12,0,0
/global/archives/category/corporates/sk-energy,South Korea,3,1,1,3,150,12,0,0
/global/archives/category/corporates/sk-enmove,Chile,3,1,1,3,48,9,0,0
/global/archives/category/corporates/sk-enmove,Indonesia,3,3,2,1.5,12.5,10,0,0
/global/archives/category/corporates/sk-geo-centric,Spain,3,2,2,1.5,29.5,11,0,0
/global/archives/category/corporates/sk-ie-technology,Japan,3,2,2,1.5,22,10,0,0
/global/archives/category/corporates/sk-innovation,India,3,3,3,1,8.666666666666666,11,0,0
/global/archives/category/corporates/sk-innovation,Singapore,3,2,2,1.5,5.5,12,0,0
/global/archives/category/corporates/sk-innovation,Spain,3,1,1,3,28,12,0,0
/global/archives/category/corporates/sk-innovation,Thailand,3,2,1,3,30,13,0,0
/global/archives/category/corporates/sk-innovation,United Kingdom,3,1,1,3,70,11,0,0
/global/archives/category/corporates/sk-on,China,3,2,2,1.5,161.5,10,0,0
/global/archives/category/corporates/sk-on,India,3,4,3,1,47,11,0,0
/global/archives/category/insight,Japan,3,3,3,1,4,11,0,0
/global/archives/category/insight/trend_report,India,3,3,3,1,8.333333333333334,11,0,0
/global/archives/category/insight/trend_report,Taiwan,3,1,1,3,29,12,0,0
/global/archives/category/press-room,Japan,3,2,2,1.5,24,11,0,0
/global/archives/category/press-room,United States,3,3,3,1,30.333333333333332,11,0,0
/global/archives/category/press-room/financial-results,France,3,2,2,1.5,14.5,13,0,0
/global/archives/category/press-room/financial-results,Taiwan,3,2,2,1.5,11,12,0,0
/global/archives/tag/2024-q2,France,3,2,2,1.5,9.5,13,0,0
/global/archives/tag/blueovalsk,Netherlands,3,2,1,3,7,14,0,0
/global/archives/tag/board-of-directors,United States,3,2,1,3,6,9,0,0
/global/archives/tag/earnings,France,3,1,1,3,36,12,0,0
/global/archives/tag/ess,Singapore,3,1,1,3,16,10,0,0
/global/archives/tag/europe,Ukraine,3,1,1,3,23,10,0,0
/global/archives/tag/sk-functional-polymer,South Korea,3,1,1,3,238,12,0,0
/global/archives/tag/skbmp,South Korea,3,4,3,1,0.6666666666666666,13,0,0
/global/archives/tag/solid-power,Netherlands,3,2,2,1.5,13.5,13,0,0
/global/archives/tag/sustainable-aviation-fuel,Japan,3,1,1,3,36,12,0,0
/global/archives/tag/中韩石化,Belgium,3,1,1,3,12,13,0,0
/global/latestnews,Singapore,3,3,3,1,23,12,0,0
/global/legal-notices,Vietnam,3,2,2,1.5,17.5,11,0,0
/global/sustainability-report,India,3,3,3,1,9.666666666666666,15,0,0
/global/,Czechia,2,1,1,2,18,7,0,0
/global/,France,2,2,2,1,40.5,11,0,0
/global/,Hungary,2,2,2,1,229.5,8,0,0
/global/archives/10310,Australia,2,1,1,2,47,9,0,0
/global/archives/10774,South Korea,2,2,2,1,18.5,9,0,0
/global/archives/10802,Peru,2,1,1,2,444,9,0,0
/global/archives/10835,Canada,2,1,1,2,81,8,0,0
/global/archives/10835,United States,2,2,1,2,100,7,0,0
/global/archives/10939,Indonesia,2,2,1,2,26,6,0,0
/global/archives/10939,Malaysia,2,2,2,1,32,9,0,0
/global/archives/11037,India,2,2,2,1,8.5,9,0,0
/global/archives/11161,India,2,3,2,1,10.5,11,0,0
/global/archives/11807,Singapore,2,3,2,1,67,9,0,0
/global/archives/11992,United States,2,3,1,2,0,9,0,0
/global/archives/12106,Norway,2,2,1,2,85,9,0,0
/global/archives/12147,India,2,2,2,1,234.5,10,0,0
/global/archives/12190,United States,2,2,2,1,250.5,7,0,0
/global/archives/12220,China,2,1,1,2,267,7,0,0
/global/archives/12220,United States,2,2,2,1,7,8,0,0
/global/archives/12306,Germany,2,2,2,1,20.5,6,0,0
/global/archives/12306,South Korea,2,3,2,1,8.5,8,0,0
/global/archives/12603,Indonesia,2,1,1,2,46,8,0,0
/global/archives/13018,Indonesia,2,2,1,2,3,7,0,0
/global/archives/13130,United States,2,2,2,1,0,6,0,0
/global/archives/13521,Czechia,2,1,1,2,12,8,0,0
/global/archives/13521,South Korea,2,2,2,1,44.5,8,0,0
/global/archives/13521,United States,2,2,2,1,62,10,0,0
/global/archives/13780,Belgium,2,2,2,1,79,11,0,0
/global/archives/13780,Taiwan,2,4,1,2,0,11,0,0
/global/archives/13780,United Kingdom,2,2,1,2,73,8,0,0
/global/archives/13804,Germany,2,2,1,2,2,9,0,0
/global/archives/13850,United States,2,2,2,1,17.5,10,0,0
/global/archives/14193,Japan,2,1,1,2,46,9,0,0
/global/archives/14193,Poland,2,3,1,2,479,10,0,0
/global/archives/14243,Japan,2,3,2,1,68.5,11,0,0
/global/archives/14415,India,2,2,2,1,17,8,0,0
/global/archives/14415,Japan,2,1,1,2,8,7,0,0
/global/archives/14634,Norway,2,2,2,1,48,9,0,0
/global/archives/14688,Singapore,2,1,1,2,55,9,0,0
/global/archives/14766,India,2,1,1,2,0,6,0,0
/global/archives/14766,United States,2,2,2,1,6,9,0,0
/global/archives/1493,United States,2,3,1,2,87,10,0,0
/global/archives/15259,Japan,2,2,2,1,0,8,0,0
/global/archives/15353,United States,2,2,2,1,11,8,0,0
/global/archives/15374,Japan,2,2,2,1,36,8,0,0
/global/archives/15462,Italy,2,3,2,1,5.5,11,0,0
/global/archives/15462,Philippines,2,2,1,2,10,9,0,0
/global/archives/15490,Australia,2,2,2,1,67,10,0,0
/global/archives/15574,India,2,2,2,1,60,10,0,0
/global/archives/15574,South Korea,2,3,2,1,2,10,0,0
/global/archives/15592,India,2,1,1,2,20,8,0,0
/global/archives/15623,Cambodia,2,1,1,2,158,10,0,0
/global/archives/15664,Australia,2,1,1,2,0,6,0,0
/global/archives/15664,Hong Kong,2,4,1,2,4,11,0,0
/global/archives/15937,Japan,2,1,1,2,117,9,0,0
/global/archives/16060,Indonesia,2,2,2,1,95.5,9,0,0
/global/archives/16060,Taiwan,2,2,1,2,0,6,0,0
/global/archives/16154,Malaysia,2,2,2,1,0,6,0,0
/global/archives/16154,South Korea,2,1,1,2,297,8,0,0
/global/archives/16286,Taiwan,2,1,1,2,27,9,0,0
/global/archives/16334,United States,2,4,2,1,0,12,0,0
/global/archives/16376,India,2,2,1,2,2,8,0,0
/global/archives/16448,India,2,2,1,2,0,6,0,0
/global/archives/16448,Singapore,2,3,2,1,17,11,0,0
/global/archives/16448,Switzerland,2,1,1,2,19,7,0,0
/global/archives/16463,Hong Kong,2,1,1,2,0,6,0,0
/global/archives/16532,India,2,3,2,1,1,10,0,0
/global/archives/16532,Japan,2,2,2,1,90.5,8,0,0
/global/archives/16532,Vietnam,2,2,2,1,21,8,0,0
/global/archives/16613,Nicaragua,2,1,1,2,0,5,0,0
/global/archives/16624,South Korea,2,1,1,2,24,7,0,0
/global/archives/16787,Singapore,2,2,2,1,15.5,9,0,0
/global/archives/16834,India,2,2,2,1,40,10,0,0
/global/archives/17022,South Korea,2,2,2,1,54,10,0,0
/global/archives/17047,Italy,2,3,1,2,0,9,0,0
/global/archives/17216,Taiwan,2,2,2,1,22.5,8,0,0
/global/archives/17313,China,2,1,1,2,60,6,0,0
/global/archives/17356,Argentina,2,2,2,1,6.5,9,0,0
/global/archives/17426,France,2,2,2,1,11,11,0,0
/global/archives/17426,South Korea,2,2,2,1,5.5,10,0,0
/global/archives/17446,India,2,2,2,1,50.5,8,0,0
/global/archives/17446,United States,2,2,1,2,99,8,0,0
/global/archives/17499,India,2,3,2,1,0,6,0,0
/global/archives/17499,Taiwan,2,2,2,1,144,10,0,0
/global/archives/17499,United Kingdom,2,2,2,1,0,7,0,0
/global/archives/17514,Sri Lanka,2,2,2,1,239.5,10,0,0
/global/archives/17569,Japan,2,1,1,2,96,8,0,0
/global/archives/17595,China,2,3,2,1,20.5,6,0,0
/global/archives/17595,Germany,2,3,1,2,0,8,0,0
/global/archives/17595,Hong Kong,2,2,1,2,96,11,0,0
/global/archives/17595,Japan,2,1,1,2,10,7,0,0
/global/archives/17595,Singapore,2,2,2,1,8,7,0,0
/global/archives/17623,Indonesia,2,2,2,1,35.5,9,0,0
/global/archives/17623,Saudi Arabia,2,2,2,1,0,8,0,0
/global/archives/17817,India,2,3,2,1,30,8,0,0
/global/archives/17817,United States,2,2,2,1,18,10,0,0
/global/archives/17950,United States,2,2,2,1,0,7,0,0
/global/archives/17965,Germany,2,2,1,2,144,8,0,0
/global/archives/17990,Germany,2,2,2,1,2.5,9,0,0
/global/archives/17990,India,2,2,2,1,41.5,10,0,0
/global/archives/17990,United States,2,2,1,2,12,7,0,0
/global/archives/18022,United States,2,2,2,1,86,9,0,0
/global/archives/18065,Japan,2,1,1,2,10,9,0,0
/global/archives/18107,United Kingdom,2,2,2,1,1,8,0,0
/global/archives/18140,United Kingdom,2,3,2,1,4.5,8,0,0
/global/archives/18283,Canada,2,2,1,2,31,10,0,0
/global/archives/18301,Australia,2,1,1,2,6,7,0,0
/global/archives/18301,United States,2,2,2,1,12.5,9,0,0
/global/archives/18332,South Africa,2,1,1,2,29,6,0,0
/global/archives/18361,India,2,2,2,1,10,8,0,0
/global/archives/18361,United States,2,2,2,1,29,10,0,0
/global/archives/18374,United States,2,1,1,2,1,7,0,0
/global/archives/18388,Hungary,2,1,1,2,168,10,0,0
/global/archives/18421,Singapore,2,2,1,2,25,9,0,0
/global/archives/18436,South Korea,2,1,1,2,31,9,0,0
/global/archives/18500,South Korea,2,2,2,1,15.5,8,0,0
/global/archives/18546,France,2,2,1,2,55,10,0,0
/global/archives/18546,Netherlands,2,2,2,1,40.5,9,0,0
/global/archives/18608,Australia,2,3,2,1,113.5,9,0,0
/global/archives/18608,India,2,4,4,0.5,4.75,12,0,0
/global/archives/18608,Indonesia,2,2,1,2,0,6,0,0
/global/archives/18608,Spain,2,1,1,2,376,10,0,0
/global/archives/18608,Taiwan,2,2,0,0,0,6,0,0
/global/archives/18659,Italy,2,2,2,1,0,8,0,0
/global/archives/18690,India,2,2,2,1,18,9,0,0
/global/archives/18708,South Korea,2,2,2,1,12,8,0,0
/global/archives/18743,Indonesia,2,3,1,2,65,5,0,0
/global/archives/18743,South Korea,2,3,2,1,1.5,9,0,0
/global/archives/18753,United Kingdom,2,2,2,1,82,8,0,0
/global/archives/18770,Hungary,2,3,2,1,10.5,9,0,0
/global/archives/18770,Indonesia,2,2,1,2,0,4,0,0
/global/archives/18770,Netherlands,2,3,1,2,7,9,0,0
/global/archives/18783,South Korea,2,2,2,1,38.5,10,0,0
/global/archives/18989,South Korea,2,2,2,1,0.5,9,0,0
/global/archives/19014,Germany,2,2,2,1,21,9,0,0
/global/archives/19014,India,2,2,2,1,0,8,0,0
/global/archives/19045,Bahrain,2,2,1,2,0,7,0,0
/global/archives/19045,Germany,2,2,2,1,3.5,8,0,0
/global/archives/19078,Australia,2,2,2,1,0,8,0,0
/global/archives/19078,Egypt,2,2,1,2,55,8,0,0
/global/archives/2280,Germany,2,1,1,2,9,8,0,0
/global/archives/2293,Poland,2,2,2,1,24.5,10,0,0
/global/archives/2329,United States,2,2,2,1,143,11,0,0
/global/archives/3709,United States,2,2,2,1,0,6,0,0
/global/archives/3820,Finland,2,2,1,2,18,8,0,0
/global/archives/3820,Germany,2,2,2,1,54.5,12,0,0
/global/archives/3820,Singapore,2,2,2,1,6.5,9,0,0
/global/archives/3820,United Kingdom,2,2,1,2,61,11,0,0
/global/archives/3962,Russia,2,1,1,2,20,9,0,0
/global/archives/4482,Slovakia,2,1,1,2,52,9,0,0
/global/archives/449,United States,2,2,2,1,7,8,0,0
/global/archives/4499,Philippines,2,2,2,1,0,8,0,0
/global/archives/4751,Japan,2,3,2,1,35,11,0,0
/global/archives/4776,China,2,2,2,1,23.5,9,0,0
/global/archives/4844,Türkiye,2,2,1,2,1,8,0,0
/global/archives/489,Hong Kong,2,3,2,1,56.5,12,0,0
/global/archives/5310,United States,2,2,2,1,6.5,7,0,0
/global/archives/5892,Ukraine,2,2,2,1,29.5,11,0,0
/global/archives/6216,Sweden,2,2,2,1,47,9,0,0
/global/archives/6313,Finland,2,2,1,2,6,10,0,0
/global/archives/6377,Australia,2,2,2,1,0,8,0,0
/global/archives/6377,Canada,2,2,2,1,0,8,0,0
/global/archives/6377,India,2,2,2,1,0,8,0,0
/global/archives/6504,United States,2,2,2,1,3,8,0,0
/global/archives/6710,Japan,2,1,1,2,28,8,0,0
/global/archives/6807,South Korea,2,2,2,1,11,10,0,0
/global/archives/6824,Hong Kong,2,2,2,1,72,11,0,0
/global/archives/7292,United States,2,2,2,1,14.5,8,0,0
/global/archives/7445,China,2,2,2,1,46.5,11,0,0
/global/archives/7445,Singapore,2,2,2,1,8.5,8,0,0
/global/archives/7596,Spain,2,2,2,1,16,7,0,0
/global/archives/7740,Malaysia,2,2,2,1,43,11,0,0
/global/archives/7919,Singapore,2,2,2,1,25.5,10,0,0
/global/archives/7961,Indonesia,2,2,1,2,0,7,0,0
/global/archives/8067,Vietnam,2,2,2,1,13,11,0,0
/global/archives/822,Japan,2,1,1,2,45,8,0,0
/global/archives/8400,India,2,2,2,1,13.5,10,0,0
/global/archives/8914,South Korea,2,2,2,1,21,9,0,0
/global/archives/9043,South Korea,2,3,1,2,0,8,0,0
/global/archives/9079,India,2,3,1,2,12,10,0,0
/global/archives/9548,Nigeria,2,1,1,2,45,8,0,0
/global/archives/9910,India,2,3,2,1,39,11,0,0
/global/archives/9910,United Kingdom,2,2,2,1,36,8,0,0
/global/archives/9910,Vietnam,2,2,2,1,7.5,7,0,0
/global/archives/category/ces/ces-2022-ces-2022,South Korea,2,1,1,2,0,4,0,0
/global/archives/category/corporate/sk-energy,China,2,2,2,1,40,9,0,0
/global/archives/category/corporate/sk-energy,Vietnam,2,1,1,2,7,7,0,0
/global/archives/category/corporate/sk-enmove,Netherlands,2,2,1,2,18,9,0,0
/global/archives/category/corporate/sk-ie-technology,Japan,2,2,1,2,81,11,0,0
/global/archives/category/corporate/sk-on,Taiwan,2,2,1,2,8,8,0,0
/global/archives/category/corporates/sk-earthon,India,2,2,1,2,12,5,0,0
/global/archives/category/corporates/sk-energy,France,2,1,1,2,22,7,0,0
/global/archives/category/corporates/sk-energy,Japan,2,2,2,1,15,8,0,0
/global/archives/category/corporates/sk-energy,Oman,2,1,1,2,3,7,0,0
/global/archives/category/corporates/sk-energy,Spain,2,2,1,2,47,8,0,0
/global/archives/category/corporates/sk-energy,Yemen,2,2,1,2,10,7,0,0
/global/archives/category/corporates/sk-enmove,Qatar,2,1,1,2,72,7,0,0
/global/archives/category/corporates/sk-enmove,Spain,2,1,1,2,19,8,0,0
/global/archives/category/corporates/sk-enmove,United States,2,2,2,1,9.5,8,0,0
/global/archives/category/corporates/sk-enterm,South Korea,2,1,1,2,13,8,0,0
/global/archives/category/corporates/sk-geo-centric,Indonesia,2,2,1,2,0,4,0,0
/global/archives/category/corporates/sk-geo-centric,South Korea,2,2,2,1,10.5,7,0,0
/global/archives/category/corporates/sk-geo-centric,Vietnam,2,1,1,2,33,6,0,0
/global/archives/category/corporates/sk-ie-technology,India,2,2,1,2,2,8,0,0
/global/archives/category/corporates/sk-incheon-petrochem,Brazil,2,1,1,2,5,8,0,0
/global/archives/category/corporates/sk-incheon-petrochem,India,2,2,2,1,18,8,0,0
/global/archives/category/corporates/sk-innovation,China,2,1,1,2,29,7,0,0
/global/archives/category/corporates/sk-innovation,Malaysia,2,2,2,1,5.5,6,0,0
/global/archives/category/corporates/sk-on,Indonesia,2,2,1,2,18,5,0,0
/global/archives/category/corporates/sk-rading-international,India,2,2,1,2,0,5,0,0
/global/archives/category/insight,China,2,2,2,1,4,6,0,0
/global/archives/category/insight,Vietnam,2,2,2,1,1.5,7,0,0
/global/archives/category/insight/trend_report,Thailand,2,1,1,2,71,8,0,0
/global/archives/category/people,Indonesia,2,1,1,2,7,7,0,0
/global/archives/category/people,Malaysia,2,2,2,1,8,8,0,0
/global/archives/category/people/ceo-leaders,India,2,2,2,1,12,10,0,0
/global/archives/category/press-room,Canada,2,2,2,1,14,8,0,0
/global/archives/category/press-room,China,2,2,2,1,36,7,0,0
/global/archives/category/press-room/financial-results,Hong Kong,2,1,1,2,9,8,0,0
/global/archives/category/press-room/financial-results,Netherlands,2,2,1,2,14,9,0,0
/global/archives/category/press-room/press-release,Hungary,2,1,1,2,15,7,0,0
/global/archives/category/press-room/press-release,Malaysia,2,2,2,1,13,8,0,0
/global/archives/category/press-room/press-release,Thailand,2,1,1,2,23,8,0,0
/global/archives/category/social-value/csr-program,Japan,2,1,1,2,2,8,0,0
/global/archives/tag/2022-esg-report,India,2,1,1,2,7,8,0,0
/global/archives/tag/2024-q1,France,2,1,1,2,8,8,0,0
/global/archives/tag/battery-monitoring-integrated-circuit,Malaysia,2,1,1,2,14,10,0,0
/global/archives/tag/biofuel,South Korea,2,1,1,2,2,7,0,0
/global/archives/tag/blueovalsk,United States,2,2,2,1,3.5,7,0,0
/global/archives/tag/carbon-capture,United Arab Emirates,2,1,1,2,21,8,0,0
/global/archives/tag/extraordinary-general-meeting,Singapore,2,2,2,1,2,8,0,0
/global/archives/tag/flexible-cover-window,South Korea,2,2,1,2,2,11,0,0
/global/archives/tag/green-bonds,United Kingdom,2,1,1,2,3,7,0,0
/global/archives/tag/green-innovation,United States,2,2,1,2,7,6,0,0
/global/archives/tag/ioniq-5,Czechia,2,1,1,2,13,9,0,0
/global/archives/tag/kentucky,Mexico,2,1,1,2,20,10,0,0
/global/archives/tag/malaysia,India,2,1,1,2,12,7,0,0
/global/archives/tag/malaysia,Malaysia,2,1,1,2,15,6,0,0
/global/archives/tag/ncm811,France,2,2,1,2,17,9,0,0
/global/archives/tag/ncm811,Germany,2,1,1,2,2,7,0,0
/global/archives/tag/oh-jong-hoon,Japan,2,1,1,2,6,7,0,0
/global/archives/tag/pouch-type-battery,Canada,2,1,1,2,6,9,0,0
/global/archives/tag/purecycle-technologies,South Korea,2,1,1,2,16,8,0,0
/global/archives/tag/revenue,United States,2,1,1,2,8,7,0,0
/global/archives/tag/sarawak,Vietnam,2,2,2,1,225.5,8,0,0
/global/archives/tag/sk-geo-centric,Japan,2,1,1,2,6,7,0,0
/global/archives/tag/ske,United States,2,2,1,2,0,7,0,0
/global/archives/tag/skeo,Indonesia,2,1,1,2,27,8,0,0
/global/archives/tag/skeo,Vietnam,2,2,2,1,34,6,0,0
/global/archives/tag/skti,Indonesia,2,1,1,2,7,8,0,0
/global/archives/tag/ulsan,Japan,2,1,1,2,35,8,0,0
/global/archives/tag/ulsan-complex,Japan,2,2,1,2,24,9,0,0
/global/archives/tag/vwbe,United States,2,2,1,2,6,8,0,0
/global/archives/tag/yoo-jae-young,Philippines,2,2,1,2,23,10,0,0
/global/latestnews,Taiwan,2,3,1,2,29,9,0,0
/global/privacy-policy,South Korea,2,1,1,2,105,10,0,0
/global/privacy-policy,Vietnam,2,2,2,1,16.5,7,0,0
/global/sustainability-report,France,2,3,2,1,4.5,11,0,0
/pagead/aclk,Hong Kong,2,1,1,2,0,6,0,0
/global/,Australia,1,1,1,1,0,4,0,0
/global/,Austria,1,1,1,1,0,4,0,0
/global/,Bosnia & Herzegovina,1,1,1,1,4,4,0,0
/global/,Finland,1,1,1,1,0,5,0,0
/global/,Hong Kong,1,1,1,1,0,3,0,0
/global/,Kuwait,1,1,1,1,20,5,0,0
/global/,Mexico,1,1,1,1,0,1,0,0
/global/,Myanmar (Burma),1,1,1,1,3,4,0,0
/global/,Netherlands,1,1,1,1,2,4,0,0
/global/,Russia,1,1,1,1,13,4,0,0
/global/,South Africa,1,1,1,1,7,5,0,0
/global/,United Arab Emirates,1,1,1,1,6,3,0,0
/global/archives/10133,France,1,1,1,1,10,6,0,0
/global/archives/10133,Singapore,1,1,1,1,12,5,0,0
/global/archives/10159,India,1,1,1,1,90,6,0,0
/global/archives/10570,China,1,1,1,1,103,6,0,0
/global/archives/10574,China,1,1,1,1,80,4,0,0
/global/archives/10610,United States,1,1,1,1,7,5,0,0
/global/archives/10654,Canada,1,1,1,1,0,4,0,0
/global/archives/10654,Jordan,1,2,1,1,15,7,0,0
/global/archives/10654,United States,1,1,1,1,172,5,0,0
/global/archives/10713,South Korea,1,1,1,1,28,6,0,0
/global/archives/10767,South Korea,1,1,1,1,0,2,0,0
/global/archives/10767,United Arab Emirates,1,1,1,1,50,4,0,0
/global/archives/10767,United States,1,1,1,1,9,5,0,0
/global/archives/10774,Canada,1,1,1,1,47,4,0,0
/global/archives/10774,China,1,1,1,1,6,4,0,0
/global/archives/10774,Germany,1,2,1,1,0,6,0,0
/global/archives/10774,Japan,1,1,1,1,49,5,0,0
/global/archives/10802,Hong Kong,1,1,1,1,4,5,0,0
/global/archives/10802,Vietnam,1,1,1,1,35,5,0,0
/global/archives/10835,Singapore,1,1,1,1,7,5,0,0
/global/archives/10835,South Korea,1,1,1,1,3,5,0,0
/global/archives/10842,India,1,1,1,1,31,5,0,0
/global/archives/10872,Belgium,1,1,1,1,7,5,0,0
/global/archives/10872,United States,1,1,1,1,0,3,0,0
/global/archives/10913,Bosnia & Herzegovina,1,2,1,1,0,6,0,0
/global/archives/10913,Jordan,1,1,1,1,52,5,0,0
/global/archives/10913,Singapore,1,1,1,1,7,5,0,0
/global/archives/10913,Türkiye,1,1,1,1,0,4,0,0
/global/archives/10939,India,1,1,1,1,35,6,0,0
/global/archives/10977,China,1,1,1,1,0,3,0,0
/global/archives/10977,Singapore,1,2,1,1,52,7,0,0
/global/archives/10985,Japan,1,1,1,1,3,4,0,0
/global/archives/10985,Malaysia,1,1,1,1,156,5,0,0
/global/archives/11004,Germany,1,1,1,1,16,4,0,0
/global/archives/11004,India,1,1,1,1,19,5,0,0
/global/archives/11004,Singapore,1,2,1,1,52,6,0,0
/global/archives/11004,United States,1,1,1,1,0,4,0,0
/global/archives/11010,South Korea,1,2,1,1,0,5,0,0
/global/archives/11037,South Korea,1,1,1,1,7,6,0,0
/global/archives/11037,United Kingdom,1,1,1,1,22,4,0,0
/global/archives/11058,India,1,1,1,1,18,5,0,0
/global/archives/11087,France,1,1,1,1,35,5,0,0
/global/archives/11087,Germany,1,1,1,1,149,5,0,0
/global/archives/11087,India,1,1,1,1,24,4,0,0
/global/archives/11087,Indonesia,1,1,1,1,11,5,0,0
/global/archives/11087,Nigeria,1,1,1,1,34,5,0,0
/global/archives/11087,Portugal,1,1,1,1,193,6,0,0
/global/archives/11147,Spain,1,1,1,1,10,4,0,0
/global/archives/11161,Hong Kong,1,1,1,1,45,5,0,0
/global/archives/11214,United Kingdom,1,1,1,1,10,5,0,0
/global/archives/11214,United States,1,1,1,1,6,5,0,0
/global/archives/11286,United Kingdom,1,1,1,1,71,3,0,0
/global/archives/11376,Hong Kong,1,1,1,1,0,4,0,0
/global/archives/11475,India,1,1,1,1,19,5,0,0
/global/archives/11486,South Korea,1,1,1,1,6,4,0,0
/global/archives/11512,South Korea,1,1,1,1,16,4,0,0
/global/archives/11537,Japan,1,1,1,1,133,4,0,0
/global/archives/11537,South Korea,1,1,1,1,65,6,0,0
/global/archives/11537,United Kingdom,1,1,1,1,54,4,0,0
/global/archives/11596,India,1,1,1,1,72,6,0,0
/global/archives/11623,Indonesia,1,1,1,1,39,4,0,0
/global/archives/11683,Japan,1,1,1,1,9,4,0,0
/global/archives/1175,Hong Kong,1,1,1,1,0,3,0,0
/global/archives/1175,South Korea,1,1,1,1,19,6,0,0
/global/archives/11807,Indonesia,1,1,1,1,0,4,0,0
/global/archives/11807,Thailand,1,1,1,1,21,5,0,0
/global/archives/11807,United Kingdom,1,2,1,1,0,6,0,0
/global/archives/11807,United States,1,2,1,1,0,6,0,0
/global/archives/11807,Vietnam,1,1,1,1,196,4,0,0
/global/archives/11853,Singapore,1,1,1,1,48,6,0,0
/global/archives/12008,Italy,1,1,1,1,0,4,0,0
/global/archives/12022,Japan,1,2,1,1,159,4,0,0
/global/archives/12022,Netherlands,1,1,1,1,26,4,0,0
/global/archives/12022,Qatar,1,1,1,1,55,6,0,0
/global/archives/12022,South Korea,1,1,1,1,5,5,0,0
/global/archives/12022,Spain,1,1,1,1,0,3,0,0
/global/archives/12072,South Korea,1,2,1,1,0,6,0,0
/global/archives/12091,India,1,2,1,1,0,4,0,0
/global/archives/12091,United States,1,1,1,1,41,6,0,0
/global/archives/12106,Belgium,1,1,1,1,27,3,0,0
/global/archives/12106,India,1,1,1,1,9,5,0,0
/global/archives/12106,Indonesia,1,1,1,1,4,5,0,0
/global/archives/12147,Czechia,1,1,1,1,25,4,0,0
/global/archives/12147,Finland,1,1,1,1,0,4,0,0
/global/archives/12147,Singapore,1,1,1,1,12,4,0,0
/global/archives/12147,South Korea,1,2,1,1,0,6,0,0
/global/archives/12147,Taiwan,1,1,1,1,10,5,0,0
/global/archives/12147,United States,1,1,1,1,88,6,0,0
/global/archives/12190,Hong Kong,1,1,1,1,23,4,0,0
/global/archives/12190,India,1,1,1,1,0,3,0,0
/global/archives/12190,Mexico,1,1,1,1,2,5,0,0
/global/archives/12220,France,1,2,1,1,0,6,0,0
/global/archives/12220,India,1,1,1,1,0,4,0,0
/global/archives/12220,Norway,1,1,1,1,10,4,0,0
/global/archives/12269,Singapore,1,1,1,1,0,3,0,0
/global/archives/12269,United States,1,1,1,1,16,5,0,0
/global/archives/12274,Singapore,1,1,1,1,62,5,0,0
/global/archives/12306,Australia,1,1,1,1,0,3,0,0
/global/archives/12306,Czechia,1,1,1,1,54,4,0,0
/global/archives/12306,France,1,1,1,1,0,3,0,0
/global/archives/12306,Romania,1,1,1,1,0,4,0,0
/global/archives/12306,Ukraine,1,1,1,1,8,3,0,0
/global/archives/12319,South Korea,1,2,1,1,4,3,0,0
/global/archives/12319,United States,1,1,1,1,57,3,0,0
/global/archives/12413,Indonesia,1,1,1,1,13,3,0,0
/global/archives/12471,Japan,1,1,1,1,33,4,0,0
/global/archives/12471,Singapore,1,2,1,1,0,5,0,0
/global/archives/1257,China,1,1,1,1,10,4,0,0
/global/archives/1257,South Korea,1,1,1,1,5,5,0,0
/global/archives/12610,Indonesia,1,1,1,1,4,4,0,0
/global/archives/12667,Czechia,1,1,1,1,26,4,0,0
/global/archives/12667,Singapore,1,2,1,1,30,7,0,0
/global/archives/12667,United States,1,1,1,1,0,3,0,0
/global/archives/12688,Singapore,1,1,1,1,97,4,0,0
/global/archives/12688,South Korea,1,1,1,1,0,4,0,0
/global/archives/12692,South Korea,1,1,1,1,55,3,0,0
/global/archives/12692/제로카본라이프스타일_5,South Korea,1,1,1,1,23,6,0,0
/global/archives/12950,United Kingdom,1,1,1,1,54,6,0,0
/global/archives/12950,United States,1,1,1,1,42,5,0,0
/global/archives/13060,South Korea,1,1,1,1,116,6,0,0
/global/archives/13130,India,1,1,1,1,16,4,0,0
/global/archives/13130,Taiwan,1,1,1,1,21,4,0,0
/global/archives/13230,Australia,1,1,1,1,2,5,0,0
/global/archives/13230,United States,1,1,1,1,21,4,0,0
/global/archives/13329,India,1,1,0,0,0,3,0,0
/global/archives/13329,Taiwan,1,1,1,1,7,3,0,0
/global/archives/13374,Japan,1,1,1,1,0,3,0,0
/global/archives/13374,United Kingdom,1,1,1,1,22,5,0,0
/global/archives/13437,Vietnam,1,1,1,1,0,4,0,0
/global/archives/13443,Mexico,1,1,1,1,20,4,0,0
/global/archives/13443,Netherlands,1,1,1,1,98,4,0,0
/global/archives/13478,Poland,1,1,1,1,235,3,0,0
/global/archives/13521,Canada,1,1,1,1,71,5,0,0
/global/archives/13521,China,1,1,1,1,4,3,0,0
/global/archives/13521,France,1,1,1,1,156,6,0,0
/global/archives/13521,Germany,1,1,1,1,0,3,0,0
/global/archives/13521,Singapore,1,1,1,1,0,4,0,0
/global/archives/13595,United States,1,1,1,1,84,4,0,0
/global/archives/13669,Singapore,1,1,1,1,6,4,0,0
/global/archives/13780,Hong Kong,1,1,1,1,0,4,0,0
/global/archives/13780,India,1,1,1,1,22,5,0,0
/global/archives/13780,Japan,1,1,1,1,7,5,0,0
/global/archives/13879,India,1,1,1,1,195,3,0,0
/global/archives/13932,Canada,1,1,1,1,5,5,0,0
/global/archives/13932,United Kingdom,1,1,1,1,0,4,0,0
/global/archives/13932,United States,1,1,1,1,99,5,0,0
/global/archives/1398,Hong Kong,1,1,1,1,19,5,0,0
/global/archives/13981,Singapore,1,1,1,1,7,5,0,0
/global/archives/1399,Indonesia,1,1,1,1,0,2,0,0
/global/archives/14065,India,1,1,1,1,65,5,0,0
/global/archives/14065,Netherlands,1,1,1,1,30,4,0,0
/global/archives/14078,South Korea,1,1,1,1,0,3,0,0
/global/archives/14193,France,1,2,1,1,0,6,0,0
/global/archives/14193,India,1,1,1,1,1,5,0,0
/global/archives/14193,South Korea,1,1,1,1,18,5,0,0
/global/archives/14193,United States,1,1,1,1,21,6,0,0
/global/archives/14219,Singapore,1,1,1,1,50,4,0,0
/global/archives/14226,China,1,2,1,1,0,6,0,0
/global/archives/14226,Japan,1,1,1,1,57,4,0,0
/global/archives/14226,Singapore,1,2,1,1,1,4,0,0
/global/archives/14243,Argentina,1,1,1,1,1,5,0,0
/global/archives/14243,Chile,1,1,1,1,25,4,0,0
/global/archives/14243,Germany,1,1,1,1,0,3,0,0
/global/archives/14243,India,1,1,0,0,0,3,0,0
/global/archives/14243,Netherlands,1,1,1,1,80,5,0,0
/global/archives/14243,Russia,1,1,1,1,17,6,0,0
/global/archives/14264,South Korea,1,2,1,1,0,6,0,0
/global/archives/14309,United States,1,1,1,1,0,3,0,0
/global/archives/14333,Singapore,1,2,1,1,47,4,0,0
/global/archives/14333,Sweden,1,1,1,1,0,2,0,0
/global/archives/14354,India,1,1,1,1,15,5,0,0
/global/archives/14354,Philippines,1,1,1,1,13,4,0,0
/global/archives/14384,Indonesia,1,1,1,1,559,3,0,0
/global/archives/14400,Japan,1,1,1,1,0,2,0,0
/global/archives/14491,Bosnia & Herzegovina,1,2,1,1,0,6,0,0
/global/archives/14491,South Korea,1,1,1,1,9,5,0,0
/global/archives/14493,Singapore,1,1,1,1,7,4,0,0
/global/archives/14634,Canada,1,1,1,1,46,5,0,0
/global/archives/14634,Hungary,1,1,1,1,200,4,0,0
/global/archives/14634,India,1,1,1,1,0,3,0,0
/global/archives/14634,Poland,1,1,1,1,0,4,0,0
/global/archives/14634,Ukraine,1,1,1,1,0,4,0,0
/global/archives/14688,United States,1,2,1,1,0,4,0,0
/global/archives/14690,Singapore,1,1,1,1,1,4,0,0
/global/archives/14766,Canada,1,1,1,1,48,5,0,0
/global/archives/14766,Japan,1,2,2,0.5,160.5,4,0,0
/global/archives/14766,Singapore,1,1,1,1,0,4,0,0
/global/archives/14766,South Korea,1,2,1,1,0,5,0,0
/global/archives/14766,Thailand,1,2,1,1,0,6,0,0
/global/archives/14770,Belgium,1,1,1,1,1,5,0,0
/global/archives/14770,Netherlands,1,1,1,1,19,4,0,0
/global/archives/14770,Singapore,1,2,1,1,0,5,0,0
/global/archives/14788,Singapore,1,1,1,1,0,3,0,0
/global/archives/14788,South Korea,1,1,1,1,0,4,0,0
/global/archives/14869,United Kingdom,1,1,1,1,53,4,0,0
/global/archives/14896,United Kingdom,1,1,1,1,45,4,0,0
/global/archives/15007,Egypt,1,1,1,1,46,6,0,0
/global/archives/15007,India,1,1,1,1,13,5,0,0
/global/archives/15007,United States,1,1,1,1,15,5,0,0
/global/archives/15204,India,1,1,0,0,0,2,0,0
/global/archives/15204,Netherlands,1,1,1,1,20,5,0,0
/global/archives/1521,Hong Kong,1,1,1,1,62,5,0,0
/global/archives/15259,South Korea,1,1,1,1,17,5,0,0
/global/archives/15353,Malaysia,1,1,1,1,0,3,0,0
/global/archives/15374,China,1,1,1,1,114,5,0,0
/global/archives/15374,France,1,1,1,1,0,4,0,0
/global/archives/15374,India,1,1,1,1,0,4,0,0
/global/archives/15374,South Korea,1,1,1,1,170,6,0,0
/global/archives/15374,United Arab Emirates,1,1,1,1,0,2,0,0
/global/archives/15374,United Kingdom,1,1,1,1,0,4,0,0
/global/archives/15409,India,1,1,1,1,173,5,0,0
/global/archives/15430,Singapore,1,1,1,1,50,5,0,0
/global/archives/15462,Australia,1,1,1,1,104,5,0,0
/global/archives/15462,Japan,1,1,1,1,37,5,0,0
/global/archives/15490,Germany,1,2,1,1,0,6,0,0
/global/archives/15490,South Korea,1,2,1,1,0,6,0,0
/global/archives/15490,Thailand,1,2,1,1,1,5,0,0
/global/archives/15490,United States,1,1,1,1,5,5,0,0
/global/archives/15497,United Kingdom,1,1,1,1,0,3,0,0
/global/archives/15574,China,1,1,1,1,63,3,0,0
/global/archives/15574,Germany,1,1,1,1,147,4,0,0
/global/archives/15574,Netherlands,1,1,1,1,79,4,0,0
/global/archives/15592,Hong Kong,1,1,1,1,0,4,0,0
/global/archives/15623,China,1,1,1,1,8,4,0,0
/global/archives/15638,Singapore,1,1,1,1,1,4,0,0
/global/archives/15654,Singapore,1,1,1,1,37,5,0,0
/global/archives/15654,United Kingdom,1,1,1,1,0,4,0,0
/global/archives/15664,China,1,2,1,1,19,4,0,0
/global/archives/15664,France,1,1,1,1,1,5,0,0
/global/archives/15664,Saudi Arabia,1,1,1,1,16,5,0,0
/global/archives/15687,China,1,1,1,1,4,4,0,0
/global/archives/15687,Indonesia,1,1,1,1,8,3,0,0
/global/archives/15687,Japan,1,1,1,1,18,5,0,0
/global/archives/15687,South Korea,1,1,1,1,31,6,0,0
/global/archives/15687,Switzerland,1,1,1,1,154,4,0,0
/global/archives/15687,Thailand,1,1,1,1,33,6,0,0
/global/archives/15687,United Arab Emirates,1,2,1,1,0,6,0,0
/global/archives/15760,Vietnam,1,1,1,1,111,5,0,0
/global/archives/15840,Malaysia,1,1,1,1,0,4,0,0
/global/archives/15840,Singapore,1,1,1,1,64,5,0,0
/global/archives/15865,Singapore,1,1,1,1,2,3,0,0
/global/archives/15937,Namibia,1,1,1,1,810,5,0,0
/global/archives/15937,Singapore,1,2,1,1,0,6,0,0
/global/archives/15937,South Korea,1,1,1,1,0,3,0,0
/global/archives/15964,Vietnam,1,1,1,1,26,6,0,0
/global/archives/15985,South Korea,1,1,1,1,0,4,0,0
/global/archives/16005,South Korea,1,1,1,1,8,4,0,0
/global/archives/16025,Cameroon,1,1,1,1,1,4,0,0
/global/archives/16060,Germany,1,1,0,0,0,3,0,0
/global/archives/16060,India,1,2,1,1,0,6,0,0
/global/archives/16060,Japan,1,1,1,1,0,3,0,0
/global/archives/16060,Malaysia,1,1,1,1,0,2,0,0
/global/archives/16060,Poland,1,1,1,1,18,5,0,0
/global/archives/16060,South Korea,1,1,1,1,10,4,0,0
/global/archives/16060,Spain,1,2,1,1,0,5,0,0
/global/archives/16131,Japan,1,1,1,1,9,3,0,0
/global/archives/16131,South Korea,1,2,1,1,0,6,0,0
/global/archives/16154,France,1,1,1,1,0,4,0,0
/global/archives/16154,Singapore,1,1,1,1,53,5,0,0
/global/archives/16169,Japan,1,1,1,1,9,4,0,0
/global/archives/16169,South Korea,1,1,1,1,9,5,0,0
/global/archives/16169,United Arab Emirates,1,2,1,1,90,5,0,0
/global/archives/16187,South Korea,1,1,1,1,44,5,0,0
/global/archives/16286,Indonesia,1,1,1,1,18,4,0,0
/global/archives/16308,Germany,1,2,1,1,47,5,0,0
/global/archives/16334,Hungary,1,1,1,1,71,4,0,0
/global/archives/16334,Vietnam,1,1,1,1,26,4,0,0
/global/archives/16376,Australia,1,1,1,1,38,5,0,0
/global/archives/16376,China,1,2,1,1,44,6,0,0
/global/archives/16376,France,1,1,1,1,128,5,0,0
/global/archives/16376,Malaysia,1,1,1,1,0,3,0,0
/global/archives/16376,Sweden,1,1,1,1,2,5,0,0
/global/archives/16376,United States,1,1,1,1,10,5,0,0
/global/archives/16448,France,1,1,1,1,29,4,0,0
/global/archives/16448,Japan,1,1,1,1,13,6,0,0
/global/archives/16448,South Korea,1,2,1,1,0,6,0,0
/global/archives/16448,Spain,1,2,1,1,115,4,0,0
/global/archives/16448,United States,1,1,1,1,6,4,0,0
/global/archives/16463,South Korea,1,1,1,1,7,6,0,0
/global/archives/16480,China,1,1,1,1,5,3,0,0
/global/archives/16480,India,1,1,0,0,0,3,0,0
/global/archives/16480,Norway,1,1,1,1,51,5,0,0
/global/archives/16480,United States,1,1,1,1,0,5,0,0
/global/archives/16493,South Korea,1,1,1,1,43,5,0,0
/global/archives/16532,Australia,1,2,0,0,0,5,0,0
/global/archives/16532,Bosnia & Herzegovina,1,1,1,1,0,3,0,0
/global/archives/16532,France,1,2,1,1,10,4,0,0
/global/archives/16532,Somalia,1,1,1,1,0,4,0,0
/global/archives/16532,Sweden,1,1,1,1,1,5,0,0
/global/archives/16532,United Kingdom,1,1,1,1,24,5,0,0
/global/archives/16583,India,1,1,1,1,2,6,0,0
/global/archives/16583,Malaysia,1,1,1,1,0,2,0,0
/global/archives/16583,United Kingdom,1,1,1,1,21,3,0,0
/global/archives/16583,Vietnam,1,1,1,1,0,2,0,0
/global/archives/16613,France,1,1,1,1,0,4,0,0
/global/archives/16613,Lebanon,1,1,0,0,0,3,0,0
/global/archives/16613,Singapore,1,1,1,1,46,5,0,0
/global/archives/16613,United Arab Emirates,1,1,1,1,15,6,0,0
/global/archives/16719,Thailand,1,2,1,1,112,4,0,0
/global/archives/16787,Japan,1,1,1,1,24,5,0,0
/global/archives/16810,China,1,1,1,1,9,2,0,0
/global/archives/16834,Germany,1,1,1,1,20,5,0,0
/global/archives/16834,Singapore,1,1,1,1,36,5,0,0
/global/archives/16834,South Korea,1,1,1,1,8,5,0,0
/global/archives/16881,Canada,1,2,1,1,0,6,0,0
/global/archives/16881,South Korea,1,1,1,1,6,5,0,0
/global/archives/16904,Japan,1,1,1,1,86,4,0,0
/global/archives/16925,Malaysia,1,1,1,1,8,4,0,0
/global/archives/16925,United Kingdom,1,1,1,1,67,5,0,0
/global/archives/16925,United States,1,1,1,1,35,3,0,0
/global/archives/16925,Vietnam,1,1,1,1,0,2,0,0
/global/archives/16939,Germany,1,1,1,1,3,5,0,0
/global/archives/16939,Singapore,1,1,1,1,0,4,0,0
/global/archives/16970,Philippines,1,1,1,1,0,5,0,0
/global/archives/16970,Russia,1,1,1,1,7,3,0,0
/global/archives/16970,United States,1,1,1,1,9,5,0,0
/global/archives/17022,Taiwan,1,1,1,1,36,5,0,0
/global/archives/17047,Japan,1,1,1,1,0,4,0,0
/global/archives/17047/4-sk이노베이션_ces2024_sk원더랜드_sk-wonderland_판타스틱아일랜드_ai-포-2,South Korea,1,1,1,1,2,5,0,0
/global/archives/17144,Japan,1,1,1,1,116,4,0,0
/global/archives/17169,Singapore,1,1,1,1,65,5,0,0
/global/archives/17169,United States,1,1,1,1,40,5,0,0
/global/archives/17216,Germany,1,1,1,1,12,5,0,0
/global/archives/17216,Hong Kong,1,1,1,1,0,3,0,0
/global/archives/17216,India,1,2,1,1,2,4,0,0
/global/archives/17216,Netherlands,1,1,1,1,93,4,0,0
/global/archives/17216,Sweden,1,1,1,1,1,5,0,0
/global/archives/17216,United Kingdom,1,1,1,1,0,4,0,0
/global/archives/1722,South Korea,1,1,1,1,63,5,0,0
/global/archives/1722,United States,1,1,1,1,52,5,0,0
/global/archives/17313,Germany,1,1,1,1,13,6,0,0
/global/archives/17313,India,1,1,1,1,1,5,0,0
/global/archives/17313,Switzerland,1,1,1,1,12,4,0,0
/global/archives/17313,United Kingdom,1,1,1,1,66,5,0,0
/global/archives/17356,Chile,1,1,1,1,28,6,0,0
/global/archives/17356,China,1,1,1,1,3,3,0,0
/global/archives/17356,France,1,1,1,1,17,5,0,0
/global/archives/17356,Japan,1,1,1,1,26,4,0,0
/global/archives/17356,Switzerland,1,1,1,1,42,4,0,0
/global/archives/17356,Taiwan,1,1,1,1,13,3,0,0
/global/archives/17386,Finland,1,1,1,1,194,6,0,0
/global/archives/17386,Netherlands,1,1,1,1,16,5,0,0
/global/archives/17386,Taiwan,1,1,1,1,28,5,0,0
/global/archives/17386,United States,1,1,1,1,193,5,0,0
/global/archives/17386,Uzbekistan,1,1,1,1,167,6,0,0
/global/archives/17426,Germany,1,1,1,1,22,5,0,0
/global/archives/17426,Netherlands,1,1,1,1,12,4,0,0
/global/archives/17426,Taiwan,1,1,1,1,0,4,0,0
/global/archives/17426,Thailand,1,1,1,1,5,5,0,0
/global/archives/17426,United Kingdom,1,1,1,1,9,5,0,0
/global/archives/17426,Vietnam,1,1,1,1,4,4,0,0
/global/archives/17446,Canada,1,1,1,1,0,4,0,0
/global/archives/17446,Hong Kong,1,1,1,1,27,6,0,0
/global/archives/17446,United Kingdom,1,1,1,1,0,3,0,0
/global/archives/17460,India,1,1,1,1,26,6,0,0
/global/archives/17460,Malta,1,1,1,1,0,4,0,0
/global/archives/17460,Pakistan,1,1,1,1,0,3,0,0
/global/archives/17460,Thailand,1,1,1,1,0,4,0,0
/global/archives/17476,Belgium,1,1,1,1,0,4,0,0
/global/archives/17476,Denmark,1,1,1,1,0,4,0,0
/global/archives/17476,Japan,1,1,1,1,14,3,0,0
/global/archives/17499,Austria,1,1,1,1,3,5,0,0
/global/archives/17499,Italy,1,1,1,1,12,5,0,0
/global/archives/17514,Indonesia,1,2,1,1,0,6,0,0
/global/archives/17514,Japan,1,1,1,1,9,4,0,0
/global/archives/17514,Saudi Arabia,1,1,1,1,6,5,0,0
/global/archives/17514,South Korea,1,1,1,1,38,4,0,0
/global/archives/17514,Switzerland,1,1,1,1,56,4,0,0
/global/archives/17514,United States,1,1,1,1,0,3,0,0
/global/archives/17569,Switzerland,1,1,1,1,96,5,0,0
/global/archives/17569,Thailand,1,1,1,1,30,4,0,0
/global/archives/17595,France,1,1,1,1,146,3,0,0
/global/archives/17595,United States,1,1,1,1,20,6,0,0
/global/archives/17623,Sweden,1,1,1,1,32,5,0,0
/global/archives/1768,Costa Rica,1,1,1,1,27,5,0,0
/global/archives/17737,Thailand,1,1,1,1,132,6,0,0
/global/archives/17737,United Kingdom,1,1,1,1,11,6,0,0
/global/archives/17737,United States,1,1,1,1,41,6,0,0
/global/archives/17796,China,1,1,1,1,0,3,0,0
/global/archives/17817,South Korea,1,2,1,1,0,6,0,0
/global/archives/17893,South Korea,1,1,1,1,20,6,0,0
/global/archives/17950,Hong Kong,1,2,1,1,0,6,0,0
/global/archives/17950,Indonesia,1,1,1,1,33,5,0,0
/global/archives/17950,Singapore,1,1,1,1,0,4,0,0
/global/archives/17950,Sri Lanka,1,1,1,1,19,4,0,0
/global/archives/17989,Malaysia,1,1,1,1,17,6,0,0
/global/archives/17989,South Korea,1,2,1,1,0,5,0,0
/global/archives/17990,Canada,1,1,1,1,0,4,0,0
/global/archives/17990,Kuwait,1,1,1,1,4,5,0,0
/global/archives/17990,Nepal,1,1,1,1,8,5,0,0
/global/archives/17990,Netherlands,1,2,1,1,0,6,0,0
/global/archives/17990,Tanzania,1,1,1,1,2,4,0,0
/global/archives/18022,Finland,1,1,1,1,53,4,0,0
/global/archives/18022,Ukraine,1,1,1,1,13,6,0,0
/global/archives/18022,Vietnam,1,1,1,1,27,5,0,0
/global/archives/18065,Australia,1,2,1,1,0,6,0,0
/global/archives/18065,China,1,1,1,1,19,5,0,0
/global/archives/18065,India,1,1,1,1,0,4,0,0
/global/archives/18107,Australia,1,1,1,1,44,5,0,0
/global/archives/18107,Belgium,1,1,1,1,53,5,0,0
/global/archives/18107,Bulgaria,1,2,1,1,0,6,0,0
/global/archives/18107,Denmark,1,1,1,1,49,5,0,0
/global/archives/18107,France,1,1,1,1,0,4,0,0
/global/archives/18107,Hong Kong,1,1,1,1,4,5,0,0
/global/archives/18107,Malaysia,1,1,1,1,0,4,0,0
/global/archives/18107,Philippines,1,1,1,1,0,3,0,0
/global/archives/18107,Saudi Arabia,1,1,1,1,1125,6,0,0
/global/archives/18107,South Korea,1,1,1,1,85,5,0,0
/global/archives/18107,United Arab Emirates,1,1,1,1,84,6,0,0
/global/archives/18140,Canada,1,1,1,1,9,4,0,0
/global/archives/18140,India,1,1,1,1,0,4,0,0
/global/archives/18140,Japan,1,2,1,1,0,4,0,0
/global/archives/18140,Switzerland,1,1,1,1,26,4,0,0
/global/archives/18140,Thailand,1,1,1,1,45,4,0,0
/global/archives/18140,United States,1,1,1,1,115,4,0,0
/global/archives/18167,South Korea,1,1,1,1,6,4,0,0
/global/archives/18167,United States,1,1,1,1,0,4,0,0
/global/archives/18208,Canada,1,1,1,1,36,6,0,0
/global/archives/18208,Peru,1,1,1,1,44,4,0,0
/global/archives/18283,(not set),1,1,1,1,0,4,0,0
/global/archives/18283,China,1,1,1,1,7,5,0,0
/global/archives/18283,Ireland,1,1,1,1,0,4,0,0
/global/archives/18283,Singapore,1,1,1,1,0,4,0,0
/global/archives/18283,United States,1,1,1,1,0,4,0,0
/global/archives/18301,Egypt,1,1,1,1,0,4,0,0
/global/archives/18301,Hong Kong,1,1,1,1,70,6,0,0
/global/archives/18301,Ireland,1,1,1,1,7,5,0,0
/global/archives/18301,Poland,1,1,1,1,112,5,0,0
/global/archives/18301,South Korea,1,1,1,1,0,4,0,0
/global/archives/18301,United Arab Emirates,1,1,0,0,0,3,0,0
/global/archives/18332,United States,1,1,1,1,0,3,0,0
/global/archives/18361,Austria,1,1,1,1,5,4,0,0
/global/archives/18361,Canada,1,1,1,1,7,5,0,0
/global/archives/18361,Hong Kong,1,1,1,1,3,4,0,0
/global/archives/18361,Japan,1,1,1,1,40,4,0,0
/global/archives/18361,Saudi Arabia,1,1,1,1,0,4,0,0
/global/archives/18361,Singapore,1,1,1,1,12,5,0,0
/global/archives/18361,South Korea,1,1,1,1,389,4,0,0
/global/archives/18361,Sri Lanka,1,1,1,1,0,4,0,0
/global/archives/18374,China,1,1,1,1,16,3,0,0
/global/archives/18374,Hungary,1,1,1,1,5,3,0,0
/global/archives/18374,Luxembourg,1,1,1,1,30,6,0,0
/global/archives/18374,South Korea,1,1,1,1,51,4,0,0
/global/archives/18388,Canada,1,1,1,1,0,4,0,0
/global/archives/18421,Hungary,1,1,1,1,18,4,0,0
/global/archives/18421,Japan,1,1,1,1,5,4,0,0
/global/archives/18421,South Korea,1,1,1,1,9,3,0,0
/global/archives/18436,Austria,1,2,1,1,5,4,0,0
/global/archives/18436,Canada,1,1,1,1,14,5,0,0
/global/archives/18436,Finland,1,1,1,1,44,5,0,0
/global/archives/18436,Hungary,1,1,1,1,12,4,0,0
/global/archives/18436,India,1,2,2,0.5,3,4,0,0
/global/archives/18436,Qatar,1,1,1,1,44,5,0,0
/global/archives/18436,United Kingdom,1,1,1,1,10,5,0,0
/global/archives/18436,United States,1,1,1,1,0,4,0,0
/global/archives/18445,India,1,1,1,1,0,3,0,0
/global/archives/18445,Japan,1,1,1,1,153,4,0,0
/global/archives/18478,India,1,1,1,1,60,4,0,0
/global/archives/18478,Singapore,1,1,1,1,8,4,0,0
/global/archives/18478,South Korea,1,2,1,1,0,5,0,0
/global/archives/18500,Hong Kong,1,1,1,1,49,5,0,0
/global/archives/18500,Indonesia,1,1,1,1,234,6,0,0
/global/archives/18546,Austria,1,1,1,1,5,2,0,0
/global/archives/18546,Canada,1,1,1,1,51,6,0,0
/global/archives/18546,Finland,1,1,1,1,2,4,0,0
/global/archives/18546,Taiwan,1,1,1,1,61,4,0,0
/global/archives/18546,United Arab Emirates,1,1,1,1,88,5,0,0
/global/archives/18608,Austria,1,1,1,1,5,2,0,0
/global/archives/18608,Egypt,1,1,1,1,25,5,0,0
/global/archives/18608,Kuwait,1,1,1,1,15,4,0,0
/global/archives/18608,Singapore,1,1,1,1,10,5,0,0
/global/archives/18659,(not set),1,1,1,1,0,4,0,0
/global/archives/18659,France,1,1,1,1,0,4,0,0
/global/archives/18659,India,1,1,1,1,113,3,0,0
/global/archives/18659,Malaysia,1,1,0,0,0,3,0,0
/global/archives/18690,Singapore,1,1,1,1,0,4,0,0
/global/archives/18690,Spain,1,1,1,1,239,3,0,0
/global/archives/18690,United States,1,1,1,1,9,3,0,0
/global/archives/18708,Taiwan,1,1,1,1,9,4,0,0
/global/archives/18743,Germany,1,1,1,1,0,4,0,0
/global/archives/18743,Hong Kong,1,2,1,1,0,6,0,0
/global/archives/18743,Hungary,1,1,1,1,17,3,0,0
/global/archives/18743,India,1,1,1,1,0,4,0,0
/global/archives/18743,Spain,1,1,1,1,33,4,0,0
/global/archives/18743,Taiwan,1,1,1,1,4,4,0,0
/global/archives/18753,Hong Kong,1,1,1,1,0,2,0,0
/global/archives/18753,Hungary,1,1,1,1,138,4,0,0
/global/archives/18753,Kuwait,1,1,1,1,5,4,0,0
/global/archives/18753,Taiwan,1,1,1,1,6,4,0,0
/global/archives/18753,United States,1,1,1,1,0,4,0,0
/global/archives/18753,Vietnam,1,1,1,1,0,2,0,0
/global/archives/18770,China,1,1,1,1,4,3,0,0
/global/archives/18770,Germany,1,1,1,1,36,4,0,0
/global/archives/18770,Hong Kong,1,1,1,1,36,6,0,0
/global/archives/18770,Kuwait,1,2,1,1,36,7,0,0
/global/archives/18770,Switzerland,1,1,1,1,125,6,0,0
/global/archives/18770,United Arab Emirates,1,1,1,1,86,3,0,0
/global/archives/18783,Japan,1,1,1,1,65,4,0,0
/global/archives/18989,Brazil,1,1,1,1,1,4,0,0
/global/archives/18989,Japan,1,1,1,1,92,4,0,0
/global/archives/18989,Malaysia,1,1,1,1,52,5,0,0
/global/archives/18989,Poland,1,1,1,1,0,4,0,0
/global/archives/18989,Russia,1,1,1,1,0,2,0,0
/global/archives/18989,Singapore,1,1,1,1,99,3,0,0
/global/archives/18989,Taiwan,1,1,1,1,78,4,0,0
/global/archives/18989,United Arab Emirates,1,2,1,1,1,5,0,0
/global/archives/19014,Bosnia & Herzegovina,1,1,1,1,0,4,0,0
/global/archives/19014,Hungary,1,2,1,1,67,5,0,0
/global/archives/19014,Spain,1,2,1,1,22,4,0,0
/global/archives/19014,United States,1,1,1,1,53,5,0,0
/global/archives/19045,Austria,1,1,1,1,0,4,0,0
/global/archives/19045,Brunei,1,2,1,1,0,6,0,0
/global/archives/19045,China,1,1,1,1,0,4,0,0
/global/archives/19045,Egypt,1,2,0,0,0,5,0,0
/global/archives/19045,Hong Kong,1,1,1,1,0,3,0,0
/global/archives/19045,Iraq,1,2,1,1,91,7,0,0
/global/archives/19045,Pakistan,1,1,1,1,0,3,0,0
/global/archives/19045,Slovenia,1,1,1,1,13,5,0,0
/global/archives/19045,South Africa,1,2,1,1,0,5,0,0
/global/archives/19045,Taiwan,1,1,1,1,11,4,0,0
/global/archives/19078,Azerbaijan,1,1,1,1,100,5,0,0
/global/archives/19078,Denmark,1,1,1,1,0,4,0,0
/global/archives/19078,Finland,1,1,1,1,0,4,0,0
/global/archives/19078,Greece,1,1,1,1,9,5,0,0
/global/archives/19078,Mexico,1,2,1,1,0,6,0,0
/global/archives/19078,Pakistan,1,1,1,1,9,5,0,0
/global/archives/19078,Peru,1,1,1,1,0,4,0,0
/global/archives/19078,Philippines,1,1,1,1,31,5,0,0
/global/archives/19078,Slovenia,1,2,1,1,58,6,0,0
/global/archives/19078,South Africa,1,1,1,1,0,4,0,0
/global/archives/19078,Thailand,1,2,1,1,0,6,0,0
/global/archives/1960,South Korea,1,1,1,1,25,5,0,0
/global/archives/2026,South Korea,1,1,1,1,13,5,0,0
/global/archives/2026,United States,1,2,1,1,0,5,0,0
/global/archives/2329,Hungary,1,1,1,1,0,4,0,0
/global/archives/2329,India,1,1,1,1,1,3,0,0
/global/archives/2448,South Korea,1,1,1,1,21,4,0,0
/global/archives/2448,Ukraine,1,1,1,1,49,5,0,0
/global/archives/253,Japan,1,1,1,1,4,3,0,0
/global/archives/2535,Poland,1,1,1,1,35,4,0,0
/global/archives/255,Australia,1,1,1,1,0,4,0,0
/global/archives/2568,China,1,1,1,1,16,4,0,0
/global/archives/2635,Hong Kong,1,2,1,1,0,5,0,0
/global/archives/2761,China,1,1,1,1,8,3,0,0
/global/archives/3005,United States,1,1,1,1,0,3,0,0
/global/archives/303,United States,1,1,1,1,265,5,0,0
/global/archives/3123,United Kingdom,1,2,1,1,0,6,0,0
/global/archives/3442,United States,1,1,1,1,0,3,0,0
/global/archives/3464,United States,1,1,1,1,6,5,0,0
/global/archives/3518,United Kingdom,1,1,1,1,0,3,0,0
/global/archives/3518,United States,1,1,1,1,0,4,0,0
/global/archives/3674,Hong Kong,1,1,1,1,0,3,0,0
/global/archives/3674,United Kingdom,1,1,1,1,2,4,0,0
/global/archives/3709,Austria,1,1,1,1,0,2,0,0
/global/archives/3709,United Kingdom,1,1,1,1,46,4,0,0
/global/archives/3709 -,Austria,1,1,1,1,0,4,0,0
/global/archives/3786,South Korea,1,1,1,1,3,5,0,0
/global/archives/3820,France,1,2,1,1,6,6,0,0
/global/archives/3820,Japan,1,1,1,1,12,4,0,0
/global/archives/3820,Netherlands,1,1,1,1,8,5,0,0
/global/archives/3820,Saudi Arabia,1,1,1,1,0,2,0,0
/global/archives/3820,Taiwan,1,1,1,1,22,5,0,0
/global/archives/3820,Ukraine,1,1,1,1,3,3,0,0
/global/archives/3830,United States,1,1,1,1,0,3,0,0
/global/archives/3962,Brazil,1,1,1,1,0,4,0,0
/global/archives/3962,India,1,1,1,1,58,4,0,0
/global/archives/3962,United States,1,1,1,1,0,4,0,0
/global/archives/4146,United States,1,1,1,1,5,5,0,0
/global/archives/4308,South Korea,1,2,1,1,37,7,0,0
/global/archives/4308,United States,1,1,1,1,29,5,0,0
/global/archives/4309,China,1,2,1,1,6,6,0,0
/global/archives/4360,Canada,1,1,1,1,7,6,0,0
/global/archives/4360,Switzerland,1,1,1,1,89,5,0,0
/global/archives/4450,Türkiye,1,1,1,1,14,5,0,0
/global/archives/4482,Hungary,1,1,1,1,3,5,0,0
/global/archives/4499,Russia,1,1,1,1,11,6,0,0
/global/archives/4518,India,1,1,1,1,51,5,0,0
/global/archives/4518,Japan,1,1,1,1,0,2,0,0
/global/archives/4518,Singapore,1,1,1,1,148,5,0,0
/global/archives/4585,Canada,1,2,1,1,0,6,0,0
/global/archives/4612,Australia,1,1,1,1,22,5,0,0
/global/archives/4612,France,1,1,1,1,238,5,0,0
/global/archives/4612,India,1,1,1,1,4,5,0,0
/global/archives/4612,Japan,1,1,1,1,58,4,0,0
/global/archives/4728,India,1,2,1,1,0,6,0,0
/global/archives/4751,China,1,1,1,1,90,5,0,0
/global/archives/4776,Taiwan,1,1,1,1,96,6,0,0
/global/archives/4793,Russia,1,1,0,0,0,3,0,0
/global/archives/4793,Singapore,1,1,1,1,12,5,0,0
/global/archives/4844,India,1,1,1,1,19,5,0,0
/global/archives/4844,Sweden,1,1,1,1,5,3,0,0
/global/archives/489,Myanmar (Burma),1,1,1,1,0,2,0,0
/global/archives/489,Singapore,1,1,1,1,31,5,0,0
/global/archives/5205,India,1,1,1,1,14,4,0,0
/global/archives/5234,Brazil,1,1,1,1,0,4,0,0
/global/archives/5234,Spain,1,1,1,1,11,5,0,0
/global/archives/5234,United Arab Emirates,1,1,1,1,63,4,0,0
/global/archives/5247,Singapore,1,1,1,1,9,4,0,0
/global/archives/5339,United States,1,1,1,1,4,5,0,0
/global/archives/5651,United Kingdom,1,1,1,1,43,5,0,0
/global/archives/5721,United States,1,1,1,1,0,3,0,0
/global/archives/5772,India,1,1,1,1,4,5,0,0
/global/archives/5772,United States,1,1,1,1,0,4,0,0
/global/archives/5892,Ireland,1,1,1,1,5,5,0,0
/global/archives/5892,South Korea,1,1,1,1,1,5,0,0
/global/archives/5893,Jordan,1,1,1,1,28,4,0,0
/global/archives/5944,France,1,1,1,1,0,3,0,0
/global/archives/5981,Nigeria,1,1,1,1,0,4,0,0
/global/archives/5994,South Korea,1,1,1,1,1,3,0,0
/global/archives/6014,Ukraine,1,1,1,1,508,6,0,0
/global/archives/6216,Austria,1,2,1,1,0,5,0,0
/global/archives/6216,Canada,1,1,1,1,54,5,0,0
/global/archives/6216,Singapore,1,2,1,1,0,6,0,0
/global/archives/6216,Slovakia,1,2,1,1,33,7,0,0
/global/archives/6216,Spain,1,1,1,1,49,5,0,0
/global/archives/6216,Ukraine,1,1,1,1,91,3,0,0
/global/archives/6216,United Kingdom,1,1,1,1,0,4,0,0
/global/archives/631,Hong Kong,1,1,1,1,6,4,0,0
/global/archives/6313,Japan,1,1,1,1,29,4,0,0
/global/archives/6343,Singapore,1,1,1,1,29,5,0,0
/global/archives/6343,Vietnam,1,1,1,1,45,6,0,0
/global/archives/6377,Chile,1,1,1,1,33,5,0,0
/global/archives/6377,Indonesia,1,2,1,1,0,6,0,0
/global/archives/6377,Singapore,1,1,1,1,16,5,0,0
/global/archives/6377,South Korea,1,1,1,1,57,5,0,0
/global/archives/6377,Switzerland,1,2,1,1,18,4,0,0
/global/archives/6377,Thailand,1,1,1,1,0,4,0,0
/global/archives/6377,Uganda,1,1,1,1,0,4,0,0
/global/archives/6377,Vietnam,1,1,1,1,21,5,0,0
/global/archives/6517,Barbados,1,1,1,1,4,5,0,0
/global/archives/6517,Hong Kong,1,2,1,1,0,6,0,0
/global/archives/653,Hungary,1,1,1,1,124,5,0,0
/global/archives/6546,Italy,1,1,1,1,7,5,0,0
/global/archives/6619,South Korea,1,1,1,1,89,4,0,0
/global/archives/6658,Belgium,1,1,1,1,70,5,0,0
/global/archives/6734,Singapore,1,1,1,1,0,3,0,0
/global/archives/6760,South Korea,1,1,1,1,116,4,0,0
/global/archives/6824,China,1,1,1,1,158,5,0,0
/global/archives/6824,Singapore,1,1,1,1,12,4,0,0
/global/archives/6834,South Korea,1,1,1,1,22,5,0,0
/global/archives/6870,Australia,1,1,1,1,26,4,0,0
/global/archives/7112,Denmark,1,1,1,1,36,6,0,0
/global/archives/7112,Hungary,1,1,1,1,0,3,0,0
/global/archives/7245,Hong Kong,1,1,1,1,0,3,0,0
/global/archives/7262,United Kingdom,1,1,1,1,29,4,0,0
/global/archives/7292,France,1,1,1,1,11,5,0,0
/global/archives/7292,Malaysia,1,1,1,1,0,4,0,0
/global/archives/7292,South Korea,1,1,1,1,8,5,0,0
/global/archives/7302,Japan,1,2,1,1,0,6,0,0
/global/archives/7319,South Korea,1,2,1,1,0,4,0,0
/global/archives/733,Hungary,1,1,1,1,0,4,0,0
/global/archives/7445,Japan,1,1,1,1,23,4,0,0
/global/archives/7445,Netherlands,1,1,1,1,201,5,0,0
/global/archives/7445,Poland,1,1,1,1,14,5,0,0
/global/archives/7476,South Korea,1,1,1,1,42,5,0,0
/global/archives/7574,Philippines,1,1,1,1,18,5,0,0
/global/archives/7596,Saudi Arabia,1,1,1,1,1,5,0,0
/global/archives/7670,United Kingdom,1,1,1,1,0,3,0,0
/global/archives/7710,Australia,1,1,1,1,17,5,0,0
/global/archives/7710,South Korea,1,2,1,1,0,6,0,0
/global/archives/7761,Japan,1,2,1,1,0,6,0,0
/global/archives/7761,South Korea,1,1,1,1,4,4,0,0
/global/archives/7848,Indonesia,1,1,1,1,77,5,0,0
/global/archives/7919,India,1,1,1,1,0,4,0,0
/global/archives/7991,Singapore,1,1,1,1,132,6,0,0
/global/archives/8105,Philippines,1,1,1,1,7,6,0,0
/global/archives/8152,United States,1,1,1,1,40,5,0,0
/global/archives/822,Netherlands,1,1,1,1,14,5,0,0
/global/archives/8230,India,1,1,1,1,11,5,0,0
/global/archives/8230,South Korea,1,1,1,1,12,5,0,0
/global/archives/831,Myanmar (Burma),1,1,1,1,0,4,0,0
/global/archives/8310,Belgium,1,1,1,1,15,4,0,0
/global/archives/8327,South Korea,1,1,1,1,2,5,0,0
/global/archives/8383,Hungary,1,1,1,1,0,4,0,0
/global/archives/8383,India,1,1,1,1,9,5,0,0
/global/archives/8383,South Korea,1,1,1,1,309,4,0,0
/global/archives/8400,Thailand,1,1,1,1,0,3,0,0
/global/archives/8400,United States,1,1,1,1,0,3,0,0
/global/archives/8428,India,1,1,1,1,35,5,0,0
/global/archives/8829,Switzerland,1,2,1,1,0,6,0,0
/global/archives/8899,United States,1,2,1,1,0,6,0,0
/global/archives/8972,South Korea,1,1,1,1,6,5,0,0
/global/archives/8972,United States,1,1,1,1,0,4,0,0
/global/archives/9191,South Korea,1,1,1,1,39,6,0,0
/global/archives/9213,United Kingdom,1,1,1,1,0,4,0,0
/global/archives/9213,United States,1,1,1,1,0,4,0,0
/global/archives/9236,Indonesia,1,1,1,1,0,5,0,0
/global/archives/9299,India,1,1,1,1,0,3,0,0
/global/archives/9394,Japan,1,1,1,1,20,3,0,0
/global/archives/9493,Japan,1,1,1,1,22,4,0,0
/global/archives/9493,United Kingdom,1,1,1,1,4,4,0,0
/global/archives/9509,Singapore,1,1,1,1,102,5,0,0
/global/archives/9509,Switzerland,1,1,1,1,0,2,0,0
/global/archives/9509,United States,1,1,1,1,22,5,0,0
/global/archives/9548,South Korea,1,1,1,1,25,5,0,0
/global/archives/9548,Taiwan,1,1,1,1,20,5,0,0
/global/archives/9668,Canada,1,1,1,1,0,4,0,0
/global/archives/9668,United States,1,1,1,1,3,5,0,0
/global/archives/9695,South Korea,1,1,1,1,15,3,0,0
/global/archives/9695,Taiwan,1,1,1,1,15,5,0,0
/global/archives/9709,China,1,1,1,1,5,4,0,0
/global/archives/9709,Malaysia,1,1,1,1,704,4,0,0
/global/archives/9709,South Korea,1,1,1,1,12,5,0,0
/global/archives/9709,United Kingdom,1,1,1,1,30,5,0,0
/global/archives/9715,India,1,1,1,1,12,5,0,0
/global/archives/9740,Australia,1,1,1,1,6,5,0,0
/global/archives/9740,Belarus,1,1,1,1,1,4,0,0
/global/archives/9740,India,1,2,1,1,0,5,0,0
/global/archives/9797,Peru,1,1,1,1,23,4,0,0
/global/archives/9837,Hong Kong,1,1,1,1,23,4,0,0
/global/archives/9877,Indonesia,1,1,1,1,41,5,0,0
/global/archives/9908,Peru,1,1,1,1,47,3,0,0
/global/archives/9910,Bosnia & Herzegovina,1,1,1,1,0,3,0,0
/global/archives/9910,Brunei,1,1,1,1,0,4,0,0
/global/archives/9910,Kuwait,1,1,1,1,112,5,0,0
/global/archives/9910,Namibia,1,1,1,1,0,2,0,0
/global/archives/9910,Norway,1,1,1,1,51,5,0,0
/global/archives/9910,United Arab Emirates,1,1,1,1,10,5,0,0
/global/archives/9978,Japan,1,1,1,1,0,4,0,0
/global/archives/category/corporate/sk-energy,Austria,1,1,1,1,4,5,0,0
/global/archives/category/corporate/sk-energy,Belgium,1,1,1,1,5,5,0,0
/global/archives/category/corporate/sk-energy,Canada,1,1,1,1,0,4,0,0
/global/archives/category/corporate/sk-energy,France,1,1,1,1,6,5,0,0
/global/archives/category/corporate/sk-energy,India,1,1,1,1,3,4,0,0
/global/archives/category/corporate/sk-energy,South Korea,1,1,1,1,3,5,0,0
/global/archives/category/corporate/sk-energy,United Arab Emirates,1,1,0,0,0,3,0,0
/global/archives/category/corporate/sk-enmove,Malaysia,1,1,1,1,3,5,0,0
/global/archives/category/corporate/sk-enmove,Philippines,1,1,1,1,32,5,0,0
/global/archives/category/corporate/sk-enmove,United States,1,1,1,1,27,4,0,0
/global/archives/category/corporate/sk-geo-centric,South Korea,1,1,1,1,22,5,0,0
/global/archives/category/corporate/sk-ie-technology,South Korea,1,1,1,1,1,4,0,0
/global/archives/category/corporate/sk-ie-technology,United States,1,1,1,1,0,3,0,0
/global/archives/category/corporate/sk-on,China,1,1,1,1,1,4,0,0
/global/archives/category/corporate/sk-on,France,1,2,0,0,0,5,0,0
/global/archives/category/corporates,Belgium,1,1,1,1,8,4,0,0
/global/archives/category/corporates,Chile,1,1,1,1,5,3,0,0
/global/archives/category/corporates,China,1,1,1,1,9,3,0,0
/global/archives/category/corporates,Malaysia,1,1,1,1,1,4,0,0
/global/archives/category/corporates,Thailand,1,1,1,1,3,4,0,0
/global/archives/category/corporates/sk-earthon,China,1,1,1,1,15,4,0,0
/global/archives/category/corporates/sk-energy,Australia,1,1,1,1,3,4,0,0
/global/archives/category/corporates/sk-energy,Finland,1,1,1,1,96,4,0,0
/global/archives/category/corporates/sk-energy,Hong Kong,1,1,1,1,25,4,0,0
/global/archives/category/corporates/sk-energy,Malaysia,1,1,1,1,17,4,0,0
/global/archives/category/corporates/sk-energy,United Kingdom,1,1,1,1,97,5,0,0
/global/archives/category/corporates/sk-energy,United States,1,1,1,1,10,4,0,0
/global/archives/category/corporates/sk-enmove,Netherlands,1,1,1,1,3,4,0,0
/global/archives/category/corporates/sk-geo-centric,United States,1,1,1,1,9,4,0,0
/global/archives/category/corporates/sk-ie-technology,China,1,1,1,1,72,4,0,0
/global/archives/category/corporates/sk-ie-technology,Singapore,1,2,1,1,43,5,0,0
/global/archives/category/corporates/sk-ie-technology,South Korea,1,1,1,1,26,4,0,0
/global/archives/category/corporates/sk-ie-technology,United Kingdom,1,1,1,1,32,3,0,0
/global/archives/category/corporates/sk-incheon-petrochem,Netherlands,1,1,1,1,13,4,0,0
/global/archives/category/corporates/sk-incheon-petrochem,Spain,1,2,1,1,95,4,0,0
/global/archives/category/corporates/sk-innovation,Canada,1,1,1,1,8,4,0,0
/global/archives/category/corporates/sk-innovation,Czechia,1,1,1,1,23,4,0,0
/global/archives/category/corporates/sk-innovation,Finland,1,1,1,1,15,4,0,0
/global/archives/category/corporates/sk-innovation,Germany,1,1,1,1,0,2,0,0
/global/archives/category/corporates/sk-innovation,Netherlands,1,1,1,1,23,4,0,0
/global/archives/category/corporates/sk-innovation,Taiwan,1,1,1,1,3,4,0,0
/global/archives/category/corporates/sk-innovation,Türkiye,1,1,1,1,3,4,0,0
/global/archives/category/corporates/sk-innovation,United Arab Emirates,1,2,1,1,0,5,0,0
/global/archives/category/corporates/sk-innovation,United States,1,1,1,1,0,3,0,0
/global/archives/category/corporates/sk-innovation,Vietnam,1,1,1,1,24,4,0,0
/global/archives/category/corporates/sk-on,Canada,1,1,1,1,18,4,0,0
/global/archives/category/corporates/sk-on,Germany,1,1,1,1,13,4,0,0
/global/archives/category/corporates/sk-on,Hungary,1,1,1,1,15,4,0,0
/global/archives/category/corporates/sk-on,United Kingdom,1,1,1,1,52,3,0,0
/global/archives/category/corporates/sk-on,Vietnam,1,1,1,1,5,4,0,0
/global/archives/category/corporates/sk-rading-international,Malaysia,1,1,1,1,19,4,0,0
/global/archives/category/corporates/sk-rading-international,Ukraine,1,1,1,1,16,3,0,0
/global/archives/category/corporates/sk-rading-international,United Kingdom,1,1,1,1,20,4,0,0
/global/archives/category/insight,Indonesia,1,1,1,1,2,3,0,0
/global/archives/category/insight,Netherlands,1,1,1,1,7,4,0,0
/global/archives/category/insight/expert-voice,Taiwan,1,1,1,1,4,4,0,0
/global/archives/category/insight/trend_report,Indonesia,1,1,1,1,0,3,0,0
/global/archives/category/people,Chile,1,1,1,1,0,2,0,0
/global/archives/category/people,Hungary,1,2,1,1,20,5,0,0
/global/archives/category/people,Netherlands,1,1,1,1,24,4,0,0
/global/archives/category/people,Qatar,1,2,1,1,1,5,0,0
/global/archives/category/people,Spain,1,1,1,1,38,4,0,0
/global/archives/category/people,United Arab Emirates,1,1,1,1,0,3,0,0
/global/archives/category/people/ceo-leaders,United States,1,1,1,1,0,3,0,0
/global/archives/category/people/inno-people,India,1,1,1,1,1,3,0,0
/global/archives/category/people/inno-people,Japan,1,2,1,1,0,5,0,0
/global/archives/category/people/inno-people,Singapore,1,1,1,1,8,3,0,0
/global/archives/category/people/inno-people,Thailand,1,1,1,1,11,4,0,0
/global/archives/category/people/inno-people,United States,1,1,1,1,5,4,0,0
/global/archives/category/people/onsite-report,Spain,1,1,1,1,15,4,0,0
/global/archives/category/press-room,Belgium,1,1,1,1,5,4,0,0
/global/archives/category/press-room,Malaysia,1,1,1,1,1,4,0,0
/global/archives/category/press-room,United Kingdom,1,1,1,1,5,4,0,0
/global/archives/category/press-room/financial-results,China,1,1,1,1,14,2,0,0
/global/archives/category/press-room/issue-fact,India,1,1,1,1,11,4,0,0
/global/archives/category/press-room/issue-fact,Indonesia,1,1,1,1,8,4,0,0
/global/archives/category/press-room/issue-fact,Kuwait,1,1,1,1,10,4,0,0
/global/archives/category/press-room/press-release,Egypt,1,1,1,1,13,3,0,0
/global/archives/category/press-room/press-release,Germany,1,1,1,1,37,4,0,0
/global/archives/category/press-room/press-release,Hong Kong,1,1,1,1,11,4,0,0
/global/archives/category/press-room/press-release,Netherlands,1,2,1,1,0,5,0,0
/global/archives/category/press-room/press-release,Philippines,1,2,1,1,0,4,0,0
/global/archives/tag/1-4-butanediol,South Korea,1,1,1,1,2,6,0,0
/global/archives/tag/2024,United States,1,1,1,1,0,3,0,0
/global/archives/tag/2024-q2,Singapore,1,1,1,1,0,3,0,0
/global/archives/tag/advanced-recycling-cluster,Brazil,1,1,1,1,8,3,0,0
/global/archives/tag/advanced-sf-battery,Germany,1,1,1,1,5,5,0,0
/global/archives/tag/all-solid-state-battery,Taiwan,1,1,1,1,8,5,0,0
/global/archives/tag/art,United Kingdom,1,1,1,1,8,5,0,0
/global/archives/tag/australia,Australia,1,2,1,1,0,6,0,0
/global/archives/tag/batteries,Japan,1,1,1,1,10,4,0,0
/global/archives/tag/battery,France,1,1,1,1,3,4,0,0
/global/archives/tag/battery,Ukraine,1,1,1,1,4,3,0,0
/global/archives/tag/bayu-undan-ccs-project,South Korea,1,1,1,1,4,6,0,0
/global/archives/tag/blueovalsk,India,1,1,1,1,17,5,0,0
/global/archives/tag/bmw,Sweden,1,1,1,1,7,5,0,0
/global/archives/tag/c3VzdGFpbm,United States,1,2,2,0.5,11,6,0,0
/global/archives/tag/canada,Canada,1,1,1,1,17,5,0,0
/global/archives/tag/carbon-capture,Sweden,1,1,1,1,27,3,0,0
/global/archives/tag/ccs-hub-project,Malaysia,1,1,1,1,2,3,0,0
/global/archives/tag/ccus,Sweden,1,1,1,1,10,5,0,0
/global/archives/tag/co-processing,Japan,1,1,1,1,2,4,0,0
/global/archives/tag/co-processing,United Kingdom,1,1,1,1,4,5,0,0
/global/archives/tag/crude-oil,Malaysia,1,1,1,1,10,4,0,0
/global/archives/tag/daejeon,Hungary,1,2,1,1,8,7,0,0
/global/archives/tag/digital-transformation,Vietnam,1,1,1,1,3,5,0,0
/global/archives/tag/dubai,Lebanon,1,1,1,1,11,5,0,0
/global/archives/tag/ecopro-bm,United States,1,1,1,1,2,4,0,0
/global/archives/tag/energy-company,United Kingdom,1,1,1,1,27,3,0,0
/global/archives/tag/energy-super-station,South Korea,1,1,1,1,13,5,0,0
/global/archives/tag/ep-business,Malaysia,1,1,1,1,7,4,0,0
/global/archives/tag/europe,South Korea,1,1,1,1,1,2,0,0
/global/archives/tag/ev-battery,China,1,1,1,1,31,4,0,0
/global/archives/tag/evs,United States,1,1,1,1,0,3,0,0
/global/archives/tag/f-150-lightning,Singapore,1,1,1,1,2,6,0,0
/global/archives/tag/financial-results,Kuwait,1,1,1,1,5,4,0,0
/global/archives/tag/financial-results,United States,1,2,1,1,0,5,0,0
/global/archives/tag/flexible-display,South Korea,1,1,1,1,13,5,0,0
/global/archives/tag/ford,United Kingdom,1,1,1,1,9,5,0,0
/global/archives/tag/g-15-ap-block,South Korea,1,1,1,1,6,5,0,0
/global/archives/tag/g-15-ap-block,United States,1,1,1,1,14,4,0,0
/global/archives/tag/germany,Germany,1,1,1,1,3,4,0,0
/global/archives/tag/group-iii-base-oil,South Korea,1,1,1,1,5,5,0,0
/global/archives/tag/gs-energy,India,1,1,1,1,17,5,0,0
/global/archives/tag/hydrogen,United States,1,1,1,1,2,5,0,0
/global/archives/tag/interbattery-2024,Japan,1,1,1,1,8,4,0,0
/global/archives/tag/ioniq-5,Finland,1,1,1,1,18,6,0,0
/global/archives/tag/ketapu-cluster,Australia,1,1,1,1,3,3,0,0
/global/archives/tag/ketapu-cluster,Malaysia,1,1,1,1,5,3,0,0
/global/archives/tag/ketapu-cluster,United States,1,1,1,1,23,5,0,0
/global/archives/tag/libs,Japan,1,1,1,1,35,4,0,0
/global/archives/tag/life-cycle-assessment,Singapore,1,1,1,1,3,4,0,0
/global/archives/tag/lithium-ion-battery,Hong Kong,1,1,1,1,0,4,0,0
/global/archives/tag/mbwa,South Korea,1,2,1,1,0,6,0,0
/global/archives/tag/myanmart,Hong Kong,1,1,1,1,4,3,0,0
/global/archives/tag/ncm,Hungary,1,1,1,1,0,4,0,0
/global/archives/tag/ncm811,Ukraine,1,1,1,1,25,6,0,0
/global/archives/tag/op,United States,1,1,1,1,10,4,0,0
/global/archives/tag/pat-wilson,South Korea,1,2,1,1,0,6,0,0
/global/archives/tag/pct,South Korea,1,1,1,1,2,5,0,0
/global/archives/tag/petronas,Sweden,1,1,1,1,0,4,0,0
/global/archives/tag/plogging,Peru,1,1,1,1,15,4,0,0
/global/archives/tag/poe,Türkiye,1,1,1,1,29,5,0,0
/global/archives/tag/pouch-type-battery,Australia,1,1,1,1,14,6,0,0
/global/archives/tag/project,India,1,1,1,1,0,2,0,0
/global/archives/tag/revenue,France,1,1,1,1,10,4,0,0
/global/archives/tag/rhee-jang-weon,United States,1,1,1,1,18,4,0,0
/global/archives/tag/saf,Japan,1,1,1,1,6,4,0,0
/global/archives/tag/saf,United States,1,2,2,0.5,3.5,4,0,0
/global/archives/tag/sarawak,Malaysia,1,1,1,1,1,4,0,0
/global/archives/tag/seosan-plant,Philippines,1,1,1,1,11,3,0,0
/global/archives/tag/separator,South Korea,1,1,1,1,8,5,0,0
/global/archives/tag/silesia,Netherlands,1,1,1,1,11,3,0,0
/global/archives/tag/sk-battery-america,Canada,1,1,1,1,15,5,0,0
/global/archives/tag/sk-battery-america,Mexico,1,1,1,1,0,3,0,0
/global/archives/tag/sk-block-427,Bosnia & Herzegovina,1,1,1,1,0,3,0,0
/global/archives/tag/sk-global-chemical,India,1,1,1,1,0,4,0,0
/global/archives/tag/sk-incheon-petrochem,South Korea,1,1,1,1,14,5,0,0
/global/archives/tag/sk-innovations-institute-of-environmental-science-technology,South Korea,1,1,1,1,1,5,0,0
/global/archives/tag/sk-innovations-institute-of-environmental-science-technology,Thailand,1,1,1,1,10,5,0,0
/global/archives/tag/sk-inside,Hong Kong,1,1,1,1,2,4,0,0
/global/archives/tag/sk-lubricants,United States,1,1,1,1,41,3,0,0
/global/archives/tag/sk-on,China,1,1,1,1,36,4,0,0
/global/archives/tag/skba,United States,1,1,1,1,1,5,0,0
/global/archives/tag/skbh,Oman,1,1,1,1,1,5,0,0
/global/archives/tag/skbmp,Poland,1,1,1,1,35,5,0,0
/global/archives/tag/skbmp,Switzerland,1,1,1,1,3,4,0,0
/global/archives/tag/skea,United States,1,1,1,1,0,3,0,0
/global/archives/tag/sken,India,1,1,1,1,8,6,0,0
/global/archives/tag/skgca,South Korea,1,1,1,1,1,5,0,0
/global/archives/tag/skhb,Algeria,1,1,1,1,4,5,0,0
/global/archives/tag/skipc,Netherlands,1,1,1,1,30,5,0,0
/global/archives/tag/skipc,Russia,1,1,1,1,1,4,0,0
/global/archives/tag/skle,Hong Kong,1,1,1,1,0,4,0,0
/global/archives/tag/skoh,India,1,1,1,1,2,5,0,0
/global/archives/tag/sk综合化学,South Korea,1,1,1,1,9,5,0,0
/global/archives/tag/solid-power,Canada,1,1,1,1,9,5,0,0
/global/archives/tag/spinoff,South Korea,1,1,1,1,4,6,0,0
/global/archives/tag/star,India,1,1,1,1,8,3,0,0
/global/archives/tag/sustainable-aviation-fuel,United States,1,1,1,1,13,4,0,0
/global/archives/tag/sustainable-packaging-materials,Japan,1,1,1,1,4,4,0,0
/global/archives/tag/tesla,Hungary,1,1,1,1,7,6,0,0
/global/archives/tag/tesla,Mexico,1,1,1,1,0,5,0,0
/global/archives/tag/tesla,United States,1,1,1,1,8,6,0,0
/global/archives/tag/ulsan-complex,Kenya,1,1,1,1,81,6,0,0
/global/archives/tag/weixing-chemical,South Korea,1,1,1,1,4,4,0,0
/global/archives/tag/yubase,China,1,2,1,1,21,7,0,0
/global/archives/tag/yubase,South Korea,1,1,1,1,4,5,0,0
/global/archives/tag/z-folding,Japan,1,1,1,1,7,5,0,0
/global/family-site-links,Pakistan,1,1,1,1,25,6,0,0
/global/latestnews,Canada,1,1,1,1,3,5,0,0
/global/latestnews,Hungary,1,1,1,1,51,4,0,0
/global/latestnews,Japan,1,1,1,1,16,4,0,0
/global/latestnews,Netherlands,1,1,1,1,0,3,0,0
/global/latestnews,Russia,1,1,1,1,0,4,0,0
/global/latestnews,United Arab Emirates,1,1,1,1,4,4,0,0
/global/legal-notices,China,1,1,1,1,6,3,0,0
/global/legal-notices,Taiwan,1,1,1,1,14,4,0,0
/global/privacy-policy,Hong Kong,1,1,1,1,0,3,0,0
/global/privacy-policy,India,1,1,1,1,0,2,0,0
/global/sustainability-report,Canada,1,1,1,1,6,5,0,0
/global/sustainability-report,Colombia,1,1,1,1,0,4,0,0
/global/sustainability-report,Hungary,1,1,1,1,8,6,0,0
/global/who-we-are,Australia,1,1,1,1,37,6,0,0
/global/who-we-are,Netherlands,1,1,1,1,9,6,0,0
/global/who-we-are,Singapore,1,1,1,1,3,4,0,0
/global/who-we-are,Ukraine,1,1,1,1,20,6,0,0
/pagead/aclk,Malaysia,1,1,1,1,0,3,0,0
/global/archives/10897,United States,0,1,1,0,20,1,0,0
/global/archives/12667,Sweden,0,1,1,0,7,3,0,0
/global/archives/13521,Sweden,0,1,1,0,19,3,0,0
/global/archives/1398,United States,0,1,1,0,35,2,0,0
/global/archives/15204,China,0,1,1,0,6,2,0,0
/global/archives/17216,Chile,0,1,0,0,0,2,0,0
/global/archives/18283,Norway,0,2,0,0,0,4,0,0
/global/archives/18770,Belgium,0,1,1,0,0,1,0,0
/global/archives/3123,United States,0,1,1,0,106,4,0,0
/global/archives/3304,United States,0,1,0,0,0,2,0,0
/global/archives/6734,Malaysia,0,1,1,0,42,2,0,0
/global/archives/category/insight/trend_report,United States,0,1,1,0,7,1,0,0
/global/archives/category/people/ceo-leaders,Hong Kong,0,1,1,0,0,1,0,0
/global/archives/category/press-room/issue-fact,United States,0,1,1,0,4,1,0,0
/global/archives/tag/中国,China,0,1,1,0,1,3,0,0