# ----------------------------------------
# 보고서 CSV 내보내기
# 계정: skinno global
# 속성: skinno 글로벌 - GA4
# ----------------------------------------
# 
# 모든 사용자
# 시작일: 20240819
# 종료일: 20240825
페이지 경로 및 화면 클래스,세션 소스,조회수,세션수,사용자,사용자당 조회수,평균 참여 시간,이벤트 수,주요 이벤트,총 수익
/global/archives/18546,(direct),93,103,71,1.3098591549295775,34.67605633802817,389,0,0
/global/,(direct),81,74,58,1.396551724137931,5.344827586206897,320,0,0
/global/archives/18546,google,81,91,62,1.3064516129032258,51.12903225806452,371,0,0
/global/archives/18743,(direct),77,77,76,1.013157894736842,6.526315789473684,267,0,0
/global/latestnews,(direct),66,66,64,1.03125,19.5,262,0,0
/global/,google,65,45,40,1.625,26.05,264,0,0
/global/archives/category/press-room/financial-results,google,37,20,16,2.3125,18.1875,143,0,0
/global/,linkedin.com,35,22,6,5.833333333333333,40.333333333333336,139,0,0
/global/archives/18659,google,35,34,20,1.75,6.85,121,0,0
/global/archives/18743,linkedin.com,35,35,32,1.09375,9.09375,146,0,0
/global/latestnews,google,34,34,8,4.25,14.375,100,0,0
/global/archives/15490,google,32,33,22,1.4545454545454546,12,127,0,0
/global/archives/18107,google,32,32,29,1.103448275862069,70.93103448275862,150,0,0
/global/archives/category/press-room/press-release,(direct),32,29,20,1.6,19.25,127,0,0
/global/archives/17426,google,29,30,24,1.2083333333333333,24.166666666666668,135,0,0
/global/archives/category/press-room/press-release,google,25,17,15,1.6666666666666667,33.46666666666667,100,0,0
/global/archives/18743,google,24,25,18,1.3333333333333333,36.833333333333336,90,0,0
/global/archives/6216,google,24,31,22,1.0909090909090908,43.04545454545455,121,0,0
/global/,eng.sk-on.com,21,16,12,1.75,30.583333333333332,100,0,0
/global/,skinnovation.com,19,18,16,1.1875,14.25,86,0,0
/global/archives/12022,google,19,19,18,1.0555555555555556,17.22222222222222,91,0,0
/global/archives/12306,google,19,16,11,1.7272727272727273,39,75,0,0
/global/archives/18283,(direct),19,19,19,1,1.3157894736842106,77,0,0
/global/archives/17216,google,18,19,15,1.2,38.2,86,0,0
/global/archives/18608,google,18,15,13,1.3846153846153846,26.76923076923077,77,0,0
/global/archives/9910,google,18,20,17,1.0588235294117647,54.11764705882353,95,0,0
/global/archives/category/corporates/sk-innovation,google,18,13,12,1.5,24.083333333333332,72,0,0
/global/archives/13780,google,17,20,13,1.3076923076923077,32.38461538461539,77,0,0
/global/archives/18753,ozmailer.com,17,13,8,2.125,1.75,59,0,0
/global/archives/category/corporates,google,17,12,12,1.4166666666666667,21.5,64,0,0
/global/archives/18608,(direct),16,18,16,1,21.6875,62,0,0
/global/archives/18690,google,16,15,12,1.3333333333333333,27.583333333333332,61,0,0
/global/archives/10774,google,15,16,13,1.1538461538461537,44.92307692307692,71,0,0
/global/archives/17499,google,15,15,13,1.1538461538461537,75.38461538461539,72,0,0
/global/archives/18065,google,15,15,13,1.1538461538461537,20.153846153846153,65,0,0
/global/archives/category/corporates/sk-enterm,google,15,9,7,2.142857142857143,6,60,0,0
/global/archives/18140,(direct),14,12,10,1.4,1.2,48,0,0
/global/archives/18361,(direct),14,13,13,1.0769230769230769,5.230769230769231,49,0,0
/global/archives/18753,(direct),14,14,14,1,9.5,55,0,0
/global/archives/category/press-room,google,14,8,8,1.75,8,53,0,0
/global/archives/15374,google,13,14,12,1.0833333333333333,32,58,0,0
/global/archives/16463,google,13,15,11,1.1818181818181819,23.636363636363637,64,0,0
/global/archives/17623,google,13,13,13,1,17.692307692307693,64,0,0
/global/archives/18753,google,13,14,10,1.3,13.4,53,0,0
/global/archives/15664,google,12,14,12,1,9.083333333333334,57,0,0
/global/archives/18659,(direct),12,11,10,1.2,24.4,48,0,0
/global/archives/18283,google,11,10,8,1.375,37,47,0,0
/global/archives/18708,ozmailer.com,11,7,5,2.2,6.8,39,0,0
/global/archives/4921,google,11,9,8,1.375,158.75,54,0,0
/global/archives/category/corporates/sk-on,(direct),11,6,5,2.2,23.8,41,0,0
/global/archives/category/press-room/financial-results,(direct),11,5,5,2.2,26.2,43,0,0
/global/archives/12147,google,10,10,10,1,34.6,45,0,0
/global/archives/13521,google,10,11,10,1,23.8,48,0,0
/global/archives/16376,google,10,10,8,1.25,137.875,41,0,0
/global/archives/16532,google,10,10,9,1.1111111111111112,33.666666666666664,46,0,0
/global/archives/18361,google,10,7,5,2,65.8,41,0,0
/global/archives/category/press-room/financial-results,eng.sk-on.com,10,3,2,5,25,40,0,0
/global/archives/13595,google,9,8,8,1.125,37,34,0,0
/global/archives/16060,google,9,9,5,1.8,42.6,42,0,0
/global/archives/16448,google,9,10,8,1.125,10.375,43,0,0
/global/archives/18546,linkedin.com,9,9,8,1.125,145.75,34,0,0
/global/archives/18608,chatgpt.com,9,7,6,1.5,11.333333333333334,39,0,0
/global/archives/18690,(direct),9,9,8,1.125,11,37,0,0
/global/archives/18708,(direct),9,9,9,1,11,34,0,0
/global/archives/489,google,9,8,7,1.2857142857142858,67.85714285714286,43,0,0
/global/archives/category/corporates/sk-energy,google,9,8,8,1.125,13.25,35,0,0
/global/archives/category/corporates/sk-enmove,google,9,5,4,2.25,31.75,36,0,0
/global/archives/category/corporates/sk-on,eng.sk-on.com,9,8,5,1.8,25.4,34,0,0
/global/archives/category/corporates/sk-on,google,9,9,8,1.125,6.875,39,0,0
/global/archives/category/press-room/press-release,skinnovation.com,9,8,6,1.5,12.666666666666666,35,0,0
/global/who-we-are,google,9,6,4,2.25,55.75,40,0,0
/global/archives/11161,google,8,9,6,1.3333333333333333,155.83333333333334,37,0,0
/global/archives/14766,google,8,7,6,1.3333333333333333,18,35,0,0
/global/archives/15937,google,8,10,6,1.3333333333333333,20.666666666666668,31,0,0
/global/archives/18436,(direct),8,9,7,1.1428571428571428,24.714285714285715,31,0,0
/global/archives/18608,skinnovation.com,8,4,2,4,287,29,0,0
/global/archives/7292,google,8,6,6,1.3333333333333333,118.5,32,0,0
/global/archives/category/insight/trend_report,linkedin.com,8,4,3,2.6666666666666665,28.333333333333332,30,0,0
/global/archives/category/people,(direct),8,6,5,1.6,35.4,30,0,0
/global/archives/category/people,google,8,5,5,1.6,8.4,30,0,0
/global/archives/tag/ncm811,google,8,5,5,1.6,7.8,33,0,0
/global/archives/tag/pouch-type-battery,google,8,5,5,1.6,8.2,33,0,0
/global/latestnews,linkedin.com,8,9,2,4,17.5,35,0,0
/global/archives/12106,google,7,6,5,1.4,31.6,31,0,0
/global/archives/12190,google,7,5,5,1.4,71.2,28,0,0
/global/archives/15687,google,7,7,6,1.1666666666666667,185.66666666666666,35,0,0
/global/archives/17356,google,7,6,6,1.1666666666666667,28,29,0,0
/global/archives/17386,google,7,7,6,1.1666666666666667,41,33,0,0
/global/archives/17514,google,7,6,6,1.1666666666666667,78.66666666666667,28,0,0
/global/archives/17595,google,7,9,7,1,88.42857142857143,26,0,0
/global/archives/18301,google,7,7,6,1.1666666666666667,49,32,0,0
/global/archives/18445,google,7,8,7,1,103,36,0,0
/global/archives/18500,google,7,7,6,1.1666666666666667,22.333333333333332,29,0,0
/global/archives/311,google,7,4,3,2.3333333333333335,124.66666666666667,28,0,0
/global/archives/3820,google,7,5,4,1.75,19,30,0,0
/global/archives/489,(direct),7,8,6,1.1666666666666667,7.666666666666667,31,0,0
/global/archives/category/corporates/sk-earthon,google,7,5,5,1.4,12.8,30,0,0
/global/archives/category/corporates/sk-geo-centric,google,7,4,4,1.75,22.75,27,0,0
/global/archives/tag/sko,google,7,7,5,1.4,15.2,30,0,0
/global/latestnews,skinnovation.com,7,5,4,1.75,24,29,0,0
/global/archives/11807,google,6,5,5,1.2,140.4,28,0,0
/global/archives/16834,google,6,7,6,1,10.833333333333334,30,0,0
/global/archives/17047,google,6,6,5,1.2,55.6,31,0,0
/global/archives/17476,google,6,6,5,1.2,70.2,28,0,0
/global/archives/17978,google,6,7,5,1.2,113,28,0,0
/global/archives/17990,google,6,4,3,2,21,25,0,0
/global/archives/18690,linkedin.com,6,6,6,1,0,23,0,0
/global/archives/3962,google,6,6,6,1,23.333333333333332,28,0,0
/global/archives/4612,google,6,6,5,1.2,48,28,0,0
/global/archives/6253,google,6,5,5,1.2,50.6,29,0,0
/global/archives/9668,google,6,5,5,1.2,63.6,28,0,0
/global/archives/category/corporate/sk-energy,skenergy.com,6,4,3,2,30.333333333333332,27,0,0
/global/archives/category/insight,google,6,6,5,1.2,10.8,24,0,0
/global/archives/category/press-room/financial-results,skinnovation.com,6,2,2,3,18,24,0,0
/global/archives/tag/vwbe,google,6,5,5,1.2,6,30,0,0
/global/,eng.skgeocentric.com,5,4,2,2.5,19.5,20,0,0
/global/archives/13130,google,5,5,4,1.25,22,20,0,0
/global/archives/13329,google,5,5,4,1.25,12.25,22,0,0
/global/archives/1399,google,5,5,5,1,85.6,25,0,0
/global/archives/14264,google,5,5,4,1.25,17.75,22,0,0
/global/archives/14565,eng.sk-on.com,5,5,3,1.6666666666666667,9.666666666666666,18,0,0
/global/archives/14634,google,5,6,4,1.25,28.25,23,0,0
/global/archives/15204,google,5,5,5,1,19.8,27,0,0
/global/archives/15490,(direct),5,4,4,1.25,1.25,21,0,0
/global/archives/15610,google,5,4,4,1.25,13.5,22,0,0
/global/archives/16154,google,5,7,4,1.25,9.5,22,0,0
/global/archives/17426,(direct),5,2,2,2.5,15,18,0,0
/global/archives/17569,google,5,6,5,1,26.4,25,0,0
/global/archives/17569,skenmove.com,5,5,3,1.6666666666666667,6.333333333333333,20,0,0
/global/archives/17950,google,5,6,4,1.25,15,23,0,0
/global/archives/18140,linkedin.com,5,7,3,1.6666666666666667,53,17,0,0
/global/archives/18374,eng.sk-on.com,5,5,2,2.5,6.5,17,0,0
/global/archives/18478,google,5,3,3,1.6666666666666667,50.333333333333336,21,0,0
/global/archives/3820,(direct),5,5,5,1,5.4,21,0,0
/global/archives/3820,bing,5,3,3,1.6666666666666667,20.666666666666668,19,0,0
/global/archives/9740,google,5,6,5,1,22.4,25,0,0
/global/archives/category/corporate/sk-on,(direct),5,4,4,1.25,7.75,19,0,0
/global/archives/category/insight/trend_report,google,5,4,4,1.25,8.75,18,0,0
/global/archives/category/people/inno-people,google,5,5,5,1,7.6,20,0,0
/global/archives/tag/glass-lewis,google,5,4,3,1.6666666666666667,5,23,0,0
/global/archives/tag/northvolt,google,5,3,2,2.5,8.5,17,0,0
/global/archives/tag/poe,google,5,3,2,2.5,22.5,21,0,0
/global/archives/10767,google,4,5,3,1.3333333333333333,62.666666666666664,19,0,0
/global/archives/11004,google,4,4,4,1,53.75,19,0,0
/global/archives/11087,google,4,6,4,1,30.75,22,0,0
/global/archives/12274/skee,google,4,4,4,1,11.25,20,0,0
/global/archives/12667,google,4,4,4,1,47.25,22,0,0
/global/archives/14226,google,4,5,4,1,6,21,0,0
/global/archives/14565,google,4,3,3,1.3333333333333333,30.666666666666668,20,0,0
/global/archives/15374,(direct),4,4,3,1.3333333333333333,5.666666666666667,15,0,0
/global/archives/16131,google,4,4,4,1,14.75,17,0,0
/global/archives/16493,google,4,6,4,1,60.5,19,0,0
/global/archives/16939,google,4,3,3,1.3333333333333333,12,14,0,0
/global/archives/17169,google,4,3,2,2,31.5,15,0,0
/global/archives/17460,google,4,4,4,1,10,19,0,0
/global/archives/17737,google,4,5,4,1,28.5,25,0,0
/global/archives/18374,(direct),4,4,4,1,5.25,15,0,0
/global/archives/18546,statics.teams.cdn.office.net,4,5,3,1.3333333333333333,0.6666666666666666,21,0,0
/global/archives/18608,eng.sk-on.com,4,3,3,1.3333333333333333,16,16,0,0
/global/archives/18659,bing,4,2,2,2,121,17,0,0
/global/archives/18708,google,4,4,4,1,7.5,16,0,0
/global/archives/18708,linkedin.com,4,5,3,1.3333333333333333,6,19,0,0
/global/archives/18753,eng.sk-on.com,4,1,1,4,5,13,0,0
/global/archives/2241,google,4,2,2,2,40.5,18,0,0
/global/archives/6014,google,4,6,3,1.3333333333333333,3.6666666666666665,21,0,0
/global/archives/7245,(direct),4,4,4,1,0.75,13,0,0
/global/archives/7292,(direct),4,2,2,2,11.5,15,0,0
/global/archives/7740,bing,4,1,1,4,99,15,0,0
/global/archives/7919,google,4,5,4,1,26.25,21,0,0
/global/archives/822,google,4,5,3,1.3333333333333333,12.666666666666666,22,0,0
/global/archives/9548,google,4,6,4,1,13.5,20,0,0
/global/archives/category/corporates/sk-earthon,eng.skgeocentric.com,4,4,1,4,2,12,0,0
/global/archives/category/corporates/sk-energy,skenergy.com,4,1,1,4,536,14,0,0
/global/archives/category/corporates/sk-innovation,(direct),4,5,4,1,8.25,16,0,0
/global/archives/category/insight,(direct),4,4,4,1,17.25,16,0,0
/global/archives/category/insight/trend_report,(direct),4,4,3,1.3333333333333333,3.3333333333333335,13,0,0
/global/archives/category/press-room,gateway.zscalerthree.net,4,4,1,4,0,16,0,0
/global/archives/category/press-room,skinnovation.com,4,4,4,1,10.5,15,0,0
/global/archives/tag/2024-q2,eng.sk-on.com,4,2,1,4,41,17,0,0
/global/archives/tag/malaysia,google,4,2,2,2,41,19,0,0
/global/archives/tag/skipc,google,4,2,2,2,17.5,17,0,0
/global/archives/tag/weixing-chemical,google,4,2,2,2,4.5,15,0,0
/global/sustainability-report,(direct),4,6,6,0.6666666666666666,3.6666666666666665,24,0,0
/global/sustainability-report,google,4,3,3,1.3333333333333333,16,25,0,0
/global/,duckduckgo,3,2,1,3,46,16,0,0
/global/archives/10654,google,3,4,3,1,64.33333333333333,16,0,0
/global/archives/10774,(direct),3,3,3,1,7.333333333333333,14,0,0
/global/archives/10939,google,3,3,3,1,54,14,0,0
/global/archives/12373,google,3,2,2,1.5,50,12,0,0
/global/archives/12389,google,3,3,2,1.5,9.5,11,0,0
/global/archives/12950,google,3,3,2,1.5,26.5,13,0,0
/global/archives/13521,(direct),3,2,2,1.5,0,10,0,0
/global/archives/14030,linkedin.com,3,1,1,3,56,11,0,0
/global/archives/14065,google,3,3,3,1,125,13,0,0
/global/archives/14193,google,3,2,2,1.5,119.5,13,0,0
/global/archives/14243,google,3,4,3,1,13.333333333333334,14,0,0
/global/archives/14415,google,3,3,2,1.5,17.5,13,0,0
/global/archives/14770,google,3,4,3,1,67,16,0,0
/global/archives/15103,google,3,3,1,3,4,13,0,0
/global/archives/15374,skenergy.com,3,3,3,1,30.666666666666668,13,0,0
/global/archives/15409,google,3,3,3,1,35.666666666666664,14,0,0
/global/archives/15462,google,3,3,3,1,14.333333333333334,14,0,0
/global/archives/15574,google,3,3,3,1,13.333333333333334,13,0,0
/global/archives/15664,statics.teams.cdn.office.net,3,5,3,1,5.333333333333333,18,0,0
/global/archives/15760,google,3,3,3,1,48.666666666666664,13,0,0
/global/archives/15840,google,3,4,2,1.5,141.5,15,0,0
/global/archives/15964,google,3,2,2,1.5,7.5,14,0,0
/global/archives/16005,google,3,2,1,3,14,14,0,0
/global/archives/16480,google,3,3,3,1,97,14,0,0
/global/archives/16881,google,3,3,2,1.5,0.5,11,0,0
/global/archives/17047,(direct),3,3,3,1,12,13,0,0
/global/archives/17216,(direct),3,3,3,1,55.333333333333336,14,0,0
/global/archives/17356,skenmove.com,3,2,2,1.5,1.5,9,0,0
/global/archives/17446,eng.sk-on.com,3,3,2,1.5,15,8,0,0
/global/archives/17595,(direct),3,3,3,1,15.666666666666666,12,0,0
/global/archives/17817,google,3,2,2,1.5,12,11,0,0
/global/archives/17950,(direct),3,1,1,3,28,12,0,0
/global/archives/17965,google,3,4,4,0.75,54,15,0,0
/global/archives/17989,(direct),3,3,3,1,10.666666666666666,11,0,0
/global/archives/17989,google,3,2,2,1.5,59,11,0,0
/global/archives/18065,(direct),3,4,3,1,0.6666666666666666,12,0,0
/global/archives/18107,(direct),3,3,3,1,68,14,0,0
/global/archives/18167,(direct),3,3,3,1,10.333333333333334,12,0,0
/global/archives/18332,google,3,3,3,1,74.66666666666667,15,0,0
/global/archives/18388,(direct),3,3,3,1,0,13,0,0
/global/archives/18388,google,3,3,2,1.5,123,12,0,0
/global/archives/18388,skinnovation.com,3,4,3,1,159,17,0,0
/global/archives/18421,google,3,3,2,1.5,91,11,0,0
/global/archives/18546,bing,3,4,2,1.5,77.5,16,0,0
/global/archives/18546,news.google.com,3,2,1,3,26,11,0,0
/global/archives/18608,linkedin.com,3,2,2,1.5,27,11,0,0
/global/archives/18659,linkedin.com,3,2,2,1.5,1,10,0,0
/global/archives/18753,skinnovation.com,3,3,3,1,4,10,0,0
/global/archives/3123,google,3,3,3,1,53.666666666666664,11,0,0
/global/archives/564,google,3,2,2,1.5,36,15,0,0
/global/archives/5892,google,3,3,3,1,15.666666666666666,13,0,0
/global/archives/5944,google,3,3,3,1,59,13,0,0
/global/archives/7043,google,3,3,3,1,68.33333333333333,16,0,0
/global/archives/7112,google,3,2,2,1.5,140.5,14,0,0
/global/archives/7445,google,3,3,3,1,40,13,0,0
/global/archives/7906,google,3,1,1,3,76,12,0,0
/global/archives/8105,google,3,1,1,3,10,11,0,0
/global/archives/8914,google,3,3,3,1,74.33333333333333,16,0,0
/global/archives/9616,sktradinginternational.com,3,3,3,1,51.333333333333336,13,0,0
/global/archives/9709,google,3,3,3,1,22.666666666666668,15,0,0
/global/archives/9770,google,3,3,2,1.5,0,12,0,0
/global/archives/9910,bing,3,4,3,1,75.33333333333333,17,0,0
/global/archives/category/corporate/sk-ie-technology,eng.skietechnology.com,3,1,1,3,6,11,0,0
/global/archives/category/corporates,linkedin.com,3,3,1,3,22,11,0,0
/global/archives/category/corporates/sk-enterm,eng.skgeocentric.com,3,4,1,3,1,11,0,0
/global/archives/category/corporates/sk-ie-technology,eng.skgeocentric.com,3,4,1,3,2,11,0,0
/global/archives/category/corporates/sk-incheon-petrochem,eng.skgeocentric.com,3,4,1,3,1,10,0,0
/global/archives/category/corporates/sk-on,eng.skgeocentric.com,3,4,1,3,5,10,0,0
/global/archives/category/corporates/sk-on,skenergy.com,3,3,1,3,74,11,0,0
/global/archives/category/corporates/sk-rading-international,eng.skgeocentric.com,3,4,1,3,2,11,0,0
/global/archives/category/press-room/financial-results,sktradinginternational.com,3,2,2,1.5,9.5,11,0,0
/global/archives/tag/2024-q2,google,3,2,2,1.5,9.5,10,0,0
/global/archives/tag/ev-battery,google,3,2,2,1.5,90.5,11,0,0
/global/archives/tag/ford,google,3,3,3,1,4,15,0,0
/global/archives/tag/hungary,google,3,2,2,1.5,33,13,0,0
/global/archives/tag/lithium-ion-battery,google,3,1,1,3,338,13,0,0
/global/archives/tag/sheco-ark,google,3,2,2,1.5,7.5,14,0,0
/global/archives/tag/sk-battery-america,google,3,2,2,1.5,19,13,0,0
/global/archives/tag/sk-global-chemical,google,3,3,3,1,17.666666666666668,15,0,0
/global/archives/tag/sk-on,eng.sk-on.com,3,1,1,3,0,9,0,0
/global/archives/tag/vietnam,google,3,2,2,1.5,29.5,11,0,0
/global/privacy-policy,google,3,2,2,1.5,17,13,0,0
/apis/site/proxy,(direct),2,1,1,2,0,7,0,0
/global/,chatgpt.com,2,1,1,2,4,6,0,0
/global/,eng.skietechnology.com,2,2,2,1,18.5,9,0,0
/global/,facebook.com,2,2,2,1,5.5,10,0,0
/global/,newsletter,2,2,1,2,1,6,0,0
/global/,ozmailer.com,2,1,1,2,1,6,0,0
/global/arch,(direct),2,1,1,2,2,8,0,0
/global/arch Lives/7633,(direct),2,1,1,2,1,7,0,0
/global/arch ives/7633,(direct),2,1,1,2,3,9,0,0
/global/archives/10310,google,2,1,1,2,199,8,0,0
/global/archives/10445,google,2,3,1,2,14,10,0,0
/global/archives/1058,google,2,2,1,2,20,7,0,0
/global/archives/10774,bing,2,2,2,1,10,10,0,0
/global/archives/10835,google,2,2,2,1,2.5,8,0,0
/global/archives/10985,google,2,2,2,1,69.5,8,0,0
/global/archives/11010,google,2,2,2,1,15,8,0,0
/global/archives/11037,google,2,2,2,1,41.5,9,0,0
/global/archives/11082,google,2,3,2,1,8,11,0,0
/global/archives/11087,(direct),2,2,2,1,53.5,9,0,0
/global/archives/11180,google,2,3,2,1,47.5,8,0,0
/global/archives/11512,sktradinginternational.com,2,2,2,1,24.5,9,0,0
/global/archives/11537,google,2,2,2,1,14,8,0,0
/global/archives/11853,google,2,2,2,1,10.5,10,0,0
/global/archives/12022,(direct),2,2,2,1,8,10,0,0
/global/archives/12036,(direct),2,2,2,1,19.5,9,0,0
/global/archives/12072,google,2,2,2,1,10.5,10,0,0
/global/archives/1237,google,2,2,2,1,37,9,0,0
/global/archives/13130,(direct),2,2,2,1,3.5,10,0,0
/global/archives/13521,azureford.sharepoint.com,2,1,1,2,216,9,0,0
/global/archives/13780,(direct),2,1,1,2,31,8,0,0
/global/archives/13795,google,2,2,2,1,40,10,0,0
/global/archives/1398,google,2,2,1,2,43,10,0,0
/global/archives/14193,(direct),2,1,1,2,407,8,0,0
/global/archives/14688,google,2,2,2,1,13.5,9,0,0
/global/archives/14690,google,2,1,1,2,13,8,0,0
/global/archives/14896,google,2,1,1,2,120,9,0,0
/global/archives/14962,google,2,2,2,1,40.5,10,0,0
/global/archives/15353,google,2,2,2,1,15.5,9,0,0
/global/archives/15374,bing,2,2,1,2,15,9,0,0
/global/archives/15638,eng.sk-on.com,2,1,1,2,2,6,0,0
/global/archives/15664,(direct),2,2,2,1,8.5,9,0,0
/global/archives/15985,google,2,3,2,1,1,11,0,0
/global/archives/16060,sktradinginternational.com,2,2,2,1,14.5,10,0,0
/global/archives/16131,(direct),2,3,3,0.6666666666666666,10.666666666666666,10,0,0
/global/archives/16286,(direct),2,2,2,1,0,8,0,0
/global/archives/16286,google,2,2,2,1,13.5,8,0,0
/global/archives/16463,ecosia.org,2,1,1,2,10,8,0,0
/global/archives/16493,(direct),2,2,2,1,9.5,9,0,0
/global/archives/16613,google,2,3,2,1,0,9,0,0
/global/archives/16719,google,2,3,2,1,0,9,0,0
/global/archives/16787,(direct),2,2,2,1,2.5,8,0,0
/global/archives/16834,(direct),2,2,2,1,5,8,0,0
/global/archives/16952,google,2,2,2,1,5,11,0,0
/global/archives/17022,google,2,2,1,2,12,9,0,0
/global/archives/17169,(direct),2,2,2,1,4.5,9,0,0
/global/archives/1722,google,2,2,2,1,54,10,0,0
/global/archives/17313,google,2,2,2,1,35.5,6,0,0
/global/archives/17426,bing,2,1,1,2,42,10,0,0
/global/archives/17426,chatgpt.com,2,1,1,2,13,7,0,0
/global/archives/17514,(direct),2,2,2,1,80,11,0,0
/global/archives/17569,(direct),2,2,2,1,0,7,0,0
/global/archives/17697,google,2,2,2,1,78,11,0,0
/global/archives/18065,bing,2,2,2,1,20,11,0,0
/global/archives/18140,google,2,3,1,2,0,8,0,0
/global/archives/18208,(direct),2,2,1,2,34,6,0,0
/global/archives/18208/5-인천서구자원봉사센터-사랑의-밥차-봉사활동,google,2,1,1,2,9,10,0,0
/global/archives/18332,(direct),2,2,2,1,578,9,0,0
/global/archives/18436,google,2,2,2,1,0,8,0,0
/global/archives/18436,skinnovation.com,2,1,1,2,12,8,0,0
/global/archives/18445,eng.sk-on.com,2,2,2,1,51,8,0,0
/global/archives/18445,skinnovation.com,2,2,2,1,145,9,0,0
/global/archives/18546,m.facebook.com,2,2,2,1,0,7,0,0
/global/archives/18546,skincheonpetrochem.com,2,2,1,2,0,6,0,0
/global/archives/18695,linkedin.com,2,2,1,2,0,5,0,0
/global/archives/18753,news.google.com,2,3,1,2,0,7,0,0
/global/archives/298,google,2,2,2,1,117.5,10,0,0
/global/archives/3709,(direct),2,2,2,1,8.5,7,0,0
/global/archives/4308,google,2,2,2,1,30,9,0,0
/global/archives/4499,google,2,2,2,1,15,10,0,0
/global/archives/4612,cn.bing.com,2,1,1,2,34,7,0,0
/global/archives/4793,google,2,2,2,1,29.5,11,0,0
/global/archives/4844,google,2,3,2,1,3,11,0,0
/global/archives/6414,(direct),2,3,1,2,14,12,0,0
/global/archives/6824,cn.bing.com,2,2,1,2,9,6,0,0
/global/archives/7031,(direct),2,2,2,1,0,6,0,0
/global/archives/7302,(direct),2,3,2,1,0,10,0,0
/global/archives/7445,(direct),2,2,2,1,1,7,0,0
/global/archives/7633,(direct),2,2,2,1,1,8,0,0
/global/archives/7633,google,2,1,1,2,106,8,0,0
/global/archives/7633,statics.teams.cdn.office.net,2,3,2,1,2,11,0,0
/global/archives/7761,(direct),2,2,2,1,1.5,8,0,0
/global/archives/8350,(direct),2,2,2,1,0,8,0,0
/global/archives/8400,(direct),2,3,2,1,3,12,0,0
/global/archives/9079,google,2,3,2,1,0,10,0,0
/global/archives/9310,google,2,2,1,2,34,6,0,0
/global/archives/9480,(direct),2,2,2,1,0,8,0,0
/global/archives/9493,google,2,2,2,1,75.5,8,0,0
/global/archives/9695,chatgpt.com,2,1,1,2,63,8,0,0
/global/archives/9968,(direct),2,1,1,2,329,8,0,0
/global/archives/category/corporate/sk-incheon-petrochem,skincheonpetrochem.com,2,1,1,2,9,9,0,0
/global/archives/category/corporate/sk-rading-international,sktradinginternational.com,2,2,2,1,112,8,0,0
/global/archives/category/corporates,(direct),2,1,1,2,79,7,0,0
/global/archives/category/corporates/sk-earthon,linkedin.com,2,1,1,2,16,8,0,0
/global/archives/category/corporates/sk-energy,eng.sk-on.com,2,2,2,1,29.5,7,0,0
/global/archives/category/corporates/sk-enmove,eng.skgeocentric.com,2,2,1,2,2,9,0,0
/global/archives/category/corporates/sk-enterm,(direct),2,1,1,2,0,6,0,0
/global/archives/category/corporates/sk-ie-technology,google,2,3,2,1,2,10,0,0
/global/archives/category/corporates/sk-incheon-petrochem,google,2,2,2,1,10.5,8,0,0
/global/archives/category/corporates/sk-innovation,eng.sk-on.com,2,3,2,1,18,9,0,0
/global/archives/category/corporates/sk-innovation,skenergy.com,2,2,1,2,602,8,0,0
/global/archives/category/corporates/sk-rading-international,(direct),2,1,1,2,0,6,0,0
/global/archives/category/corporates/sk-rading-international,google,2,2,2,1,6.5,9,0,0
/global/archives/category/insight,skinnovation.com,2,2,2,1,7.5,8,0,0
/global/archives/category/people/sustainability,google,2,2,2,1,2.5,7,0,0
/global/archives/category/press-room/financial-results,bing,2,2,2,1,5.5,6,0,0
/global/archives/category/press-room/financial-results,statics.teams.cdn.office.net,2,1,1,2,48,8,0,0
/global/archives/category/press-room/issue-fact,eng.sk-on.com,2,2,2,1,35,8,0,0
/global/archives/category/press-room/press-release,eng.sk-on.com,2,2,2,1,14,8,0,0
/global/archives/category/press-room/press-release,eng.skietechnology.com,2,1,1,2,74,8,0,0
/global/archives/category/social-value/csr-program,(direct),2,2,2,1,4.5,10,0,0
/global/archives/category/social-value/opinions,(direct),2,2,2,1,4,10,0,0
/global/archives/category/social-value/social-enterprise,(direct),2,2,2,1,4.5,10,0,0
/global/archives/tag/best-oil-company,(direct),2,1,1,2,0,6,0,0
/global/archives/tag/blueoval-sk,google,2,2,2,1,1.5,10,0,0
/global/archives/tag/board-of-directors,google,2,2,2,1,20.5,12,0,0
/global/archives/tag/canada,google,2,2,2,1,18.5,11,0,0
/global/archives/tag/cdp,google,2,4,1,2,0,13,0,0
/global/archives/tag/choi-yun-seok,google,2,2,1,2,26,9,0,0
/global/archives/tag/depolymerization,google,2,2,2,1,38,10,0,0
/global/archives/tag/digital-transformation,google,2,2,1,2,7,8,0,0
/global/archives/tag/g-15-ap-block,google,2,1,1,2,12,8,0,0
/global/archives/tag/jee-dong-seob,google,2,2,2,1,4,9,0,0
/global/archives/tag/kentucky,google,2,2,2,1,4.5,10,0,0
/global/archives/tag/korea-entrepreneurship-foundation,google,2,2,2,1,2.5,10,0,0
/global/archives/tag/ncm9,google,2,1,1,2,16,8,0,0
/global/archives/tag/nmc,google,2,2,2,1,3.5,9,0,0
/global/archives/tag/pouch,google,2,1,1,2,17,8,0,0
/global/archives/tag/revenue,eng.sk-on.com,2,1,1,2,11,8,0,0
/global/archives/tag/s-pack,google,2,2,2,1,7,9,0,0
/global/archives/tag/sk-gc-americas,google,2,2,2,1,14,10,0,0
/global/archives/tag/sk-primacor-europe,google,2,2,2,1,10,12,0,0
/global/archives/tag/skbh,google,2,1,1,2,5,7,0,0
/global/archives/tag/skbmp,google,2,3,2,1,20,12,0,0
/global/archives/tag/sken,google,2,3,2,1,0.5,11,0,0
/global/archives/tag/skoh,google,2,3,2,1,2,11,0,0
/global/archives/tag/sustainable-aviation-fuel,google,2,1,1,2,14,10,0,0
/global/archives/tag/ulsan-complex,google,2,2,2,1,22.5,11,0,0
/global/archives/tag/zhejiang-satellite-petrochemical,google,2,1,1,2,14,8,0,0
/global/login,(direct),2,1,1,2,5,8,0,0
/global/sustainability-report,bing,2,2,2,1,9.5,9,0,0
/global/terms-and-conditions,(direct),2,4,1,2,52,13,0,0
/global/terms-and-conditions,eng.sk-on.com,2,2,2,1,2.5,6,0,0
/global/terms-and-conditions,linkedin.com,2,3,1,2,4,9,0,0
/global/,(not set),1,1,1,1,0,2,0,0
/global/,baidu,1,1,1,1,0,3,0,0
/global/,bing,1,2,1,1,0,6,0,0
/global/,chn.sk-on.com,1,1,1,1,0,2,0,0
/global/,chn.skgeocentric.com,1,2,1,1,0,6,0,0
/global/,eng.skearthon.com,1,1,1,1,9,6,0,0
/global/,gemini.google.com,1,2,1,1,10,7,0,0
/global/arch Lives/,(direct),1,1,1,1,1,4,0,0
/global/archives/10031,google,1,1,1,1,36,5,0,0
/global/archives/10119,(direct),1,1,1,1,0,4,0,0
/global/archives/10264,google,1,1,1,1,12,5,0,0
/global/archives/10511,duckduckgo,1,1,1,1,10,4,0,0
/global/archives/10535,google,1,1,1,1,1,5,0,0
/global/archives/10610,google,1,1,1,1,299,5,0,0
/global/archives/10767,(direct),1,1,1,1,13,5,0,0
/global/archives/10802,cn.bing.com,1,2,1,1,55,7,0,0
/global/archives/10802,duckduckgo,1,1,1,1,80,4,0,0
/global/archives/10872,google,1,1,1,1,7,4,0,0
/global/archives/10897,google,1,1,1,1,18,4,0,0
/global/archives/10913,google,1,1,1,1,0,5,0,0
/global/archives/11058,google,1,1,1,1,0,3,0,0
/global/archives/11087,skenergy.com,1,1,1,1,69,6,0,0
/global/archives/1114,google,1,1,1,1,135,5,0,0
/global/archives/11147,google,1,1,1,1,0,3,0,0
/global/archives/11147,sktradinginternational.com,1,1,1,1,62,4,0,0
/global/archives/11161,bing,1,2,1,1,0,6,0,0
/global/archives/11161,daum,1,1,1,1,5,5,0,0
/global/archives/11429,eng.sk-on.com,1,1,1,1,2,4,0,0
/global/archives/11512,google,1,1,1,1,44,3,0,0
/global/archives/11527,google,1,1,1,1,0,5,0,0
/global/archives/11537,(direct),1,1,1,1,0,4,0,0
/global/archives/11537,sktradinginternational.com,1,2,2,0.5,49,6,0,0
/global/archives/11596,google,1,1,1,1,36,5,0,0
/global/archives/11596,skenergy.com,1,1,1,1,1,4,0,0
/global/archives/11683,google,1,2,1,1,9,3,0,0
/global/archives/11756,eng.sk-on.com,1,1,1,1,1,3,0,0
/global/archives/12036,skenergy.com,1,1,1,1,50,4,0,0
/global/archives/12072,(direct),1,1,1,1,0,4,0,0
/global/archives/12091,google,1,1,1,1,19,4,0,0
/global/archives/12106,bing,1,2,1,1,31,4,0,0
/global/archives/12125,google,1,1,1,1,6,5,0,0
/global/archives/12147,eng.sk-on.com,1,1,1,1,12,4,0,0
/global/archives/12220,google,1,3,2,0.5,24,6,0,0
/global/archives/12269,google,1,1,1,1,10,4,0,0
/global/archives/12306,(direct),1,2,1,1,0,6,0,0
/global/archives/12306,bing,1,2,1,1,0,6,0,0
/global/archives/12319,google,1,1,1,1,0,3,0,0
/global/archives/12471,bing,1,1,1,1,8,4,0,0
/global/archives/12688,bing,1,1,1,1,0,4,0,0
/global/archives/12878,google,1,1,1,1,0,4,0,0
/global/archives/12878,skenergy.com,1,1,1,1,7,4,0,0
/global/archives/13060,google,1,1,1,1,22,6,0,0
/global/archives/13130,coccoc.com,1,1,1,1,4,5,0,0
/global/archives/13184,(direct),1,1,1,1,0,3,0,0
/global/archives/13437,bing,1,1,1,1,21,4,0,0
/global/archives/13437,google,1,1,1,1,47,4,0,0
/global/archives/13521,(not set),1,1,1,1,20,3,0,0
/global/archives/13540,google,1,1,1,1,7,5,0,0
/global/archives/13669,eng.skietechnology.com,1,1,1,1,4,4,0,0
/global/archives/13780,bing,1,2,1,1,0,6,0,0
/global/archives/13780,eng.sk-on.com,1,2,1,1,0,5,0,0
/global/archives/13879,google,1,1,1,1,5,5,0,0
/global/archives/13932,google,1,1,1,1,0,3,0,0
/global/archives/13981,(direct),1,1,1,1,0,3,0,0
/global/archives/1399,linkedin.com,1,1,1,1,22,3,0,0
/global/archives/14004,google,1,1,1,1,6,4,0,0
/global/archives/14065,(direct),1,1,0,0,0,3,0,0
/global/archives/14146,google,1,1,1,1,75,4,0,0
/global/archives/14179,google,1,1,1,1,87,5,0,0
/global/archives/14309,google,1,1,1,1,11,3,0,0
/global/archives/14491,google,1,1,1,1,0,3,0,0
/global/archives/14491,statics.teams.cdn.office.net,1,1,1,1,48,4,0,0
/global/archives/14541,eng.sk-on.com,1,1,1,1,4,4,0,0
/global/archives/14565,chatgpt.com,1,1,1,1,153,6,0,0
/global/archives/14766,yahoo,1,1,1,1,29,5,0,0
/global/archives/14788,google,1,1,1,1,33,5,0,0
/global/archives/14800,google,1,1,1,1,2,4,0,0
/global/archives/14962,bing,1,2,1,1,0,6,0,0
/global/archives/15007,google,1,1,1,1,0,4,0,0
/global/archives/15007,skenergy.com,1,1,1,1,0,4,0,0
/global/archives/15103,(direct),1,1,1,1,21,3,0,0
/global/archives/15204,eng.sk-on.com,1,1,1,1,8,4,0,0
/global/archives/15259,google,1,1,1,1,0,3,0,0
/global/archives/15430,google,1,1,1,1,0,4,0,0
/global/archives/15462,(direct),1,1,1,1,24,5,0,0
/global/archives/15497,google,1,1,1,1,30,4,0,0
/global/archives/15574,(direct),1,1,1,1,0,4,0,0
/global/archives/15574,chatgpt.com,1,1,1,1,29,5,0,0
/global/archives/15574,yahoo,1,1,1,1,4,5,0,0
/global/archives/15592,(direct),1,1,1,1,4,5,0,0
/global/archives/15592,google,1,1,1,1,19,5,0,0
/global/archives/15638,eng.skietechnology.com,1,1,1,1,8,4,0,0
/global/archives/15664,bing,1,1,1,1,0,4,0,0
/global/archives/15687,bing,1,1,1,1,7,5,0,0
/global/archives/15687,skenmove.com,1,1,1,1,0,4,0,0
/global/archives/15760,ecosia.org,1,1,1,1,77,5,0,0
/global/archives/15865,(direct),1,1,1,1,0,2,0,0
/global/archives/15865,duckduckgo,1,1,1,1,31,3,0,0
/global/archives/15865,eng.skietechnology.com,1,1,1,1,13,4,0,0
/global/archives/15865,google,1,1,1,1,73,4,0,0
/global/archives/15937,(direct),1,1,1,1,0,4,0,0
/global/archives/15937,linkedin.com,1,1,1,1,0,4,0,0
/global/archives/15985,eng.sk-on.com,1,1,1,1,0,2,0,0
/global/archives/16060,chatgpt.com,1,2,1,1,0,6,0,0
/global/archives/16154,(direct),1,1,1,1,0,4,0,0
/global/archives/16169,google,1,1,1,1,8,5,0,0
/global/archives/16334,(direct),1,1,1,1,0,3,0,0
/global/archives/16376,(direct),1,1,1,1,56,5,0,0
/global/archives/16463,(direct),1,1,1,1,5,5,0,0
/global/archives/16480,(direct),1,1,1,1,1,3,0,0
/global/archives/16480,linkedin.com,1,1,1,1,0,3,0,0
/global/archives/16493,eng.skgeocentric.com,1,1,1,1,78,4,0,0
/global/archives/16532,(direct),1,1,1,1,0,4,0,0
/global/archives/16532,bing,1,1,1,1,63,5,0,0
/global/archives/16532,linkedin.com,1,2,1,1,65,4,0,0
/global/archives/16563,google,1,1,1,1,0,4,0,0
/global/archives/16583,google,1,2,1,1,0,5,0,0
/global/archives/16583,linkedin.com,1,1,1,1,46,4,0,0
/global/archives/16810,eng.sk-on.com,1,1,1,1,2,2,0,0
/global/archives/16834,chatgpt.com,1,3,2,0.5,0,9,0,0
/global/archives/16904,eng.skgeocentric.com,1,1,1,1,160,4,0,0
/global/archives/16925,skenergy.com,1,1,1,1,7,4,0,0
/global/archives/16939,(direct),1,1,1,1,0,4,0,0
/global/archives/16970,google,1,1,1,1,7,5,0,0
/global/archives/16980,eng.sk-on.com,1,1,1,1,2,4,0,0
/global/archives/17010,(direct),1,2,1,1,0,5,0,0
/global/archives/17022,chatgpt.com,1,2,1,1,0,6,0,0
/global/archives/17134,google,1,1,1,1,2,5,0,0
/global/archives/17144,google,1,1,1,1,105,6,0,0
/global/archives/17169,bing,1,1,1,1,3,4,0,0
/global/archives/17216,electrive.net,1,1,1,1,208,5,0,0
/global/archives/17292,skincheonpetrochem.com,1,1,1,1,59,4,0,0
/global/archives/17313,skenmove.com,1,1,1,1,0,2,0,0
/global/archives/17356,(direct),1,1,1,1,0,4,0,0
/global/archives/17426,linkedin.com,1,1,1,1,42,4,0,0
/global/archives/17426,skinnovation.com,1,1,1,1,16,4,0,0
/global/archives/17426,statics.teams.cdn.office.net,1,1,1,1,36,4,0,0
/global/archives/17426,wrtn.ai,1,1,1,1,0,4,0,0
/global/archives/17446,(direct),1,1,1,1,26,5,0,0
/global/archives/17446,google,1,1,1,1,7,5,0,0
/global/archives/17595,chatgpt.com,1,2,1,1,0,5,0,0
/global/archives/17595,linkedin.com,1,1,1,1,9,4,0,0
/global/archives/17623,(direct),1,1,1,1,33,5,0,0
/global/archives/17796,(direct),1,1,1,1,0,4,0,0
/global/archives/17796,google,1,1,1,1,0,4,0,0
/global/archives/17817,(direct),1,1,1,1,0,4,0,0
/global/archives/17844,(direct),1,1,1,1,0,4,0,0
/global/archives/17844,google,1,1,1,1,14,3,0,0
/global/archives/17844,skenergy.com,1,2,1,1,2,5,0,0
/global/archives/17863,linkedin.com,1,1,1,1,4,4,0,0
/global/archives/17893,google,1,2,1,1,0,6,0,0
/global/archives/17950,m.facebook.com,1,1,1,1,0,4,0,0
/global/archives/17965,(direct),1,1,1,1,7,4,0,0
/global/archives/17978,(direct),1,1,1,1,0,4,0,0
/global/archives/17989,eng.sk-on.com,1,1,1,1,17,4,0,0
/global/archives/17990,chatgpt.com,1,2,1,1,0,6,0,0
/global/archives/18022,duckduckgo,1,1,1,1,9,4,0,0
/global/archives/18076,linkedin.com,1,1,1,1,1,4,0,0
/global/archives/18140,skenergy.com,1,1,1,1,46,4,0,0
/global/archives/18208,google,1,1,1,1,0,4,0,0
/global/archives/18268,google,1,1,1,1,0,3,0,0
/global/archives/18283,bing,1,1,1,1,8,5,0,0
/global/archives/18283,electrive.net,1,1,1,1,35,6,0,0
/global/archives/18283,eng.sk-on.com,1,1,1,1,400,4,0,0
/global/archives/18301,(direct),1,1,1,1,0,4,0,0
/global/archives/18301,ya.ru,1,1,1,1,7,5,0,0
/global/archives/18361,eng.sk-on.com,1,1,1,1,397,4,0,0
/global/archives/18374,google,1,1,1,1,10,4,0,0
/global/archives/18388,linkedin.com,1,1,1,1,5,4,0,0
/global/archives/18421,9009262.fs1.hubspotusercontent-na1.net,1,1,1,1,0,4,0,0
/global/archives/18421,eng.skgeocentric.com,1,1,1,1,15,4,0,0
/global/archives/18436,linkedin.com,1,1,1,1,0,2,0,0
/global/archives/18500,(direct),1,1,1,1,0,2,0,0
/global/archives/18500,cn.bing.com,1,1,1,1,0,2,0,0
/global/archives/18500,linkedin.com,1,1,1,1,15,4,0,0
/global/archives/18571,linkedin.com,1,1,1,1,13,4,0,0
/global/archives/18571,skinnovation.com,1,1,1,1,0,2,0,0
/global/archives/18608,bing,1,1,1,1,19,5,0,0
/global/archives/18608,statics.teams.cdn.office.net,1,1,1,1,22,4,0,0
/global/archives/18639,(direct),1,1,1,1,8,3,0,0
/global/archives/18639,eng.sk-on.com,1,1,1,1,2,4,0,0
/global/archives/18639,linkedin.com,1,2,1,1,0,6,0,0
/global/archives/18659,t.co,1,1,1,1,0,4,0,0
/global/archives/18690,eng.skgeocentric.com,1,1,1,1,51,4,0,0
/global/archives/18690,lnkd.in,1,1,1,1,46,5,0,0
/global/archives/18690,skinnovation.com,1,1,1,1,0,3,0,0
/global/archives/18695,(direct),1,1,1,1,22,4,0,0
/global/archives/18695,newsletter,1,2,1,1,0,5,0,0
/global/archives/18708,eng.sk-on.com,1,1,1,1,2,3,0,0
/global/archives/18743,chatgpt.com,1,1,1,1,20,5,0,0
/global/archives/18743,eng.sk-on.com,1,1,1,1,24,4,0,0
/global/archives/18743,eng.skgeocentric.com,1,1,1,1,1,4,0,0
/global/archives/18743,news.google.com,1,1,1,1,0,4,0,0
/global/archives/18743,skinnovation.com,1,1,1,1,0,3,0,0
/global/archives/18753,link.naver.com,1,1,1,1,284,4,0,0
/global/archives/18753,linkedin.com,1,2,1,1,29,5,0,0
/global/archives/1935,google,1,1,1,1,119,4,0,0
/global/archives/2084,eng.sk-on.com,1,1,1,1,2,4,0,0
/global/archives/2262,google,1,1,1,1,5,3,0,0
/global/archives/2293,google,1,1,1,1,0,4,0,0
/global/archives/2576,google,1,1,1,1,0,4,0,0
/global/archives/2701,google,1,1,1,1,0,2,0,0
/global/archives/279,google,1,1,1,1,37,5,0,0
/global/archives/298,(direct),1,1,1,1,0,4,0,0
/global/archives/3177,google,1,1,1,1,76,5,0,0
/global/archives/3197,google,1,1,1,1,26,6,0,0
/global/archives/3709,google,1,1,1,1,51,6,0,0
/global/archives/3709,theregister.com,1,2,1,1,0,5,0,0
/global/archives/3709 -,(direct),1,1,1,1,0,5,0,0
/global/archives/3820,cn.bing.com,1,1,1,1,95,6,0,0
/global/archives/3830,google,1,1,1,1,0,1,0,0
/global/archives/3859,google,1,1,1,1,26,3,0,0
/global/archives/3962,ecosia.org,1,1,1,1,27,5,0,0
/global/archives/4002,eng.skietechnology.com,1,1,1,1,8,4,0,0
/global/archives/401,google,1,1,1,1,0,5,0,0
/global/archives/4077,cn.bing.com,1,1,1,1,112,5,0,0
/global/archives/4086,eng.sk-on.com,1,1,1,1,2,4,0,0
/global/archives/4146,google,1,1,1,1,95,6,0,0
/global/archives/4308,cn.bing.com,1,1,1,1,39,5,0,0
/global/archives/4360,google,1,1,1,1,10,5,0,0
/global/archives/4450,google,1,1,1,1,97,5,0,0
/global/archives/4518,duckduckgo,1,1,1,1,48,5,0,0
/global/archives/4518,google,1,1,1,1,17,5,0,0
/global/archives/4585,google,1,1,1,1,13,5,0,0
/global/archives/4612,(direct),1,1,1,1,13,3,0,0
/global/archives/4612,bing,1,1,1,1,146,6,0,0
/global/archives/4728,google,1,1,1,1,5,5,0,0
/global/archives/4776,bing,1,1,1,1,0,4,0,0
/global/archives/4776,cn.bing.com,1,1,1,1,123,5,0,0
/global/archives/4921,(direct),1,1,1,1,0,4,0,0
/global/archives/507,google,1,1,1,1,5,5,0,0
/global/archives/5225,yahoo,1,1,1,1,9,4,0,0
/global/archives/5357,bing,1,1,1,1,0,4,0,0
/global/archives/5357,yahoo,1,1,1,1,20,4,0,0
/global/archives/564,(direct),1,1,1,1,37,3,0,0
/global/archives/5772,google,1,1,1,1,7,5,0,0
/global/archives/5893,google,1,1,1,1,9,4,0,0
/global/archives/5970,google,1,1,1,1,45,6,0,0
/global/archives/5994,google,1,1,1,1,23,5,0,0
/global/archives/6014,lens.google.com,1,1,1,1,32,5,0,0
/global/archives/6037,google,1,1,1,1,3,4,0,0
/global/archives/6072,google,1,1,1,1,0,4,0,0
/global/archives/6216,(direct),1,2,1,1,20,7,0,0
/global/archives/6216,bing,1,1,1,1,76,5,0,0
/global/archives/631,google,1,1,1,1,20,6,0,0
/global/archives/6313,(direct),1,1,0,0,0,3,0,0
/global/archives/6313,google,1,1,1,1,2,5,0,0
/global/archives/6343,(direct),1,1,1,1,0,4,0,0
/global/archives/6343,google,1,1,1,1,13,5,0,0
/global/archives/6462,google,1,1,1,1,2,5,0,0
/global/archives/6471,eng.sk-on.com,1,1,1,1,2,4,0,0
/global/archives/6710,google,1,1,1,1,4,5,0,0
/global/archives/6807,copilot.microsoft.com,1,1,1,1,69,6,0,0
/global/archives/6807,duckduckgo,1,1,1,1,39,5,0,0
/global/archives/6807,google,1,1,1,1,0,4,0,0
/global/archives/6824,copilot.microsoft.com,1,2,1,1,6,3,0,0
/global/archives/7031,duckduckgo,1,1,1,1,2,4,0,0
/global/archives/7112,(direct),1,1,1,1,0,4,0,0
/global/archives/7245,google,1,1,1,1,97,4,0,0
/global/archives/7302,eng.sk-on.com,1,1,1,1,1,4,0,0
/global/archives/7302,google,1,1,1,1,7,3,0,0
/global/archives/7319,google,1,1,1,1,0,4,0,0
/global/archives/733,google,1,1,1,1,17,5,0,0
/global/archives/7379,skincheonpetrochem.com,1,1,1,1,5,5,0,0
/global/archives/7445,bing,1,1,1,1,39,6,0,0
/global/archives/7445,electrive.com,1,1,1,1,0,4,0,0
/global/archives/7555,google,1,1,1,1,73,5,0,0
/global/archives/7596,google,1,1,1,1,11,4,0,0
/global/archives/7710,google,1,1,1,1,32,6,0,0
/global/archives/7761,chatgpt.com,1,1,1,1,58,5,0,0
/global/archives/7761,google,1,1,1,1,11,5,0,0
/global/archives/7906,bing,1,1,1,1,55,6,0,0
/global/archives/7919,(direct),1,2,1,1,0,5,0,0
/global/archives/7961,google,1,1,1,1,92,3,0,0
/global/archives/7989,google,1,1,1,1,4,4,0,0
/global/archives/8010,bing,1,2,1,1,0,6,0,0
/global/archives/8046,skincheonpetrochem.com,1,1,1,1,17,4,0,0
/global/archives/8067,google,1,1,1,1,56,5,0,0
/global/archives/8121,google,1,1,1,1,14,5,0,0
/global/archives/822,(direct),1,1,1,1,35,5,0,0
/global/archives/8327,google,1,1,1,1,36,6,0,0
/global/archives/8350,google,1,2,1,1,0,6,0,0
/global/archives/8383,google,1,1,1,1,12,4,0,0
/global/archives/8428,google,1,2,1,1,0,6,0,0
/global/archives/8463,(direct),1,1,1,1,0,5,0,0
/global/archives/8599,eng.sk-on.com,1,1,1,1,1,2,0,0
/global/archives/8604,google,1,1,1,1,62,5,0,0
/global/archives/9191,google,1,1,1,1,6,5,0,0
/global/archives/9191,lens.google.com,1,1,1,1,28,5,0,0
/global/archives/9286,google,1,1,1,1,23,3,0,0
/global/archives/9310,skincheonpetrochem.com,1,1,1,1,165,4,0,0
/global/archives/9354,google,1,2,1,1,12,7,0,0
/global/archives/9509,google,1,1,1,1,41,5,0,0
/global/archives/9548,(direct),1,1,1,1,0,4,0,0
/global/archives/9616,google,1,1,1,1,0,3,0,0
/global/archives/9695,(direct),1,1,1,1,34,6,0,0
/global/archives/9695,google,1,1,1,1,39,5,0,0
/global/archives/9837,google,1,1,1,1,2,4,0,0
/global/archives/9857,(direct),1,1,1,1,0,4,0,0
/global/archives/9910,(direct),1,1,1,1,0,4,0,0
/global/archives/9951,chatgpt.com,1,1,1,1,2,4,0,0
/global/archives/9951,google,1,1,1,1,36,5,0,0
/global/archives/9968,google,1,2,1,1,0,6,0,0
/global/archives/9998,google,1,1,1,1,0,4,0,0
/global/archives/category/corporate/sk-energy,(direct),1,1,1,1,2,3,0,0
/global/archives/category/corporate/sk-enmove,skenmove.com,1,1,1,1,12,6,0,0
/global/archives/category/corporates,copilot.microsoft.com,1,1,1,1,22,4,0,0
/global/archives/category/corporates,skenergy.com,1,1,1,1,10,4,0,0
/global/archives/category/corporates,skincheonpetrochem.com,1,1,1,1,37,4,0,0
/global/archives/category/corporates,skinnovation.com,1,1,1,1,3,4,0,0
/global/archives/category/corporates,sktradinginternational.com,1,1,1,1,4,4,0,0
/global/archives/category/corporates,teams.microsoft.com,1,1,1,1,2,4,0,0
/global/archives/category/corporates/sk-geo-centric,(direct),1,1,1,1,5,4,0,0
/global/archives/category/corporates/sk-geo-centric,copilot.microsoft.com,1,1,1,1,59,4,0,0
/global/archives/category/corporates/sk-incheon-petrochem,(direct),1,1,1,1,1,3,0,0
/global/archives/category/corporates/sk-incheon-petrochem,chatgpt.com,1,2,1,1,0,4,0,0
/global/archives/category/corporates/sk-incheon-petrochem,skenergy.com,1,1,1,1,92,4,0,0
/global/archives/category/corporates/sk-innovation,skinnovation.com,1,1,1,1,13,3,0,0
/global/archives/category/corporates/sk-on,naver,1,2,1,1,0,6,0,0
/global/archives/category/corporates/sk-on/sitemap.xml,eng.sk-on.com,1,1,1,1,2,4,0,0
/global/archives/category/corporates/sk-on/sitemaps.xml,eng.sk-on.com,1,1,1,1,3,4,0,0
/global/archives/category/corporates/sk-rading-international,sktradinginternational.com,1,1,1,1,3,4,0,0
/global/archives/category/insight,copilot.microsoft.com,1,2,1,1,0,5,0,0
/global/archives/category/insight,eng.sk-on.com,1,1,1,1,43,4,0,0
/global/archives/category/insight/expert-voice,linkedin.com,1,1,1,1,3,3,0,0
/global/archives/category/insight/trend_report,skincheonpetrochem.com,1,1,1,1,16,4,0,0
/global/archives/category/people,skinnovation.com,1,1,1,1,1,4,0,0
/global/archives/category/people,sktradinginternational.com,1,1,1,1,24,4,0,0
/global/archives/category/people/inno-people,skinnovation.com,1,1,1,1,23,4,0,0
/global/archives/category/people/sustainability,(direct),1,1,1,1,40,4,0,0
/global/archives/category/press-room,(direct),1,1,1,1,11,4,0,0
/global/archives/category/press-room,skincheonpetrochem.com,1,1,1,1,17,4,0,0
/global/archives/category/press-room/financial-results,chatgpt.com,1,1,1,1,9,5,0,0
/global/archives/category/press-room/issue-fact,sktradinginternational.com,1,1,1,1,6,4,0,0
/global/archives/category/press-room/press-release,news.google.com,1,1,1,1,10,4,0,0
/global/archives/tag/2022-esg-report,(direct),1,1,1,1,3,5,0,0
/global/archives/tag/2023-q4,google,1,1,1,1,6,5,0,0
/global/archives/tag/ambassadors-spouses-association-in-seoul,google,1,1,1,1,7,6,0,0
/global/archives/tag/arc,google,1,1,1,1,34,6,0,0
/global/archives/tag/carbon-capture,google,1,1,1,1,2,5,0,0
/global/archives/tag/cobalt-free-battery,google,1,1,1,1,7,4,0,0
/global/archives/tag/digital-twin,(direct),1,1,1,1,11,5,0,0
/global/archives/tag/ecopro,(direct),1,1,1,1,26,5,0,0
/global/archives/tag/ecopro-bm,(direct),1,1,1,1,2,4,0,0
/global/archives/tag/energy-super-station,google,1,1,1,1,4,5,0,0
/global/archives/tag/esg,(direct),1,1,1,1,4,5,0,0
/global/archives/tag/ess,google,1,1,1,1,9,4,0,0
/global/archives/tag/europe,google,1,1,1,1,49,4,0,0
/global/archives/tag/financial-results,eng.sk-on.com,1,1,1,1,25,4,0,0
/global/archives/tag/georgia,google,1,1,1,1,7,5,0,0
/global/archives/tag/germany,google,1,1,1,1,6,5,0,0
/global/archives/tag/global-forum,google,1,1,1,1,0,4,0,0
/global/archives/tag/green-biz,chatgpt.com,1,1,1,1,28,6,0,0
/global/archives/tag/green-bonds,(direct),1,1,1,1,2,5,0,0
/global/archives/tag/hydrogen,google,1,1,1,1,0,4,0,0
/global/archives/tag/hyundai,google,1,1,1,1,0,3,0,0
/global/archives/tag/immersion-cooling,google,1,1,1,1,10,6,0,0
/global/archives/tag/inobus,google,1,1,1,1,41,6,0,0
/global/archives/tag/interbattery-2024,google,1,1,1,1,11,4,0,0
/global/archives/tag/komarom,ecosia.org,1,1,1,1,11,4,0,0
/global/archives/tag/mhp,google,1,1,1,1,3,4,0,0
/global/archives/tag/mono-material,google,1,1,1,1,2,4,0,0
/global/archives/tag/mono-material-packaging,google,1,1,1,1,3,6,0,0
/global/archives/tag/msci,google,1,1,1,1,8,4,0,0
/global/archives/tag/op,eng.sk-on.com,1,1,1,1,11,4,0,0
/global/archives/tag/plastic-recycling,google,1,1,1,1,3,4,0,0
/global/archives/tag/polonica-progressio-awards,google,1,1,1,1,4,5,0,0
/global/archives/tag/pyrolysis,google,1,1,1,1,9,5,0,0
/global/archives/tag/roadmap,google,1,1,1,1,5,4,0,0
/global/archives/tag/separator,google,1,1,1,1,10,5,0,0
/global/archives/tag/sheco,google,1,1,1,1,12,5,0,0
/global/archives/tag/siemens,(direct),1,2,2,0.5,5.5,5,0,0
/global/archives/tag/singapore,google,1,1,1,1,21,5,0,0
/global/archives/tag/sk-energy-americas,skinnovation.com,1,1,1,1,9,4,0,0
/global/archives/tag/sk-functional-polymer,google,1,1,1,1,15,6,0,0
/global/archives/tag/sk-green,google,1,1,1,1,3,5,0,0
/global/archives/tag/sk-hi-tech-battery-materials-poland,google,1,1,1,1,0,4,0,0
/global/archives/tag/sk-incheon-petrochem,skincheonpetrochem.com,1,1,1,1,24,4,0,0
/global/archives/tag/sk-innovation,(direct),1,1,1,1,19,4,0,0
/global/archives/tag/sk-on/sitemap.xml,eng.sk-on.com,1,1,1,1,18,4,0,0
/global/archives/tag/sk-supex-council,google,1,1,1,1,0,4,0,0
/global/archives/tag/skei-singapore,google,1,1,1,1,8,6,0,0
/global/archives/tag/skeo,google,1,1,1,1,21,5,0,0
/global/archives/tag/skgc,eng.skgeocentric.com,1,1,1,1,33,4,0,0
/global/archives/tag/skipc,skincheonpetrochem.com,1,1,1,1,54,4,0,0
/global/archives/tag/skpe,google,1,1,1,1,7,5,0,0
/global/archives/tag/skti,google,1,1,1,1,14,5,0,0
/global/archives/tag/sk综合化学,cn.bing.com,1,1,1,1,0,5,0,0
/global/archives/tag/sustainability,(direct),1,1,1,1,3,5,0,0
/global/archives/tag/sustainability-report,(direct),1,1,1,1,3,5,0,0
/global/archives/tag/turkey,(direct),1,1,1,1,3,6,0,0
/global/archives/tag/turkey,google,1,1,1,1,2,5,0,0
/global/archives/tag/ulsan-clx,skinnovation.com,1,1,1,1,8,3,0,0
/global/archives/tag/winpak,google,1,1,1,1,9,6,0,0
/global/archives/tag/winter-pro-lfp-battery,google,1,1,1,1,30,6,0,0
/global/archives/tag/yubase,(direct),1,1,1,1,14,4,0,0
/global/archives/tag/yubase,google,1,1,1,1,2,4,0,0
/global/archives/tag/yubase,yahoo,1,1,1,1,9,5,0,0
/global/archives/www.infiniumco.com,sktradinginternational.com,1,1,1,1,0,3,0,0
/global/family-site-links,google,1,1,1,1,7,5,0,0
/global/latestnews,euc-excel.officeapps.live.com,1,1,1,1,6,4,0,0
/global/siginin,(direct),1,1,1,1,1,4,0,0
/global/sustainability-report,cn.bing.com,1,2,1,1,6,5,0,0
/global/terms-and-conditions,eng.skietechnology.com,1,1,1,1,11,4,0,0
/global/who-we-are,(direct),1,1,1,1,21,4,0,0
/global/archives/10835,(direct),0,1,1,0,0,2,0,0
/global/archives/8553,google,0,1,1,0,7,1,0,0
/global/archives/category/corporate/sk-ie-technology,google,0,1,1,0,0,2,0,0
/global/archives/category/corporates/sk-earthon,skenergy.com,0,1,0,0,0,2,0,0
/global/archives/tag/vwbe,(direct),0,1,1,0,0,2,0,0
/global/latestnews,(not set),0,3,3,0,21.333333333333332,3,0,0