# ----------------------------------------
# 보고서 CSV 내보내기
# 계정: skinno global
# 속성: skinno 글로벌 - GA4
# ----------------------------------------
# 
# 모든 사용자
# 시작일: 20240819
# 종료일: 20240825
페이지 경로 및 화면 클래스,국가,조회수,세션수,사용자,사용자당 조회수,평균 참여 시간,이벤트 수,주요 이벤트,총 수익
/global/,South Korea,114,81,43,2.6511627906976742,14.627906976744185,446,0,0
/global/archives/18743,United States,63,62,61,1.0327868852459017,4.885245901639344,225,0,0
/global/latestnews,China,54,57,57,0.9473684210526315,21.24561403508772,213,0,0
/global/archives/18546,South Korea,33,29,21,1.5714285714285714,75.80952380952381,137,0,0
/global/archives/18546,Singapore,29,30,24,1.2083333333333333,51.333333333333336,125,0,0
/global/archives/18743,South Korea,29,28,20,1.45,33.95,113,0,0
/global/,United States,28,25,24,1.1666666666666667,41.333333333333336,130,0,0
/global/archives/18753,South Korea,27,21,13,2.076923076923077,27.846153846153847,94,0,0
/global/,United Kingdom,25,25,25,1,1.44,102,0,0
/global/latestnews,Germany,25,25,1,25,9,63,0,0
/global/archives/18546,United States,22,26,22,1,21.727272727272727,97,0,0
/global/archives/18659,Malaysia,20,18,7,2.857142857142857,1.7142857142857142,63,0,0
/global/archives/18708,South Korea,20,17,13,1.5384615384615385,8.846153846153847,78,0,0
/global/archives/18546,Australia,17,23,11,1.5454545454545454,73.0909090909091,86,0,0
/global/archives/category/corporates/sk-on,South Korea,16,12,7,2.2857142857142856,20,66,0,0
/global/archives/18283,(not set),15,15,15,1,0,59,0,0
/global/archives/18659,Australia,15,13,12,1.25,44.916666666666664,62,0,0
/global/archives/18690,South Korea,15,13,11,1.3636363636363635,17.90909090909091,59,0,0
/global/archives/category/press-room/press-release,South Korea,13,10,6,2.1666666666666665,8.333333333333334,54,0,0
/global/archives/18608,South Korea,12,10,9,1.3333333333333333,14.666666666666666,50,0,0
/global/archives/4921,United States,12,10,9,1.3333333333333333,141.11111111111111,58,0,0
/global/archives/9910,Malaysia,12,14,12,1,68.75,67,0,0
/global/archives/category/press-room/press-release,United States,12,11,11,1.0909090909090908,8.181818181818182,48,0,0
/global/archives/6216,South Korea,11,15,10,1.1,29.9,55,0,0
/global/archives/category/insight/trend_report,South Korea,11,7,4,2.75,23.75,40,0,0
/global/archives/category/press-room/financial-results,Singapore,11,4,4,2.75,20.5,43,0,0
/global/archives/category/press-room/press-release,India,11,8,4,2.75,24.75,41,0,0
/global/latestnews,South Korea,11,13,4,2.75,9.5,47,0,0
/global/,Japan,10,9,8,1.25,11.25,47,0,0
/global/archives/18546,Poland,10,11,0,0,0,32,0,0
/global/archives/18546,Vietnam,10,14,4,2.5,113,43,0,0
/global/archives/category/press-room/financial-results,Japan,10,3,3,3.3333333333333335,15,39,0,0
/global/latestnews,United States,10,7,6,1.6666666666666667,21.666666666666668,42,0,0
/global/archives/15490,Canada,9,10,7,1.2857142857142858,23.857142857142858,36,0,0
/global/archives/18107,United States,9,11,8,1.125,130.875,47,0,0
/global/archives/category/press-room/financial-results,Taiwan,9,6,3,3,13.666666666666666,37,0,0
/global/archives/category/press-room/press-release,France,9,9,9,1,0.6666666666666666,35,0,0
/global/archives/14565,South Korea,8,7,5,1.6,47.4,34,0,0
/global/archives/15490,India,8,8,4,2,0.25,28,0,0
/global/archives/17426,South Korea,8,6,6,1.3333333333333333,13,33,0,0
/global/archives/18140,(not set),8,8,8,1,0,32,0,0
/global/archives/18374,South Korea,8,8,5,1.6,8.8,29,0,0
/global/archives/18546,France,8,9,7,1.1428571428571428,5.285714285714286,33,0,0
/global/archives/18546,India,8,8,8,1,6.75,32,0,0
/global/archives/18546,Japan,8,10,7,1.1428571428571428,11.142857142857142,37,0,0
/global/archives/18546,Netherlands,8,9,8,1,1,32,0,0
/global/archives/18608,United States,8,7,6,1.3333333333333333,36.666666666666664,31,0,0
/global/archives/category/press-room/financial-results,Germany,8,4,3,2.6666666666666665,65.66666666666667,31,0,0
/global/archives/category/press-room/financial-results,United States,8,6,5,1.6,15.4,32,0,0
/global/archives/category/press-room/press-release,Japan,8,7,3,2.6666666666666665,120.33333333333333,32,0,0
/global/who-we-are,Hong Kong,8,4,3,2.6666666666666665,71.66666666666667,32,0,0
/global/,China,7,8,7,1,5.571428571428571,28,0,0
/global/archives/15490,South Korea,7,5,5,1.4,8.6,30,0,0
/global/archives/17216,United States,7,7,6,1.1666666666666667,87.83333333333333,35,0,0
/global/archives/17623,South Korea,7,7,7,1,16.428571428571427,36,0,0
/global/archives/18140,South Korea,7,10,5,1.4,31.8,24,0,0
/global/archives/18546,Finland,7,8,8,0.875,1.5,29,0,0
/global/archives/18546,Hong Kong,7,8,5,1.4,54.4,33,0,0
/global/archives/18608,Singapore,7,3,1,7,476,25,0,0
/global/archives/18743,United Kingdom,7,8,8,0.875,2,24,0,0
/global/archives/category/corporates/sk-geo-centric,South Korea,7,4,4,1.75,19.5,27,0,0
/global/,Germany,6,7,6,1,0.8333333333333334,24,0,0
/global/,India,6,4,2,3,26.5,25,0,0
/global/archives/10774,United States,6,6,5,1.2,45.2,26,0,0
/global/archives/12306,South Korea,6,6,3,2,16,26,0,0
/global/archives/16463,United States,6,6,5,1.2,30.4,31,0,0
/global/archives/17569,United States,6,6,3,2,6.333333333333333,23,0,0
/global/archives/18140,India,6,4,1,6,12,17,0,0
/global/archives/18361,South Korea,6,3,2,3,15.5,23,0,0
/global/archives/18659,(not set),6,6,6,1,0,24,0,0
/global/archives/18743,Canada,6,6,5,1.2,0,21,0,0
/global/archives/18743,India,6,6,5,1.2,12,23,0,0
/global/archives/18743,Singapore,6,6,6,1,0.8333333333333334,24,0,0
/global/archives/7292,Vietnam,6,4,4,1.5,48.75,24,0,0
/global/archives/category/corporates/sk-enmove,Thailand,6,2,1,6,88,24,0,0
/global/archives/category/corporates/sk-innovation,Australia,6,2,1,6,57,25,0,0
/global/archives/category/corporates/sk-innovation,South Korea,6,6,6,1,11.5,23,0,0
/global/archives/category/insight,United States,6,6,6,1,19.333333333333332,23,0,0
/global/archives/category/press-room,Singapore,6,6,3,2,7,23,0,0
/global/archives/category/press-room/financial-results,Switzerland,6,1,1,6,41,24,0,0
/global/archives/category/press-room/press-release,Singapore,6,5,5,1.2,15.6,26,0,0
/global/terms-and-conditions,South Korea,6,9,4,1.5,15.25,28,0,0
/global/,Philippines,5,1,1,5,19,17,0,0
/global/archives/10774,South Korea,5,6,5,1,2.2,26,0,0
/global/archives/12022,India,5,5,5,1,7.2,24,0,0
/global/archives/12306,Japan,5,4,3,1.6666666666666667,49.666666666666664,22,0,0
/global/archives/15374,Australia,5,6,4,1.25,42.75,25,0,0
/global/archives/15664,Japan,5,7,5,1,5.6,27,0,0
/global/archives/16060,Indonesia,5,6,2,2.5,73.5,24,0,0
/global/archives/16060,Singapore,5,4,4,1.25,21.25,23,0,0
/global/archives/16493,South Korea,5,7,5,1,64,23,0,0
/global/archives/17216,South Korea,5,7,4,1.25,8.75,25,0,0
/global/archives/17426,Singapore,5,5,4,1.25,8,22,0,0
/global/archives/17426,Taiwan,5,4,1,5,45,22,0,0
/global/archives/18107,Russia,5,4,4,1.25,114,20,0,0
/global/archives/18283,South Korea,5,5,5,1,16,23,0,0
/global/archives/18361,India,5,5,5,1,6,18,0,0
/global/archives/18436,India,5,6,5,1,4.4,19,0,0
/global/archives/18546,Sweden,5,6,4,1.25,3,21,0,0
/global/archives/18659,South Korea,5,3,2,2.5,1,15,0,0
/global/archives/18743,Hong Kong,5,5,5,1,6,20,0,0
/global/archives/18753,India,5,5,4,1.25,12.5,18,0,0
/global/archives/3820,South Korea,5,3,3,1.6666666666666667,25.333333333333332,23,0,0
/global/archives/489,Australia,5,7,5,1,16.4,27,0,0
/global/archives/category/corporates,South Korea,5,5,3,1.6666666666666667,12.666666666666666,19,0,0
/global/archives/category/corporates/sk-enterm,Japan,5,2,1,5,17,22,0,0
/global/archives/category/corporates/sk-enterm,Singapore,5,4,3,1.6666666666666667,0,14,0,0
/global/archives/category/corporates/sk-enterm,South Korea,5,2,2,2.5,10,20,0,0
/global/archives/category/press-room,United Kingdom,5,1,1,5,22,20,0,0
/global/archives/tag/glass-lewis,South Korea,5,4,3,1.6666666666666667,5,23,0,0
/global/archives/tag/northvolt,Sweden,5,3,2,2.5,8.5,17,0,0
/global/archives/tag/sko,South Korea,5,5,4,1.25,19,23,0,0
/global/,Hong Kong,4,4,2,2,15,16,0,0
/global/,Sweden,4,3,2,2,38,21,0,0
/global/archives/11087,United States,4,6,4,1,47.75,22,0,0
/global/archives/12274/skee,South Korea,4,4,4,1,11.25,20,0,0
/global/archives/12306,Portugal,4,2,1,4,163,14,0,0
/global/archives/13521,South Korea,4,3,3,1.3333333333333333,6.666666666666667,13,0,0
/global/archives/13780,United Kingdom,4,4,2,2,13,18,0,0
/global/archives/14766,United States,4,3,3,1.3333333333333333,4.333333333333333,16,0,0
/global/archives/15664,South Korea,4,4,4,1,13.5,19,0,0
/global/archives/15664,United States,4,5,4,1,2.25,19,0,0
/global/archives/15937,United Kingdom,4,5,3,1.3333333333333333,18.333333333333332,17,0,0
/global/archives/16376,India,4,4,2,2,73,13,0,0
/global/archives/17047,United States,4,4,4,1,48,19,0,0
/global/archives/17169,South Korea,4,3,2,2,9,15,0,0
/global/archives/17426,Japan,4,3,3,1.3333333333333333,26.333333333333332,18,0,0
/global/archives/17499,India,4,4,3,1.3333333333333333,140.33333333333334,18,0,0
/global/archives/17595,India,4,4,4,1,151.25,13,0,0
/global/archives/17595,South Korea,4,6,4,1,11.25,20,0,0
/global/archives/17950,South Korea,4,2,2,2,22,16,0,0
/global/archives/18065,Hungary,4,5,4,1,15.25,17,0,0
/global/archives/18107,Indonesia,4,4,4,1,82,19,0,0
/global/archives/18388,United States,4,4,4,1,113.5,20,0,0
/global/archives/18445,South Korea,4,5,4,1,38.75,20,0,0
/global/archives/18500,South Korea,4,4,4,1,16,15,0,0
/global/archives/18546,Germany,4,5,4,1,10.75,22,0,0
/global/archives/18546,Hungary,4,5,4,1,44.25,20,0,0
/global/archives/18546,Indonesia,4,5,3,1.3333333333333333,453.3333333333333,22,0,0
/global/archives/18608,Germany,4,3,3,1.3333333333333333,49,17,0,0
/global/archives/18608,Japan,4,3,2,2,73,17,0,0
/global/archives/18608,Taiwan,4,2,2,2,48.5,18,0,0
/global/archives/18690,United States,4,4,4,1,3.5,16,0,0
/global/archives/18695,South Korea,4,5,3,1.3333333333333333,7.333333333333333,14,0,0
/global/archives/18753,Hong Kong,4,4,3,1.3333333333333333,8,16,0,0
/global/archives/18753,United Kingdom,4,4,4,1,4.25,15,0,0
/global/archives/311,Vietnam,4,1,1,4,214,14,0,0
/global/archives/489,Singapore,4,3,3,1.3333333333333333,1,13,0,0
/global/archives/6014,South Korea,4,5,3,1.3333333333333333,14.333333333333334,20,0,0
/global/archives/7633,Singapore,4,4,3,1.3333333333333333,36.666666666666664,19,0,0
/global/archives/7740,Japan,4,1,1,4,99,15,0,0
/global/archives/category/corporates/sk-earthon,India,4,4,1,4,2,12,0,0
/global/archives/category/corporates/sk-energy,South Korea,4,3,3,1.3333333333333333,7,15,0,0
/global/archives/category/corporates/sk-energy,United Kingdom,4,1,1,4,536,14,0,0
/global/archives/category/corporates/sk-on,United Kingdom,4,4,2,2,64.5,15,0,0
/global/archives/category/corporates/sk-on,United States,4,4,4,1,2.25,14,0,0
/global/archives/category/insight,Thailand,4,4,3,1.3333333333333333,15.333333333333334,16,0,0
/global/archives/category/people,Hungary,4,2,1,4,134,14,0,0
/global/archives/category/people,South Korea,4,1,1,4,18,16,0,0
/global/archives/category/people,United States,4,4,4,1,10.75,16,0,0
/global/archives/category/press-room/financial-results,Australia,4,2,1,4,13,16,0,0
/global/archives/category/press-room/financial-results,Hungary,4,1,1,4,33,12,0,0
/global/archives/tag/2024-q2,United States,4,2,1,4,41,17,0,0
/global/archives/tag/malaysia,Malaysia,4,2,2,2,41,19,0,0
/global/archives/tag/poe,Thailand,4,1,1,4,27,14,0,0
/global/archives/tag/pouch-type-battery,South Korea,4,3,3,1.3333333333333333,5.666666666666667,18,0,0
/global/archives/tag/weixing-chemical,South Korea,4,2,2,2,4.5,15,0,0
/global/latestnews,Japan,4,4,4,1,9.5,18,0,0
/global/sustainability-report,China,4,4,2,2,30.5,26,0,0
/global/sustainability-report,United States,4,5,4,1,3.25,21,0,0
/global/,Israel,3,1,1,3,26,15,0,0
/global/,Peru,3,1,1,3,10,9,0,0
/global/archives/10774,Serbia,3,3,3,1,7.333333333333333,14,0,0
/global/archives/10939,Malaysia,3,3,3,1,54,14,0,0
/global/archives/11161,India,3,3,2,1.5,215,13,0,0
/global/archives/11161,South Korea,3,3,2,1.5,2.5,13,0,0
/global/archives/11807,South Korea,3,2,2,1.5,248.5,12,0,0
/global/archives/12022,South Korea,3,3,3,1,5.333333333333333,13,0,0
/global/archives/12022,United States,3,3,3,1,8.333333333333334,14,0,0
/global/archives/12106,Taiwan,3,1,1,3,35,12,0,0
/global/archives/12147,United States,3,3,3,1,9.666666666666666,14,0,0
/global/archives/12190,South Korea,3,1,1,3,15,13,0,0
/global/archives/13521,United Kingdom,3,2,2,1.5,141,14,0,0
/global/archives/13521,United States,3,3,3,1,24,16,0,0
/global/archives/13780,Germany,3,2,2,1.5,15.5,11,0,0
/global/archives/13780,South Korea,3,6,3,1,0,17,0,0
/global/archives/1399,South Korea,3,3,3,1,61.333333333333336,14,0,0
/global/archives/14030,South Korea,3,1,1,3,56,11,0,0
/global/archives/14264,India,3,3,2,1.5,6.5,12,0,0
/global/archives/15103,United States,3,3,1,3,4,13,0,0
/global/archives/15374,Malaysia,3,3,3,1,55.666666666666664,13,0,0
/global/archives/15374,United States,3,3,3,1,18,15,0,0
/global/archives/15409,South Korea,3,3,3,1,35.666666666666664,14,0,0
/global/archives/15490,Japan,3,3,2,1.5,16,12,0,0
/global/archives/15490,United Kingdom,3,4,2,1.5,0,13,0,0
/global/archives/16005,United States,3,2,1,3,14,14,0,0
/global/archives/16131,India,3,4,3,1,16.666666666666668,15,0,0
/global/archives/16286,United States,3,3,3,1,0,12,0,0
/global/archives/16448,South Korea,3,2,2,1.5,19,15,0,0
/global/archives/16463,Germany,3,2,2,1.5,18,14,0,0
/global/archives/16532,Malaysia,3,3,2,1.5,18,14,0,0
/global/archives/16834,United States,3,2,2,1.5,32.5,15,0,0
/global/archives/17216,India,3,3,3,1,6,15,0,0
/global/archives/17356,United States,3,3,3,1,1.6666666666666667,12,0,0
/global/archives/17386,United States,3,3,3,1,57.666666666666664,15,0,0
/global/archives/17426,China,3,2,1,3,32,11,0,0
/global/archives/17426,Germany,3,3,2,1.5,34,13,0,0
/global/archives/17446,South Korea,3,3,2,1.5,3.5,9,0,0
/global/archives/17476,Singapore,3,3,2,1.5,41.5,14,0,0
/global/archives/17499,South Korea,3,4,3,1,14.333333333333334,16,0,0
/global/archives/17514,India,3,2,2,1.5,106.5,12,0,0
/global/archives/17514,South Korea,3,3,3,1,114.66666666666667,15,0,0
/global/archives/17623,India,3,3,3,1,19.333333333333332,14,0,0
/global/archives/17737,South Korea,3,4,3,1,27.333333333333332,18,0,0
/global/archives/17978,India,3,4,3,1,170.33333333333334,16,0,0
/global/archives/17990,Canada,3,1,1,3,35,12,0,0
/global/archives/18065,South Korea,3,4,3,1,28,16,0,0
/global/archives/18065,Taiwan,3,3,2,1.5,26.5,13,0,0
/global/archives/18107,United Kingdom,3,3,3,1,29,13,0,0
/global/archives/18283,Japan,3,3,3,1,3.6666666666666665,13,0,0
/global/archives/18283,Netherlands,3,3,1,3,177,13,0,0
/global/archives/18283,United Kingdom,3,2,2,1.5,221,12,0,0
/global/archives/18332,United States,3,3,3,1,74.66666666666667,15,0,0
/global/archives/18361,Netherlands,3,3,3,1,3,6,0,0
/global/archives/18361,United Kingdom,3,2,2,1.5,201.5,12,0,0
/global/archives/18436,South Korea,3,3,2,1.5,53.5,13,0,0
/global/archives/18478,United States,3,2,2,1.5,69.5,13,0,0
/global/archives/18546,United Kingdom,3,3,2,1.5,65,13,0,0
/global/archives/18608,India,3,4,4,0.75,4.75,11,0,0
/global/archives/18608,Netherlands,3,3,3,1,10.666666666666666,11,0,0
/global/archives/18608,United Kingdom,3,2,2,1.5,9.5,13,0,0
/global/archives/18639,South Korea,3,4,3,1,3.3333333333333335,13,0,0
/global/archives/18659,Hong Kong,3,3,1,3,0,10,0,0
/global/archives/18690,India,3,4,3,1,46.666666666666664,10,0,0
/global/archives/18708,United States,3,3,3,1,6.333333333333333,13,0,0
/global/archives/18743,Lithuania,3,3,3,1,0,9,0,0
/global/archives/18753,Singapore,3,4,3,1,8.333333333333334,15,0,0
/global/archives/2241,United Kingdom,3,1,1,3,66,12,0,0
/global/archives/3820,France,3,1,1,3,15,9,0,0
/global/archives/4612,China,3,2,2,1.5,23.5,10,0,0
/global/archives/489,Brunei,3,1,1,3,217,11,0,0
/global/archives/6216,India,3,5,3,1,7,17,0,0
/global/archives/6216,United States,3,3,2,1.5,165,13,0,0
/global/archives/6253,United States,3,2,2,1.5,26.5,13,0,0
/global/archives/7112,Croatia,3,2,2,1.5,67,13,0,0
/global/archives/7245,Serbia,3,3,3,1,0,8,0,0
/global/archives/7292,Singapore,3,3,3,1,34,12,0,0
/global/archives/7302,United States,3,4,3,1,2.3333333333333335,13,0,0
/global/archives/7761,United States,3,3,3,1,20.333333333333332,13,0,0
/global/archives/7906,South Korea,3,1,1,3,76,12,0,0
/global/archives/8105,Singapore,3,1,1,3,10,11,0,0
/global/archives/8350,United States,3,4,3,1,0,14,0,0
/global/archives/8914,South Korea,3,3,3,1,74.33333333333333,16,0,0
/global/archives/9770,India,3,3,2,1.5,0,12,0,0
/global/archives/9910,Singapore,3,4,3,1,26,14,0,0
/global/archives/category/corporate/sk-energy,United Kingdom,3,2,1,3,64,14,0,0
/global/archives/category/corporate/sk-ie-technology,United States,3,2,1,3,6,13,0,0
/global/archives/category/corporates,Malaysia,3,2,2,1.5,72.5,12,0,0
/global/archives/category/corporates,United Arab Emirates,3,2,2,1.5,11.5,11,0,0
/global/archives/category/corporates,United Kingdom,3,1,1,3,4,11,0,0
/global/archives/category/corporates/sk-earthon,Singapore,3,1,1,3,23,13,0,0
/global/archives/category/corporates/sk-earthon,South Korea,3,2,2,1.5,10,12,0,0
/global/archives/category/corporates/sk-enterm,India,3,4,1,3,1,11,0,0
/global/archives/category/corporates/sk-ie-technology,India,3,4,1,3,2,11,0,0
/global/archives/category/corporates/sk-incheon-petrochem,India,3,4,1,3,1,10,0,0
/global/archives/category/corporates/sk-innovation,United Kingdom,3,3,2,1.5,303.5,12,0,0
/global/archives/category/corporates/sk-on,Hungary,3,3,2,1.5,24.5,12,0,0
/global/archives/category/corporates/sk-on,India,3,4,1,3,5,10,0,0
/global/archives/category/corporates/sk-on,Japan,3,2,2,1.5,11.5,12,0,0
/global/archives/category/corporates/sk-rading-international,India,3,4,1,3,2,11,0,0
/global/archives/category/people/inno-people,South Korea,3,3,3,1,6,12,0,0
/global/archives/category/press-room,United States,3,3,3,1,8,11,0,0
/global/archives/category/press-room/financial-results,South Korea,3,2,2,1.5,8.5,13,0,0
/global/archives/category/press-room/press-release,United Arab Emirates,3,1,1,3,244,12,0,0
/global/archives/tag/lithium-ion-battery,United Kingdom,3,1,1,3,338,13,0,0
/global/archives/tag/ncm811,South Korea,3,2,2,1.5,5.5,13,0,0
/global/archives/tag/sk-on,South Korea,3,1,1,3,0,9,0,0
/global/archives/tag/skipc,Singapore,3,2,2,1.5,36.5,13,0,0
/global/latestnews,India,3,3,3,1,11.666666666666666,14,0,0
/global/latestnews,Taiwan,3,2,2,1.5,12,11,0,0
/apis/site/proxy,South Korea,2,1,1,2,0,7,0,0
/global/,Argentina,2,2,0,0,0,6,0,0
/global/,Hungary,2,2,2,1,20,8,0,0
/global/,Panama,2,1,1,2,11,5,0,0
/global/,Poland,2,2,2,1,14,10,0,0
/global/,Portugal,2,1,1,2,56,10,0,0
/global/,Singapore,2,3,2,1,3.5,10,0,0
/global/,Slovakia,2,1,1,2,61,9,0,0
/global/,Thailand,2,2,2,1,6.5,9,0,0
/global/,Vietnam,2,1,1,2,4,8,0,0
/global/arch,South Korea,2,1,1,2,2,8,0,0
/global/arch Lives/7633,South Korea,2,1,1,2,1,7,0,0
/global/arch ives/7633,South Korea,2,1,1,2,3,9,0,0
/global/archives/10310,Malaysia,2,1,1,2,199,8,0,0
/global/archives/10445,South Korea,2,3,1,2,14,10,0,0
/global/archives/10654,United States,2,3,2,1,84,11,0,0
/global/archives/10767,Türkiye,2,2,1,2,146,9,0,0
/global/archives/10774,United Kingdom,2,1,1,2,130,9,0,0
/global/archives/11010,South Korea,2,2,2,1,15,8,0,0
/global/archives/11087,Germany,2,2,2,1,34.5,10,0,0
/global/archives/11161,Taiwan,2,3,2,1,160,10,0,0
/global/archives/12022,Canada,2,2,2,1,23,11,0,0
/global/archives/12022,Singapore,2,2,1,2,3,10,0,0
/global/archives/12072,United States,2,2,2,1,4.5,9,0,0
/global/archives/12106,Singapore,2,2,2,1,61.5,10,0,0
/global/archives/12147,Hong Kong,2,2,2,1,5,8,0,0
/global/archives/12147,Singapore,2,2,2,1,62,9,0,0
/global/archives/12147,South Korea,2,2,2,1,96.5,9,0,0
/global/archives/12373,United States,2,1,1,2,83,7,0,0
/global/archives/12389,Poland,2,2,1,2,19,9,0,0
/global/archives/12667,India,2,2,2,1,4.5,11,0,0
/global/archives/13130,Taiwan,2,2,1,2,64,8,0,0
/global/archives/13130,United States,2,2,2,1,3.5,10,0,0
/global/archives/13329,Japan,2,2,1,2,3,7,0,0
/global/archives/13329,South Korea,2,2,2,1,10.5,10,0,0
/global/archives/13437,Malaysia,2,2,2,1,34,8,0,0
/global/archives/13595,India,2,1,1,2,0,5,0,0
/global/archives/13595,Japan,2,2,2,1,22,10,0,0
/global/archives/13595,South Korea,2,2,2,1,122.5,9,0,0
/global/archives/13780,India,2,2,1,2,0,6,0,0
/global/archives/13780,Taiwan,2,2,1,2,3,9,0,0
/global/archives/13780,United States,2,2,2,1,164,10,0,0
/global/archives/1398,Vietnam,2,2,1,2,43,10,0,0
/global/archives/1399,United Arab Emirates,2,2,2,1,30.5,9,0,0
/global/archives/14065,Germany,2,2,2,1,166,9,0,0
/global/archives/14193,India,2,1,1,2,112,8,0,0
/global/archives/14193,Sweden,2,1,1,2,407,8,0,0
/global/archives/14226,South Korea,2,2,2,1,10.5,10,0,0
/global/archives/14243,South Korea,2,2,2,1,0.5,7,0,0
/global/archives/14415,United States,2,2,1,2,35,9,0,0
/global/archives/14634,United States,2,3,2,1,2.5,11,0,0
/global/archives/14690,South Korea,2,1,1,2,13,8,0,0
/global/archives/14766,India,2,2,1,2,0,8,0,0
/global/archives/14896,South Korea,2,1,1,2,120,9,0,0
/global/archives/15204,Taiwan,2,2,2,1,17.5,11,0,0
/global/archives/15374,South Korea,2,2,2,1,11.5,9,0,0
/global/archives/15374,Venezuela,2,1,1,2,0,4,0,0
/global/archives/15462,United States,2,2,2,1,17.5,9,0,0
/global/archives/15490,Thailand,2,2,1,2,0,7,0,0
/global/archives/15490,United States,2,2,2,1,1,9,0,0
/global/archives/15574,South Korea,2,2,2,1,15.5,9,0,0
/global/archives/15610,Canada,2,1,1,2,22,9,0,0
/global/archives/15638,South Korea,2,1,1,2,2,6,0,0
/global/archives/15664,India,2,2,2,1,16,8,0,0
/global/archives/15687,India,2,2,2,1,34.5,10,0,0
/global/archives/15687,Thailand,2,1,1,2,19,9,0,0
/global/archives/15840,Malaysia,2,2,1,2,283,9,0,0
/global/archives/15865,United States,2,2,2,1,43,8,0,0
/global/archives/15937,Australia,2,2,2,1,0.5,8,0,0
/global/archives/15964,Singapore,2,1,1,2,14,9,0,0
/global/archives/16060,South Korea,2,3,2,1,5,11,0,0
/global/archives/16154,South Korea,2,4,2,1,17,11,0,0
/global/archives/16376,South Korea,2,2,2,1,0,8,0,0
/global/archives/16463,India,2,2,1,2,15,9,0,0
/global/archives/16463,Singapore,2,4,1,2,0,11,0,0
/global/archives/16463,South Korea,2,2,2,1,25.5,7,0,0
/global/archives/16493,Australia,2,2,2,1,9.5,9,0,0
/global/archives/16532,India,2,2,2,1,23.5,10,0,0
/global/archives/16532,United Arab Emirates,2,2,2,1,39.5,9,0,0
/global/archives/16532,Vietnam,2,2,2,1,87.5,10,0,0
/global/archives/16834,Finland,2,2,2,1,5,8,0,0
/global/archives/16939,Singapore,2,1,1,2,36,9,0,0
/global/archives/17022,United States,2,2,1,2,12,9,0,0
/global/archives/17047,Thailand,2,1,1,2,0,6,0,0
/global/archives/17169,United States,2,2,2,1,27.5,8,0,0
/global/archives/17216,Germany,2,2,2,1,162.5,10,0,0
/global/archives/17216,Japan,2,1,1,2,1,7,0,0
/global/archives/17356,South Korea,2,1,1,2,24,8,0,0
/global/archives/17356,Sweden,2,1,1,2,3,6,0,0
/global/archives/17386,Mexico,2,2,1,2,43,10,0,0
/global/archives/17426,Hong Kong,2,2,2,1,15,9,0,0
/global/archives/17426,Switzerland,2,2,2,1,77.5,9,0,0
/global/archives/17426,United Kingdom,2,3,2,1,1,9,0,0
/global/archives/17426,United States,2,2,2,1,8.5,10,0,0
/global/archives/17460,United States,2,2,2,1,20,11,0,0
/global/archives/17476,South Korea,2,2,2,1,117.5,9,0,0
/global/archives/17499,Sri Lanka,2,1,1,2,366,10,0,0
/global/archives/17569,South Korea,2,3,2,1,37,10,0,0
/global/archives/17796,United States,2,2,2,1,0,8,0,0
/global/archives/17817,India,2,1,1,2,24,8,0,0
/global/archives/17950,Brunei,2,3,1,2,0,9,0,0
/global/archives/17965,Hungary,2,2,2,1,6.5,8,0,0
/global/archives/17978,South Korea,2,2,1,2,0,7,0,0
/global/archives/17989,India,2,1,1,2,45,6,0,0
/global/archives/17989,United States,2,2,2,1,36.5,9,0,0
/global/archives/17990,South Korea,2,1,1,2,2,8,0,0
/global/archives/18065,Germany,2,2,2,1,13.5,8,0,0
/global/archives/18065,United Arab Emirates,2,1,1,2,21,8,0,0
/global/archives/18107,Australia,2,2,2,1,17,10,0,0
/global/archives/18107,India,2,2,2,1,2,8,0,0
/global/archives/18107,Singapore,2,1,1,2,48,8,0,0
/global/archives/18107,United Arab Emirates,2,2,2,1,76,10,0,0
/global/archives/18167,United States,2,2,2,1,12,8,0,0
/global/archives/18208,Hungary,2,2,1,2,34,6,0,0
/global/archives/18208/5-인천서구자원봉사센터-사랑의-밥차-봉사활동,South Korea,2,1,1,2,9,10,0,0
/global/archives/18301,France,2,2,2,1,36,9,0,0
/global/archives/18301,South Korea,2,2,2,1,17.5,10,0,0
/global/archives/18361,Finland,2,3,3,0.6666666666666666,2,8,0,0
/global/archives/18361,Singapore,2,2,1,2,3,9,0,0
/global/archives/18361,United States,2,1,1,2,312,10,0,0
/global/archives/18388,(not set),2,2,2,1,0,8,0,0
/global/archives/18421,India,2,2,1,2,179,6,0,0
/global/archives/18436,Japan,2,1,1,2,12,8,0,0
/global/archives/18478,South Korea,2,1,1,2,12,8,0,0
/global/archives/18500,Panama,2,2,1,2,43,9,0,0
/global/archives/18546,Canada,2,2,2,1,0,7,0,0
/global/archives/18546,China,2,3,2,1,0,9,0,0
/global/archives/18608,Australia,2,2,1,2,2,8,0,0
/global/archives/18608,Finland,2,3,3,0.6666666666666666,15,7,0,0
/global/archives/18608,Hungary,2,3,2,1,17.5,9,0,0
/global/archives/18608,Slovakia,2,1,1,2,51,7,0,0
/global/archives/18659,Japan,2,3,2,1,0,10,0,0
/global/archives/18690,Netherlands,2,2,2,1,13.5,8,0,0
/global/archives/18690,Philippines,2,1,1,2,11,6,0,0
/global/archives/18690,Singapore,2,2,2,1,22.5,8,0,0
/global/archives/18708,Japan,2,2,2,1,2,7,0,0
/global/archives/18743,Australia,2,3,2,1,148.5,10,0,0
/global/archives/18743,Hungary,2,2,2,1,0,8,0,0
/global/archives/18743,Philippines,2,2,2,1,27,8,0,0
/global/archives/18743,Romania,2,2,2,1,0,6,0,0
/global/archives/18753,Japan,2,2,2,1,13,9,0,0
/global/archives/18753,United States,2,2,2,1,2,6,0,0
/global/archives/298,India,2,2,2,1,5.5,9,0,0
/global/archives/311,Singapore,2,3,2,1,80,10,0,0
/global/archives/3820,Hungary,2,2,2,1,15,9,0,0
/global/archives/3820,United States,2,2,2,1,0.5,8,0,0
/global/archives/3962,Malaysia,2,2,2,1,34,10,0,0
/global/archives/3962,United Kingdom,2,2,2,1,10,8,0,0
/global/archives/4612,India,2,2,1,2,72,9,0,0
/global/archives/4612,United Kingdom,2,2,2,1,74,10,0,0
/global/archives/4844,United States,2,3,2,1,3,11,0,0
/global/archives/564,Japan,2,1,1,2,46,9,0,0
/global/archives/5892,South Korea,2,2,2,1,23.5,9,0,0
/global/archives/6216,Germany,2,3,2,1,79.5,13,0,0
/global/archives/6216,Singapore,2,2,2,1,48,11,0,0
/global/archives/6253,South Korea,2,2,2,1,16,10,0,0
/global/archives/6414,South Korea,2,3,1,2,14,12,0,0
/global/archives/6824,China,2,2,1,2,9,6,0,0
/global/archives/7031,South Korea,2,2,2,1,0,6,0,0
/global/archives/7292,Indonesia,2,1,1,2,323,7,0,0
/global/archives/7919,South Korea,2,3,2,1,11,9,0,0
/global/archives/822,Hong Kong,2,2,1,2,11,10,0,0
/global/archives/8400,Saudi Arabia,2,3,2,1,3,12,0,0
/global/archives/9310,Vietnam,2,2,1,2,34,6,0,0
/global/archives/9480,United States,2,2,2,1,0,8,0,0
/global/archives/9548,United States,2,2,2,1,3.5,9,0,0
/global/archives/9668,South Korea,2,2,2,1,103.5,10,0,0
/global/archives/9668,United States,2,1,1,2,85,8,0,0
/global/archives/9695,South Korea,2,1,1,2,63,8,0,0
/global/archives/9740,South Korea,2,3,2,1,2,10,0,0
/global/archives/9910,Canada,2,2,1,2,1,9,0,0
/global/archives/9910,Indonesia,2,2,2,1,67,10,0,0
/global/archives/9951,South Korea,2,2,2,1,19,9,0,0
/global/archives/9968,India,2,2,2,1,164.5,10,0,0
/global/archives/category/corporate/sk-energy,Malaysia,2,1,1,2,19,9,0,0
/global/archives/category/corporate/sk-incheon-petrochem,Singapore,2,1,1,2,9,9,0,0
/global/archives/category/corporates,Hungary,2,1,1,2,79,7,0,0
/global/archives/category/corporates,Peru,2,2,2,1,9,7,0,0
/global/archives/category/corporates,Singapore,2,2,2,1,20.5,8,0,0
/global/archives/category/corporates,Switzerland,2,1,1,2,8,8,0,0
/global/archives/category/corporates,United States,2,2,2,1,10,7,0,0
/global/archives/category/corporates/sk-enmove,India,2,2,1,2,2,9,0,0
/global/archives/category/corporates/sk-ie-technology,South Korea,2,3,2,1,2,10,0,0
/global/archives/category/corporates/sk-incheon-petrochem,South Korea,2,3,2,1,2.5,8,0,0
/global/archives/category/corporates/sk-innovation,Vietnam,2,1,1,2,39,8,0,0
/global/archives/category/corporates/sk-rading-international,Singapore,2,1,1,2,0,6,0,0
/global/archives/category/corporates/sk-rading-international,South Korea,2,2,2,1,3,8,0,0
/global/archives/category/insight,Kuwait,2,3,2,1,1.5,9,0,0
/global/archives/category/insight/trend_report,Singapore,2,2,2,1,9,7,0,0
/global/archives/category/insight/trend_report,United Arab Emirates,2,1,1,2,24,8,0,0
/global/archives/category/people/sustainability,South Korea,2,2,2,1,22.5,8,0,0
/global/archives/category/press-room,Switzerland,2,1,1,2,18,8,0,0
/global/archives/category/press-room,Taiwan,2,1,1,2,7,8,0,0
/global/archives/category/press-room/financial-results,Hong Kong,2,1,1,2,15,8,0,0
/global/archives/category/press-room/financial-results,Sweden,2,1,1,2,14,9,0,0
/global/archives/category/press-room/press-release,Sweden,2,1,1,2,74,8,0,0
/global/archives/category/press-room/press-release,Taiwan,2,1,1,2,33,7,0,0
/global/archives/category/social-value/csr-program,United States,2,2,2,1,4.5,10,0,0
/global/archives/category/social-value/opinions,United States,2,2,2,1,4,10,0,0
/global/archives/category/social-value/social-enterprise,United States,2,2,2,1,4.5,10,0,0
/global/archives/tag/2024-q2,Peru,2,1,1,2,17,7,0,0
/global/archives/tag/best-oil-company,Singapore,2,1,1,2,0,6,0,0
/global/archives/tag/blueoval-sk,South Korea,2,2,2,1,1.5,10,0,0
/global/archives/tag/board-of-directors,Kuwait,2,2,2,1,20.5,12,0,0
/global/archives/tag/canada,Canada,2,2,2,1,18.5,11,0,0
/global/archives/tag/cdp,South Korea,2,4,1,2,0,13,0,0
/global/archives/tag/choi-yun-seok,Vietnam,2,2,1,2,26,9,0,0
/global/archives/tag/depolymerization,South Korea,2,2,2,1,38,10,0,0
/global/archives/tag/digital-transformation,Philippines,2,2,1,2,7,8,0,0
/global/archives/tag/ev-battery,Lithuania,2,1,1,2,172,6,0,0
/global/archives/tag/g-15-ap-block,Australia,2,1,1,2,12,8,0,0
/global/archives/tag/hungary,Lithuania,2,1,1,2,49,8,0,0
/global/archives/tag/kentucky,United States,2,2,2,1,4.5,10,0,0
/global/archives/tag/korea-entrepreneurship-foundation,United States,2,2,2,1,2.5,10,0,0
/global/archives/tag/ncm811,Hong Kong,2,1,1,2,15,8,0,0
/global/archives/tag/ncm811,Portugal,2,1,1,2,10,8,0,0
/global/archives/tag/ncm9,Taiwan,2,1,1,2,16,8,0,0
/global/archives/tag/pouch,India,2,1,1,2,17,8,0,0
/global/archives/tag/pouch-type-battery,Ukraine,2,1,1,2,16,6,0,0
/global/archives/tag/pouch-type-battery,United States,2,1,1,2,8,9,0,0
/global/archives/tag/revenue,United States,2,1,1,2,11,8,0,0
/global/archives/tag/sheco-ark,South Korea,2,1,1,2,4,9,0,0
/global/archives/tag/sk-battery-america,South Korea,2,1,1,2,38,9,0,0
/global/archives/tag/sk-gc-americas,United States,2,2,2,1,14,10,0,0
/global/archives/tag/sk-global-chemical,South Korea,2,2,2,1,12,11,0,0
/global/archives/tag/skbh,India,2,1,1,2,5,7,0,0
/global/archives/tag/skbmp,Poland,2,3,2,1,20,12,0,0
/global/archives/tag/sken,South Korea,2,3,2,1,0.5,11,0,0
/global/archives/tag/skipc,South Korea,2,1,1,2,16,8,0,0
/global/archives/tag/sustainable-aviation-fuel,Singapore,2,1,1,2,14,10,0,0
/global/archives/tag/vietnam,Vietnam,2,1,1,2,16,7,0,0
/global/archives/tag/vwbe,South Korea,2,2,2,1,2,11,0,0
/global/archives/tag/vwbe,United Kingdom,2,2,1,2,2,10,0,0
/global/archives/tag/zhejiang-satellite-petrochemical,South Korea,2,1,1,2,14,8,0,0
/global/latestnews,Singapore,2,2,2,1,3.5,7,0,0
/global/login,South Korea,2,1,1,2,5,8,0,0
/global/privacy-policy,South Korea,2,1,1,2,29,8,0,0
/global/,Australia,1,1,1,1,4,5,0,0
/global/,Canada,1,1,1,1,4,3,0,0
/global/,Cyprus,1,1,1,1,38,6,0,0
/global/,Finland,1,1,1,1,8,4,0,0
/global/,France,1,1,1,1,0,4,0,0
/global/,Kuwait,1,1,1,1,26,5,0,0
/global/,Lithuania,1,1,1,1,4,5,0,0
/global/,Malaysia,1,2,1,1,0,6,0,0
/global/,Spain,1,1,1,1,26,5,0,0
/global/,Switzerland,1,1,1,1,8,4,0,0
/global/,Taiwan,1,1,1,1,0,3,0,0
/global/,Ukraine,1,1,1,1,4,5,0,0
/global/,United Arab Emirates,1,2,1,1,0,4,0,0
/global/arch Lives/,South Korea,1,1,1,1,1,4,0,0
/global/archives/10031,South Korea,1,1,1,1,36,5,0,0
/global/archives/10119,Peru,1,1,1,1,0,4,0,0
/global/archives/10264,Philippines,1,1,1,1,12,5,0,0
/global/archives/10511,Sweden,1,1,1,1,10,4,0,0
/global/archives/10535,South Korea,1,1,1,1,1,5,0,0
/global/archives/1058,Netherlands,1,1,1,1,20,4,0,0
/global/archives/1058,Spain,1,1,0,0,0,3,0,0
/global/archives/10610,Brunei,1,1,1,1,299,5,0,0
/global/archives/10654,Singapore,1,1,1,1,25,5,0,0
/global/archives/10767,Germany,1,1,1,1,42,5,0,0
/global/archives/10767,India,1,1,1,1,13,5,0,0
/global/archives/10767,Indonesia,1,2,1,1,0,5,0,0
/global/archives/10774,China,1,1,1,1,16,5,0,0
/global/archives/10774,India,1,1,1,1,0,4,0,0
/global/archives/10774,Indonesia,1,2,1,1,166,7,0,0
/global/archives/10774,Singapore,1,1,1,1,55,4,0,0
/global/archives/10802,China,1,2,1,1,55,7,0,0
/global/archives/10802,United States,1,1,1,1,80,4,0,0
/global/archives/10835,France,1,2,1,1,0,5,0,0
/global/archives/10835,United States,1,1,1,1,5,5,0,0
/global/archives/10872,South Korea,1,1,1,1,7,4,0,0
/global/archives/10897,Hong Kong,1,1,1,1,18,4,0,0
/global/archives/10913,China,1,1,1,1,0,5,0,0
/global/archives/10985,South Korea,1,1,1,1,139,4,0,0
/global/archives/10985,Vietnam,1,1,1,1,0,4,0,0
/global/archives/11004,India,1,1,1,1,127,5,0,0
/global/archives/11004,Japan,1,1,1,1,34,4,0,0
/global/archives/11004,Pakistan,1,1,1,1,40,5,0,0
/global/archives/11004,South Korea,1,1,1,1,14,5,0,0
/global/archives/11037,South Korea,1,1,1,1,55,5,0,0
/global/archives/11037,Thailand,1,1,1,1,28,4,0,0
/global/archives/11058,Poland,1,1,1,1,0,3,0,0
/global/archives/11082,Australia,1,2,1,1,0,6,0,0
/global/archives/11082,Singapore,1,1,1,1,16,5,0,0
/global/archives/11087,Hong Kong,1,1,1,1,39,5,0,0
/global/archives/1114,Russia,1,1,1,1,135,5,0,0
/global/archives/11147,Myanmar (Burma),1,1,1,1,62,4,0,0
/global/archives/11147,Singapore,1,1,1,1,0,3,0,0
/global/archives/11161,Saudi Arabia,1,2,1,1,0,6,0,0
/global/archives/11161,Singapore,1,1,1,1,185,6,0,0
/global/archives/11180,Hong Kong,1,1,1,1,9,5,0,0
/global/archives/11180,Taiwan,1,2,1,1,86,3,0,0
/global/archives/11429,South Korea,1,1,1,1,2,4,0,0
/global/archives/11512,Indonesia,1,1,1,1,44,3,0,0
/global/archives/11512,Myanmar (Burma),1,1,1,1,31,5,0,0
/global/archives/11512,Singapore,1,1,1,1,18,4,0,0
/global/archives/11527,United States,1,1,1,1,0,5,0,0
/global/archives/11537,Canada,1,1,1,1,0,4,0,0
/global/archives/11537,Hungary,1,1,1,1,7,4,0,0
/global/archives/11537,Myanmar (Burma),1,2,2,0.5,49,6,0,0
/global/archives/11537,South Korea,1,1,1,1,21,4,0,0
/global/archives/11596,India,1,1,1,1,1,4,0,0
/global/archives/11596,Slovakia,1,1,1,1,36,5,0,0
/global/archives/11683,South Korea,1,2,1,1,9,3,0,0
/global/archives/11756,South Korea,1,1,1,1,1,3,0,0
/global/archives/11807,Belgium,1,1,1,1,74,5,0,0
/global/archives/11807,India,1,1,1,1,18,5,0,0
/global/archives/11807,Taiwan,1,1,1,1,113,6,0,0
/global/archives/11853,Argentina,1,1,1,1,9,5,0,0
/global/archives/11853,Hong Kong,1,1,1,1,12,5,0,0
/global/archives/12022,Azerbaijan,1,1,1,1,0,3,0,0
/global/archives/12022,Bangladesh,1,1,1,1,33,5,0,0
/global/archives/12022,Hong Kong,1,1,1,1,14,6,0,0
/global/archives/12022,Indonesia,1,1,1,1,4,5,0,0
/global/archives/12022,Puerto Rico,1,1,1,1,55,6,0,0
/global/archives/12022,Thailand,1,1,1,1,94,4,0,0
/global/archives/12036,Finland,1,1,1,1,9,4,0,0
/global/archives/12036,Ireland,1,1,1,1,30,5,0,0
/global/archives/12036,United Kingdom,1,1,1,1,50,4,0,0
/global/archives/12072,Japan,1,1,1,1,12,5,0,0
/global/archives/12091,Hong Kong,1,1,1,1,19,4,0,0
/global/archives/12106,Australia,1,1,1,1,0,4,0,0
/global/archives/12106,India,1,2,1,1,0,5,0,0
/global/archives/12106,Japan,1,2,1,1,31,4,0,0
/global/archives/12125,South Korea,1,1,1,1,6,5,0,0
/global/archives/12147,Finland,1,1,1,1,0,4,0,0
/global/archives/12147,Japan,1,1,1,1,2,5,0,0
/global/archives/12190,Germany,1,1,1,1,1,2,0,0
/global/archives/12190,India,1,1,1,1,51,5,0,0
/global/archives/12190,Singapore,1,1,1,1,196,4,0,0
/global/archives/12190,United Kingdom,1,1,1,1,93,4,0,0
/global/archives/12220,India,1,3,2,0.5,24,6,0,0
/global/archives/12269,Vietnam,1,1,1,1,10,4,0,0
/global/archives/12306,Australia,1,2,1,1,0,6,0,0
/global/archives/12306,Germany,1,1,1,1,0,4,0,0
/global/archives/12306,Hong Kong,1,1,1,1,58,3,0,0
/global/archives/12306,India,1,1,1,1,0,2,0,0
/global/archives/12306,Netherlands,1,1,1,1,11,6,0,0
/global/archives/12306,Vietnam,1,2,1,1,0,4,0,0
/global/archives/12319,United States,1,1,1,1,0,3,0,0
/global/archives/1237,South Korea,1,1,1,1,9,4,0,0
/global/archives/1237,United States,1,1,1,1,65,5,0,0
/global/archives/12373,Malaysia,1,1,1,1,17,5,0,0
/global/archives/12389,China,1,1,1,1,0,2,0,0
/global/archives/12471,Australia,1,1,1,1,8,4,0,0
/global/archives/12667,Australia,1,1,1,1,149,5,0,0
/global/archives/12667,Türkiye,1,1,1,1,31,6,0,0
/global/archives/12688,Japan,1,1,1,1,0,4,0,0
/global/archives/12878,South Korea,1,1,1,1,0,4,0,0
/global/archives/12878,United Kingdom,1,1,1,1,7,4,0,0
/global/archives/12950,Mexico,1,1,0,0,0,3,0,0
/global/archives/12950,United Arab Emirates,1,1,1,1,39,5,0,0
/global/archives/12950,United States,1,1,1,1,14,5,0,0
/global/archives/13060,United States,1,1,1,1,22,6,0,0
/global/archives/13130,Hong Kong,1,1,1,1,9,5,0,0
/global/archives/13130,Spain,1,1,1,1,0,4,0,0
/global/archives/13130,Sweden,1,1,1,1,15,3,0,0
/global/archives/13130,Vietnam,1,1,1,1,4,5,0,0
/global/archives/13184,United States,1,1,1,1,0,3,0,0
/global/archives/13329,United States,1,1,1,1,25,5,0,0
/global/archives/13521,Australia,1,1,1,1,10,5,0,0
/global/archives/13521,Canada,1,1,1,1,70,6,0,0
/global/archives/13521,France,1,2,1,1,0,5,0,0
/global/archives/13521,Germany,1,1,1,1,6,5,0,0
/global/archives/13521,India,1,1,1,1,0,2,0,0
/global/archives/13521,Japan,1,1,1,1,14,4,0,0
/global/archives/13540,Germany,1,1,1,1,7,5,0,0
/global/archives/13595,China,1,1,1,1,0,2,0,0
/global/archives/13595,France,1,1,1,1,7,4,0,0
/global/archives/13595,Singapore,1,1,1,1,0,4,0,0
/global/archives/13669,United States,1,1,1,1,4,4,0,0
/global/archives/13780,Canada,1,2,1,1,0,5,0,0
/global/archives/13780,Finland,1,1,1,1,19,5,0,0
/global/archives/13780,Hong Kong,1,1,1,1,34,4,0,0
/global/archives/13780,Japan,1,2,1,1,0,6,0,0
/global/archives/13780,Singapore,1,1,1,1,11,5,0,0
/global/archives/13795,India,1,1,1,1,21,6,0,0
/global/archives/13795,Japan,1,1,1,1,59,4,0,0
/global/archives/13879,Germany,1,1,1,1,5,5,0,0
/global/archives/13932,South Korea,1,1,1,1,0,3,0,0
/global/archives/13981,United States,1,1,1,1,0,3,0,0
/global/archives/1399,Indonesia,1,1,1,1,205,5,0,0
/global/archives/14004,Czechia,1,1,1,1,6,4,0,0
/global/archives/14065,Hong Kong,1,1,1,1,43,4,0,0
/global/archives/14065,Poland,1,1,0,0,0,3,0,0
/global/archives/14146,United Kingdom,1,1,1,1,75,4,0,0
/global/archives/14179,Netherlands,1,1,1,1,87,5,0,0
/global/archives/14193,South Korea,1,1,1,1,127,5,0,0
/global/archives/14226,China,1,2,1,1,0,6,0,0
/global/archives/14226,Germany,1,1,1,1,3,5,0,0
/global/archives/14243,Hong Kong,1,2,1,1,39,7,0,0
/global/archives/14264,Germany,1,1,1,1,52,5,0,0
/global/archives/14264,South Korea,1,1,1,1,6,5,0,0
/global/archives/14309,Hungary,1,1,1,1,11,3,0,0
/global/archives/14415,Japan,1,1,1,1,0,4,0,0
/global/archives/14491,China,1,1,1,1,0,3,0,0
/global/archives/14491,United Kingdom,1,1,1,1,48,4,0,0
/global/archives/14541,South Korea,1,1,1,1,4,4,0,0
/global/archives/14565,Philippines,1,1,1,1,27,5,0,0
/global/archives/14565,Russia,1,1,1,1,10,5,0,0
/global/archives/14634,India,1,1,0,0,0,2,0,0
/global/archives/14634,Sweden,1,1,1,1,41,5,0,0
/global/archives/14634,United Kingdom,1,1,1,1,67,5,0,0
/global/archives/14688,Japan,1,1,1,1,9,5,0,0
/global/archives/14688,South Korea,1,1,1,1,18,4,0,0
/global/archives/14766,Australia,1,1,1,1,29,5,0,0
/global/archives/14766,Belgium,1,1,1,1,2,5,0,0
/global/archives/14766,Singapore,1,1,1,1,93,6,0,0
/global/archives/14770,Canada,1,1,1,1,39,5,0,0
/global/archives/14770,Germany,1,1,1,1,136,5,0,0
/global/archives/14770,South Korea,1,2,1,1,26,6,0,0
/global/archives/14788,South Korea,1,1,1,1,33,5,0,0
/global/archives/14800,Lebanon,1,1,1,1,2,4,0,0
/global/archives/14962,Finland,1,1,1,1,11,5,0,0
/global/archives/14962,Pakistan,1,1,1,1,70,5,0,0
/global/archives/14962,South Korea,1,2,1,1,0,6,0,0
/global/archives/15007,India,1,1,1,1,0,4,0,0
/global/archives/15007,Thailand,1,1,1,1,0,4,0,0
/global/archives/15103,United Kingdom,1,1,1,1,21,3,0,0
/global/archives/15204,India,1,1,1,1,50,5,0,0
/global/archives/15204,Japan,1,1,1,1,8,6,0,0
/global/archives/15204,Singapore,1,1,1,1,6,5,0,0
/global/archives/15204,South Korea,1,1,1,1,8,4,0,0
/global/archives/15259,United Kingdom,1,1,1,1,0,3,0,0
/global/archives/15353,Hong Kong,1,1,1,1,0,4,0,0
/global/archives/15353,United States,1,1,1,1,31,5,0,0
/global/archives/15374,China,1,1,1,1,22,5,0,0
/global/archives/15374,India,1,1,0,0,0,2,0,0
/global/archives/15374,Japan,1,2,1,1,0,6,0,0
/global/archives/15374,Netherlands,1,1,1,1,0,4,0,0
/global/archives/15374,Taiwan,1,1,1,1,56,4,0,0
/global/archives/15374,Thailand,1,1,1,1,6,4,0,0
/global/archives/15374,Türkiye,1,1,1,1,9,4,0,0
/global/archives/15430,United States,1,1,1,1,0,4,0,0
/global/archives/15462,Japan,1,1,1,1,8,5,0,0
/global/archives/15462,Netherlands,1,1,1,1,24,5,0,0
/global/archives/15490,China,1,1,1,1,22,5,0,0
/global/archives/15490,Germany,1,1,1,1,0,3,0,0
/global/archives/15490,Singapore,1,1,1,1,2,5,0,0
/global/archives/15497,United States,1,1,1,1,30,4,0,0
/global/archives/15574,Canada,1,1,1,1,19,4,0,0
/global/archives/15574,India,1,1,1,1,19,5,0,0
/global/archives/15574,Taiwan,1,1,1,1,4,5,0,0
/global/archives/15574,United States,1,1,1,1,0,4,0,0
/global/archives/15592,Croatia,1,1,1,1,19,5,0,0
/global/archives/15592,United States,1,1,1,1,4,5,0,0
/global/archives/15610,South Korea,1,1,1,1,8,5,0,0
/global/archives/15610,United Kingdom,1,1,1,1,24,4,0,0
/global/archives/15610,United States,1,1,1,1,0,4,0,0
/global/archives/15638,United States,1,1,1,1,8,4,0,0
/global/archives/15664,Czechia,1,2,1,1,0,6,0,0
/global/archives/15664,Hong Kong,1,1,1,1,0,4,0,0
/global/archives/15664,Norway,1,1,1,1,19,5,0,0
/global/archives/15687,Indonesia,1,1,1,1,7,5,0,0
/global/archives/15687,Malaysia,1,1,1,1,987,5,0,0
/global/archives/15687,Pakistan,1,1,1,1,8,4,0,0
/global/archives/15687,Singapore,1,2,1,1,0,5,0,0
/global/archives/15687,South Korea,1,1,1,1,31,6,0,0
/global/archives/15760,Australia,1,1,1,1,77,5,0,0
/global/archives/15760,Malaysia,1,1,1,1,72,4,0,0
/global/archives/15760,Taiwan,1,1,1,1,0,4,0,0
/global/archives/15760,United Arab Emirates,1,1,1,1,74,5,0,0
/global/archives/15840,Singapore,1,2,1,1,0,6,0,0
/global/archives/15865,South Korea,1,1,1,1,0,2,0,0
/global/archives/15865,Sweden,1,1,1,1,31,3,0,0
/global/archives/15937,India,1,1,1,1,0,3,0,0
/global/archives/15937,Malaysia,1,1,0,0,0,3,0,0
/global/archives/15937,Singapore,1,2,1,1,68,4,0,0
/global/archives/15937,United States,1,1,1,1,0,4,0,0
/global/archives/15964,Vietnam,1,1,1,1,1,5,0,0
/global/archives/15985,Bulgaria,1,1,1,1,2,5,0,0
/global/archives/15985,South Korea,1,1,1,1,0,2,0,0
/global/archives/15985,United States,1,2,1,1,0,6,0,0
/global/archives/16131,Netherlands,1,1,1,1,32,4,0,0
/global/archives/16131,Singapore,1,1,1,1,9,4,0,0
/global/archives/16131,United States,1,1,1,1,0,4,0,0
/global/archives/16154,Germany,1,1,1,1,4,4,0,0
/global/archives/16154,India,1,1,0,0,0,3,0,0
/global/archives/16154,Singapore,1,1,1,1,0,4,0,0
/global/archives/16154,United States,1,1,1,1,0,4,0,0
/global/archives/16169,South Korea,1,1,1,1,8,5,0,0
/global/archives/16286,Hungary,1,1,1,1,27,4,0,0
/global/archives/16334,United States,1,1,1,1,0,3,0,0
/global/archives/16376,Germany,1,1,1,1,56,5,0,0
/global/archives/16376,Norway,1,1,1,1,143,5,0,0
/global/archives/16376,Singapore,1,1,1,1,767,5,0,0
/global/archives/16376,Sri Lanka,1,1,1,1,46,5,0,0
/global/archives/16376,Taiwan,1,1,1,1,1,5,0,0
/global/archives/16448,Hong Kong,1,2,1,1,0,6,0,0
/global/archives/16448,Japan,1,1,1,1,9,4,0,0
/global/archives/16448,Norway,1,1,1,1,26,5,0,0
/global/archives/16448,Singapore,1,1,1,1,10,3,0,0
/global/archives/16448,Taiwan,1,2,1,1,0,6,0,0
/global/archives/16448,United States,1,1,1,1,0,4,0,0
/global/archives/16463,Canada,1,1,1,1,21,5,0,0
/global/archives/16480,Germany,1,1,1,1,1,3,0,0
/global/archives/16480,India,1,1,1,1,0,4,0,0
/global/archives/16480,Netherlands,1,1,1,1,220,5,0,0
/global/archives/16480,South Korea,1,1,1,1,0,3,0,0
/global/archives/16480,United States,1,1,1,1,71,5,0,0
/global/archives/16532,Indonesia,1,1,1,1,25,4,0,0
/global/archives/16532,Singapore,1,1,1,1,0,4,0,0
/global/archives/16532,South Korea,1,2,1,1,65,4,0,0
/global/archives/16532,Thailand,1,1,1,1,4,4,0,0
/global/archives/16563,India,1,1,1,1,0,4,0,0
/global/archives/16583,South Korea,1,1,1,1,46,4,0,0
/global/archives/16583,Thailand,1,2,1,1,0,5,0,0
/global/archives/16613,Bangladesh,1,1,1,1,0,4,0,0
/global/archives/16613,South Korea,1,2,1,1,0,5,0,0
/global/archives/16719,South Korea,1,2,1,1,0,5,0,0
/global/archives/16719,United States,1,1,1,1,0,4,0,0
/global/archives/16787,Finland,1,1,1,1,0,4,0,0
/global/archives/16787,South Korea,1,1,1,1,5,4,0,0
/global/archives/16810,South Korea,1,1,1,1,2,2,0,0
/global/archives/16834,India,1,2,1,1,0,6,0,0
/global/archives/16834,Singapore,1,1,1,1,0,4,0,0
/global/archives/16834,South Korea,1,2,1,1,0,7,0,0
/global/archives/16834,Vietnam,1,2,1,1,0,5,0,0
/global/archives/16881,Bangladesh,1,1,1,1,1,5,0,0
/global/archives/16881,India,1,1,0,0,0,2,0,0
/global/archives/16881,Malaysia,1,1,1,1,0,4,0,0
/global/archives/16904,South Korea,1,1,1,1,160,4,0,0
/global/archives/16925,United Kingdom,1,1,1,1,7,4,0,0
/global/archives/16939,Germany,1,1,1,1,0,1,0,0
/global/archives/16939,Israel,1,1,1,1,0,4,0,0
/global/archives/16939,United States,1,1,1,1,0,4,0,0
/global/archives/16952,Canada,1,1,1,1,8,6,0,0
/global/archives/16952,India,1,1,1,1,2,5,0,0
/global/archives/16970,India,1,1,1,1,7,5,0,0
/global/archives/16980,South Korea,1,1,1,1,2,4,0,0
/global/archives/17010,South Korea,1,2,1,1,0,5,0,0
/global/archives/17022,South Korea,1,2,1,1,0,6,0,0
/global/archives/17047,Indonesia,1,1,1,1,53,6,0,0
/global/archives/17047,South Korea,1,1,1,1,66,6,0,0
/global/archives/17047,United Kingdom,1,2,1,1,3,7,0,0
/global/archives/17134,South Korea,1,1,1,1,2,5,0,0
/global/archives/17144,United States,1,1,1,1,105,6,0,0
/global/archives/17169,Singapore,1,1,1,1,2,5,0,0
/global/archives/17216,Brunei,1,1,1,1,24,3,0,0
/global/archives/17216,Norway,1,1,1,1,13,5,0,0
/global/archives/17216,United Kingdom,1,1,1,1,4,5,0,0
/global/archives/1722,Indonesia,1,1,1,1,88,5,0,0
/global/archives/1722,Philippines,1,1,1,1,20,5,0,0
/global/archives/17292,Singapore,1,1,1,1,59,4,0,0
/global/archives/17313,South Korea,1,1,1,1,39,3,0,0
/global/archives/17313,United Kingdom,1,1,1,1,0,2,0,0
/global/archives/17313,United States,1,1,1,1,32,3,0,0
/global/archives/17356,Hong Kong,1,1,1,1,0,3,0,0
/global/archives/17356,Singapore,1,1,1,1,26,4,0,0
/global/archives/17356,Thailand,1,1,1,1,56,4,0,0
/global/archives/17356,United Kingdom,1,1,1,1,57,5,0,0
/global/archives/17386,Canada,1,1,1,1,0,3,0,0
/global/archives/17386,Poland,1,1,1,1,30,5,0,0
/global/archives/17426,Israel,1,1,1,1,13,5,0,0
/global/archives/17426,Netherlands,1,1,1,1,16,5,0,0
/global/archives/17426,Romania,1,1,1,1,23,5,0,0
/global/archives/17426,Slovakia,1,1,1,1,42,4,0,0
/global/archives/17426,Sweden,1,1,1,1,113,5,0,0
/global/archives/17426,United Arab Emirates,1,1,1,1,14,6,0,0
/global/archives/17446,Germany,1,1,1,1,26,5,0,0
/global/archives/17446,United Kingdom,1,1,1,1,30,4,0,0
/global/archives/17460,India,1,1,1,1,0,4,0,0
/global/archives/17460,Italy,1,1,1,1,0,4,0,0
/global/archives/17476,United States,1,1,1,1,33,5,0,0
/global/archives/17499,Indonesia,1,1,1,1,0,4,0,0
/global/archives/17499,Lebanon,1,1,1,1,52,5,0,0
/global/archives/17499,Netherlands,1,1,1,1,35,5,0,0
/global/archives/17499,Singapore,1,1,1,1,11,5,0,0
/global/archives/17499,United Kingdom,1,1,1,1,0,4,0,0
/global/archives/17499,United States,1,1,1,1,52,5,0,0
/global/archives/17514,Brunei,1,1,1,1,65,4,0,0
/global/archives/17514,Iran,1,1,1,1,0,3,0,0
/global/archives/17514,United States,1,1,1,1,10,5,0,0
/global/archives/17569,Japan,1,1,1,1,44,5,0,0
/global/archives/17569,New Zealand,1,1,1,1,0,4,0,0
/global/archives/17569,Taiwan,1,1,1,1,14,6,0,0
/global/archives/17569,United Kingdom,1,1,1,1,0,4,0,0
/global/archives/17595,Australia,1,1,1,1,0,2,0,0
/global/archives/17595,France,1,1,1,1,8,4,0,0
/global/archives/17595,Japan,1,2,1,1,0,5,0,0
/global/archives/17595,United States,1,1,1,1,17,3,0,0
/global/archives/17623,Canada,1,1,1,1,1,4,0,0
/global/archives/17623,Ethiopia,1,1,1,1,44,5,0,0
/global/archives/17623,Jordan,1,1,1,1,28,5,0,0
/global/archives/17623,United Kingdom,1,1,1,1,17,5,0,0
/global/archives/17697,Germany,1,1,1,1,72,5,0,0
/global/archives/17697,Singapore,1,1,1,1,84,6,0,0
/global/archives/17737,Singapore,1,1,1,1,32,7,0,0
/global/archives/17817,Russia,1,1,1,1,0,3,0,0
/global/archives/17817,United States,1,1,1,1,0,4,0,0
/global/archives/17844,Kuwait,1,1,1,1,14,3,0,0
/global/archives/17844,United Kingdom,1,2,1,1,2,5,0,0
/global/archives/17844,United States,1,1,1,1,0,4,0,0
/global/archives/17863,South Korea,1,1,1,1,4,4,0,0
/global/archives/17893,Malaysia,1,2,1,1,0,6,0,0
/global/archives/17950,India,1,1,1,1,21,5,0,0
/global/archives/17950,Taiwan,1,1,1,1,23,5,0,0
/global/archives/17950,United States,1,1,1,1,0,4,0,0
/global/archives/17965,Canada,1,1,1,1,47,4,0,0
/global/archives/17965,India,1,1,1,1,163,5,0,0
/global/archives/17978,Türkiye,1,1,1,1,54,5,0,0
/global/archives/17978,United States,1,1,1,1,0,4,0,0
/global/archives/17989,Hungary,1,1,1,1,16,3,0,0
/global/archives/17989,South Korea,1,1,1,1,16,4,0,0
/global/archives/17989,United Kingdom,1,1,1,1,17,4,0,0
/global/archives/17990,France,1,2,1,1,0,6,0,0
/global/archives/17990,India,1,2,1,1,26,5,0,0
/global/archives/18022,Sweden,1,1,1,1,9,4,0,0
/global/archives/18065,India,1,1,1,1,0,4,0,0
/global/archives/18065,Japan,1,1,1,1,39,5,0,0
/global/archives/18065,Kuwait,1,1,1,1,13,5,0,0
/global/archives/18065,Peru,1,1,1,1,4,4,0,0
/global/archives/18065,Singapore,1,1,1,1,2,5,0,0
/global/archives/18065,Switzerland,1,1,1,1,0,3,0,0
/global/archives/18076,South Korea,1,1,1,1,1,4,0,0
/global/archives/18107,Brazil,1,1,1,1,20,5,0,0
/global/archives/18107,Ecuador,1,1,1,1,3,5,0,0
/global/archives/18107,France,1,1,1,1,14,5,0,0
/global/archives/18107,Malaysia,1,1,1,1,34,5,0,0
/global/archives/18107,Poland,1,1,1,1,26,5,0,0
/global/archives/18107,Spain,1,1,1,1,8,4,0,0
/global/archives/18140,United Kingdom,1,1,1,1,46,4,0,0
/global/archives/18167,South Korea,1,1,1,1,7,4,0,0
/global/archives/18208,South Korea,1,1,1,1,0,4,0,0
/global/archives/18268,United States,1,1,1,1,0,3,0,0
/global/archives/18283,Germany,1,1,1,1,35,6,0,0
/global/archives/18283,India,1,1,1,1,9,5,0,0
/global/archives/18283,Taiwan,1,1,1,1,8,5,0,0
/global/archives/18283,United States,1,1,1,1,2,3,0,0
/global/archives/18301,Colombia,1,1,0,0,0,2,0,0
/global/archives/18301,Japan,1,1,1,1,70,5,0,0
/global/archives/18301,Netherlands,1,1,1,1,117,6,0,0
/global/archives/18301,Russia,1,1,1,1,7,5,0,0
/global/archives/18301,United Kingdom,1,1,1,1,0,4,0,0
/global/archives/18332,Philippines,1,1,1,1,0,4,0,0
/global/archives/18332,United Arab Emirates,1,1,1,1,1156,5,0,0
/global/archives/18361,France,1,1,1,1,0,4,0,0
/global/archives/18361,Taiwan,1,1,1,1,0,3,0,0
/global/archives/18374,Canada,1,1,1,1,0,4,0,0
/global/archives/18374,United States,1,1,1,1,0,3,0,0
/global/archives/18388,Belgium,1,1,0,0,0,3,0,0
/global/archives/18388,South Korea,1,1,1,1,5,4,0,0
/global/archives/18388,Spain,1,2,1,1,70,6,0,0
/global/archives/18388,Thailand,1,1,1,1,199,5,0,0
/global/archives/18421,Italy,1,1,1,1,0,4,0,0
/global/archives/18421,South Korea,1,1,1,1,15,4,0,0
/global/archives/18421,United States,1,1,1,1,3,5,0,0
/global/archives/18436,Indonesia,1,1,1,1,0,2,0,0
/global/archives/18436,Netherlands,1,1,1,1,44,3,0,0
/global/archives/18436,Singapore,1,1,1,1,0,4,0,0
/global/archives/18445,China,1,1,1,1,20,4,0,0
/global/archives/18445,Hong Kong,1,1,1,1,375,5,0,0
/global/archives/18445,Iran,1,1,1,1,270,5,0,0
/global/archives/18445,Ireland,1,1,1,1,0,4,0,0
/global/archives/18445,Malaysia,1,1,1,1,112,5,0,0
/global/archives/18445,Portugal,1,1,1,1,126,6,0,0
/global/archives/18445,United States,1,1,1,1,55,4,0,0
/global/archives/18500,China,1,1,1,1,0,2,0,0
/global/archives/18500,Czechia,1,1,1,1,9,5,0,0
/global/archives/18500,Ireland,1,1,1,1,0,3,0,0
/global/archives/18500,Lithuania,1,1,1,1,33,3,0,0
/global/archives/18546,Austria,1,1,1,1,1,4,0,0
/global/archives/18546,Iran,1,1,1,1,0,4,0,0
/global/archives/18546,Malaysia,1,1,1,1,10,4,0,0
/global/archives/18546,Slovakia,1,1,1,1,175,5,0,0
/global/archives/18546,Spain,1,1,1,1,25,4,0,0
/global/archives/18546,Taiwan,1,1,1,1,29,4,0,0
/global/archives/18571,South Korea,1,1,1,1,13,4,0,0
/global/archives/18571,United States,1,1,1,1,0,2,0,0
/global/archives/18608,France,1,2,2,0.5,0,4,0,0
/global/archives/18608,Israel,1,1,1,1,9,4,0,0
/global/archives/18608,Peru,1,1,1,1,3,4,0,0
/global/archives/18608,Thailand,1,1,1,1,6,5,0,0
/global/archives/18659,Singapore,1,1,1,1,32,4,0,0
/global/archives/18659,Thailand,1,1,1,1,6,3,0,0
/global/archives/18659,United States,1,1,1,1,0,4,0,0
/global/archives/18659,Vietnam,1,1,1,1,34,5,0,0
/global/archives/18690,Belgium,1,2,1,1,0,6,0,0
/global/archives/18690,Canada,1,1,1,1,36,5,0,0
/global/archives/18690,China,1,1,1,1,0,3,0,0
/global/archives/18690,France,1,1,1,1,0,4,0,0
/global/archives/18690,Germany,1,1,1,1,46,5,0,0
/global/archives/18690,Hong Kong,1,1,1,1,0,3,0,0
/global/archives/18708,China,1,1,1,1,22,2,0,0
/global/archives/18708,Germany,1,1,1,1,0,3,0,0
/global/archives/18708,Russia,1,1,1,1,0,4,0,0
/global/archives/18708,Singapore,1,1,1,1,23,4,0,0
/global/archives/18743,France,1,1,1,1,55,5,0,0
/global/archives/18743,Indonesia,1,2,1,1,0,5,0,0
/global/archives/18743,Iran,1,1,1,1,0,3,0,0
/global/archives/18743,Italy,1,1,1,1,0,4,0,0
/global/archives/18743,Netherlands,1,1,1,1,0,3,0,0
/global/archives/18743,Spain,1,1,1,1,0,4,0,0
/global/archives/18743,Sweden,1,1,1,1,0,3,0,0
/global/archives/18743,Vietnam,1,1,1,1,1,5,0,0
/global/archives/18753,Australia,1,1,1,1,0,4,0,0
/global/archives/18753,China,1,1,1,1,26,4,0,0
/global/archives/18753,Egypt,1,2,0,0,0,5,0,0
/global/archives/18753,Germany,1,1,1,1,0,3,0,0
/global/archives/18753,Iraq,1,1,1,1,0,4,0,0
/global/archives/18753,Malaysia,1,1,1,1,45,4,0,0
/global/archives/18753,Taiwan,1,1,1,1,20,5,0,0
/global/archives/18753,United Arab Emirates,1,1,1,1,12,4,0,0
/global/archives/1935,Thailand,1,1,1,1,119,4,0,0
/global/archives/2084,South Korea,1,1,1,1,2,4,0,0
/global/archives/2241,South Korea,1,1,1,1,15,6,0,0
/global/archives/2262,China,1,1,1,1,5,3,0,0
/global/archives/2293,Poland,1,1,1,1,0,4,0,0
/global/archives/2576,United States,1,1,1,1,0,4,0,0
/global/archives/2701,United States,1,1,1,1,0,2,0,0
/global/archives/279,South Korea,1,1,1,1,37,5,0,0
/global/archives/298,Netherlands,1,1,1,1,224,5,0,0
/global/archives/311,South Africa,1,1,1,1,0,4,0,0
/global/archives/3123,India,1,1,1,1,7,3,0,0
/global/archives/3123,South Korea,1,1,1,1,146,4,0,0
/global/archives/3123,Vietnam,1,1,1,1,8,4,0,0
/global/archives/3177,United States,1,1,1,1,76,5,0,0
/global/archives/3197,Bahrain,1,1,1,1,26,6,0,0
/global/archives/3709,Japan,1,2,1,1,0,5,0,0
/global/archives/3709,Netherlands,1,1,1,1,1,2,0,0
/global/archives/3709,Sri Lanka,1,1,1,1,51,6,0,0
/global/archives/3709,United States,1,1,1,1,16,5,0,0
/global/archives/3709 -,Netherlands,1,1,1,1,0,5,0,0
/global/archives/3820,China,1,1,1,1,95,6,0,0
/global/archives/3820,Germany,1,1,1,1,0,3,0,0
/global/archives/3820,Italy,1,1,0,0,0,3,0,0
/global/archives/3820,Japan,1,1,1,1,3,5,0,0
/global/archives/3820,Poland,1,1,1,1,17,5,0,0
/global/archives/3820,United Kingdom,1,1,1,1,23,5,0,0
/global/archives/3830,Hungary,1,1,1,1,0,1,0,0
/global/archives/3859,Sweden,1,1,1,1,26,3,0,0
/global/archives/3962,Hong Kong,1,1,1,1,27,5,0,0
/global/archives/3962,Nicaragua,1,1,1,1,43,5,0,0
/global/archives/3962,Taiwan,1,1,1,1,9,5,0,0
/global/archives/4002,United States,1,1,1,1,8,4,0,0
/global/archives/401,China,1,1,1,1,0,5,0,0
/global/archives/4077,China,1,1,1,1,112,5,0,0
/global/archives/4086,South Korea,1,1,1,1,2,4,0,0
/global/archives/4146,United States,1,1,1,1,95,6,0,0
/global/archives/4308,China,1,1,1,1,39,5,0,0
/global/archives/4308,Kenya,1,1,1,1,0,4,0,0
/global/archives/4308,Singapore,1,1,1,1,60,5,0,0
/global/archives/4360,Australia,1,1,1,1,10,5,0,0
/global/archives/4450,Singapore,1,1,1,1,97,5,0,0
/global/archives/4499,Indonesia,1,1,1,1,4,5,0,0
/global/archives/4499,South Korea,1,1,1,1,26,5,0,0
/global/archives/4518,Singapore,1,1,1,1,17,5,0,0
/global/archives/4518,Sweden,1,1,1,1,48,5,0,0
/global/archives/4585,United States,1,1,1,1,13,5,0,0
/global/archives/4612,Canada,1,1,1,1,8,5,0,0
/global/archives/4612,Germany,1,1,1,1,26,5,0,0
/global/archives/4612,South Korea,1,1,1,1,132,5,0,0
/global/archives/4728,Taiwan,1,1,1,1,5,5,0,0
/global/archives/4776,China,1,1,1,1,123,5,0,0
/global/archives/4776,United States,1,1,1,1,0,4,0,0
/global/archives/4793,Germany,1,1,1,1,26,6,0,0
/global/archives/4793,Philippines,1,1,1,1,33,5,0,0
/global/archives/489,Germany,1,1,1,1,177,5,0,0
/global/archives/489,Japan,1,2,1,1,0,6,0,0
/global/archives/489,South Korea,1,1,1,1,38,5,0,0
/global/archives/489,Thailand,1,1,1,1,1,5,0,0
/global/archives/507,United States,1,1,1,1,5,5,0,0
/global/archives/5225,Japan,1,1,1,1,9,4,0,0
/global/archives/5357,Japan,1,1,1,1,20,4,0,0
/global/archives/5357,Sweden,1,1,1,1,0,4,0,0
/global/archives/564,South Korea,1,1,1,1,26,6,0,0
/global/archives/564,United Kingdom,1,1,1,1,37,3,0,0
/global/archives/5772,United States,1,1,1,1,7,5,0,0
/global/archives/5892,Ukraine,1,1,1,1,0,4,0,0
/global/archives/5893,South Korea,1,1,1,1,9,4,0,0
/global/archives/5944,India,1,1,1,1,19,5,0,0
/global/archives/5944,Spain,1,1,1,1,64,5,0,0
/global/archives/5944,United States,1,1,1,1,94,3,0,0
/global/archives/5970,South Korea,1,1,1,1,45,6,0,0
/global/archives/5994,Hungary,1,1,1,1,23,5,0,0
/global/archives/6014,Austria,1,2,1,1,0,6,0,0
/global/archives/6037,India,1,1,1,1,3,4,0,0
/global/archives/6072,Japan,1,1,1,1,0,4,0,0
/global/archives/6216,Austria,1,1,1,1,0,2,0,0
/global/archives/6216,Canada,1,1,1,1,27,6,0,0
/global/archives/6216,Netherlands,1,1,1,1,66,5,0,0
/global/archives/6216,Spain,1,2,1,1,0,6,0,0
/global/archives/6216,Sweden,1,1,1,1,45,5,0,0
/global/archives/6253,Canada,1,1,1,1,168,6,0,0
/global/archives/631,Vietnam,1,1,1,1,20,6,0,0
/global/archives/6313,Czechia,1,1,0,0,0,3,0,0
/global/archives/6313,South Korea,1,1,1,1,2,5,0,0
/global/archives/6343,Thailand,1,1,1,1,13,5,0,0
/global/archives/6343,United States,1,1,1,1,0,4,0,0
/global/archives/6462,South Korea,1,1,1,1,2,5,0,0
/global/archives/6471,South Korea,1,1,1,1,2,4,0,0
/global/archives/6710,South Korea,1,1,1,1,4,5,0,0
/global/archives/6807,Kuwait,1,1,1,1,69,6,0,0
/global/archives/6807,Malaysia,1,1,1,1,0,4,0,0
/global/archives/6807,United States,1,1,1,1,39,5,0,0
/global/archives/6824,Kuwait,1,2,1,1,6,3,0,0
/global/archives/7031,Belgium,1,1,1,1,2,4,0,0
/global/archives/7043,Japan,1,1,1,1,46,5,0,0
/global/archives/7043,Russia,1,1,1,1,131,5,0,0
/global/archives/7043,South Korea,1,1,1,1,28,6,0,0
/global/archives/7112,Hungary,1,1,1,1,147,5,0,0
/global/archives/7245,Japan,1,1,1,1,3,5,0,0
/global/archives/7245,United States,1,1,1,1,97,4,0,0
/global/archives/7292,South Korea,1,1,1,1,114,4,0,0
/global/archives/7302,South Korea,1,1,1,1,1,4,0,0
/global/archives/7319,Sri Lanka,1,1,1,1,0,4,0,0
/global/archives/733,Hungary,1,1,1,1,17,5,0,0
/global/archives/7379,India,1,1,1,1,5,5,0,0
/global/archives/7445,France,1,1,1,1,18,5,0,0
/global/archives/7445,India,1,1,1,1,102,5,0,0
/global/archives/7445,Nigeria,1,1,1,1,2,4,0,0
/global/archives/7445,Poland,1,1,1,1,39,6,0,0
/global/archives/7445,Sweden,1,1,1,1,0,4,0,0
/global/archives/7445,United Kingdom,1,1,1,1,0,3,0,0
/global/archives/7445,United States,1,1,1,1,0,3,0,0
/global/archives/7555,Canada,1,1,1,1,73,5,0,0
/global/archives/7596,United States,1,1,1,1,11,4,0,0
/global/archives/7633,Finland,1,1,1,1,2,4,0,0
/global/archives/7633,France,1,1,1,1,0,4,0,0
/global/archives/7710,Hong Kong,1,1,1,1,32,6,0,0
/global/archives/7761,South Korea,1,1,1,1,11,5,0,0
/global/archives/7906,New Zealand,1,1,1,1,55,6,0,0
/global/archives/7919,India,1,1,1,1,17,4,0,0
/global/archives/7919,Philippines,1,1,1,1,17,6,0,0
/global/archives/7919,Singapore,1,2,1,1,49,7,0,0
/global/archives/7961,Taiwan,1,1,1,1,92,3,0,0
/global/archives/7989,Pakistan,1,1,1,1,4,4,0,0
/global/archives/8010,South Korea,1,2,1,1,0,6,0,0
/global/archives/8046,India,1,1,1,1,17,4,0,0
/global/archives/8067,Thailand,1,1,1,1,56,5,0,0
/global/archives/8121,Hungary,1,1,1,1,14,5,0,0
/global/archives/822,India,1,1,1,1,27,6,0,0
/global/archives/822,South Korea,1,2,1,1,0,6,0,0
/global/archives/822,United Kingdom,1,1,1,1,35,5,0,0
/global/archives/8327,South Korea,1,1,1,1,36,6,0,0
/global/archives/8383,United Kingdom,1,1,1,1,12,4,0,0
/global/archives/8428,South Korea,1,2,1,1,0,6,0,0
/global/archives/8463,Venezuela,1,1,1,1,0,5,0,0
/global/archives/8599,South Korea,1,1,1,1,1,2,0,0
/global/archives/8604,United States,1,1,1,1,62,5,0,0
/global/archives/9079,South Korea,1,1,1,1,0,4,0,0
/global/archives/9079,United Arab Emirates,1,2,1,1,0,6,0,0
/global/archives/9191,India,1,1,1,1,28,5,0,0
/global/archives/9191,South Korea,1,1,1,1,6,5,0,0
/global/archives/9286,Singapore,1,1,1,1,23,3,0,0
/global/archives/9310,Singapore,1,1,1,1,165,4,0,0
/global/archives/9354,Japan,1,2,1,1,12,7,0,0
/global/archives/9493,South Korea,1,1,1,1,64,4,0,0
/global/archives/9493,United Kingdom,1,1,1,1,87,4,0,0
/global/archives/9509,South Korea,1,1,1,1,41,5,0,0
/global/archives/9548,South Korea,1,2,1,1,0,5,0,0
/global/archives/9548,Sweden,1,2,1,1,43,7,0,0
/global/archives/9548,Taiwan,1,1,1,1,4,3,0,0
/global/archives/9616,Myanmar (Burma),1,1,1,1,56,4,0,0
/global/archives/9616,Poland,1,1,1,1,60,5,0,0
/global/archives/9616,Saudi Arabia,1,1,1,1,0,3,0,0
/global/archives/9616,Singapore,1,1,1,1,38,4,0,0
/global/archives/9668,India,1,1,1,1,0,4,0,0
/global/archives/9668,Taiwan,1,1,1,1,26,6,0,0
/global/archives/9695,China,1,1,1,1,34,6,0,0
/global/archives/9695,Vietnam,1,1,1,1,39,5,0,0
/global/archives/9709,Singapore,1,1,1,1,2,5,0,0
/global/archives/9709,Switzerland,1,1,1,1,15,5,0,0
/global/archives/9709,Taiwan,1,1,1,1,51,5,0,0
/global/archives/9740,Nigeria,1,1,1,1,1,4,0,0
/global/archives/9740,Türkiye,1,1,1,1,25,6,0,0
/global/archives/9740,Vietnam,1,1,1,1,82,5,0,0
/global/archives/9837,Indonesia,1,1,1,1,2,4,0,0
/global/archives/9857,United Kingdom,1,1,1,1,0,4,0,0
/global/archives/9910,Japan,1,1,1,1,48,5,0,0
/global/archives/9910,Netherlands,1,1,1,1,8,5,0,0
/global/archives/9910,Thailand,1,1,1,1,52,6,0,0
/global/archives/9968,Hong Kong,1,1,1,1,0,4,0,0
/global/archives/9998,Colombia,1,1,1,1,0,4,0,0
/global/archives/category/corporate/sk-energy,Japan,1,1,1,1,2,3,0,0
/global/archives/category/corporate/sk-energy,Vietnam,1,1,1,1,8,4,0,0
/global/archives/category/corporate/sk-enmove,Singapore,1,1,1,1,12,6,0,0
/global/archives/category/corporate/sk-on,(not set),1,1,1,1,0,4,0,0
/global/archives/category/corporate/sk-on,Canada,1,1,1,1,13,4,0,0
/global/archives/category/corporate/sk-on,France,1,1,1,1,13,4,0,0
/global/archives/category/corporate/sk-on,Germany,1,1,1,1,5,4,0,0
/global/archives/category/corporate/sk-on,United States,1,1,1,1,0,3,0,0
/global/archives/category/corporate/sk-rading-international,Myanmar (Burma),1,1,1,1,13,4,0,0
/global/archives/category/corporate/sk-rading-international,Poland,1,1,1,1,211,4,0,0
/global/archives/category/corporates,Japan,1,1,1,1,3,4,0,0
/global/archives/category/corporates,Kuwait,1,1,1,1,22,4,0,0
/global/archives/category/corporates,Taiwan,1,1,1,1,34,4,0,0
/global/archives/category/corporates,Thailand,1,1,1,1,2,4,0,0
/global/archives/category/corporates/sk-earthon,Australia,1,1,1,1,14,5,0,0
/global/archives/category/corporates/sk-earthon,France,1,1,1,1,2,4,0,0
/global/archives/category/corporates/sk-earthon,Malaysia,1,1,1,1,21,4,0,0
/global/archives/category/corporates/sk-energy,Croatia,1,1,1,1,30,4,0,0
/global/archives/category/corporates/sk-energy,India,1,1,1,1,7,3,0,0
/global/archives/category/corporates/sk-energy,Spain,1,1,1,1,52,4,0,0
/global/archives/category/corporates/sk-energy,Thailand,1,1,1,1,8,4,0,0
/global/archives/category/corporates/sk-energy,United Arab Emirates,1,1,1,1,31,4,0,0
/global/archives/category/corporates/sk-energy,United States,1,1,1,1,12,4,0,0
/global/archives/category/corporates/sk-energy,Vietnam,1,1,1,1,4,4,0,0
/global/archives/category/corporates/sk-enmove,Canada,1,1,1,1,11,4,0,0
/global/archives/category/corporates/sk-enmove,Nicaragua,1,1,1,1,20,4,0,0
/global/archives/category/corporates/sk-enmove,Philippines,1,1,1,1,8,4,0,0
/global/archives/category/corporates/sk-enterm,Lithuania,1,1,1,1,2,5,0,0
/global/archives/category/corporates/sk-enterm,United States,1,1,1,1,3,5,0,0
/global/archives/category/corporates/sk-geo-centric,India,1,1,1,1,18,4,0,0
/global/archives/category/corporates/sk-geo-centric,Kuwait,1,1,1,1,59,4,0,0
/global/archives/category/corporates/sk-incheon-petrochem,Nicaragua,1,1,1,1,16,4,0,0
/global/archives/category/corporates/sk-incheon-petrochem,United Kingdom,1,1,1,1,92,4,0,0
/global/archives/category/corporates/sk-incheon-petrochem,United States,1,1,1,1,1,3,0,0
/global/archives/category/corporates/sk-innovation,Croatia,1,1,1,1,2,3,0,0
/global/archives/category/corporates/sk-innovation,Cyprus,1,1,1,1,13,3,0,0
/global/archives/category/corporates/sk-innovation,Hong Kong,1,1,1,1,4,4,0,0
/global/archives/category/corporates/sk-innovation,India,1,2,1,1,0,5,0,0
/global/archives/category/corporates/sk-innovation,Japan,1,1,1,1,36,4,0,0
/global/archives/category/corporates/sk-innovation,Lithuania,1,1,1,1,80,4,0,0
/global/archives/category/corporates/sk-innovation,Portugal,1,1,1,1,36,4,0,0
/global/archives/category/corporates/sk-innovation,Singapore,1,2,1,1,0,5,0,0
/global/archives/category/corporates/sk-innovation,Taiwan,1,1,1,1,20,4,0,0
/global/archives/category/corporates/sk-innovation,United Arab Emirates,1,1,1,1,10,4,0,0
/global/archives/category/corporates/sk-on,China,1,1,1,1,14,4,0,0
/global/archives/category/corporates/sk-on,Russia,1,1,1,1,0,3,0,0
/global/archives/category/corporates/sk-on,Taiwan,1,1,1,1,11,5,0,0
/global/archives/category/corporates/sk-on/sitemap.xml,South Korea,1,1,1,1,2,4,0,0
/global/archives/category/corporates/sk-on/sitemaps.xml,South Korea,1,1,1,1,3,4,0,0
/global/archives/category/corporates/sk-rading-international,Iraq,1,1,1,1,10,5,0,0
/global/archives/category/insight,Australia,1,1,1,1,15,5,0,0
/global/archives/category/insight,South Korea,1,1,1,1,1,4,0,0
/global/archives/category/insight/expert-voice,South Korea,1,1,1,1,3,3,0,0
/global/archives/category/insight/trend_report,China,1,1,1,1,0,3,0,0
/global/archives/category/insight/trend_report,Thailand,1,1,1,1,6,3,0,0
/global/archives/category/insight/trend_report,United States,1,1,1,1,3,4,0,0
/global/archives/category/people,Australia,1,1,1,1,0,3,0,0
/global/archives/category/people,Kuwait,1,1,1,1,1,4,0,0
/global/archives/category/people,Poland,1,1,1,1,24,4,0,0
/global/archives/category/people,Singapore,1,1,1,1,3,3,0,0
/global/archives/category/people,Thailand,1,1,1,1,13,4,0,0
/global/archives/category/people,Vietnam,1,1,1,1,8,4,0,0
/global/archives/category/people/inno-people,United Arab Emirates,1,1,1,1,6,4,0,0
/global/archives/category/people/inno-people,United States,1,1,1,1,23,4,0,0
/global/archives/category/people/inno-people,Vietnam,1,1,1,1,14,4,0,0
/global/archives/category/people/sustainability,Malaysia,1,1,1,1,0,3,0,0
/global/archives/category/press-room,Cyprus,1,1,1,1,15,3,0,0
/global/archives/category/press-room,Hong Kong,1,1,1,1,11,4,0,0
/global/archives/category/press-room,Israel,1,1,1,1,4,4,0,0
/global/archives/category/press-room,Kuwait,1,1,1,1,8,4,0,0
/global/archives/category/press-room,Saudi Arabia,1,1,1,1,2,3,0,0
/global/archives/category/press-room,Thailand,1,1,1,1,2,4,0,0
/global/archives/category/press-room/financial-results,China,1,1,1,1,7,3,0,0
/global/archives/category/press-room/financial-results,Finland,1,1,1,1,2,4,0,0
/global/archives/category/press-room/financial-results,Kuwait,1,1,1,1,0,2,0,0
/global/archives/category/press-room/financial-results,Myanmar (Burma),1,1,1,1,4,3,0,0
/global/archives/category/press-room/financial-results,Poland,1,1,1,1,7,4,0,0
/global/archives/category/press-room/issue-fact,Japan,1,1,1,1,8,4,0,0
/global/archives/category/press-room/issue-fact,Myanmar (Burma),1,1,1,1,6,4,0,0
/global/archives/category/press-room/issue-fact,United States,1,1,1,1,62,4,0,0
/global/archives/category/press-room/press-release,Cyprus,1,1,1,1,16,3,0,0
/global/archives/category/press-room/press-release,Germany,1,1,1,1,6,5,0,0
/global/archives/category/press-room/press-release,Hong Kong,1,1,1,1,8,4,0,0
/global/archives/category/press-room/press-release,Kenya,1,1,0,0,0,3,0,0
/global/archives/category/press-room/press-release,United Kingdom,1,1,1,1,10,4,0,0
/global/archives/tag/2022-esg-report,United States,1,1,1,1,3,5,0,0
/global/archives/tag/2023-q4,Taiwan,1,1,1,1,6,5,0,0
/global/archives/tag/2024-q2,Taiwan,1,1,1,1,2,3,0,0
/global/archives/tag/ambassadors-spouses-association-in-seoul,South Korea,1,1,1,1,7,6,0,0
/global/archives/tag/arc,United States,1,1,1,1,34,6,0,0
/global/archives/tag/carbon-capture,United States,1,1,1,1,2,5,0,0
/global/archives/tag/cobalt-free-battery,India,1,1,1,1,7,4,0,0
/global/archives/tag/digital-twin,United States,1,1,1,1,11,5,0,0
/global/archives/tag/ecopro,Germany,1,1,1,1,26,5,0,0
/global/archives/tag/ecopro-bm,United States,1,1,1,1,2,4,0,0
/global/archives/tag/energy-super-station,South Korea,1,1,1,1,4,5,0,0
/global/archives/tag/esg,United States,1,1,1,1,4,5,0,0
/global/archives/tag/ess,South Korea,1,1,1,1,9,4,0,0
/global/archives/tag/europe,South Korea,1,1,1,1,49,4,0,0
/global/archives/tag/ev-battery,Vietnam,1,1,1,1,9,5,0,0
/global/archives/tag/financial-results,United States,1,1,1,1,25,4,0,0
/global/archives/tag/ford,Japan,1,1,1,1,4,5,0,0
/global/archives/tag/ford,South Korea,1,1,1,1,2,5,0,0
/global/archives/tag/ford,United States,1,1,1,1,6,5,0,0
/global/archives/tag/georgia,United States,1,1,1,1,7,5,0,0
/global/archives/tag/germany,South Korea,1,1,1,1,6,5,0,0
/global/archives/tag/global-forum,United States,1,1,1,1,0,4,0,0
/global/archives/tag/green-biz,Spain,1,1,1,1,28,6,0,0
/global/archives/tag/green-bonds,United Kingdom,1,1,1,1,2,5,0,0
/global/archives/tag/hungary,Germany,1,1,1,1,17,5,0,0
/global/archives/tag/hydrogen,Türkiye,1,1,1,1,0,4,0,0
/global/archives/tag/hyundai,Singapore,1,1,1,1,0,3,0,0
/global/archives/tag/immersion-cooling,South Korea,1,1,1,1,10,6,0,0
/global/archives/tag/inobus,Saudi Arabia,1,1,1,1,41,6,0,0
/global/archives/tag/interbattery-2024,Japan,1,1,1,1,11,4,0,0
/global/archives/tag/jee-dong-seob,Romania,1,1,1,1,0,4,0,0
/global/archives/tag/jee-dong-seob,Singapore,1,1,1,1,8,5,0,0
/global/archives/tag/komarom,Germany,1,1,1,1,11,4,0,0
/global/archives/tag/mhp,Taiwan,1,1,1,1,3,4,0,0
/global/archives/tag/mono-material,Taiwan,1,1,1,1,2,4,0,0
/global/archives/tag/mono-material-packaging,Taiwan,1,1,1,1,3,6,0,0
/global/archives/tag/msci,South Korea,1,1,1,1,8,4,0,0
/global/archives/tag/ncm811,Japan,1,1,1,1,3,4,0,0
/global/archives/tag/nmc,Germany,1,1,1,1,0,4,0,0
/global/archives/tag/nmc,Portugal,1,1,1,1,7,5,0,0
/global/archives/tag/op,United States,1,1,1,1,11,4,0,0
/global/archives/tag/plastic-recycling,South Korea,1,1,1,1,3,4,0,0
/global/archives/tag/poe,Taiwan,1,2,1,1,18,7,0,0
/global/archives/tag/polonica-progressio-awards,Germany,1,1,1,1,4,5,0,0
/global/archives/tag/pyrolysis,South Africa,1,1,1,1,9,5,0,0
/global/archives/tag/roadmap,France,1,1,1,1,5,4,0,0
/global/archives/tag/s-pack,Japan,1,1,1,1,5,4,0,0
/global/archives/tag/s-pack,Türkiye,1,1,1,1,9,5,0,0
/global/archives/tag/separator,United States,1,1,1,1,10,5,0,0
/global/archives/tag/sheco,India,1,1,1,1,12,5,0,0
/global/archives/tag/sheco-ark,Singapore,1,1,1,1,11,5,0,0
/global/archives/tag/siemens,United States,1,2,2,0.5,5.5,5,0,0
/global/archives/tag/singapore,Singapore,1,1,1,1,21,5,0,0
/global/archives/tag/sk-battery-america,United States,1,1,1,1,0,4,0,0
/global/archives/tag/sk-energy-americas,Singapore,1,1,1,1,9,4,0,0
/global/archives/tag/sk-functional-polymer,Taiwan,1,1,1,1,15,6,0,0
/global/archives/tag/sk-global-chemical,United States,1,1,1,1,29,4,0,0
/global/archives/tag/sk-green,Taiwan,1,1,1,1,3,5,0,0
/global/archives/tag/sk-hi-tech-battery-materials-poland,Qatar,1,1,1,1,0,4,0,0
/global/archives/tag/sk-incheon-petrochem,Singapore,1,1,1,1,24,4,0,0
/global/archives/tag/sk-innovation,South Korea,1,1,1,1,19,4,0,0
/global/archives/tag/sk-on/sitemap.xml,South Korea,1,1,1,1,18,4,0,0
/global/archives/tag/sk-primacor-europe,South Korea,1,1,1,1,5,6,0,0
/global/archives/tag/sk-primacor-europe,Switzerland,1,1,1,1,15,6,0,0
/global/archives/tag/sk-supex-council,South Korea,1,1,1,1,0,4,0,0
/global/archives/tag/skei-singapore,Singapore,1,1,1,1,8,6,0,0
/global/archives/tag/skeo,Vietnam,1,1,1,1,21,5,0,0
/global/archives/tag/skgc,South Korea,1,1,1,1,33,4,0,0
/global/archives/tag/sko,Spain,1,1,0,0,0,3,0,0
/global/archives/tag/sko,United Kingdom,1,1,1,1,0,4,0,0
/global/archives/tag/skoh,Malaysia,1,1,1,1,4,5,0,0
/global/archives/tag/skoh,South Korea,1,2,1,1,0,6,0,0
/global/archives/tag/skpe,South Korea,1,1,1,1,7,5,0,0
/global/archives/tag/skti,Japan,1,1,1,1,14,5,0,0
/global/archives/tag/sk综合化学,China,1,1,1,1,0,5,0,0
/global/archives/tag/sustainability,United States,1,1,1,1,3,5,0,0
/global/archives/tag/sustainability-report,United States,1,1,1,1,3,5,0,0
/global/archives/tag/turkey,Kuwait,1,1,1,1,3,6,0,0
/global/archives/tag/turkey,Türkiye,1,1,1,1,2,5,0,0
/global/archives/tag/ulsan-clx,Cyprus,1,1,1,1,8,3,0,0
/global/archives/tag/ulsan-complex,Israel,1,1,1,1,25,6,0,0
/global/archives/tag/ulsan-complex,South Korea,1,1,1,1,20,5,0,0
/global/archives/tag/vietnam,Brunei,1,1,1,1,43,4,0,0
/global/archives/tag/vwbe,Australia,1,1,1,1,9,5,0,0
/global/archives/tag/vwbe,United States,1,1,1,1,15,6,0,0
/global/archives/tag/winpak,South Korea,1,1,1,1,9,6,0,0
/global/archives/tag/winter-pro-lfp-battery,India,1,1,1,1,30,6,0,0
/global/archives/tag/yubase,Hong Kong,1,1,1,1,14,4,0,0
/global/archives/tag/yubase,Japan,1,1,1,1,9,5,0,0
/global/archives/tag/yubase,United Kingdom,1,1,1,1,2,4,0,0
/global/archives/www.infiniumco.com,Myanmar (Burma),1,1,1,1,0,3,0,0
/global/family-site-links,South Korea,1,1,1,1,7,5,0,0
/global/latestnews,France,1,1,1,1,19,4,0,0
/global/latestnews,Kazakhstan,1,2,1,1,0,6,0,0
/global/latestnews,Russia,1,1,0,0,0,3,0,0
/global/latestnews,Thailand,1,1,1,1,53,5,0,0
/global/privacy-policy,United Kingdom,1,1,1,1,5,5,0,0
/global/siginin,South Korea,1,1,1,1,1,4,0,0
/global/sustainability-report,Canada,1,1,1,1,19,6,0,0
/global/sustainability-report,Hungary,1,2,1,1,0,5,0,0
/global/sustainability-report,Sweden,1,1,1,1,2,5,0,0
/global/terms-and-conditions,Sweden,1,1,1,1,11,4,0,0
/global/who-we-are,India,1,1,1,1,2,5,0,0
/global/who-we-are,United States,1,2,1,1,27,7,0,0
/global/archives/16834,United Kingdom,0,1,1,0,0,2,0,0
/global/archives/17965,United Kingdom,0,1,1,0,0,2,0,0
/global/archives/18361,Philippines,0,1,1,0,0,1,0,0
/global/archives/18608,Hong Kong,0,1,1,0,41,2,0,0
/global/archives/489,Malaysia,0,1,1,0,3,2,0,0
/global/archives/8553,India,0,1,1,0,7,1,0,0
/global/archives/category/corporates/sk-earthon,Canada,0,1,0,0,0,2,0,0