# ----------------------------------------
# 보고서 CSV 내보내기
# 계정: skinno global
# 속성: skinno 글로벌 - GA4
# ----------------------------------------
# 
# 모든 사용자
# 시작일: 20240708
# 종료일: 20240714
페이지 경로 및 화면 클래스,세션 소스,조회수,사용자,사용자당 조회수,평균 참여 시간,이벤트 수,주요 이벤트,총 수익
/global/archives/18388,google,921,702,1.311965811965812,3.9857549857549857,3327,0,0
/pagead/aclk,google,180,144,1.25,0,636,0,0
/global/,google,144,72,2,20.319444444444443,577,0,0
/global/,(direct),101,60,1.6833333333333333,13.333333333333334,401,0,0
/global/archives/18388,(direct),81,45,1.8,78.75555555555556,291,0,0
/global/archives/category/press-room/financial-results,google,72,37,1.945945945945946,27.243243243243242,298,0,0
/global/latestnews,(direct),72,59,1.2203389830508475,19.661016949152543,275,0,0
/global/archives/category/corporates/sk-on,google,64,46,1.391304347826087,39.28260869565217,268,0,0
/global/archives/category/press-room/press-release,(direct),56,42,1.3333333333333333,7.928571428571429,211,0,0
/global/archives/18478,(direct),54,43,1.255813953488372,20.046511627906977,207,0,0
/global/,skinnovation.com,46,19,2.4210526315789473,36.73684210526316,194,0,0
/global/archives/18478,google,44,33,1.3333333333333333,19.21212121212121,175,0,0
/global/archives/17426,google,41,25,1.64,42.36,167,0,0
/global/archives/18478,linkedin.com,41,35,1.1714285714285715,6.142857142857143,179,0,0
/global/archives/category/press-room/financial-results,(direct),41,7,5.857142857142857,84.71428571428571,162,0,0
/global/archives/18445,(direct),38,38,1,7.7368421052631575,148,0,0
/global/archives/category/press-room/press-release,google,35,24,1.4583333333333333,23.958333333333332,146,0,0
/global/,eng.sk-on.com,32,21,1.5238095238095237,16.428571428571427,139,0,0
/global/archives/18436,(direct),30,26,1.1538461538461537,7.269230769230769,121,0,0
/global/archives/10774,google,29,12,2.4166666666666665,122.83333333333333,114,0,0
/global/latestnews,google,29,13,2.230769230769231,15.23076923076923,104,0,0
/global/archives/18065,google,27,22,1.2272727272727273,29.045454545454547,109,0,0
/global/archives/18065,(direct),25,20,1.25,10.45,96,0,0
/global/archives/18388,linkedin.com,25,16,1.5625,38.3125,97,0,0
/global/,googleadservices.com,24,24,1,0,92,0,0
/global/archives/9910,google,24,18,1.3333333333333333,102.44444444444444,111,0,0
/global/archives/15490,google,23,20,1.15,39.5,109,0,0
/global/archives/18445,google,23,19,1.2105263157894737,24.31578947368421,98,0,0
/global/archives/15664,google,22,15,1.4666666666666666,28.733333333333334,89,0,0
/global/archives/17216,google,22,21,1.0476190476190477,25.19047619047619,98,0,0
/global/archives/18436,google,22,19,1.1578947368421053,15.263157894736842,82,0,0
/global/archives/category/press-room,google,22,13,1.6923076923076923,27.076923076923077,83,0,0
/global/archives/category/corporates/sk-on,skinnovation.com,21,3,7,99.33333333333333,80,0,0
/global/archives/15374,google,19,16,1.1875,45,90,0,0
/global/archives/category/corporates/sk-innovation,google,19,15,1.2666666666666666,17.133333333333333,76,0,0
/global/archives/16463,google,18,15,1.2,18.133333333333333,81,0,0
/global/archives/18361,(direct),18,16,1.125,6.125,67,0,0
/global/archives/6216,google,18,16,1.125,24.1875,94,0,0
/global/archives/18140,google,17,6,2.8333333333333335,0,54,0,0
/global/archives/18283,(direct),17,12,1.4166666666666667,10.416666666666666,64,0,0
/global/archives/13521,google,16,15,1.0666666666666667,30.533333333333335,76,0,0
/global/archives/14491,google,16,12,1.3333333333333333,31.166666666666668,70,0,0
/global/archives/17499,google,16,14,1.1428571428571428,139.28571428571428,78,0,0
/global/archives/18107,google,16,15,1.0666666666666667,113.13333333333334,76,0,0
/global/archives/18421,google,16,11,1.4545454545454546,57.90909090909091,68,0,0
/global/archives/18478,teslarati.com,16,13,1.2307692307692308,27.615384615384617,72,0,0
/global/archives/category/corporates,google,16,11,1.4545454545454546,43.81818181818182,59,0,0
/global/archives/18421,(direct),15,14,1.0714285714285714,13.785714285714286,57,0,0
/global/archives/12106,google,14,11,1.2727272727272727,28.181818181818183,59,0,0
/global/archives/14634,google,14,10,1.4,102.2,58,0,0
/global/archives/17169,google,14,12,1.1666666666666667,47.5,69,0,0
/global/archives/17817,google,14,8,1.75,28.75,52,0,0
/global/archives/category/corporates/sk-enterm,google,14,10,1.4,9.6,60,0,0
/global/archives/15687,google,13,12,1.0833333333333333,80.08333333333333,61,0,0
/global/archives/17426,(direct),13,7,1.8571428571428572,133.71428571428572,52,0,0
/global/archives/17595,google,13,12,1.0833333333333333,23.916666666666668,60,0,0
/global/archives/18283,google,13,12,1.0833333333333333,15.083333333333334,51,0,0
/global/archives/18361,google,13,10,1.3,29.1,56,0,0
/global/archives/16834,google,12,10,1.2,39.4,50,0,0
/global/archives/17623,google,12,11,1.0909090909090908,30.272727272727273,53,0,0
/global/archives/category/corporates/sk-on,(direct),12,11,1.0909090909090908,14.545454545454545,42,0,0
/global/archives/category/corporates/sk-on,eng.sk-on.com,12,6,2,28.833333333333332,47,0,0
/global/archives/17514,skenergy.com,11,2,5.5,339,48,0,0
/global/archives/category/insight,(direct),11,12,0.9166666666666666,17.333333333333332,36,0,0
/global/sustainability-report,google,11,10,1.1,4.6,54,0,0
/global/archives/11087,google,10,10,1,26,47,0,0
/global/archives/12022,google,10,10,1,24.3,54,0,0
/global/archives/13595,google,10,7,1.4285714285714286,29.714285714285715,41,0,0
/global/archives/13780,google,10,8,1.25,10.375,39,0,0
/global/archives/16939,(direct),10,7,1.4285714285714286,6,47,0,0
/global/archives/17844,google,10,5,2,12.2,44,0,0
/global/archives/category/corporates/sk-innovation,(direct),10,8,1.25,18.75,39,0,0
/global/archives/category/insight/trend_report,(direct),10,3,3.3333333333333335,39.333333333333336,34,0,0
/global/archives/12306,google,9,7,1.2857142857142858,18.142857142857142,39,0,0
/global/archives/14766,google,9,8,1.125,14.875,36,0,0
/global/archives/15462,google,9,7,1.2857142857142858,44,40,0,0
/global/archives/17990,google,9,7,1.2857142857142858,79.28571428571429,39,0,0
/global/archives/18374,google,9,9,1,16.77777777777778,36,0,0
/global/archives/2293,google,9,7,1.2857142857142858,5.857142857142857,38,0,0
/global/archives/3820,google,9,8,1.125,35.625,45,0,0
/global/archives/category/corporates,(direct),9,10,0.9,89.5,28,0,0
/global/archives/category/corporates/sk-ie-technology,google,9,7,1.2857142857142858,17,35,0,0
/global/archives/category/people,(direct),9,9,1,9.88888888888889,28,0,0
/global/archives/tag/rhee-jang-weon,google,9,8,1.125,15.25,44,0,0
/global/,chn.sk-on.com,8,3,2.6666666666666665,55.666666666666664,37,0,0
/global/,cn.bing.com,8,2,4,187,30,0,0
/global/,eng.skgeocentric.com,8,5,1.6,12.6,32,0,0
/global/,linkedin.com,8,2,4,19,32,0,0
/global/archives/12274/skee,google,8,8,1,9.875,44,0,0
/global/archives/14755,google,8,4,2,27.5,30,0,0
/global/archives/14800,google,8,8,1,92,40,0,0
/global/archives/16448,google,8,6,1.3333333333333333,25.5,33,0,0
/global/archives/16532,google,8,8,1,14.75,35,0,0
/global/archives/17569,google,8,4,2,39.25,34,0,0
/global/archives/18388,(not set),8,20,0.4,4.5,48,0,0
/global/archives/6824,cn.bing.com,8,2,4,169.5,29,0,0
/global/archives/9668,google,8,4,2,14.5,34,0,0
/global/archives/9709,google,8,6,1.3333333333333333,30.666666666666668,36,0,0
/global/archives/category/corporates/sk-energy,google,8,6,1.3333333333333333,50.666666666666664,28,0,0
/global/archives/category/corporates/sk-energy,skenergy.com,8,2,4,43.5,30,0,0
/global/archives/category/people,google,8,6,1.3333333333333333,15.166666666666666,30,0,0
/global/archives/17950,google,7,7,1,65.57142857142857,32,0,0
/global/archives/18421,skinnovation.com,7,3,2.3333333333333335,51.333333333333336,26,0,0
/global/archives/18436,linkedin.com,7,5,1.4,34.4,31,0,0
/global/archives/18478,newsletter,7,5,1.4,12.4,27,0,0
/global/archives/3962,google,7,6,1.1666666666666667,34,30,0,0
/global/archives/7292,(direct),7,5,1.4,0,28,0,0
/global/archives/category/corporate/sk-energy,skenergy.com,7,5,1.4,12.6,29,0,0
/global/archives/category/people/inno-people,google,7,6,1.1666666666666667,10.5,27,0,0
/global/archives/category/press-room/financial-results,eng.sk-on.com,7,2,3.5,28,28,0,0
/global/archives/tag/2023-sk-global-forum,google,7,5,1.4,5,29,0,0
/global/archives/tag/sk-global-forum,google,7,5,1.4,7.4,29,0,0
/global/,skincheonpetrochem.com,6,1,6,61,27,0,0
/global/archives/1058,(direct),6,2,3,100,22,0,0
/global/archives/10654,google,6,5,1.2,196.8,26,0,0
/global/archives/11853,google,6,6,1,15.5,27,0,0
/global/archives/15840,google,6,5,1.2,32,27,0,0
/global/archives/16060,google,6,5,1.2,155,26,0,0
/global/archives/16060,sktradinginternational.com,6,4,1.5,22,22,0,0
/global/archives/16376,google,6,5,1.2,21,28,0,0
/global/archives/17595,skinnovation.com,6,2,3,35,23,0,0
/global/archives/17737,google,6,6,1,36.666666666666664,32,0,0
/global/archives/17796,google,6,5,1.2,43.6,21,0,0
/global/archives/17989,skinnovation.com,6,4,1.5,49.5,22,0,0
/global/archives/18374,(direct),6,6,1,4.166666666666667,19,0,0
/global/archives/18388,eng.sk-on.com,6,3,2,16.666666666666668,27,0,0
/global/archives/18445,newsletter,6,4,1.5,1,22,0,0
/global/archives/4482,google,6,4,1.5,27,29,0,0
/global/archives/6253,google,6,3,2,30,24,0,0
/global/archives/category/press-room/financial-results,eng.skearthon.com,6,1,6,129,24,0,0
/global/privacy-policy,(direct),6,2,3,70,24,0,0
/global/,bing,5,3,1.6666666666666667,12,22,0,0
/global/archives/10939,google,5,4,1.25,21.25,20,0,0
/global/archives/11596,skenergy.com,5,4,1.25,91.75,20,0,0
/global/archives/12008,google,5,5,1,21.6,22,0,0
/global/archives/13130,(direct),5,4,1.25,21.5,21,0,0
/global/archives/14493,google,5,4,1.25,14,19,0,0
/global/archives/14770,google,5,5,1,25.6,22,0,0
/global/archives/15374,(direct),5,5,1,0,18,0,0
/global/archives/15462,(direct),5,5,1,3.4,23,0,0
/global/archives/15937,google,5,5,1,7.6,22,0,0
/global/archives/16480,google,5,5,1,37.4,23,0,0
/global/archives/16624,(direct),5,4,1.25,17.25,25,0,0
/global/archives/17216,(direct),5,5,1,21.2,24,0,0
/global/archives/17569,(direct),5,3,1.6666666666666667,17.333333333333332,22,0,0
/global/archives/18022,skinnovation.com,5,5,1,22.8,27,0,0
/global/archives/18283,cn.bing.com,5,2,2.5,389,21,0,0
/global/archives/18332,(direct),5,4,1.25,94,18,0,0
/global/archives/18374,skinnovation.com,5,4,1.25,271.5,19,0,0
/global/archives/18436,newsletter,5,4,1.25,3,19,0,0
/global/archives/18478,skinnovation.com,5,5,1,36.6,18,0,0
/global/archives/18478,yahoo,5,1,5,234,20,0,0
/global/archives/253,google,5,4,1.25,5.5,26,0,0
/global/archives/311,(direct),5,3,1.6666666666666667,131,23,0,0
/global/archives/5892,google,5,5,1,26.4,25,0,0
/global/archives/category/corporates/sk-earthon,eng.skearthon.com,5,1,5,276,20,0,0
/global/archives/category/corporates/sk-earthon,google,5,3,1.6666666666666667,21,21,0,0
/global/archives/category/corporates/sk-enmove,bing,5,1,5,65,19,0,0
/global/archives/category/corporates/sk-geo-centric,(direct),5,4,1.25,2.25,18,0,0
/global/archives/category/corporates/sk-innovation,yahoo,5,1,5,35,20,0,0
/global/archives/category/press-room/financial-results,skinnovation.com,5,3,1.6666666666666667,28,18,0,0
/global/archives/category/press-room/press-release,eng.sk-on.com,5,4,1.25,9,18,0,0
/global/archives/category/press-room/press-release,skinnovation.com,5,4,1.25,9,20,0,0
/global/archives/tag/all-solid-state-battery,google,5,1,5,47,21,0,0
/global/archives/tag/georgia,google,5,3,1.6666666666666667,8,20,0,0
/global/,sktradinginternational.com,4,2,2,23.5,18,0,0
/global/archives/10985,google,4,4,1,21.75,16,0,0
/global/archives/11037,skenergy.com,4,3,1.3333333333333333,75,17,0,0
/global/archives/11161,google,4,2,2,116.5,20,0,0
/global/archives/12072,google,4,2,2,52,18,0,0
/global/archives/13327,google,4,3,1.3333333333333333,70.66666666666667,18,0,0
/global/archives/13521,bing,4,3,1.3333333333333333,29,21,0,0
/global/archives/14065,google,4,3,1.3333333333333333,49,14,0,0
/global/archives/14226,google,4,4,1,26.75,18,0,0
/global/archives/15007,(direct),4,2,2,67,17,0,0
/global/archives/15259,(direct),4,3,1.3333333333333333,8.666666666666666,16,0,0
/global/archives/15353,google,4,3,1.3333333333333333,28.666666666666668,18,0,0
/global/archives/15430,google,4,4,1,8.75,20,0,0
/global/archives/15592,google,4,4,1,4.5,18,0,0
/global/archives/16493,google,4,3,1.3333333333333333,42,18,0,0
/global/archives/16881,google,4,4,1,21.5,17,0,0
/global/archives/17047,google,4,3,1.3333333333333333,38,15,0,0
/global/archives/17356,(direct),4,2,2,207.5,13,0,0
/global/archives/17356,google,4,4,1,15.5,19,0,0
/global/archives/17476,google,4,4,1,54.25,17,0,0
/global/archives/17514,(direct),4,2,2,306.5,17,0,0
/global/archives/17737,(direct),4,3,1.3333333333333333,13,17,0,0
/global/archives/17978,google,4,2,2,46.5,17,0,0
/global/archives/17989,google,4,4,1,16,13,0,0
/global/archives/17990,(direct),4,4,1,0,15,0,0
/global/archives/18065,eng.sk-on.com,4,2,2,86,15,0,0
/global/archives/18065,eng.skearthon.com,4,1,4,223,17,0,0
/global/archives/18283,electrive.com,4,3,1.3333333333333333,71.33333333333333,18,0,0
/global/archives/18361,skinnovation.com,4,2,2,15,13,0,0
/global/archives/18445,linkedin.com,4,4,1,0,17,0,0
/global/archives/18445,skinnovation.com,4,2,2,272,12,0,0
/global/archives/3709,google,4,3,1.3333333333333333,37.333333333333336,19,0,0
/global/archives/653,google,4,4,1,75.5,19,0,0
/global/archives/7710,google,4,3,1.3333333333333333,24,19,0,0
/global/archives/8230,google,4,1,4,63,15,0,0
/global/archives/8327,google,4,4,1,45.75,18,0,0
/global/archives/category/corporate/sk-enmove,skenmove.com,4,3,1.3333333333333333,23.666666666666668,20,0,0
/global/archives/category/corporate/sk-incheon-petrochem,skincheonpetrochem.com,4,3,1.3333333333333333,25,19,0,0
/global/archives/category/corporate/sk-on,(direct),4,2,2,18.5,15,0,0
/global/archives/category/corporates,eng.skearthon.com,4,1,4,29,16,0,0
/global/archives/category/corporates,skincheonpetrochem.com,4,1,4,431,16,0,0
/global/archives/category/corporates/sk-innovation,electrive.com,4,1,4,46,15,0,0
/global/archives/category/insight,google,4,4,1,12.25,14,0,0
/global/archives/category/insight/trend_report,google,4,3,1.3333333333333333,11.666666666666666,16,0,0
/global/archives/category/press-room,bing,4,2,2,22.5,15,0,0
/global/archives/category/press-room,gateway.zscalerthree.net,4,1,4,11,16,0,0
/global/archives/category/press-room/issue-fact,google,4,4,1,4.75,15,0,0
/global/archives/category/press-room/press-release,bing,4,3,1.3333333333333333,41.333333333333336,16,0,0
/global/archives/category/press-room/press-release,electrive.com,4,2,2,62.5,16,0,0
/global/archives/tag/bmic,google,4,1,4,100,17,0,0
/global/archives/tag/chinaplas,google,4,1,4,33,16,0,0
/global/archives/tag/pouch-type-battery,google,4,4,1,6,21,0,0
/global/archives/tag/san-jose,google,4,2,2,26.5,16,0,0
/global/archives/tag/sk-battery-america,google,4,2,2,19.5,16,0,0
/global/archives/tag/vwbe,google,4,4,1,8,20,0,0
/global/latestnews,usc-excel.officeapps.live.com,4,1,4,10,17,0,0
/global/sustainability-report,(direct),4,3,1.3333333333333333,8.333333333333334,18,0,0
/global/terms-and-conditions,google,4,2,2,14.5,14,0,0
/global/,(not set),3,4,0.75,38.75,15,0,0
/global/,usc-excel.officeapps.live.com,3,1,3,66,13,0,0
/global/,yahoo,3,1,3,179,12,0,0
/global/archives/10133,google,3,2,1.5,7.5,13,0,0
/global/archives/1058,google,3,1,3,35,13,0,0
/global/archives/10774,(direct),3,3,1,7,14,0,0
/global/archives/11087,skenergy.com,3,2,1.5,50.5,12,0,0
/global/archives/11527,google,3,3,1,11,15,0,0
/global/archives/11596,google,3,2,1.5,41.5,12,0,0
/global/archives/12008,(direct),3,2,1.5,6,15,0,0
/global/archives/12036,skenergy.com,3,1,3,247,12,0,0
/global/archives/12147,google,3,3,1,14,14,0,0
/global/archives/12220,google,3,3,1,15.666666666666666,12,0,0
/global/archives/12269,google,3,2,1.5,33.5,13,0,0
/global/archives/13780,bing,3,1,3,10,12,0,0
/global/archives/14193,google,3,2,1.5,170.5,13,0,0
/global/archives/14243,google,3,3,1,172.33333333333334,14,0,0
/global/archives/14628,google,3,3,1,23,15,0,0
/global/archives/14740,google,3,2,1.5,46.5,16,0,0
/global/archives/15007,skenergy.com,3,3,1,42.666666666666664,12,0,0
/global/archives/15067,google,3,2,1.5,4,13,0,0
/global/archives/15103,google,3,2,1.5,5,11,0,0
/global/archives/15204,google,3,3,1,13.666666666666666,13,0,0
/global/archives/15374,skenergy.com,3,3,1,227,14,0,0
/global/archives/15490,(direct),3,2,1.5,64.5,13,0,0
/global/archives/15638,google,3,3,1,24,11,0,0
/global/archives/15664,(direct),3,3,1,12.666666666666666,11,0,0
/global/archives/15687,skenmove.com,3,2,1.5,9,10,0,0
/global/archives/15689,google,3,2,1.5,63.5,14,0,0
/global/archives/16060,baidu,3,3,1,0,9,0,0
/global/archives/16131,google,3,0,0,0,9,0,0
/global/archives/16448,skenergy.com,3,2,1.5,117.5,13,0,0
/global/archives/16613,google,3,1,3,88,10,0,0
/global/archives/16624,google,3,3,1,78.66666666666667,14,0,0
/global/archives/16939,google,3,2,1.5,2,15,0,0
/global/archives/16970,google,3,2,1.5,284.5,13,0,0
/global/archives/17022,google,3,3,1,27.333333333333332,16,0,0
/global/archives/17356,bing,3,1,3,120,14,0,0
/global/archives/17446,google,3,3,1,2.3333333333333335,14,0,0
/global/archives/17514,google,3,2,1.5,100,12,0,0
/global/archives/17950,(direct),3,2,1.5,113,11,0,0
/global/archives/17950,skinnovation.com,3,1,3,81,12,0,0
/global/archives/17965,skinnovation.com,3,3,1,61,17,0,0
/global/archives/18065,skinnovation.com,3,2,1.5,156.5,15,0,0
/global/archives/18107,skinnovation.com,3,3,1,106.66666666666667,13,0,0
/global/archives/18140,(direct),3,3,1,0,12,0,0
/global/archives/18140,skinnovation.com,3,3,1,64.66666666666667,15,0,0
/global/archives/18283,bing,3,3,1,46.666666666666664,12,0,0
/global/archives/18283,skinnovation.com,3,2,1.5,30,11,0,0
/global/archives/18374,linkedin.com,3,2,1.5,0,11,0,0
/global/archives/18388,googleadservices.com,3,3,1,0,6,0,0
/global/archives/18436,app.contify.com,3,2,1.5,28.5,12,0,0
/global/archives/18478,bing,3,2,1.5,13.5,13,0,0
/global/archives/3820,bing,3,3,1,31,12,0,0
/global/archives/4751,google,3,3,1,8.666666666666666,14,0,0
/global/archives/6504,(direct),3,1,3,18,11,0,0
/global/archives/7761,google,3,2,1.5,8,9,0,0
/global/archives/7961,google,3,3,1,230.66666666666666,14,0,0
/global/archives/9509,google,3,3,1,25.333333333333332,15,0,0
/global/archives/9548,google,3,2,1.5,7,11,0,0
/global/archives/9668,(direct),3,3,1,12.333333333333334,16,0,0
/global/archives/9740,google,3,3,1,5.333333333333333,11,0,0
/global/archives/category/corporates,bing,3,2,1.5,3.5,12,0,0
/global/archives/category/corporates,chn.sk-on.com,3,1,3,76,11,0,0
/global/archives/category/corporates,cn.bing.com,3,3,1,9.333333333333334,9,0,0
/global/archives/category/corporates,skinnovation.com,3,2,1.5,9.5,12,0,0
/global/archives/category/corporates/sk-energy,cn.bing.com,3,2,1.5,8.5,9,0,0
/global/archives/category/corporates/sk-geo-centric,google,3,3,1,1,10,0,0
/global/archives/category/corporates/sk-innovation,bing,3,2,1.5,23,12,0,0
/global/archives/category/corporates/sk-on,cn.bing.com,3,1,3,56,11,0,0
/global/archives/category/insight,skinnovation.com,3,3,1,9,11,0,0
/global/archives/category/press-room,(direct),3,3,1,14.666666666666666,11,0,0
/global/archives/tag/1-4-butanediol,google,3,1,3,14,13,0,0
/global/archives/tag/ecopro-bm,google,3,2,1.5,7.5,15,0,0
/global/archives/tag/energy-super-station,google,3,3,1,13.666666666666666,16,0,0
/global/archives/tag/germany,google,3,2,1.5,28,15,0,0
/global/archives/tag/hr-manager,google,3,1,3,26,14,0,0
/global/archives/tag/sko,google,3,3,1,4,15,0,0
/global/archives/tag/sk综合化学,google,3,2,1.5,19.5,14,0,0
/global/archives/tag/solid-power,google,3,3,1,26.666666666666668,16,0,0
/global/latestnews,linkedin.com,3,1,3,0,13,0,0
/global/latestnews,skinnovation.com,3,3,1,24.666666666666668,12,0,0
/global/terms-and-conditions,(direct),3,2,1.5,21.5,12,0,0
/global/,kimi.moonshot.cn,2,1,2,11,8,0,0
/global/,skenergy.com,2,1,2,8,9,0,0
/global/404,(direct),2,1,2,7,9,0,0
/global/404,google,2,1,2,4,8,0,0
/global/archives/10328,google,2,1,2,117,8,0,0
/global/archives/10511,google,2,2,1,33.5,7,0,0
/global/archives/10535,google,2,2,1,20.5,10,0,0
/global/archives/10767,google,2,2,1,57,10,0,0
/global/archives/10872,google,2,2,1,111,9,0,0
/global/archives/10913,google,2,2,1,18.5,8,0,0
/global/archives/11237,google,2,1,2,22,8,0,0
/global/archives/11537,(direct),2,1,2,53,6,0,0
/global/archives/11537,skenergy.com,2,1,2,218,8,0,0
/global/archives/11537,skincheonpetrochem.com,2,2,1,111,10,0,0
/global/archives/11537,sktradinginternational.com,2,1,2,56,8,0,0
/global/archives/11807,google,2,2,1,100,10,0,0
/global/archives/11916,google,2,2,1,10,7,0,0
/global/archives/12022,(direct),2,3,0.6666666666666666,11.333333333333334,9,0,0
/global/archives/12036,google,2,2,1,5,9,0,0
/global/archives/12106,(direct),2,2,1,3.5,7,0,0
/global/archives/12220,(direct),2,2,1,23,12,0,0
/global/archives/12389,google,2,2,1,0.5,9,0,0
/global/archives/12475,google,2,1,2,188,7,0,0
/global/archives/12603,skenmove.com,2,2,1,3,8,0,0
/global/archives/12603,skincheonpetrochem.com,2,1,2,11,8,0,0
/global/archives/12667,(direct),2,2,1,172.5,11,0,0
/global/archives/12878,google,2,2,1,0,8,0,0
/global/archives/13374,(direct),2,2,1,0,8,0,0
/global/archives/13748,google,2,2,1,16,9,0,0
/global/archives/13780,(direct),2,2,1,5.5,9,0,0
/global/archives/13795,google,2,2,1,24,8,0,0
/global/archives/13804,google,2,2,1,107.5,11,0,0
/global/archives/13850,google,2,1,2,79,8,0,0
/global/archives/13981,google,2,2,1,0.5,11,0,0
/global/archives/14065,(direct),2,2,1,12,8,0,0
/global/archives/14179,google,2,2,1,10,7,0,0
/global/archives/14219,google,2,2,1,38.5,11,0,0
/global/archives/14309,(direct),2,2,1,6,8,0,0
/global/archives/14309,google,2,1,2,42,6,0,0
/global/archives/14333,(direct),2,2,1,0,8,0,0
/global/archives/14333,google,2,1,2,50,9,0,0
/global/archives/14415,google,2,2,1,26.5,9,0,0
/global/archives/14541,google,2,1,2,332,7,0,0
/global/archives/14565,google,2,2,1,11.5,6,0,0
/global/archives/14755를,google,2,2,1,2.5,10,0,0
/global/archives/14766,(direct),2,2,1,0.5,8,0,0
/global/archives/1493,google,2,2,1,6.5,9,0,0
/global/archives/15007,google,2,2,1,21.5,11,0,0
/global/archives/15153,google,2,2,1,0,7,0,0
/global/archives/15353,(not set),2,2,1,237.5,6,0,0
/global/archives/15623,baidu,2,2,1,0,6,0,0
/global/archives/15623,google,2,1,2,0,7,0,0
/global/archives/15664,bing,2,2,1,0,6,0,0
/global/archives/15664,citivelocity.com,2,1,2,39,9,0,0
/global/archives/15760,google,2,2,1,10.5,8,0,0
/global/archives/16154,google,2,1,2,162,8,0,0
/global/archives/16286,(direct),2,2,1,47,9,0,0
/global/archives/16286,google,2,2,1,4.5,8,0,0
/global/archives/16834,(direct),2,1,2,318,9,0,0
/global/archives/16904,cn.bing.com,2,1,2,59,8,0,0
/global/archives/16970,(direct),2,2,1,74.5,8,0,0
/global/archives/17010,eng.sk-on.com,2,1,2,14,8,0,0
/global/archives/17047,(not set),2,1,2,0,2,0,0
/global/archives/17144,google,2,2,1,9,7,0,0
/global/archives/17169,(direct),2,2,1,12.5,8,0,0
/global/archives/17386,google,2,2,1,26,11,0,0
/global/archives/17426,bing,2,2,1,8,10,0,0
/global/archives/17426,cn.bing.com,2,1,2,12,10,0,0
/global/archives/17426,skinnovation.com,2,2,1,3,6,0,0
/global/archives/17446,(direct),2,2,1,7,7,0,0
/global/archives/17623,(direct),2,2,1,0,8,0,0
/global/archives/17817,(direct),2,1,2,0,5,0,0
/global/archives/18167,(direct),2,2,1,2.5,8,0,0
/global/archives/18283,linkedin.com,2,2,1,0,9,0,0
/global/archives/18361,linkedin.com,2,2,1,0,7,0,0
/global/archives/18374,chn.sk-on.com,2,1,2,41,8,0,0
/global/archives/18374,news.google.com,2,2,1,0,6,0,0
/global/archives/18388,skinnovation.com,2,2,1,397,8,0,0
/global/archives/18421,eng.skgeocentric.com,2,2,1,19.5,8,0,0
/global/archives/18421,euc-excel.officeapps.live.com,2,1,2,1,7,0,0
/global/archives/18421,googleadservices.com,2,2,1,0,4,0,0
/global/archives/18436,chn.sk-on.com,2,1,2,18,6,0,0
/global/archives/18436,skinnovation.com,2,2,1,8.5,6,0,0
/global/archives/18445,link.naver.com,2,1,2,1355,8,0,0
/global/archives/18478,(not set),2,4,0.5,12.25,8,0,0
/global/archives/18478,app.contify.com,2,1,2,26,7,0,0
/global/archives/18478,athena.co.in,2,1,2,15,9,0,0
/global/archives/18478,gateway.zscalerthree.net,2,1,2,1,8,0,0
/global/archives/18478,www-teslarati-com.cdn.ampproject.org,2,2,1,8,9,0,0
/global/archives/2576,google,2,1,2,170,9,0,0
/global/archives/311,google,2,1,2,5,11,0,0
/global/archives/3820,(direct),2,2,1,28.5,10,0,0
/global/archives/4308,google,2,2,1,2,9,0,0
/global/archives/4612,bing,2,2,1,75,9,0,0
/global/archives/4612,google,2,2,1,74,9,0,0
/global/archives/4844,google,2,2,1,18.5,9,0,0
/global/archives/489,google,2,2,1,109.5,10,0,0
/global/archives/4921,google,2,2,1,50,10,0,0
/global/archives/497,google,2,2,1,15.5,10,0,0
/global/archives/507,google,2,1,2,8,10,0,0
/global/archives/5339,google,2,2,1,173.5,10,0,0
/global/archives/5357,google,2,2,1,26,8,0,0
/global/archives/6216,bing,2,2,1,35,11,0,0
/global/archives/6313,google,2,2,1,6,8,0,0
/global/archives/6658,google,2,1,2,0,8,0,0
/global/archives/6710,google,2,2,1,12,8,0,0
/global/archives/6870,google,2,1,2,23,8,0,0
/global/archives/7168,google,2,2,1,24,8,0,0
/global/archives/7245,(direct),2,2,1,1.5,9,0,0
/global/archives/7245,google,2,2,1,0,4,0,0
/global/archives/7292,google,2,2,1,120,10,0,0
/global/archives/7319,google,2,2,1,0,7,0,0
/global/archives/733,google,2,2,1,14,8,0,0
/global/archives/7445,google,2,2,1,2.5,9,0,0
/global/archives/7476,google,2,2,1,44,9,0,0
/global/archives/7740,bing,2,1,2,153,8,0,0
/global/archives/7761,bing,2,1,2,97,8,0,0
/global/archives/7794,(direct),2,1,2,601,8,0,0
/global/archives/7906,google,2,2,1,33.5,11,0,0
/global/archives/7991,skenergy.com,2,1,2,198,8,0,0
/global/archives/8400,google,2,2,1,8.5,9,0,0
/global/archives/8899,google,2,2,1,47.5,11,0,0
/global/archives/9616,sktradinginternational.com,2,2,1,0,10,0,0
/global/archives/9695,google,2,1,2,278,9,0,0
/global/archives/9951,skenergy.com,2,1,2,78,8,0,0
/global/archives/9978,(direct),2,1,2,51,7,0,0
/global/archives/category/corporate/sk-on,bing,2,1,2,25,7,0,0
/global/archives/category/corporates,googleadservices.com,2,2,1,0,6,0,0
/global/archives/category/corporates/sk-energy,bing,2,1,2,6,8,0,0
/global/archives/category/corporates/sk-enmove,google,2,2,1,55,8,0,0
/global/archives/category/corporates/sk-geo-centric,cn.bing.com,2,1,2,124,8,0,0
/global/archives/category/corporates/sk-rading-international,google,2,2,1,12.5,6,0,0
/global/archives/category/insight,chn.sk-on.com,2,1,2,10,6,0,0
/global/archives/category/insight,eng.sk-on.com,2,1,2,12,7,0,0
/global/archives/category/people,usc-excel.officeapps.live.com,2,1,2,3,8,0,0
/global/archives/category/people/ceo-leaders,google,2,2,1,7.5,9,0,0
/global/archives/category/people/onsite-report,google,2,2,1,5.5,8,0,0
/global/archives/category/people/sustainability,skinnovation.com,2,1,2,19,7,0,0
/global/archives/category/press-room,chn.sk-on.com,2,2,1,9.5,8,0,0
/global/archives/category/press-room,eng.sk-on.com,2,1,2,6,6,0,0
/global/archives/category/press-room/financial-results,bing,2,2,1,20.5,9,0,0
/global/archives/tag/battery-monitoring-integrated-circuit,google,2,1,2,47,8,0,0
/global/archives/tag/biofuel,google,2,1,2,320,6,0,0
/global/archives/tag/board-of-directors,google,2,1,2,9,9,0,0
/global/archives/tag/europe,google,2,2,1,8.5,10,0,0
/global/archives/tag/ev-battery,google,2,1,2,28,9,0,0
/global/archives/tag/financial-results,bing,2,1,2,2,9,0,0
/global/archives/tag/global-forum,google,2,2,1,10,8,0,0
/global/archives/tag/green-bonds,google,2,1,2,21,9,0,0
/global/archives/tag/ivancsa,google,2,2,1,11.5,10,0,0
/global/archives/tag/lithium-ion-battery,google,2,2,1,52,11,0,0
/global/archives/tag/mdi,google,2,1,2,6,8,0,0
/global/archives/tag/ncm811,google,2,1,2,9,9,0,0
/global/archives/tag/ncm9,google,2,2,1,9.5,10,0,0
/global/archives/tag/northvolt,google,2,1,2,14,9,0,0
/global/archives/tag/orevac,google,2,1,2,121,9,0,0
/global/archives/tag/shanghai,google,2,2,1,3.5,10,0,0
/global/archives/tag/singapore,google,2,1,2,18,9,0,0
/global/archives/tag/sk-hi-tech-battery-materials-poland,google,2,1,2,7,7,0,0
/global/archives/tag/skba,google,2,2,1,5,9,0,0
/global/archives/tag/skba,search1.me,2,1,2,23,7,0,0
/global/archives/tag/skbmp,google,2,2,1,36.5,10,0,0
/global/archives/tag/skea,google,2,2,1,14.5,11,0,0
/global/archives/tag/skei-singapore,google,2,2,1,3.5,8,0,0
/global/archives/tag/skipc,google,2,2,1,12.5,10,0,0
/global/archives/tag/tesla,google,2,1,2,11,8,0,0
/global/archives/tag/中韩石化,google,2,2,1,6,10,0,0
/global/latestnews,eng.sk-on.com,2,1,2,51,5,0,0
/global/privacy-policy,google,2,2,1,2.5,5,0,0
/global/terms-and-conditions,skinnovation.com,2,1,2,1,7,0,0
/global/terms-and-conditions,sktradinginternational.com,2,1,2,19,8,0,0
/global/,baidu,1,1,1,0,3,0,0
/global/,chn.skearthon.com,1,1,1,17,5,0,0
/global/,electrive.com,1,1,1,30,4,0,0
/global/,electrive.net,1,1,1,1,4,0,0
/global/,eng.skearthon.com,1,1,1,44,6,0,0
/global/,eng.skietechnology.com,1,1,1,67,5,0,0
/global/,newsletter,1,1,1,70,5,0,0
/global/,perplexity.ai,1,1,1,22,5,0,0
/global/archives/,chatgpt.com,1,1,1,4,6,0,0
/global/archives/10159,google,1,1,1,21,5,0,0
/global/archives/10264,google,1,1,1,49,6,0,0
/global/archives/10310,bing,1,1,1,42,4,0,0
/global/archives/1043,google,1,1,1,15,5,0,0
/global/archives/10460,google,1,1,1,33,5,0,0
/global/archives/10610,(direct),1,1,1,8,5,0,0
/global/archives/10697,google,1,1,1,5,5,0,0
/global/archives/10802,google,1,1,1,56,5,0,0
/global/archives/10835,bing,1,1,1,0,4,0,0
/global/archives/10835,google,1,1,1,19,3,0,0
/global/archives/10897,(direct),1,1,1,72,4,0,0
/global/archives/10897,google,1,1,1,0,4,0,0
/global/archives/10913,skinnovation.com,1,1,1,14,3,0,0
/global/archives/10939,skenergy.com,1,1,1,219,4,0,0
/global/archives/10977,google,1,1,1,0,5,0,0
/global/archives/10985,linkedin.com,1,1,1,67,3,0,0
/global/archives/11004,bing,1,1,1,52,6,0,0
/global/archives/11004,google,1,1,1,41,4,0,0
/global/archives/11010,cn.bing.com,1,1,1,13,6,0,0
/global/archives/11037,(direct),1,1,1,0,4,0,0
/global/archives/11037,google,1,1,1,101,5,0,0
/global/archives/11058,google,1,1,1,3,5,0,0
/global/archives/11087,bing,1,1,1,0,4,0,0
/global/archives/11147,google,1,1,1,12,5,0,0
/global/archives/11147,sktradinginternational.com,1,1,1,0,5,0,0
/global/archives/11180,google,1,1,1,158,5,0,0
/global/archives/11189,skenergy.com,1,1,1,39,4,0,0
/global/archives/11400,(direct),1,1,1,0,4,0,0
/global/archives/11400,google,1,1,1,308,5,0,0
/global/archives/11415,google,1,1,1,23,5,0,0
/global/archives/11415,usc-excel.officeapps.live.com,1,1,1,0,7,0,0
/global/archives/11475,google,1,1,1,10,6,0,0
/global/archives/11512,sktradinginternational.com,1,1,1,3,4,0,0
/global/archives/11527,(direct),1,1,1,18,5,0,0
/global/archives/1175,google,1,1,1,0,2,0,0
/global/archives/11807,(direct),1,1,1,0,4,0,0
/global/archives/11830,(direct),1,1,1,37,4,0,0
/global/archives/11853,usc-excel.officeapps.live.com,1,1,1,9,3,0,0
/global/archives/11937,google,1,1,1,30,4,0,0
/global/archives/11992,google,1,1,1,6,5,0,0
/global/archives/12022,in.search.yahoo.com,1,1,1,52,6,0,0
/global/archives/12091,google,1,1,1,40,5,0,0
/global/archives/12190,google,1,1,1,18,5,0,0
/global/archives/12190,usc-excel.officeapps.live.com,1,1,1,122,4,0,0
/global/archives/12220,bing,1,1,1,0,4,0,0
/global/archives/12306,bing,1,1,1,62,5,0,0
/global/archives/12306,news.google.com,1,1,1,0,3,0,0
/global/archives/12373,google,1,1,1,30,4,0,0
/global/archives/12373,skenmove.com,1,1,1,0,2,0,0
/global/archives/12471,bing,1,1,1,5,4,0,0
/global/archives/1257,google,1,1,1,0,6,0,0
/global/archives/1257,skinnovation.com,1,1,1,87,3,0,0
/global/archives/12603,skenergy.com,1,1,1,51,4,0,0
/global/archives/12603,skinnovation.com,1,1,1,9,4,0,0
/global/archives/12688,google,1,1,1,0,4,0,0
/global/archives/12692,google,1,1,1,102,7,0,0
/global/archives/12878,skenergy.com,1,1,1,240,4,0,0
/global/archives/12878,skinnovation.com,1,1,1,941,3,0,0
/global/archives/13103,google,1,1,1,2,5,0,0
/global/archives/13153,google,1,1,1,1,4,0,0
/global/archives/13230,google,1,1,1,0,4,0,0
/global/archives/13329,google,1,1,1,5,5,0,0
/global/archives/13443,google,1,1,1,0,3,0,0
/global/archives/13513,(not set),1,1,1,80,3,0,0
/global/archives/13513,google,1,1,1,49,5,0,0
/global/archives/13521,duckduckgo,1,1,1,210,6,0,0
/global/archives/13521,electrive.net,1,1,1,19,5,0,0
/global/archives/13544,electrive.net,1,1,1,17,4,0,0
/global/archives/13595,bing,1,1,1,0,3,0,0
/global/archives/13595,electrive.net,1,1,1,71,4,0,0
/global/archives/13667,electrive.net,1,1,1,9,4,0,0
/global/archives/13669,electrive.net,1,1,1,27,4,0,0
/global/archives/13669,google,1,1,1,3,3,0,0
/global/archives/13748,electrive.net,1,1,1,16,4,0,0
/global/archives/13748,skinnovation.com,1,1,1,17,3,0,0
/global/archives/13780,electrive.net,1,1,1,11,4,0,0
/global/archives/13795,electrive.net,1,1,1,20,4,0,0
/global/archives/13804,bing,1,1,1,37,5,0,0
/global/archives/13804,cn.bing.com,1,1,1,20,5,0,0
/global/archives/13804,electrive.net,1,1,1,7,4,0,0
/global/archives/13850,electrive.net,1,1,1,55,4,0,0
/global/archives/13879,electrive.net,1,1,1,13,4,0,0
/global/archives/13881,electrive.net,1,1,1,6,4,0,0
/global/archives/13932,electrive.net,1,1,1,17,4,0,0
/global/archives/13932,google,1,1,1,130,5,0,0
/global/archives/13981,electrive.net,1,1,1,16,4,0,0
/global/archives/1399,google,1,1,1,5,3,0,0
/global/archives/14004,electrive.net,1,1,1,12,4,0,0
/global/archives/14004,google,1,1,1,0,4,0,0
/global/archives/14030,electrive.net,1,1,1,88,4,0,0
/global/archives/14030,google,1,1,1,2,5,0,0
/global/archives/14065,electrive.net,1,1,1,6,4,0,0
/global/archives/14065,linkedin.com,1,0,0,0,2,0,0
/global/archives/14078,electrive.net,1,1,1,6,4,0,0
/global/archives/14078,google,1,1,1,66,4,0,0
/global/archives/14083,cn.bing.com,1,1,1,24,4,0,0
/global/archives/14491,(direct),1,1,1,0,4,0,0
/global/archives/14491,eng.skietechnology.com,1,1,1,158,4,0,0
/global/archives/14491,fahnd.com,1,0,0,0,3,0,0
/global/archives/14491,skinnovation.com,1,1,1,157,6,0,0
/global/archives/14493,(direct),1,1,1,0,4,0,0
/global/archives/14615,google,1,1,1,0,3,0,0
/global/archives/14634,(direct),1,1,1,0,4,0,0
/global/archives/14668,eng.sk-on.com,1,1,1,6,4,0,0
/global/archives/14688,google,1,1,1,19,5,0,0
/global/archives/14755,(direct),1,1,1,0,8,0,0
/global/archives/14755,bing,1,1,1,83,5,0,0
/global/archives/14755,naver,1,1,1,0,3,0,0
/global/archives/14755,teslarati.com,1,1,1,5,4,0,0
/global/archives/14800,(direct),1,1,1,27,4,0,0
/global/archives/14800,linkedin.com,1,1,1,0,2,0,0
/global/archives/14800,teslarati.com,1,1,1,140,4,0,0
/global/archives/14803,google,1,1,1,13,4,0,0
/global/archives/14803,yahoo,1,1,1,4,4,0,0
/global/archives/14896,google,1,1,1,59,5,0,0
/global/archives/14962,google,1,1,1,9,5,0,0
/global/archives/15067,zalo,1,1,1,0,4,0,0
/global/archives/15259,google,1,1,1,0,3,0,0
/global/archives/15259,news.google.com,1,1,1,0,3,0,0
/global/archives/15409,google,1,1,1,2,3,0,0
/global/archives/15490,(not set),1,1,1,44,6,0,0
/global/archives/15490,bing,1,1,1,0,4,0,0
/global/archives/15497,news.google.com,1,1,1,0,3,0,0
/global/archives/15574,google,1,1,1,16,5,0,0
/global/archives/15574,yahoo,1,1,1,18,6,0,0
/global/archives/15610,google,1,1,1,32,4,0,0
/global/archives/15623,cn.bing.com,1,1,1,22,5,0,0
/global/archives/15654,google,1,1,1,0,3,0,0
/global/archives/15664,eng.sk-on.com,1,1,1,2,4,0,0
/global/archives/15687,(direct),1,1,1,0,4,0,0
/global/archives/15687,in.search.yahoo.com,1,1,1,47,4,0,0
/global/archives/15865,(direct),1,0,0,0,2,0,0
/global/archives/15865,google,1,1,1,103,4,0,0
/global/archives/15902,google,1,1,1,0,6,0,0
/global/archives/15937ARC Resources news,google,1,1,1,0,3,0,0
/global/archives/15985,google,1,1,1,16,5,0,0
/global/archives/16005,google,1,1,1,29,5,0,0
/global/archives/16025,search.brave.com,1,1,1,54,5,0,0
/global/archives/16060,bing,1,1,1,35,5,0,0
/global/archives/16073,google,1,1,1,35,4,0,0
/global/archives/16118,google,1,1,1,20,6,0,0
/global/archives/16131,(direct),1,1,1,4,3,0,0
/global/archives/16131,cn.bing.com,1,1,1,77,4,0,0
/global/archives/16154,(direct),1,1,1,0,4,0,0
/global/archives/16169,google,1,1,1,29,6,0,0
/global/archives/16187,google,1,1,1,12,5,0,0
/global/archives/16334,eng.sk-on.com,1,1,1,31,4,0,0
/global/archives/16334,google,1,1,1,51,5,0,0
/global/archives/16334,news.google.com,1,1,1,0,4,0,0
/global/archives/16480,news.google.com,1,0,0,0,3,0,0
/global/archives/16493,(direct),1,1,1,0,4,0,0
/global/archives/16532,linkedin.com,1,1,1,0,2,0,0
/global/archives/16563,google,1,1,1,6,7,0,0
/global/archives/16583,google,1,1,1,46,4,0,0
/global/archives/16613,news.google.com,1,1,1,0,3,0,0
/global/archives/16613,youtube.com,1,0,0,0,2,0,0
/global/archives/16719,cn.bing.com,1,1,1,41,4,0,0
/global/archives/16738,google,1,1,1,4,4,0,0
/global/archives/16787,(direct),1,1,1,18,4,0,0
/global/archives/16834,bing,1,1,1,0,4,0,0
/global/archives/16834,skincheonpetrochem.com,1,1,1,0,5,0,0
/global/archives/16834,yahoo,1,1,1,35,5,0,0
/global/archives/16925,eng.skearthon.com,1,1,1,34,4,0,0
/global/archives/16939,skinnovation.com,1,1,1,24,4,0,0
/global/archives/16952,(direct),1,1,1,15,4,0,0
/global/archives/16952,google,1,1,1,2,5,0,0
/global/archives/16970,baidu,1,1,1,9,4,0,0
/global/archives/16980,(direct),1,1,1,5,4,0,0
/global/archives/17010,(direct),1,1,1,54,4,0,0
/global/archives/17010,chn.sk-on.com,1,1,1,8,2,0,0
/global/archives/17010,google,1,1,1,32,3,0,0
/global/archives/17022,(direct),1,1,1,237,4,0,0
/global/archives/17134,google,1,1,1,39,4,0,0
/global/archives/17144,(not set),1,1,1,0,3,0,0
/global/archives/17144,news.google.com,1,1,1,0,3,0,0
/global/archives/17169,bing,1,1,1,0,4,0,0
/global/archives/17169,eng.sk-on.com,1,1,1,2,4,0,0
/global/archives/17216,cn.bing.com,1,1,1,0,1,0,0
/global/archives/17216,electrive.com,1,1,1,0,3,0,0
/global/archives/1722,google,1,1,1,4,4,0,0
/global/archives/17292,(direct),1,1,1,13,3,0,0
/global/archives/17292,skincheonpetrochem.com,1,1,1,12,4,0,0
/global/archives/17313,(direct),1,1,1,83,4,0,0
/global/archives/17313,bing,1,1,1,17,4,0,0
/global/archives/17313,google,1,1,1,4,3,0,0
/global/archives/17313,skenmove.com,1,1,1,13,3,0,0
/global/archives/17356,in.search.yahoo.com,1,1,1,53,4,0,0
/global/archives/17356,skenmove.com,1,1,1,0,4,0,0
/global/archives/17386,skincheonpetrochem.com,1,1,1,9,4,0,0
/global/archives/17426,eng.skearthon.com,1,1,1,248,4,0,0
/global/archives/17460,(direct),1,1,1,0,4,0,0
/global/archives/17476,(direct),1,1,1,0,4,0,0
/global/archives/17476,cn.bing.com,1,1,1,39,4,0,0
/global/archives/17499,(direct),1,1,1,0,4,0,0
/global/archives/17499,lens.google.com,1,1,1,7,5,0,0
/global/archives/17595,eng.sk-on.com,1,1,1,10,4,0,0
/global/archives/17623,(not set),1,2,0.5,22.5,4,0,0
/global/archives/17844,skinnovation.com,1,1,1,0,4,0,0
/global/archives/17863,(direct),1,1,1,562,3,0,0
/global/archives/17863,chn.sk-on.com,1,1,1,12,3,0,0
/global/archives/17863,google,1,1,1,24,5,0,0
/global/archives/17863,linkedin.com,1,1,1,0,4,0,0
/global/archives/17893,google,1,1,1,2,6,0,0
/global/archives/17893,skincheonpetrochem.com,1,1,1,5,4,0,0
/global/archives/17965,(direct),1,1,1,100,3,0,0
/global/archives/17965,google,1,1,1,2,4,0,0
/global/archives/17978,chn.sk-on.com,1,1,1,12,2,0,0
/global/archives/17989,(direct),1,1,1,6,4,0,0
/global/archives/17989,(not set),1,1,1,5,4,0,0
/global/archives/17989,bing,1,1,1,24,5,0,0
/global/archives/17990,cn.bing.com,1,1,1,39,4,0,0
/global/archives/18065,(not set),1,1,1,6,3,0,0
/global/archives/18065,bing,1,1,1,40,4,0,0
/global/archives/18065,reddit.com,1,1,1,47,5,0,0
/global/archives/18065,sktradinginternational.com,1,1,1,18,4,0,0
/global/archives/18076,skinnovation.com,1,1,1,0,4,0,0
/global/archives/18107,(direct),1,1,1,434,5,0,0
/global/archives/18140,skenergy.com,1,1,1,417,3,0,0
/global/archives/18140,skinnovation.co.kr,1,1,1,0,6,0,0
/global/archives/18167,skinnovation.com,1,1,1,3,4,0,0
/global/archives/18268,google,1,1,1,0,4,0,0
/global/archives/18283,(not set),1,1,1,18,4,0,0
/global/archives/18283,insideevs.de,1,1,1,0,4,0,0
/global/archives/18283,statics.teams.cdn.office.net,1,1,1,44,4,0,0
/global/archives/18301,chn.sk-on.com,1,1,1,27,4,0,0
/global/archives/18301,google,1,1,1,139,4,0,0
/global/archives/18301,linkedin.com,1,1,1,6,5,0,0
/global/archives/18332,(not set),1,1,1,32,4,0,0
/global/archives/18332,chn.sk-on.com,1,1,1,13,2,0,0
/global/archives/18332,cn.bing.com,1,1,1,44,4,0,0
/global/archives/18332,google,1,1,1,43,4,0,0
/global/archives/18332,link.naver.com,1,1,1,1243,4,0,0
/global/archives/18361,bing,1,1,1,13,4,0,0
/global/archives/18361,cn.bing.com,1,1,1,123,4,0,0
/global/archives/18361,eng.sk-on.com,1,1,1,0,3,0,0
/global/archives/18361,skenmove.com,1,1,1,0,1,0,0
/global/archives/18361,skincheonpetrochem.com,1,1,1,25,3,0,0
/global/archives/18374,bing,1,1,1,0,4,0,0
/global/archives/18374,cn.bing.com,1,1,1,26,4,0,0
/global/archives/18374,electrive.com,1,1,1,39,4,0,0
/global/archives/18374,eng.sk-on.com,1,1,1,0,2,0,0
/global/archives/18388,cn.bing.com,1,1,1,39,4,0,0
/global/archives/18421,cn.bing.com,1,1,1,33,3,0,0
/global/archives/18436,(not set),1,1,1,270,4,0,0
/global/archives/18436,athena.co.in,1,1,1,5,4,0,0
/global/archives/18436,bing,1,1,1,15,3,0,0
/global/archives/18436,eng.skgeocentric.com,1,1,1,0,3,0,0
/global/archives/18436,skincheonpetrochem.com,1,1,1,91,4,0,0
/global/archives/18436,sktradinginternational.com,1,1,1,17,4,0,0
/global/archives/18445,(not set),1,1,1,0,2,0,0
/global/archives/18445,beyondweb.ixxo.fr,1,1,1,0,5,0,0
/global/archives/18445,eng.skgeocentric.com,1,1,1,23,4,0,0
/global/archives/18445,lnkd.in,1,1,1,66,5,0,0
/global/archives/18445,ozmailer.com,1,1,1,6,4,0,0
/global/archives/18445,usc-excel.officeapps.live.com,1,1,1,2,4,0,0
/global/archives/18478,electrive.com,1,1,1,21,4,0,0
/global/archives/18478,eng.sk-on.com,1,1,1,35,4,0,0
/global/archives/18478,eng.skgeocentric.com,1,1,1,1,4,0,0
/global/archives/18478,lnkd.in,1,1,1,0,6,0,0
/global/archives/18478,ozmailer.com,1,1,1,13,4,0,0
/global/archives/2026,google,1,1,1,18,5,0,0
/global/archives/2329,bing,1,1,1,62,4,0,0
/global/archives/2329,google,1,1,1,0,6,0,0
/global/archives/2490,google,1,1,1,36,5,0,0
/global/archives/2701,google,1,1,1,88,6,0,0
/global/archives/2756,google,1,1,1,0,3,0,0
/global/archives/3005,google,1,1,1,4,5,0,0
/global/archives/3123,google,1,1,1,5,5,0,0
/global/archives/3158,(direct),1,1,1,0,6,0,0
/global/archives/3393,(direct),1,1,1,1,5,0,0
/global/archives/3393,google,1,1,1,12,5,0,0
/global/archives/3464,(direct),1,1,1,0,4,0,0
/global/archives/3473,google,1,1,1,0,4,0,0
/global/archives/3674,(direct),1,1,1,19,5,0,0
/global/archives/3674,google,1,1,1,11,5,0,0
/global/archives/3709,bing,1,1,1,0,6,0,0
/global/archives/3709,mergermarket.ionanalytics.com,1,1,1,0,6,0,0
/global/archives/3709,mobilityforesights.com,1,1,1,87,5,0,0
/global/archives/3772,google,1,1,1,34,5,0,0
/global/archives/3820,(not set),1,3,0.3333333333333333,73,7,0,0
/global/archives/3820,www4.bing.com,1,1,1,0,3,0,0
/global/archives/3859,google,1,1,1,57,5,0,0
/global/archives/3962,bing,1,1,1,10,5,0,0
/global/archives/401,google,1,1,1,0,4,0,0
/global/archives/4077,google,1,1,1,54,5,0,0
/global/archives/4110,google,1,1,1,32,6,0,0
/global/archives/417,google,1,1,1,55,4,0,0
/global/archives/4218,google,1,1,1,10,5,0,0
/global/archives/4360,google,1,1,1,153,6,0,0
/global/archives/4499,(direct),1,1,1,0,2,0,0
/global/archives/4728,(direct),1,1,1,0,2,0,0
/global/archives/4829,google,1,1,1,49,4,0,0
/global/archives/4844,bing,1,1,1,0,3,0,0
/global/archives/5040,google,1,1,1,7,5,0,0
/global/archives/5247,google,1,1,1,3,5,0,0
/global/archives/5310,(direct),1,1,1,1,3,0,0
/global/archives/549,google,1,1,1,14,5,0,0
/global/archives/564,(direct),1,1,1,0,5,0,0
/global/archives/5893,google,1,1,1,66,5,0,0
/global/archives/6014,google,1,1,1,0,4,0,0
/global/archives/6150,skincheonpetrochem.com,1,1,1,43,5,0,0
/global/archives/6150,sktradinginternational.com,1,1,1,63,4,0,0
/global/archives/6216,(direct),1,1,1,0,4,0,0
/global/archives/6216,(not set),1,1,1,0,3,0,0
/global/archives/6253,(direct),1,1,1,44,5,0,0
/global/archives/6313,(direct),1,1,1,4,5,0,0
/global/archives/6377,google,1,1,1,9,5,0,0
/global/archives/6480,lens.google.com,1,1,1,9,5,0,0
/global/archives/6503,(direct),1,1,1,2,4,0,0
/global/archives/6734,google,1,1,1,18,4,0,0
/global/archives/6760,google,1,1,1,110,6,0,0
/global/archives/6807,google,1,1,1,0,4,0,0
/global/archives/6824,(direct),1,1,1,44,6,0,0
/global/archives/6824,bing,1,1,1,140,6,0,0
/global/archives/6834,(direct),1,1,1,0,6,0,0
/global/archives/6834,bing,1,1,1,54,7,0,0
/global/archives/6834,google,1,1,1,35,5,0,0
/global/archives/7043,(direct),1,1,1,12,5,0,0
/global/archives/7043,google,1,1,1,144,6,0,0
/global/archives/7168,bing,1,1,1,88,5,0,0
/global/archives/7292,skenergy.com,1,1,1,0,1,0,0
/global/archives/7302,google,1,1,1,32,6,0,0
/global/archives/7353,google,1,1,1,0,4,0,0
/global/archives/7379,skincheonpetrochem.com,1,1,1,16,3,0,0
/global/archives/7476,(direct),1,0,0,0,3,0,0
/global/archives/7775,google,1,0,0,0,3,0,0
/global/archives/7775,skenergy.com,1,1,1,13,3,0,0
/global/archives/7991,google,1,1,1,44,4,0,0
/global/archives/8046,bing,1,1,1,16,5,0,0
/global/archives/8105,google,1,1,1,0,4,0,0
/global/archives/8152,google,1,1,1,0,6,0,0
/global/archives/822,google,1,1,1,64,6,0,0
/global/archives/8310,(direct),1,1,1,3,4,0,0
/global/archives/8310,google,1,1,1,22,4,0,0
/global/archives/8327,(direct),1,1,1,20,3,0,0
/global/archives/8350,news.google.com,1,1,1,0,3,0,0
/global/archives/8360,google,1,1,1,27,7,0,0
/global/archives/8599,google,1,1,1,86,5,0,0
/global/archives/8604,google,1,1,1,1,4,0,0
/global/archives/878,(direct),1,1,1,1,3,0,0
/global/archives/9096,(direct),1,1,1,140,4,0,0
/global/archives/9129,google,1,1,1,15,4,0,0
/global/archives/9310,google,1,1,1,37,5,0,0
/global/archives/9378,(direct),1,1,1,23,5,0,0
/global/archives/9480,google,1,1,1,0,4,0,0
/global/archives/9493,bing,1,1,1,0,4,0,0
/global/archives/9648,google,1,1,1,0,4,0,0
/global/archives/9786,google,1,1,1,122,3,0,0
/global/archives/9877,skenergy.com,1,1,1,25,4,0,0
/global/archives/9893,google,1,1,1,39,7,0,0
/global/archives/MTM3ODAoMj,(direct),1,1,1,0,5,0,0
/global/archives/category/ces/ces-2022-ces-2022,google,1,1,1,4,3,0,0
/global/archives/category/ces/ces-2023,google,1,1,1,3,4,0,0
/global/archives/category/ces/ces-2023,skincheonpetrochem.com,1,1,1,1,4,0,0
/global/archives/category/corporate/sk-energy,(direct),1,1,1,4,5,0,0
/global/archives/category/corporate/sk-energy,google,1,1,1,29,5,0,0
/global/archives/category/corporate/sk-energy,skenmove.com,1,1,1,69,4,0,0
/global/archives/category/corporate/sk-energy,sktradinginternational.com,1,1,1,22,3,0,0
/global/archives/category/corporate/sk-enmove,google,1,1,1,7,4,0,0
/global/archives/category/corporate/sk-enterm,bing,1,1,1,7,5,0,0
/global/archives/category/corporate/sk-on,cn.bing.com,1,1,1,25,3,0,0
/global/archives/category/corporate/sk-rading-international,sktradinginternational.com,1,1,1,23,3,0,0
/global/archives/category/corporates,eng.sk-on.com,1,1,1,8,4,0,0
/global/archives/category/corporates,usc-excel.officeapps.live.com,1,1,1,1,4,0,0
/global/archives/category/corporates/sk-earthon,linkedin.com,1,1,1,26,4,0,0
/global/archives/category/corporates/sk-energy,(not set),1,1,1,207,5,0,0
/global/archives/category/corporates/sk-energy,electrive.com,1,1,1,9,4,0,0
/global/archives/category/corporates/sk-energy,skinnovation.com,1,1,1,0,5,0,0
/global/archives/category/corporates/sk-enmove,(direct),1,1,1,79,5,0,0
/global/archives/category/corporates/sk-ie-technology,cn.bing.com,1,1,1,23,4,0,0
/global/archives/category/corporates/sk-incheon-petrochem,(not set),1,1,1,15,3,0,0
/global/archives/category/corporates/sk-incheon-petrochem,google,1,1,1,0,7,0,0
/global/archives/category/corporates/sk-incheon-petrochem,skincheonpetrochem.com,1,1,1,20,4,0,0
/global/archives/category/corporates/sk-innovation,(not set),1,1,1,0,2,0,0
/global/archives/category/corporates/sk-innovation,athena.co.in,1,1,1,1,3,0,0
/global/archives/category/corporates/sk-innovation,linkedin.com,1,1,1,0,2,0,0
/global/archives/category/corporates/sk-on,(not set),1,2,0.5,7,3,0,0
/global/archives/category/corporates/sk-on,bing,1,1,1,16,4,0,0
/global/archives/category/corporates/sk-on,usc-excel.officeapps.live.com,1,1,1,22,4,0,0
/global/archives/category/insight,(not set),1,1,1,10,3,0,0
/global/archives/category/insight,bing,1,1,1,8,3,0,0
/global/archives/category/insight,googleadservices.com,1,1,1,0,2,0,0
/global/archives/category/insight,skenmove.com,1,1,1,0,3,0,0
/global/archives/category/insight/expert-voice,bing,1,1,1,0,2,0,0
/global/archives/category/insight/expert-voice,google,1,1,1,0,5,0,0
/global/archives/category/insight/trend_report,cn.bing.com,1,1,1,35,4,0,0
/global/archives/category/insight/trend_report,skenergy.com,1,1,1,102,5,0,0
/global/archives/category/insight/trend_report,skinnovation.com,1,1,1,16,4,0,0
/global/archives/category/people,bing,1,1,1,5,3,0,0
/global/archives/category/people,chn.sk-on.com,1,1,1,11,4,0,0
/global/archives/category/people,cn.bing.com,1,1,1,52,7,0,0
/global/archives/category/people,googleads.g.doubleclick.net,1,1,1,0,4,0,0
/global/archives/category/people,linkedin.com,1,1,1,0,2,0,0
/global/archives/category/people,skinnovation.com,1,1,1,6,3,0,0
/global/archives/category/people/inno-people,(direct),1,1,1,17,4,0,0
/global/archives/category/people/inno-people,(not set),1,1,1,222,3,0,0
/global/archives/category/people/inno-people,cn.bing.com,1,1,1,2,2,0,0
/global/archives/category/people/inno-people,skincheonpetrochem.com,1,1,1,5,4,0,0
/global/archives/category/people/inno-people,skinnovation.com,1,1,1,3,4,0,0
/global/archives/category/people/sustainability,google,1,1,1,0,3,0,0
/global/archives/category/press-room,(not set),1,1,1,27,4,0,0
/global/archives/category/press-room,baidu,1,1,1,0,2,0,0
/global/archives/category/press-room,electrive.com,1,1,1,24,4,0,0
/global/archives/category/press-room,googleadservices.com,1,1,1,0,4,0,0
/global/archives/category/press-room,skincheonpetrochem.com,1,1,1,2,4,0,0
/global/archives/category/press-room,skinnovation.com,1,1,1,5,4,0,0
/global/archives/category/press-room,sktradinginternational.com,1,1,1,10,4,0,0
/global/archives/category/press-room,yahoo,1,1,1,6,3,0,0
/global/archives/category/press-room/financial-results,cn.bing.com,1,1,1,8,2,0,0
/global/archives/category/press-room/financial-results,skincheonpetrochem.com,1,1,1,25,4,0,0
/global/archives/category/press-room/issue-fact,(direct),1,1,1,5,4,0,0
/global/archives/category/press-room/issue-fact,skinnovation.com,1,1,1,10,4,0,0
/global/archives/category/press-room/press-release,azureford.sharepoint.com,1,1,1,11,5,0,0
/global/archives/category/press-room/press-release,citivelocity.com,1,1,1,21,4,0,0
/global/archives/category/press-room/press-release,skenmove.com,1,1,1,116,4,0,0
/global/archives/category/press-room/press-release,sktradinginternational.com,1,1,1,3,4,0,0
/global/archives/category/press-room/press-release,teslarati.com,1,1,1,21,4,0,0
/global/archives/tag/2022-q4,google,1,1,1,5,3,0,0
/global/archives/tag/2023-q4,google,1,1,1,4,5,0,0
/global/archives/tag/2023-sk-global-forum,naver,1,1,1,8,5,0,0
/global/archives/tag/advanced-sf-battery,google,1,1,1,9,4,0,0
/global/archives/tag/ambassadors-spouses-association-in-seoul,google,1,1,1,2,5,0,0
/global/archives/tag/atom-power,google,1,1,1,0,6,0,0
/global/archives/tag/autosilicon,google,1,1,1,6,4,0,0
/global/archives/tag/batteries,google,1,1,1,27,4,0,0
/global/archives/tag/battery,eng.skietechnology.com,1,1,1,194,4,0,0
/global/archives/tag/biodiversity,google,1,1,1,3,4,0,0
/global/archives/tag/bmr,google,1,1,1,10,5,0,0
/global/archives/tag/bmw,google,1,1,1,1,5,0,0
/global/archives/tag/ces-2024,google,1,1,1,8,6,0,0
/global/archives/tag/doosan,google,1,1,1,20,6,0,0
/global/archives/tag/dpf,google,1,1,1,29,5,0,0
/global/archives/tag/ecopro-bm,(direct),1,1,1,3,5,0,0
/global/archives/tag/ev-batteries,google,1,1,1,9,4,0,0
/global/archives/tag/exploration,google,1,1,1,5,4,0,0
/global/archives/tag/financial-results,eng.skearthon.com,1,1,1,7,4,0,0
/global/archives/tag/financial-story-financial-story,google,1,1,1,12,6,0,0
/global/archives/tag/ford,google,1,1,1,3,4,0,0
/global/archives/tag/future-mobility,google,1,1,1,8,6,0,0
/global/archives/tag/hg-initiative,google,1,1,1,0,4,0,0
/global/archives/tag/hydrogen,google,1,1,1,7,5,0,0
/global/archives/tag/inobus,google,1,1,1,4,5,0,0
/global/archives/tag/iscc,google,1,1,1,16,4,0,0
/global/archives/tag/iscc-plus,google,1,1,1,14,4,0,0
/global/archives/tag/komarom,google,1,1,1,5,4,0,0
/global/archives/tag/lfp,google,1,1,1,11,5,0,0
/global/archives/tag/lithium-ion-battery,(not set),1,1,1,64,4,0,0
/global/archives/tag/malaysia,google,1,1,1,0,4,0,0
/global/archives/tag/mobility,skinnovation.com,1,1,1,2,2,0,0
/global/archives/tag/mono-material-packaging,google,1,1,1,10,5,0,0
/global/archives/tag/msci,google,1,1,1,0,4,0,0
/global/archives/tag/oh-jong-hoon,google,1,1,1,5,4,0,0
/global/archives/tag/oil,(direct),1,1,1,25,4,0,0
/global/archives/tag/oil-depletion,(direct),1,1,1,55,4,0,0
/global/archives/tag/pcr,google,1,1,1,18,5,0,0
/global/archives/tag/plastic-recycling,cn.bing.com,1,1,1,57,4,0,0
/global/archives/tag/poe,google,1,1,1,0,2,0,0
/global/archives/tag/purecycle-technologies,google,1,1,1,10,5,0,0
/global/archives/tag/san-jose,yahoo,1,1,1,6,5,0,0
/global/archives/tag/separator,google,1,1,1,14,4,0,0
/global/archives/tag/sinopec-sk-wuhan-petrochemical,google,1,1,1,0,3,0,0
/global/archives/tag/sk-block-427,google,1,1,1,0,4,0,0
/global/archives/tag/sk-earthon-kuala-lumpur,google,1,1,1,28,6,0,0
/global/archives/tag/sk-global-chemical,google,1,1,1,13,5,0,0
/global/archives/tag/sk-global-forum,(not set),1,1,1,9,4,0,0
/global/archives/tag/sk-hi-tech-battery-materials-poland,yahoo,1,1,1,0,6,0,0
/global/archives/tag/sk-innovation,(direct),1,1,1,12,4,0,0
/global/archives/tag/sk-innovation,linkedin.com,1,1,1,37,3,0,0
/global/archives/tag/sk-innovation-institute-of-environmental-science-and-technology,google,1,1,1,10,6,0,0
/global/archives/tag/sk-innovation-young-ambassador,google,1,1,1,0,3,0,0
/global/archives/tag/sk-on,google,1,1,1,0,5,0,0
/global/archives/tag/sk-primacor-europe,google,1,1,1,13,5,0,0
/global/archives/tag/skbm,google,1,1,1,9,6,0,0
/global/archives/tag/skei,google,1,1,1,5,5,0,0
/global/archives/tag/skgc,google,1,1,1,3,4,0,0
/global/archives/tag/smart-plant-solutions,google,1,1,1,18,5,0,0
/global/archives/tag/smr,google,1,1,1,41,5,0,0
/global/archives/tag/terrapower,google,1,1,1,8,4,0,0
/global/archives/tag/yubase,google,1,1,1,8,5,0,0
/global/archives/tag/中国,cn.bing.com,1,1,1,40,5,0,0
/global/archives/tag/中国,google,1,1,1,3,5,0,0
/global/latestnews,(not set),1,9,0.1111111111111111,24.666666666666668,13,0,0
/global/latestnews,bing,1,1,1,7,4,0,0
/global/latestnews,chn.sk-on.com,1,1,1,24,4,0,0
/global/latestnews,eng.skearthon.com,1,1,1,17,6,0,0
/global/latestnews,eng.skietechnology.com,1,1,1,42,4,0,0
/global/latestnews,skenmove.com,1,1,1,69,4,0,0
/global/latestnews,skincheonpetrochem.com,1,1,1,54,4,0,0
/global/pagead/aclk,google,1,1,1,1,4,0,0
/global/sustainability-report,(not set),1,2,0.5,9.5,7,0,0
/global/terms-and-conditions,chn.sk-on.com,1,1,1,5,4,0,0
/global/who-we-are,(direct),1,1,1,0,3,0,0
/global/who-we-are,google,1,1,1,9,5,0,0
/global/archives/11087,(not set),0,2,0,6.5,4,0,0
/global/archives/12072,(not set),0,1,0,0,1,0,0
/global/archives/12106,(not set),0,1,0,13,2,0,0
/global/archives/12373,(not set),0,1,0,41,1,0,0
/global/archives/12603,(not set),0,1,0,7,1,0,0
/global/archives/13443,(not set),0,1,0,0,1,0,0
/global/archives/13780,(not set),0,1,0,134,3,0,0
/global/archives/14491,(not set),0,0,0,0,2,0,0
/global/archives/14493,(not set),0,1,0,0,1,0,0
/global/archives/15574,(not set),0,1,0,55,1,0,0
/global/archives/15664,(not set),0,1,0,37,2,0,0
/global/archives/15687,(not set),0,1,0,651,1,0,0
/global/archives/15840,(not set),0,1,0,58,3,0,0
/global/archives/15985,(not set),0,1,0,0,1,0,0
/global/archives/16463,(not set),0,1,0,15,2,0,0
/global/archives/16613,(not set),0,1,0,10,2,0,0
/global/archives/16834,(not set),0,0,0,0,1,0,0
/global/archives/17313,(not set),0,1,0,0,1,0,0
/global/archives/17426,(not set),0,1,0,25,1,0,0
/global/archives/17476,(not set),0,1,0,0,1,0,0
/global/archives/17499,(not set),0,1,0,70,1,0,0
/global/archives/17514,(not set),0,1,0,0,1,0,0
/global/archives/17569,(not set),0,0,0,0,1,0,0
/global/archives/17844,(not set),0,1,0,0,1,0,0
/global/archives/18022,(not set),0,1,0,26,3,0,0
/global/archives/18140,(not set),0,1,0,105,3,0,0
/global/archives/18301,(not set),0,1,0,0,1,0,0
/global/archives/18361,(not set),0,3,0,82.33333333333333,7,0,0
/global/archives/18421,linkedin.com,0,0,0,0,2,0,0
/global/archives/2293,(not set),0,1,0,0,1,0,0
/global/archives/3464,google,0,1,0,34,1,0,0
/global/archives/5310,google,0,1,0,0,2,0,0
/global/archives/7292,(not set),0,1,0,8,2,0,0
/global/archives/7596,(not set),0,1,0,4,2,0,0
/global/archives/7775,(not set),0,1,0,103,2,0,0
/global/archives/category/corporate/sk-energy,(not set),0,1,0,21,1,0,0
/global/archives/category/press-room/financial-results,(not set),0,1,0,0,1,0,0
/global/archives/category/press-room/press-release,(not set),0,1,0,1,2,0,0
/global/archives/tag/ncm811,(not set),0,1,0,0,1,0,0
/global/archives/tag/sk-innovation-young-ambassador,(not set),0,1,0,6,2,0,0