# ----------------------------------------
# 보고서 CSV 내보내기
# 계정: skinno global
# 속성: skinno 글로벌 - GA4
# ----------------------------------------
# 
# 모든 사용자
# 시작일: 20241021
# 종료일: 20241027
페이지 경로 및 화면 클래스,세션 소스,조회수,세션수,활성 사용자,활성 사용자당 조회수,활성 사용자당 평균 참여 시간,이벤트 수,주요 이벤트,총수익
/global/archives/19268,google,870,686,619,1.4054927302100162,3.6106623586429727,3166,0,0
/global/latestnews,(direct),135,134,103,1.3106796116504855,20.485436893203882,481,0,0
/global/archives/19393,(direct),109,101,95,1.1473684210526316,19.242105263157896,442,0,0
/pagead/aclk,google,103,68,67,1.537313432835821,0,324,0,0
/global/archives/19268,(direct),95,66,57,1.6666666666666667,47.85964912280702,337,0,0
/global/archives/19393,linkedin.com,93,93,85,1.0941176470588236,27.129411764705882,406,0,0
/global/,(direct),89,68,62,1.435483870967742,23.14516129032258,682,0,0
/global/,google,72,52,46,1.565217391304348,15.23913043478261,344,0,0
/global/archives/18546,google,56,61,46,1.2173913043478262,32.23913043478261,251,0,0
/global/archives/19268,linkedin.com,50,51,37,1.3513513513513513,76.75675675675676,223,0,0
/global/archives/category/press-room/financial-results,google,43,24,18,2.388888888888889,19.166666666666668,177,0,0
/global/archives/19078,google,41,38,27,1.5185185185185186,52.81481481481482,172,0,0
/global/archives/19045,google,37,35,31,1.1935483870967742,43,155,0,0
/global/archives/18107,google,33,31,29,1.1379310344827587,119.62068965517241,158,0,0
/global/archives/15490,google,32,27,21,1.5238095238095237,57.285714285714285,147,0,0
/global/archives/18608,google,31,28,20,1.55,31.6,129,0,0
/global/archives/category/press-room/press-release,(direct),30,24,13,2.3076923076923075,22.307692307692307,112,0,0
/global/archives/17426,google,27,24,19,1.4210526315789473,41.26315789473684,122,0,0
/global/archives/19179,google,26,29,21,1.2380952380952381,71.14285714285714,108,0,0
/global/archives/category/corporates,google,24,17,17,1.411764705882353,16.764705882352942,95,0,0
/global/,linkedin.com,23,22,10,2.3,24,96,0,0
/global/,skinnovation.com,23,17,11,2.090909090909091,135.72727272727272,289,0,0
/global/archives/19179,(direct),21,20,17,1.2352941176470589,26.352941176470587,85,0,0
/global/archives/4921,google,21,18,18,1.1666666666666667,20.166666666666668,94,0,0
/global/archives/category/corporates/sk-on,google,19,14,12,1.5833333333333333,45.583333333333336,78,0,0
/global/archives/category/press-room/press-release,google,19,17,15,1.2666666666666666,31,78,0,0
/global/archives/17446,(direct),18,20,21,0.8571428571428571,5.428571428571429,67,0,0
/global/archives/19349,(direct),18,16,16,1.125,10.0625,73,0,0
/global/archives/15374,google,17,24,15,1.1333333333333333,25.866666666666667,90,0,0
/global/archives/17356,google,17,18,13,1.3076923076923077,24.076923076923077,68,0,0
/global/archives/18546,(direct),17,17,15,1.1333333333333333,38.8,77,0,0
/global/archives/18770,google,17,17,12,1.4166666666666667,11.25,71,0,0
/global/archives/category/corporates/sk-earthon,google,16,9,8,2,35.25,65,0,0
/global/archives/15490,(direct),15,15,13,1.1538461538461537,23.615384615384617,64,0,0
/global/archives/16060,google,15,14,12,1.25,11.833333333333334,59,0,0
/global/archives/16463,google,15,14,11,1.3636363636363635,26.90909090909091,68,0,0
/global/archives/17499,google,15,19,15,1,23,73,0,0
/global/archives/10774,google,14,13,12,1.1666666666666667,11.666666666666666,65,0,0
/global/archives/17356,(direct),14,14,12,1.1666666666666667,10.083333333333334,55,0,0
/global/archives/17737,google,14,15,13,1.0769230769230769,55.30769230769231,72,0,0
/global/archives/19393,ozmailer.com,14,11,9,1.5555555555555556,14,43,0,0
/global/archives/category/corporates/sk-innovation,google,14,12,12,1.1666666666666667,12.75,51,0,0
/global/archives/category/press-room,google,14,14,13,1.0769230769230769,9.076923076923077,54,0,0
/global/archives/15687,google,13,14,8,1.625,40.5,57,0,0
/global/archives/15937,(direct),13,12,6,2.1666666666666665,70.5,60,0,0
/global/archives/16834,google,13,12,11,1.1818181818181819,23.272727272727273,58,0,0
/global/archives/6216,google,13,17,12,1.0833333333333333,58.833333333333336,69,0,0
/global/archives/category/corporates/sk-energy,google,13,9,9,1.4444444444444444,15.333333333333334,48,0,0
/global/archives/12274/skee,google,12,9,9,1.3333333333333333,6.555555555555555,59,0,0
/global/archives/17623,google,12,13,12,1,47.083333333333336,61,0,0
/global/archives/18608,(direct),12,12,10,1.2,5.1,51,0,0
/global/archives/category/corporates/sk-innovation,(direct),12,9,9,1.3333333333333333,24.666666666666668,46,0,0
/global/,eng.sk-on.com,11,7,6,1.8333333333333333,37.5,67,0,0
/global/archives/12022,google,11,12,11,1,95.63636363636364,59,0,0
/global/archives/15687,skenmove.com,11,14,6,1.8333333333333333,90.5,48,0,0
/global/archives/17426,(direct),11,13,11,1,12.090909090909092,46,0,0
/global/archives/17595,google,11,14,8,1.375,18.75,52,0,0
/global/archives/18022,google,11,9,7,1.5714285714285714,51.714285714285715,47,0,0
/global/archives/18445,google,11,13,10,1.1,74.9,52,0,0
/global/archives/19328,(direct),11,11,11,1,9.636363636363637,42,0,0
/global/archives/5772,google,11,5,3,3.6666666666666665,29.666666666666668,30,0,0
/global/archives/category/corporates/sk-geo-centric,(direct),11,5,3,3.6666666666666665,18,44,0,0
/global/archives/14491,(direct),10,10,9,1.1111111111111112,25.88888888888889,43,0,0
/global/archives/14491,google,10,13,7,1.4285714285714286,12.428571428571429,44,0,0
/global/archives/9910,google,10,11,9,1.1111111111111112,155.55555555555554,51,0,0
/global/archives/category/corporate/sk-enmove,skenmove.com,10,10,6,1.6666666666666667,14.5,41,0,0
/global/archives/category/corporates/sk-ie-technology,google,10,8,6,1.6666666666666667,26,41,0,0
/global/,bing,9,5,4,2.25,24,57,0,0
/global/archives/13748,google,9,9,5,1.8,101.4,37,0,0
/global/archives/16532,google,9,6,6,1.5,93.16666666666667,41,0,0
/global/archives/17569,(direct),9,9,7,1.2857142857142858,5.285714285714286,33,0,0
/global/archives/18301,google,9,9,9,1,22,40,0,0
/global/archives/18332,google,9,14,6,1.5,43.166666666666664,48,0,0
/global/archives/19154,google,9,8,8,1.125,22.125,40,0,0
/global/archives/19393,google,9,11,8,1.125,60.125,42,0,0
/global/archives/19393,skinnovation.com,9,7,5,1.8,208.8,34,0,0
/global/archives/category/corporates,(direct),9,7,7,1.2857142857142858,17.142857142857142,35,0,0
/global/archives/11087,google,8,6,6,1.3333333333333333,220,40,0,0
/global/archives/12950,(direct),8,8,8,1,10.125,27,0,0
/global/archives/13780,google,8,9,8,1,52.625,35,0,0
/global/archives/17169,google,8,7,7,1.1428571428571428,29.142857142857142,37,0,0
/global/archives/17569,google,8,11,8,1,7.25,33,0,0
/global/archives/18361,google,8,8,7,1.1428571428571428,42.714285714285715,31,0,0
/global/archives/3962,google,8,8,8,1,14.5,38,0,0
/global/archives/category/people,google,8,5,5,1.6,12.8,31,0,0
/global/archives/category/press-room,(direct),8,7,3,2.6666666666666665,1.3333333333333333,28,0,0
/global/,eng.skglobalchemical.com,7,3,2,3.5,31,35,0,0
/global/archives/11161,google,7,4,4,1.75,53.25,29,0,0
/global/archives/14243,google,7,7,4,1.75,1.25,24,0,0
/global/archives/15610,google,7,7,6,1.1666666666666667,12.5,33,0,0
/global/archives/17216,google,7,9,7,1,51.142857142857146,33,0,0
/global/archives/19078,(direct),7,7,5,1.4,1.6,26,0,0
/global/archives/19230,google,7,7,7,1,16.428571428571427,28,0,0
/global/archives/6253,google,7,2,2,3.5,35.5,24,0,0
/global/archives/7919,google,7,8,6,1.1666666666666667,49.666666666666664,36,0,0
/global/archives/9740,(direct),7,7,5,1.4,121.4,29,0,0
/global/archives/category/corporates/sk-geo-centric,google,7,5,3,2.3333333333333335,36,29,0,0
/global/archives/category/people/inno-people,google,7,5,5,1.4,24,25,0,0
/global/archives/10872,google,6,7,3,2,60.666666666666664,24,0,0
/global/archives/10939,google,6,7,4,1.5,37,24,0,0
/global/archives/14415,google,6,3,3,2,20.333333333333332,21,0,0
/global/archives/15353,google,6,6,6,1,9.166666666666666,25,0,0
/global/archives/15664,(direct),6,5,4,1.5,25.25,29,0,0
/global/archives/15937,google,6,4,4,1.5,44.5,25,0,0
/global/archives/16376,google,6,6,1,6,16,19,0,0
/global/archives/17356,statics.teams.cdn.office.net,6,7,4,1.5,5,20,0,0
/global/archives/17817,google,6,6,5,1.2,21,25,0,0
/global/archives/18167,google,6,6,2,3,79.5,32,0,0
/global/archives/18690,google,6,4,4,1.5,23.25,25,0,0
/global/archives/19179,bing,6,5,3,2,2,22,0,0
/global/archives/19179,skenmove.com,6,7,5,1.2,50.2,23,0,0
/global/archives/19230,(direct),6,8,7,0.8571428571428571,9,25,0,0
/global/archives/19328,ozmailer.com,6,5,4,1.5,7,18,0,0
/global/archives/19349,ozmailer.com,6,5,5,1.2,3.8,19,0,0
/global/archives/311,google,6,5,2,3,14.5,24,0,0
/global/archives/3820,google,6,8,5,1.2,11.6,27,0,0
/global/archives/736,google,6,5,5,1.2,20.2,24,0,0
/global/archives/category/corporates/sk-energy,bing,6,4,4,1.5,30.25,23,0,0
/global/archives/category/corporates/sk-enmove,google,6,3,3,2,39,23,0,0
/global/archives/category/people,(direct),6,7,7,0.8571428571428571,7.857142857142857,22,0,0
/global/archives/category/press-room,skinnovation.com,6,7,3,2,22,23,0,0
/global/archives/tag/sk-hi-tech-battery-materials-poland,google,6,4,4,1.5,12.5,25,0,0
/global/,googleadservices.com,5,5,5,1,0,19,0,0
/global/archives/10535,google,5,6,4,1.25,4.5,19,0,0
/global/archives/12036,google,5,6,3,1.6666666666666667,6,22,0,0
/global/archives/12106,google,5,8,5,1,9.8,27,0,0
/global/archives/12306,google,5,6,4,1.25,12.25,24,0,0
/global/archives/12692,(direct),5,6,4,1.25,0,22,0,0
/global/archives/13521,google,5,4,3,1.6666666666666667,15.666666666666666,23,0,0
/global/archives/15259,(direct),5,5,5,1,0,20,0,0
/global/archives/15687,(direct),5,5,5,1,19.4,19,0,0
/global/archives/17313,google,5,6,5,1,44.8,20,0,0
/global/archives/17426,skinnovation.com,5,5,1,5,27,17,0,0
/global/archives/17476,google,5,6,5,1,39.6,26,0,0
/global/archives/17569,skenmove.com,5,7,5,1,64.2,25,0,0
/global/archives/18022,(direct),5,2,2,2.5,59.5,17,0,0
/global/archives/18659,google,5,7,5,1,24.6,25,0,0
/global/archives/19154,(direct),5,3,2,2.5,77,21,0,0
/global/archives/19154,bing,5,3,3,1.6666666666666667,21.333333333333332,18,0,0
/global/archives/19268,ozmailer.com,5,5,5,1,2.2,14,0,0
/global/archives/489,(direct),5,4,4,1.25,0.5,16,0,0
/global/archives/822,google,5,4,4,1.25,27,20,0,0
/global/archives/9668,(direct),5,5,2,2.5,0,19,0,0
/global/archives/9740,zalo,5,4,4,1.25,0,17,0,0
/global/archives/category/corporates/sk-rading-international,google,5,3,2,2.5,4,19,0,0
/global/archives/category/insight,(direct),5,5,5,1,39,22,0,0
/global/archives/category/press-room/financial-results,bing,5,2,2,2.5,23,20,0,0
/global/archives/tag/daejeon,google,5,2,2,2.5,10.5,20,0,0
/global/archives/tag/skeo,google,5,2,1,5,41,20,0,0
/global/archives/tag/skoh,google,5,4,4,1.25,3.5,19,0,0
/global/latestnews,google,5,5,5,1,57.8,22,0,0
/global/,ozmailer.com,4,3,2,2,2.5,18,0,0
/global/archives/10654,google,4,5,3,1.3333333333333333,95.33333333333333,19,0,0
/global/archives/10913,google,4,5,3,1.3333333333333333,7.666666666666667,17,0,0
/global/archives/11004,(direct),4,4,3,1.3333333333333333,45.333333333333336,17,0,0
/global/archives/11807,google,4,4,3,1.3333333333333333,11.666666666666666,17,0,0
/global/archives/11853,google,4,3,2,2,19.5,16,0,0
/global/archives/12008,google,4,5,4,1,8.75,21,0,0
/global/archives/12125,(direct),4,5,3,1.3333333333333333,9,18,0,0
/global/archives/12688,bing,4,4,2,2,4,15,0,0
/global/archives/12692,google,4,4,3,1.3333333333333333,44.333333333333336,21,0,0
/global/archives/12950,google,4,5,3,1.3333333333333333,13,20,0,0
/global/archives/13329,google,4,6,4,1,22.75,18,0,0
/global/archives/14065,google,4,6,5,0.8,22.4,21,0,0
/global/archives/14146,google,4,4,3,1.3333333333333333,19.666666666666668,20,0,0
/global/archives/14634,google,4,4,3,1.3333333333333333,16.333333333333332,15,0,0
/global/archives/15204,google,4,5,4,1,27.75,19,0,0
/global/archives/15462,google,4,5,3,1.3333333333333333,69.33333333333333,19,0,0
/global/archives/15664,google,4,6,4,1,15.75,21,0,0
/global/archives/16286,google,4,4,3,1.3333333333333333,246,20,0,0
/global/archives/16493,google,4,5,5,0.8,24.8,20,0,0
/global/archives/16532,(direct),4,5,4,1,31.25,19,0,0
/global/archives/17313,skenmove.com,4,5,3,1.3333333333333333,14.333333333333334,12,0,0
/global/archives/17426,bing,4,3,2,2,28,19,0,0
/global/archives/17426,eng.skgeocentric.com,4,1,1,4,311,16,0,0
/global/archives/17514,google,4,4,4,1,8.5,15,0,0
/global/archives/17950,google,4,4,4,1,19,20,0,0
/global/archives/17990,(direct),4,3,2,2,71.5,15,0,0
/global/archives/18208/7-20240501_skee_1-sk트레이딩인터내셔널-유럽,google,4,1,1,4,45,18,0,0
/global/archives/18374,google,4,4,4,1,19.25,12,0,0
/global/archives/18571,(direct),4,6,2,2,38,17,0,0
/global/archives/18690,(direct),4,4,3,1.3333333333333333,15.666666666666666,13,0,0
/global/archives/18989,google,4,4,4,1,34,19,0,0
/global/archives/19045,(direct),4,4,4,1,36.25,16,0,0
/global/archives/19045,bing,4,3,3,1.3333333333333333,16.333333333333332,19,0,0
/global/archives/19078,bing,4,4,4,1,10,17,0,0
/global/archives/19149,google,4,4,4,1,22.25,18,0,0
/global/archives/19179,statics.teams.cdn.office.net,4,4,2,2,2.5,12,0,0
/global/archives/19328,linkedin.com,4,4,4,1,57.25,18,0,0
/global/archives/3820,(direct),4,3,3,1.3333333333333333,2,17,0,0
/global/archives/4499,google,4,4,4,1,21.75,20,0,0
/global/archives/489,google,4,5,4,1,75,22,0,0
/global/archives/6377,google,4,4,4,1,18.75,16,0,0
/global/archives/7445,google,4,4,4,1,66.25,23,0,0
/global/archives/8067,google,4,3,3,1.3333333333333333,119,20,0,0
/global/archives/8152,google,4,6,4,1,6.5,19,0,0
/global/archives/8383,google,4,3,3,1.3333333333333333,24.333333333333332,15,0,0
/global/archives/9096,eng.skgeocentric.com,4,1,1,4,229,16,0,0
/global/archives/9668,google,4,4,3,1.3333333333333333,5.333333333333333,18,0,0
/global/archives/9709,google,4,3,3,1.3333333333333333,56.333333333333336,17,0,0
/global/archives/9740,google,4,4,4,1,34.25,19,0,0
/global/archives/category/corporate/sk-energy,skenergy.com,4,3,3,1.3333333333333333,26.666666666666668,19,0,0
/global/archives/category/corporates/sk-earthon,(direct),4,2,2,2,12.5,15,0,0
/global/archives/category/corporates/sk-enterm,google,4,3,3,1.3333333333333333,7.333333333333333,16,0,0
/global/archives/category/press-room/financial-results,(direct),4,4,4,1,8.5,16,0,0
/global/archives/category/press-room/issue-fact,google,4,4,3,1.3333333333333333,4,14,0,0
/global/archives/category/press-room/press-release,statics.teams.cdn.office.net,4,4,1,4,5,16,0,0
/global/archives/tag/poland,google,4,3,3,1.3333333333333333,9,18,0,0
/global/archives/tag/pouch-type-battery,google,4,3,3,1.3333333333333333,7,17,0,0
/global/archives/tag/sko,google,4,4,4,1,12.75,21,0,0
/global/sustainability-report,google,4,2,2,2,29,17,0,0
/global/who-we-are,google,4,3,2,2,21.5,20,0,0
/global/,eng.skearthon.com,3,2,2,1.5,17.5,22,0,0
/global/,eng.skgeocentric.com,3,2,2,1.5,23,13,0,0
/global/,skenergy.com,3,1,1,3,53,14,0,0
/global/archives/10159,google,3,2,2,1.5,35.5,12,0,0
/global/archives/10872,(direct),3,3,3,1,4.333333333333333,13,0,0
/global/archives/11400,(direct),3,4,3,1,9,12,0,0
/global/archives/11475,google,3,3,3,1,10.333333333333334,13,0,0
/global/archives/12022,(direct),3,2,2,1.5,28.5,12,0,0
/global/archives/12072,google,3,3,3,1,32.333333333333336,13,0,0
/global/archives/12125,google,3,4,2,1.5,92.5,15,0,0
/global/archives/12147,google,3,3,3,1,130.66666666666666,16,0,0
/global/archives/12190,google,3,3,3,1,5,13,0,0
/global/archives/12306,(direct),3,3,3,1,2,13,0,0
/global/archives/13130,(direct),3,4,2,1.5,74.5,15,0,0
/global/archives/13130,eng.skgeocentric.com,3,1,1,3,76,11,0,0
/global/archives/14065,(direct),3,3,3,1,6,11,0,0
/global/archives/14243,skenmove.com,3,2,2,1.5,32,12,0,0
/global/archives/14309,(direct),3,3,3,1,0,12,0,0
/global/archives/14766,google,3,3,3,1,44.333333333333336,15,0,0
/global/archives/14770,google,3,3,3,1,1.6666666666666667,9,0,0
/global/archives/15103,google,3,3,2,1.5,10.5,13,0,0
/global/archives/15374,(direct),3,4,3,1,4.666666666666667,15,0,0
/global/archives/15490,statics.teams.cdn.office.net,3,2,2,1.5,71.5,14,0,0
/global/archives/15574,google,3,3,3,1,15.333333333333334,10,0,0
/global/archives/15592,(direct),3,3,3,1,0,10,0,0
/global/archives/15840,google,3,4,3,1,3,15,0,0
/global/archives/16131,google,3,3,1,3,0,9,0,0
/global/archives/16286,eng.sk-on.com,3,1,1,3,524,11,0,0
/global/archives/16448,google,3,3,3,1,4.666666666666667,10,0,0
/global/archives/16834,(direct),3,3,3,1,6.666666666666667,11,0,0
/global/archives/16939,google,3,3,3,1,7.333333333333333,15,0,0
/global/archives/17356,skenmove.com,3,2,1,3,153,11,0,0
/global/archives/17426,chatgpt.com,3,4,3,1,44.333333333333336,16,0,0
/global/archives/17446,google,3,3,3,1,3,12,0,0
/global/archives/17623,(direct),3,2,2,1.5,95,13,0,0
/global/archives/17697,google,3,3,3,1,66.33333333333333,14,0,0
/global/archives/17737,cp.swift.sa.edu.au:6082,3,5,1,3,13,16,0,0
/global/archives/17978,(direct),3,2,2,1.5,24.5,11,0,0
/global/archives/17990,google,3,4,3,1,4.333333333333333,16,0,0
/global/archives/18140,(direct),3,3,0,0,0,8,0,0
/global/archives/18140,google,3,2,2,1.5,19.5,9,0,0
/global/archives/18268,google,3,2,2,1.5,9.5,12,0,0
/global/archives/18283,google,3,3,3,1,3,12,0,0
/global/archives/18388,google,3,3,3,1,217.66666666666666,16,0,0
/global/archives/18421,(direct),3,3,2,1.5,26.5,10,0,0
/global/archives/18546,bing,3,3,2,1.5,0,7,0,0
/global/archives/18608,bing,3,2,2,1.5,13.5,13,0,0
/global/archives/18659,(direct),3,3,3,1,2.3333333333333335,12,0,0
/global/archives/18708,google,3,3,3,1,12.333333333333334,12,0,0
/global/archives/18770,(direct),3,3,3,1,0,9,0,0
/global/archives/19078,skenergy.com,3,1,1,3,202,11,0,0
/global/archives/19095,(direct),3,3,3,1,65.33333333333333,13,0,0
/global/archives/19149,(direct),3,3,3,1,72.66666666666667,10,0,0
/global/archives/19202,linkedin.com,3,4,3,1,4.333333333333333,15,0,0
/global/archives/19251,linkedin.com,3,3,2,1.5,14,13,0,0
/global/archives/19349,linkedin.com,3,4,3,1,93.33333333333333,16,0,0
/global/archives/303,(direct),3,3,3,1,0,10,0,0
/global/archives/3962,bing,3,3,2,1.5,62,15,0,0
/global/archives/4360,google,3,3,3,1,8,13,0,0
/global/archives/4612,(direct),3,3,2,1.5,3.5,13,0,0
/global/archives/5129,google,3,3,3,1,5,13,0,0
/global/archives/5892,google,3,3,3,1,57,15,0,0
/global/archives/6216,(direct),3,3,3,1,12,11,0,0
/global/archives/6546,(direct),3,3,3,1,0,10,0,0
/global/archives/6710,google,3,3,3,1,103.66666666666667,16,0,0
/global/archives/7445,(direct),3,3,3,1,1.6666666666666667,10,0,0
/global/archives/7596,google,3,2,2,1.5,34,14,0,0
/global/archives/8428,google,3,2,2,1.5,30.5,14,0,0
/global/archives/8899,google,3,3,3,1,14,15,0,0
/global/archives/9695,google,3,4,3,1,15.666666666666666,18,0,0
/global/archives/9910,bing,3,3,3,1,94.33333333333333,11,0,0
/global/archives/category/corporates/sk-earthon,eng.skgeocentric.com,3,3,1,3,0,9,0,0
/global/archives/category/corporates/sk-enmove,(direct),3,3,3,1,25.666666666666668,13,0,0
/global/archives/category/corporates/sk-enterm,eng.skgeocentric.com,3,3,1,3,2,12,0,0
/global/archives/category/corporates/sk-geo-centric,eng.skgeocentric.com,3,2,2,1.5,19.5,11,0,0
/global/archives/category/corporates/sk-geo-centric,linkedin.com,3,2,2,1.5,33.5,10,0,0
/global/archives/category/corporates/sk-ie-technology,eng.skgeocentric.com,3,3,1,3,0,8,0,0
/global/archives/category/corporates/sk-innovation,eng.skearthon.com,3,2,2,1.5,24,12,0,0
/global/archives/category/corporates/sk-rading-international,eng.skgeocentric.com,3,3,1,3,2,10,0,0
/global/archives/category/insight,google,3,3,3,1,5.666666666666667,12,0,0
/global/archives/category/insight/trend_report,google,3,3,3,1,7.666666666666667,10,0,0
/global/archives/category/people/inno-people,(direct),3,2,2,1.5,9,12,0,0
/global/archives/category/press-room,eng.sk-on.com,3,3,2,1.5,12,11,0,0
/global/archives/category/press-room/financial-results,chatgpt.com,3,3,3,1,38.666666666666664,10,0,0
/global/archives/category/press-room/financial-results,eng.skgeocentric.com,3,1,1,3,40,12,0,0
/global/archives/category/press-room/financial-results,skenergy.com,3,2,2,1.5,144.5,12,0,0
/global/archives/tag/fcw,google,3,1,1,3,7,12,0,0
/global/archives/tag/netruck,(direct),3,1,1,3,10,11,0,0
/global/archives/tag/northvolt,google,3,3,3,1,11,15,0,0
/global/archives/tag/skfp,google,3,1,1,3,42,13,0,0
/global/archives/tag/smart-plant-solutions,google,3,2,2,1.5,5,14,0,0
/global/,chatgpt.com,2,2,2,1,1,222,0,0
/global/archives/10522,google,2,2,1,2,29,6,0,0
/global/archives/10610,(direct),2,2,2,1,0,6,0,0
/global/archives/10774,bing,2,2,2,1,3,8,0,0
/global/archives/10835,google,2,2,2,1,0,6,0,0
/global/archives/10939,(direct),2,2,2,1,19.5,8,0,0
/global/archives/10939,bing,2,2,2,1,48.5,10,0,0
/global/archives/10985,bing,2,2,2,1,4,10,0,0
/global/archives/11004,google,2,3,2,1,77,12,0,0
/global/archives/11087,skenergy.com,2,2,2,1,151.5,10,0,0
/global/archives/11161,rogo-fa.lazard.com,2,1,1,2,11,9,0,0
/global/archives/11596,google,2,2,1,2,56,9,0,0
/global/archives/12091,google,2,2,2,1,64.5,9,0,0
/global/archives/12373,google,2,2,1,2,0,7,0,0
/global/archives/13103,google,2,1,1,2,0,4,0,0
/global/archives/13513,google,2,1,1,2,30,7,0,0
/global/archives/13595,google,2,2,2,1,0.5,8,0,0
/global/archives/13932,google,2,2,2,1,33.5,10,0,0
/global/archives/14078,google,2,3,2,1,0,9,0,0
/global/archives/14243,(direct),2,3,2,1,124.5,11,0,0
/global/archives/14493,(direct),2,2,2,1,0,8,0,0
/global/archives/14770,(direct),2,2,2,1,0,8,0,0
/global/archives/14788,google,2,3,2,1,8,9,0,0
/global/archives/15374,skenergy.com,2,2,2,1,2,7,0,0
/global/archives/15574,(direct),2,2,2,1,2,6,0,0
/global/archives/15574,skenmove.com,2,2,2,1,18.5,7,0,0
/global/archives/15638,(direct),2,2,2,1,0,8,0,0
/global/archives/15865,(direct),2,2,2,1,0,8,0,0
/global/archives/15865,google,2,3,2,1,0,9,0,0
/global/archives/15985,google,2,2,1,2,17,8,0,0
/global/archives/16131,eng.skglobalchemical.com,2,1,1,2,14,8,0,0
/global/archives/16154,google,2,4,2,1,12,14,0,0
/global/archives/16286,(direct),2,2,2,1,0,8,0,0
/global/archives/16480,google,2,2,2,1,0,10,0,0
/global/archives/16532,bing,2,2,2,1,5.5,8,0,0
/global/archives/16583,(direct),2,1,1,2,30,8,0,0
/global/archives/16613,google,2,2,1,2,0,7,0,0
/global/archives/16787,(direct),2,3,3,0.6666666666666666,7.666666666666667,9,0,0
/global/archives/16787,google,2,2,2,1,21.5,10,0,0
/global/archives/16810,google,2,3,1,2,130,9,0,0
/global/archives/16952,google,2,2,2,1,1.5,9,0,0
/global/archives/17047,google,2,3,2,1,6,10,0,0
/global/archives/1722,google,2,2,2,1,1.5,9,0,0
/global/archives/17356,bing,2,3,1,2,1023,9,0,0
/global/archives/17386,google,2,2,2,1,19,10,0,0
/global/archives/17460,google,2,3,2,1,21,12,0,0
/global/archives/17499,(direct),2,2,2,1,21.5,9,0,0
/global/archives/17514,chatgpt.com,2,1,1,2,43,9,0,0
/global/archives/17569,bing,2,3,2,1,65.5,9,0,0
/global/archives/17796,(direct),2,2,2,1,0,8,0,0
/global/archives/17893,google,2,2,2,1,66.5,9,0,0
/global/archives/17978,eng.skglobalchemical.com,2,1,1,2,27,8,0,0
/global/archives/18065,chatgpt.com,2,2,2,1,6,8,0,0
/global/archives/18065,google,2,2,2,1,7.5,8,0,0
/global/archives/18208,google,2,2,2,1,37,8,0,0
/global/archives/18361,(direct),2,1,1,2,8,4,0,0
/global/archives/18388,(direct),2,2,2,1,2.5,8,0,0
/global/archives/18388,linkedin.com,2,1,1,2,89,7,0,0
/global/archives/18421,google,2,2,2,1,42.5,10,0,0
/global/archives/18445,(direct),2,2,2,1,18.5,10,0,0
/global/archives/18500,skinnovation.com,2,2,2,1,0.5,9,0,0
/global/archives/18608,chatgpt.com,2,2,2,1,11,7,0,0
/global/archives/18659,eng.skearthon.com,2,3,1,2,182,11,0,0
/global/archives/18690,linkedin.com,2,2,2,1,6.5,6,0,0
/global/archives/18708,linkedin.com,2,4,2,1,287.5,10,0,0
/global/archives/18708,ozmailer.com,2,1,1,2,87,8,0,0
/global/archives/18743,google,2,2,2,1,0,7,0,0
/global/archives/19078,chatgpt.com,2,1,1,2,7,8,0,0
/global/archives/19095,google,2,2,2,1,46,10,0,0
/global/archives/19128,(direct),2,3,2,1,382,10,0,0
/global/archives/19128,google,2,2,2,1,15.5,5,0,0
/global/archives/19154,chatgpt.com,2,3,2,1,7.5,12,0,0
/global/archives/19154,skinnovation.com,2,2,2,1,6.5,6,0,0
/global/archives/19202,(direct),2,2,2,1,41.5,6,0,0
/global/archives/19202,google,2,2,2,1,64.5,9,0,0
/global/archives/19230,skenmove.com,2,2,2,1,6.5,6,0,0
/global/archives/19328,skinnovation.com,2,2,2,1,27,7,0,0
/global/archives/19349,skinnovation.com,2,2,2,1,27,7,0,0
/global/archives/19393,bing,2,2,2,1,173.5,10,0,0
/global/archives/19393,lnkd.in,2,2,2,1,12.5,9,0,0
/global/archives/2675,google,2,2,2,1,15,7,0,0
/global/archives/3473,google,2,2,2,1,12.5,10,0,0
/global/archives/3709,google,2,2,2,1,3.5,9,0,0
/global/archives/3820,cn.bing.com,2,2,2,1,0,7,0,0
/global/archives/3820,ecosia.org,2,1,1,2,71,9,0,0
/global/archives/3830,eng.skgeocentric.com,2,1,1,2,71,8,0,0
/global/archives/3962,skenmove.com,2,3,1,2,60,8,0,0
/global/archives/4146,google,2,3,2,1,1.5,11,0,0
/global/archives/4612,eng.skglobalchemical.com,2,1,1,2,41,8,0,0
/global/archives/564,google,2,2,2,1,36.5,10,0,0
/global/archives/6014,google,2,3,2,1,11.5,10,0,0
/global/archives/6072,google,2,1,1,2,33,5,0,0
/global/archives/6150,(direct),2,2,2,1,2.5,9,0,0
/global/archives/6313,(direct),2,2,2,1,0,6,0,0
/global/archives/6760,google,2,2,2,1,46.5,10,0,0
/global/archives/6784,google,2,2,1,2,46,8,0,0
/global/archives/6824,kimi.moonshot.cn,2,2,1,2,43,10,0,0
/global/archives/7245,bing,2,2,1,2,16,9,0,0
/global/archives/7245,google,2,3,2,1,6,11,0,0
/global/archives/7379,skincheonpetrochem.com,2,2,2,1,0,8,0,0
/global/archives/7476,(direct),2,2,2,1,48,8,0,0
/global/archives/7670,google,2,3,2,1,78.5,11,0,0
/global/archives/7710,google,2,2,2,1,21,10,0,0
/global/archives/7961,google,2,2,2,1,0,7,0,0
/global/archives/8350,google,2,2,1,2,608,7,0,0
/global/archives/8400,google,2,2,2,1,8.5,9,0,0
/global/archives/9419,google,2,1,1,2,120,10,0,0
/global/archives/9480,google,2,2,1,2,30,9,0,0
/global/archives/9493,google,2,1,1,2,16,9,0,0
/global/archives/9548,bing,2,2,1,2,129,10,0,0
/global/archives/9740,skenergy.com,2,1,1,2,123,9,0,0
/global/archives/9797,google,2,2,2,1,22.5,10,0,0
/global/archives/9893,google,2,2,1,2,28,9,0,0
/global/archives/9910,(direct),2,2,1,2,77,9,0,0
/global/archives/category/corporate/sk-on,eng.sk-on.com,2,2,1,2,8,8,0,0
/global/archives/category/corporates,skenmove.com,2,1,1,2,6,7,0,0
/global/archives/category/corporates/sk-geo-centric,eng.skglobalchemical.com,2,1,1,2,111,8,0,0
/global/archives/category/corporates/sk-incheon-petrochem,google,2,2,2,1,24,9,0,0
/global/archives/category/corporates/sk-innovation,linkedin.com,2,1,1,2,13,8,0,0
/global/archives/category/corporates/sk-on,(direct),2,3,3,0.6666666666666666,5.666666666666667,9,0,0
/global/archives/category/insight,googleadservices.com,2,2,2,1,0,5,0,0
/global/archives/category/insight/trend_report,(direct),2,2,1,2,473,8,0,0
/global/archives/category/press-room/press-release,ecosia.org,2,1,1,2,19,9,0,0
/global/archives/category/press-room/press-release,eng.skgeocentric.com,2,2,2,1,15.5,8,0,0
/global/archives/tag/autosilicon,google,2,1,1,2,6,8,0,0
/global/archives/tag/baas,google,2,1,1,2,90,8,0,0
/global/archives/tag/board-of-directors,google,2,2,2,1,3,8,0,0
/global/archives/tag/choi-yun-seok,google,2,1,1,2,6,9,0,0
/global/archives/tag/daegu-international-future-auto-expo,google,2,2,1,2,5,9,0,0
/global/archives/tag/grc,google,2,1,1,2,11,9,0,0
/global/archives/tag/green-bonds,google,2,1,1,2,9,9,0,0
/global/archives/tag/jee-dong-seob,google,2,2,2,1,4.5,10,0,0
/global/archives/tag/kim-jun,google,2,1,1,2,7,8,0,0
/global/archives/tag/lee-seong-jun,google,2,2,2,1,4.5,7,0,0
/global/archives/tag/pbat,google,2,2,2,1,11.5,10,0,0
/global/archives/tag/peru,google,2,1,1,2,6,9,0,0
/global/archives/tag/poe,google,2,2,2,1,8.5,11,0,0
/global/archives/tag/rhee-jang-weon,google,2,1,1,2,13,8,0,0
/global/archives/tag/separator,(direct),2,2,2,1,0,8,0,0
/global/archives/tag/sk-block-427,google,2,2,1,2,6,7,0,0
/global/archives/tag/sk-earthon,(direct),2,1,1,2,25,8,0,0
/global/archives/tag/sk-gc-americas,google,2,2,2,1,2,8,0,0
/global/archives/tag/sk-global-chemical,google,2,2,2,1,6.5,10,0,0
/global/archives/tag/skbm,google,2,2,2,1,6,9,0,0
/global/archives/tag/sk综合化学,google,2,2,2,1,22.5,9,0,0
/global/archives/tag/ulsan-complex,google,2,2,2,1,4.5,9,0,0
/global/latestnews,eng.sk-on.com,2,2,2,1,39,8,0,0
/global/latestnews,linkedin.com,2,4,2,1,0,10,0,0
/global/latestnews,ozmailer.com,2,1,1,2,0,4,0,0
/global/legal-notices,(direct),2,2,2,1,2,6,0,0
/global/privacy-policy,google,2,1,1,2,33,8,0,0
/global/,eng.skietechnology.com,1,1,1,1,7,10,0,0
/global/,lnkd.in,1,1,1,1,7,8,0,0
/global/,seznam,1,1,1,1,0,4,0,0
/global/,skenmove.com,1,1,1,1,11,4,0,0
/global/archives/10133,bing,1,1,1,1,19,5,0,0
/global/archives/10310,google,1,1,1,1,5,5,0,0
/global/archives/10322,google,1,1,1,1,22,5,0,0
/global/archives/10460,google,1,1,1,1,4,3,0,0
/global/archives/10478,google,1,1,1,1,100,4,0,0
/global/archives/10511,google,1,1,1,1,5,5,0,0
/global/archives/1058,google,1,1,1,1,2,5,0,0
/global/archives/10610,chatgpt.com,1,1,1,1,0,4,0,0
/global/archives/10713,google,1,1,1,1,45,5,0,0
/global/archives/10774,(direct),1,1,1,1,85,5,0,0
/global/archives/10802,google,1,1,1,1,4,5,0,0
/global/archives/10913,(direct),1,1,1,1,0,4,0,0
/global/archives/10977,google,1,1,1,1,12,4,0,0
/global/archives/10985,google,1,1,1,1,20,5,0,0
/global/archives/11010,bing,1,1,1,1,3,5,0,0
/global/archives/11087,(direct),1,1,1,1,0,3,0,0
/global/archives/1114,google,1,1,1,1,3,5,0,0
/global/archives/11147,google,1,1,1,1,23,5,0,0
/global/archives/11161,(direct),1,1,1,1,0,4,0,0
/global/archives/11273,forourclimate.org,1,1,1,1,1,6,0,0
/global/archives/11400,google,1,1,1,1,5,5,0,0
/global/archives/11415,(direct),1,1,1,1,35,5,0,0
/global/archives/11415,google,1,1,1,1,0,4,0,0
/global/archives/114530,(direct),1,1,1,1,0,5,0,0
/global/archives/11512,google,1,1,1,1,6,4,0,0
/global/archives/11527,google,1,1,1,1,66,5,0,0
/global/archives/11573,(direct),1,1,1,1,0,4,0,0
/global/archives/11596,(direct),1,1,1,1,7,5,0,0
/global/archives/11596,skenergy.com,1,1,1,1,1,5,0,0
/global/archives/11683,google,1,1,1,1,4,3,0,0
/global/archives/1175,google,1,1,1,1,2,5,0,0
/global/archives/11807,(direct),1,1,1,1,81,5,0,0
/global/archives/11830,(direct),1,1,1,1,0,4,0,0
/global/archives/12022,skenmove.com,1,1,1,1,0,3,0,0
/global/archives/12036,skenergy.com,1,1,1,1,40,4,0,0
/global/archives/12091,(direct),1,1,1,1,0,3,0,0
/global/archives/12220,bing,1,1,1,1,8,5,0,0
/global/archives/1237,google,1,1,1,1,34,4,0,0
/global/archives/12471,bing,1,1,1,1,25,5,0,0
/global/archives/12471,eng.skearthon.com,1,1,1,1,1,3,0,0
/global/archives/12543,google,1,1,1,1,23,3,0,0
/global/archives/1257,(direct),1,1,1,1,0,3,0,0
/global/archives/12667,google,1,1,1,1,10,5,0,0
/global/archives/12688,google,1,1,1,1,18,5,0,0
/global/archives/12868,google,1,1,1,1,5,4,0,0
/global/archives/12891,(direct),1,1,1,1,12,5,0,0
/global/archives/13103,(direct),1,1,1,1,8,5,0,0
/global/archives/13184,google,1,1,1,1,0,3,0,0
/global/archives/13211,google,1,1,1,1,2,5,0,0
/global/archives/13230,(direct),1,1,1,1,124,6,0,0
/global/archives/13230,google,1,1,1,1,7,5,0,0
/global/archives/13313,google,1,1,1,1,3,5,0,0
/global/archives/13374,(direct),1,1,1,1,0,3,0,0
/global/archives/13374,google,1,1,1,1,9,5,0,0
/global/archives/13437,google,1,1,1,1,0,3,0,0
/global/archives/13521,bing,1,1,1,1,32,6,0,0
/global/archives/13521,yahoo,1,1,1,1,0,4,0,0
/global/archives/13595,edisonawards.com,1,1,1,1,0,4,0,0
/global/archives/13595/5-3_900,lens.google.com,1,1,1,1,3,5,0,0
/global/archives/13780,bing,1,2,1,1,0,4,0,0
/global/archives/13804,cn.bing.com,1,1,1,1,33,4,0,0
/global/archives/13879,google,1,1,1,1,83,5,0,0
/global/archives/14146,(direct),1,1,1,1,34,3,0,0
/global/archives/14179,evkx.net,1,1,1,1,19,5,0,0
/global/archives/14193,google,1,1,1,1,309,6,0,0
/global/archives/14226,(direct),1,1,1,1,0,4,0,0
/global/archives/14226,google,1,1,1,1,44,5,0,0
/global/archives/14264,google,1,1,1,1,0,5,0,0
/global/archives/14302,eng.sk-on.com,1,1,1,1,20,4,0,0
/global/archives/14309,bing,1,1,1,1,1,4,0,0
/global/archives/14309,google,1,2,1,1,0,5,0,0
/global/archives/14333,(direct),1,1,1,1,0,4,0,0
/global/archives/14333,google,1,1,1,1,3,4,0,0
/global/archives/14491,chatgpt.com,1,2,1,1,0,6,0,0
/global/archives/14688,google,1,1,1,1,126,6,0,0
/global/archives/14690,google,1,1,1,1,30,5,0,0
/global/archives/14740,google,1,1,1,1,20,5,0,0
/global/archives/1493,google,1,1,1,1,6,5,0,0
/global/archives/14962,google,1,1,1,1,6,4,0,0
/global/archives/15007,(direct),1,1,1,1,0,3,0,0
/global/archives/15007,skenergy.com,1,1,1,1,4,3,0,0
/global/archives/15067,(direct),1,1,1,1,0,4,0,0
/global/archives/15067,google,1,1,1,1,0,3,0,0
/global/archives/15103,(direct),1,1,1,1,24,5,0,0
/global/archives/15103,chatgpt.com,1,2,1,1,85,7,0,0
/global/archives/1521,google,1,1,1,1,16,5,0,0
/global/archives/15374,bing,1,1,1,1,406,4,0,0
/global/archives/15374,statics.teams.cdn.office.net,1,1,1,1,0,4,0,0
/global/archives/15374,yahoo,1,2,1,1,0,6,0,0
/global/archives/15409,eng.skglobalchemical.com,1,1,1,1,6,4,0,0
/global/archives/15409,naver,1,1,1,1,82,5,0,0
/global/archives/15430,eng.skglobalchemical.com,1,1,1,1,11,4,0,0
/global/archives/15430,google,1,1,1,1,54,5,0,0
"/global/archives/15490""EcoPro plans to invest 2 trillion won (1.52 billion dollars) to expand its battery components complex - including cathodes and precursors in the countrys southeastern industrial city. It aims to start construction in the second half of this year and go into commercial operation in the second half of 2025",google,1,1,1,1,1,4,0,0
/global/archives/15497,google,1,1,1,1,28,3,0,0
/global/archives/15574,linkedin.com,1,1,1,1,8,3,0,0
/global/archives/15592,chatgpt.com,1,1,1,1,0,3,0,0
/global/archives/15623,google,1,1,1,1,0,4,0,0
/global/archives/15664,bing,1,1,1,1,32,6,0,0
/global/archives/15664,linkedin.com,1,1,1,1,42,3,0,0
/global/archives/15687,chatgpt.com,1,1,1,1,0,2,0,0
/global/archives/15687,linkedin.com,1,2,1,1,8,3,0,0
/global/archives/15689,google,1,1,1,1,1,4,0,0
/global/archives/15760,google,1,1,1,1,10,5,0,0
/global/archives/15902,(direct),1,1,1,1,4,5,0,0
/global/archives/15902,google,1,1,1,1,21,5,0,0
/global/archives/16025,google,1,1,1,1,2,4,0,0
/global/archives/16060,(direct),1,1,1,1,0,4,0,0
/global/archives/16060,sktradinginternational.com,1,1,1,1,2,4,0,0
/global/archives/16131,(direct),1,2,1,1,12,4,0,0
/global/archives/16154,(direct),1,1,1,1,0,4,0,0
/global/archives/16154,duckduckgo,1,2,1,1,0,6,0,0
/global/archives/16405,google,1,1,1,1,33,4,0,0
/global/archives/16463,(direct),1,1,1,1,0,4,0,0
/global/archives/16480,(direct),1,1,1,1,74,4,0,0
/global/archives/16493,(direct),1,2,1,1,0,6,0,0
/global/archives/16583,google,1,1,1,1,45,4,0,0
/global/archives/16624,(direct),1,1,1,1,0,3,0,0
/global/archives/16719,(direct),1,1,1,1,1,4,0,0
/global/archives/16719,google,1,1,1,1,2,5,0,0
/global/archives/16834,bing,1,2,1,1,7,4,0,0
/global/archives/16834,skenmove.com,1,1,1,1,34,4,0,0
/global/archives/16925,eng.skearthon.com,1,1,1,1,7,3,0,0
/global/archives/16952,yahoo,1,1,1,1,1,5,0,0
/global/archives/16970,google,1,1,1,1,8,5,0,0
/global/archives/17010,google,1,1,1,1,6,4,0,0
/global/archives/17022,(direct),1,2,1,1,30,7,0,0
/global/archives/17022,google,1,1,1,1,10,5,0,0
/global/archives/17047/4-sk이노베이션_ces2024_sk원더랜드_sk-wonderland_판타스틱아일랜드_1,google,1,1,1,1,2,6,0,0
/global/archives/17216,(direct),1,1,1,1,8,4,0,0
/global/archives/17292,google,1,1,1,1,30,3,0,0
/global/archives/17313,(direct),1,1,1,1,0,3,0,0
/global/archives/17313,bing,1,1,1,1,30,6,0,0
/global/archives/17313https:/skinnonews.com/archives/113797,google,1,1,1,1,1,4,0,0
/global/archives/17356,chatgpt.com,1,1,1,1,6,5,0,0
/global/archives/17356,linkedin.com,1,2,1,1,0,5,0,0
/global/archives/17386,(direct),1,1,1,1,0,3,0,0
/global/archives/17426,kimi.moonshot.cn,1,2,1,1,20,5,0,0
/global/archives/17426,statics.teams.cdn.office.net,1,2,1,1,0,5,0,0
/global/archives/17499,statics.teams.cdn.office.net,1,1,1,1,0,3,0,0
/global/archives/17514,skenergy.com,1,1,1,1,4,4,0,0
/global/archives/17569,news.google.com,1,1,1,1,2,5,0,0
/global/archives/17569https:/skinnonews.com/global/archives/17569,(direct),1,1,1,1,1,6,0,0
/global/archives/17595,(direct),1,1,1,1,1,5,0,0
/global/archives/1768,google,1,1,1,1,31,5,0,0
/global/archives/17737,linkedin.com,1,2,1,1,28,5,0,0
/global/archives/17796,google,1,1,1,1,26,5,0,0
/global/archives/17817,(direct),1,1,1,1,25,5,0,0
/global/archives/17817,bing,1,1,1,1,17,3,0,0
/global/archives/17844,google,1,1,1,1,10,5,0,0
/global/archives/17863,google,1,1,1,1,0,3,0,0
/global/archives/17965,(direct),1,1,1,1,0,3,0,0
/global/archives/17978,google,1,1,1,1,21,4,0,0
/global/archives/17989,google,1,1,1,1,4,4,0,0
/global/archives/17990,chatgpt.com,1,1,1,1,11,5,0,0
/global/archives/18022,linkedin.com,1,1,1,1,24,4,0,0
/global/archives/18107,(direct),1,1,1,1,12,5,0,0
/global/archives/18140,skenergy.com,1,1,1,1,56,3,0,0
/global/archives/18208/sk엔무브-김원기-사장_csr-4,google,1,1,1,1,21,4,0,0
/global/archives/18283,(direct),1,1,1,1,15,4,0,0
/global/archives/18283,electrive.com,1,1,1,1,7,5,0,0
/global/archives/18283,m.baidu.com,1,1,1,1,19,5,0,0
/global/archives/18301,(direct),1,2,1,1,0,6,0,0
/global/archives/18332,lens.google.com,1,1,1,1,41,5,0,0
/global/archives/18374,bing,1,1,1,1,9,4,0,0
/global/archives/18388,skinnovation.com,1,1,1,1,0,4,0,0
/global/archives/18436,google,1,1,1,1,17,3,0,0
/global/archives/18445,linkedin.com,1,1,1,1,50,4,0,0
/global/archives/18445,skinnovation.com,1,1,1,1,19,4,0,0
/global/archives/18478,google,1,1,1,1,29,5,0,0
/global/archives/18546,chatgpt.com,1,2,1,1,0,6,0,0
/global/archives/18546,eng.skearthon.com,1,1,1,1,26,3,0,0
/global/archives/18608,skenergy.com,1,1,1,1,2,4,0,0
/global/archives/18623,linkedin.com,1,2,1,1,142,3,0,0
/global/archives/18639,google,1,1,1,1,46,5,0,0
/global/archives/18659,linkedin.com,1,1,1,1,3,5,0,0
/global/archives/18659,skinnovation.com,1,1,1,1,3,4,0,0
/global/archives/18690,cn.bing.com,1,1,1,1,14,3,0,0
/global/archives/18695,linkedin.com,1,2,1,1,87,3,0,0
/global/archives/18708,(direct),1,1,1,1,9,4,0,0
/global/archives/18743,(direct),1,2,1,1,0,5,0,0
/global/archives/18753,google,1,1,1,1,3,5,0,0
/global/archives/18753,linkedin.com,1,1,1,1,1,3,0,0
/global/archives/18770,skinnovation.com,1,1,1,1,24,3,0,0
/global/archives/18783,naver.com,1,1,1,1,18,5,0,0
/global/archives/18989,(direct),1,1,1,1,250,4,0,0
/global/archives/19014,(direct),1,1,1,1,168,4,0,0
/global/archives/19045,edin.ci.ihsenergy.com,1,1,1,1,13,5,0,0
/global/archives/19045,yahoo,1,1,1,1,88,5,0,0
/global/archives/19078,ozmailer.com,1,1,1,1,0,2,0,0
/global/archives/19078,statics.teams.cdn.office.net,1,1,1,1,0,4,0,0
/global/archives/19095,skinnovation.com,1,1,1,1,771,4,0,0
/global/archives/19108,(direct),1,1,1,1,823,4,0,0
/global/archives/19108,google,1,1,1,1,5,4,0,0
/global/archives/19149,(not set),1,1,1,1,5,2,0,0
/global/archives/19149,ecosia.org,1,1,1,1,10,4,0,0
/global/archives/19149,skinnovation.com,1,1,1,1,0,4,0,0
/global/archives/19154,eng.skgeocentric.com,1,1,1,1,27,4,0,0
/global/archives/19179,linkedin.com,1,1,1,1,15,5,0,0
/global/archives/19202,skinnovation.com,1,1,1,1,43,3,0,0
/global/archives/19230,skinnovation.com,1,1,1,1,4,4,0,0
/global/archives/19251,(direct),1,1,1,1,0,3,0,0
/global/archives/19268,eng.sk-on.com,1,1,1,1,2,3,0,0
/global/archives/19268,lnkd.in,1,1,1,1,1,5,0,0
/global/archives/19328,google,1,1,1,1,46,4,0,0
/global/archives/19349,google,1,1,1,1,64,4,0,0
/global/archives/19349,googleadservices.com,1,1,1,1,0,2,0,0
/global/archives/19393,eng.skgeocentric.com,1,1,1,1,431,4,0,0
/global/archives/19393,statics.teams.cdn.office.net,1,1,1,1,30,5,0,0
/global/archives/19393,translate.google.com,1,1,1,1,24,5,0,0
/global/archives/2293,google,1,1,1,1,0,4,0,0
/global/archives/2329,google,1,1,1,1,0,5,0,0
/global/archives/2490,google,1,2,1,1,12,6,0,0
/global/archives/253,google,1,1,1,1,27,4,0,0
/global/archives/2576,google,1,1,1,1,99,5,0,0
/global/archives/2614,google,1,1,1,1,28,5,0,0
/global/archives/2675,cn.bing.com,1,1,1,1,81,4,0,0
/global/archives/2761,(direct),1,1,1,1,0,3,0,0
/global/archives/283,google,1,1,1,1,5,5,0,0
/global/archives/2837,google,1,1,1,1,26,5,0,0
/global/archives/3005,lens.google.com,1,1,1,1,19,6,0,0
/global/archives/303,google,1,1,1,1,0,4,0,0
/global/archives/311,(direct),1,1,1,1,15,6,0,0
/global/archives/3123,google,1,1,1,1,24,4,0,0
/global/archives/3220,(direct),1,1,1,1,0,3,0,0
/global/archives/3304,google,1,1,1,1,132,5,0,0
/global/archives/3393,google,1,1,1,1,7,5,0,0
/global/archives/3674,google,1,1,1,1,0,4,0,0
/global/archives/3689,(direct),1,1,1,1,4,4,0,0
/global/archives/3689,google,1,1,1,1,10,5,0,0
/global/archives/3820,kereso.startlap.hu,1,1,1,1,1,5,0,0
/global/archives/4002,(direct),1,1,1,1,0,4,0,0
/global/archives/4086,google,1,1,1,1,156,5,0,0
/global/archives/4110,google,1,1,1,1,14,5,0,0
/global/archives/4193,google,1,1,1,1,0,4,0,0
/global/archives/4218,google,1,2,1,1,8,6,0,0
/global/archives/4275,(direct),1,1,1,1,0,3,0,0
/global/archives/4308,google,1,1,1,1,82,5,0,0
/global/archives/4415,bing,1,1,1,1,0,4,0,0
/global/archives/4482,google,1,1,1,1,63,6,0,0
/global/archives/4499,skenergy.com,1,1,1,1,47,4,0,0
/global/archives/4518,google,1,1,1,1,51,6,0,0
/global/archives/4612,google,1,1,1,1,142,4,0,0
/global/archives/4751,(direct),1,1,1,1,0,4,0,0
/global/archives/4751,bing,1,1,1,1,0,4,0,0
/global/archives/4751,google,1,1,1,1,177,5,0,0
/global/archives/4776,google,1,1,1,1,0,4,0,0
/global/archives/4829,(direct),1,1,1,1,0,4,0,0
/global/archives/4897,google,1,1,1,1,30,5,0,0
/global/archives/5119,google,1,1,1,1,3,3,0,0
/global/archives/5205,google,1,1,1,1,18,4,0,0
/global/archives/5892,duckduckgo,1,1,1,1,0,4,0,0
/global/archives/5981,google,1,1,1,1,46,4,0,0
/global/archives/6014,(direct),1,1,1,1,0,4,0,0
/global/archives/6119,google,1,1,1,1,11,4,0,0
/global/archives/6216,duckduckgo,1,2,1,1,134,7,0,0
/global/archives/6313,google,1,1,1,1,0,4,0,0
/global/archives/6377,(direct),1,1,0,0,0,3,0,0
/global/archives/6462,google,1,1,1,1,6,5,0,0
/global/archives/6517,google,1,1,1,1,4,5,0,0
/global/archives/653,google,1,1,1,1,258,6,0,0
/global/archives/6606,google,1,1,1,1,17,3,0,0
/global/archives/6658,google,1,1,1,1,0,4,0,0
/global/archives/6710,login.microsoftonline.com,1,2,1,1,0,6,0,0
/global/archives/6734,google,1,1,1,1,3,3,0,0
/global/archives/6807,chatgpt.com,1,1,1,1,19,4,0,0
/global/archives/6807,news.google.com,1,1,1,1,0,4,0,0
/global/archives/6824,cn.bing.com,1,1,1,1,0,3,0,0
/global/archives/6834,google,1,1,1,1,24,5,0,0
/global/archives/6857,google,1,1,1,1,57,5,0,0
/global/archives/7031,m.search.naver.com,1,1,1,1,5,5,0,0
/global/archives/7112,google,1,1,1,1,4,4,0,0
/global/archives/7215,google,1,1,1,1,13,4,0,0
/global/archives/7245,(direct),1,1,1,1,0,4,0,0
/global/archives/7292,(direct),1,1,1,1,44,4,0,0
/global/archives/7302,(direct),1,1,1,1,0,4,0,0
/global/archives/7445,bing,1,3,1,1,0,8,0,0
/global/archives/7555,duckduckgo,1,1,1,1,0,2,0,0
/global/archives/7633,(direct),1,2,1,1,0,6,0,0
/global/archives/7633,google,1,1,1,1,1,5,0,0
/global/archives/7740,bing,1,2,1,1,0,4,0,0
/global/archives/7761,google,1,2,1,1,68,3,0,0
/global/archives/7906,(direct),1,1,1,1,40,6,0,0
/global/archives/7906,bing,1,1,1,1,32,5,0,0
/global/archives/7919,(direct),1,1,1,1,0,3,0,0
/global/archives/7979,google,1,1,1,1,58,5,0,0
/global/archives/8010,google,1,1,1,1,23,5,0,0
/global/archives/8087,bing,1,1,1,1,21,5,0,0
/global/archives/8105,google,1,2,1,1,0,6,0,0
/global/archives/822,(direct),1,1,1,1,0,3,0,0
/global/archives/8230,google,1,1,1,1,23,5,0,0
/global/archives/8310,cn.bing.com,1,1,1,1,25,5,0,0
/global/archives/8327,bing,1,2,1,1,4,6,0,0
/global/archives/8327,eng.skglobalchemical.com,1,1,1,1,0,3,0,0
/global/archives/835,(direct),1,1,1,1,14,6,0,0
/global/archives/8350,(direct),1,1,1,1,0,3,0,0
/global/archives/8360,google,1,1,1,1,3,5,0,0
/global/archives/8428,chatgpt.com,1,2,1,1,17,7,0,0
/global/archives/8437,duckduckgo,1,1,1,1,18,5,0,0
/global/archives/8479,(direct),1,1,1,1,0,4,0,0
/global/archives/8708,google,1,2,1,1,26,6,0,0
/global/archives/8914,(direct),1,1,1,1,21,5,0,0
/global/archives/8914,google,1,1,1,1,40,5,0,0
/global/archives/9096,google,1,2,1,1,0,5,0,0
/global/archives/9129,google,1,1,1,1,60,5,0,0
/global/archives/926,(direct),1,1,1,1,7,4,0,0
/global/archives/9310,google,1,1,1,1,0,3,0,0
/global/archives/9415,(direct),1,1,1,1,0,3,0,0
/global/archives/9493,(direct),1,1,1,1,0,3,0,0
/global/archives/9509,google,1,1,1,1,5,6,0,0
/global/archives/9548,(direct),1,1,1,1,1,4,0,0
/global/archives/9548,google,1,1,1,1,4,5,0,0
/global/archives/9709,(direct),1,1,1,1,0,3,0,0
/global/archives/9709,bing,1,1,1,1,0,4,0,0
/global/archives/9740,chat.zalo.me,1,3,1,1,0,8,0,0
/global/archives/9837,bing,1,1,1,1,1,5,0,0
/global/archives/9968,google,1,1,1,1,90,4,0,0
/global/archives/9978,eng.skgeocentric.com,1,1,1,1,17,4,0,0
/global/archives/9978,google,1,1,1,1,0,3,0,0
/global/archives/category/ces,google,1,1,1,1,9,4,0,0
/global/archives/category/corporate/sk-energy,(direct),1,1,1,1,3,5,0,0
/global/archives/category/corporate/sk-energy,google,1,1,1,1,2,4,0,0
/global/archives/category/corporate/sk-enmove,google,1,1,1,1,0,2,0,0
/global/archives/category/corporates,(not set),1,1,1,1,9,2,0,0
/global/archives/category/corporates,bing,1,1,1,1,0,1,0,0
/global/archives/category/corporates,eng.sk-on.com,1,1,1,1,27,4,0,0
/global/archives/category/corporates,eng.skearthon.com,1,1,1,1,8,4,0,0
/global/archives/category/corporates,googleadservices.com,1,1,1,1,0,1,0,0
/global/archives/category/corporates,kimi.moonshot.cn,1,1,1,1,4,3,0,0
/global/archives/category/corporates,skenergy.com,1,1,1,1,26,4,0,0
/global/archives/category/corporates/sk-earthon,bing,1,1,1,1,29,4,0,0
/global/archives/category/corporates/sk-energy,(direct),1,1,1,1,9,4,0,0
/global/archives/category/corporates/sk-enmove,bing,1,1,1,1,14,4,0,0
/global/archives/category/corporates/sk-enmove,eng.skgeocentric.com,1,1,1,1,0,3,0,0
/global/archives/category/corporates/sk-enmove,skenmove.com,1,2,2,0.5,12.5,6,0,0
/global/archives/category/corporates/sk-enterm,bing,1,1,1,1,6,3,0,0
/global/archives/category/corporates/sk-geo-centric,kimi.moonshot.cn,1,1,1,1,11,2,0,0
/global/archives/category/corporates/sk-ie-technology,ecosia.org,1,1,1,1,9,4,0,0
/global/archives/category/corporates/sk-incheon-petrochem,eng.skgeocentric.com,1,1,1,1,7,4,0,0
/global/archives/category/corporates/sk-innovation,eng.skgeocentric.com,1,1,1,1,6,4,0,0
/global/archives/category/corporates/sk-innovation,eng.skglobalchemical.com,1,1,1,1,20,4,0,0
/global/archives/category/corporates/sk-on,bing,1,1,1,1,17,2,0,0
/global/archives/category/corporates/sk-on,eng.sk-on.com,1,1,1,1,11,4,0,0
/global/archives/category/corporates/sk-on,eng.skgeocentric.com,1,1,1,1,1,5,0,0
/global/archives/category/corporates/sk-on,linkedin.com,1,1,1,1,14,3,0,0
/global/archives/category/corporates/sk-on,skenergy.com,1,1,1,1,11,4,0,0
/global/archives/category/corporates/sk-rading-international,(direct),1,1,1,1,9,4,0,0
/global/archives/category/corporates/sk-rading-international,skenergy.com,1,1,1,1,13,4,0,0
/global/archives/category/insight,(not set),1,1,1,1,7,2,0,0
/global/archives/category/insight,bing,1,1,1,1,117,4,0,0
/global/archives/category/insight,skenmove.com,1,1,1,1,5,4,0,0
/global/archives/category/insight,skinnovation.com,1,1,1,1,65,4,0,0
/global/archives/category/insight/expert-voice,google,1,1,1,1,30,4,0,0
/global/archives/category/insight/trend_report,ecosia.org,1,1,1,1,7,4,0,0
/global/archives/category/insight/trend_report,linkedin.com,1,1,1,1,30,4,0,0
/global/archives/category/insight/trend_report,skinnovation.com,1,1,1,1,0,2,0,0
/global/archives/category/people/ceo-leaders,google,1,1,1,1,35,5,0,0
/global/archives/category/people/inno-people,bing,1,1,1,1,21,4,0,0
/global/archives/category/people/inno-people,skenmove.com,1,1,1,1,7,4,0,0
/global/archives/category/people/onsite-report,google,1,1,1,1,2,4,0,0
/global/archives/category/people/onsite-report,skenergy.com,1,1,1,1,24,4,0,0
/global/archives/category/people/sustainability,google,1,1,1,1,27,4,0,0
/global/archives/category/press-room,(not set),1,2,2,0.5,48.5,4,0,0
/global/archives/category/press-room,kimi.moonshot.cn,1,1,1,1,7,4,0,0
/global/archives/category/press-room,skenmove.com,1,1,1,1,0,3,0,0
/global/archives/category/press-room/financial-results,duckduckgo,1,1,1,1,4,5,0,0
/global/archives/category/press-room/financial-results,eng.sk-on.com,1,1,1,1,16,3,0,0
/global/archives/category/press-room/financial-results,kimi.moonshot.cn,1,1,1,1,36,4,0,0
/global/archives/category/press-room/financial-results,skinnovation.com,1,1,1,1,0,1,0,0
/global/archives/category/press-room/issue-fact,(direct),1,1,1,1,2,3,0,0
/global/archives/category/press-room/issue-fact,skenergy.com,1,2,1,1,0,5,0,0
/global/archives/category/press-room/press-release,bing,1,2,1,1,3,5,0,0
/global/archives/category/press-room/press-release,skinnovation.com,1,1,1,1,5,4,0,0
/global/archives/tag/1-4-butanediol,google,1,1,1,1,2,5,0,0
/global/archives/tag/2023-q4,(direct),1,1,1,1,0,5,0,0
/global/archives/tag/2023-q4,eng.sk-on.com,1,1,1,1,5,4,0,0
/global/archives/tag/apg,google,1,2,1,1,0,6,0,0
/global/archives/tag/australia,google,1,1,1,1,47,6,0,0
/global/archives/tag/best-oil-company,google,1,1,1,1,6,4,0,0
/global/archives/tag/blueovalsk,google,1,1,1,1,0,4,0,0
/global/archives/tag/bmic,google,1,1,1,1,15,5,0,0
/global/archives/tag/bpse,google,1,1,1,1,0,3,0,0
/global/archives/tag/carbon-reduction,(direct),1,1,1,1,40,4,0,0
/global/archives/tag/cathode-active-materials,google,1,1,1,1,0,3,0,0
/global/archives/tag/cho-kyung-mok,google,1,1,1,1,15,6,0,0
/global/archives/tag/crude-oil,(direct),1,1,1,1,53,4,0,0
/global/archives/tag/data-center,google,1,1,1,1,22,4,0,0
/global/archives/tag/data-centers,google,1,2,1,1,12,4,0,0
/global/archives/tag/depolymerization,google,1,1,1,1,3,5,0,0
/global/archives/tag/ecopro-bm,(direct),1,1,1,1,0,3,0,0
/global/archives/tag/ensuring,google,1,1,1,1,7,3,0,0
/global/archives/tag/ess,bing,1,1,1,1,14,5,0,0
/global/archives/tag/ess,google,1,1,1,1,0,4,0,0
/global/archives/tag/ev,google,1,1,1,1,0,3,0,0
/global/archives/tag/ev-batteries,linkedin.com,1,1,1,1,44,4,0,0
/global/archives/tag/ev-battery,google,1,1,1,1,230,3,0,0
/global/archives/tag/financial-results,google,1,1,1,1,4,4,0,0
/global/archives/tag/geopolitics,google,1,1,1,1,0,3,0,0
/global/archives/tag/georgia,google,1,1,1,1,2,4,0,0
/global/archives/tag/georgia-tech,google,1,1,1,1,148,4,0,0
/global/archives/tag/germany,google,1,1,1,1,20,5,0,0
/global/archives/tag/group-iii-base-oil,google,1,1,1,1,13,5,0,0
/global/archives/tag/hungary,google,1,1,1,1,0,4,0,0
/global/archives/tag/immersion-cooling-fluids,bing,1,2,1,1,17,4,0,0
/global/archives/tag/investment,google,1,1,1,1,38,5,0,0
/global/archives/tag/iscc,google,1,1,1,1,2,4,0,0
/global/archives/tag/korea-automotive-inspection-and-warranty-association,google,1,1,1,1,0,3,0,0
/global/archives/tag/korea-hydro-nuclear-power,google,1,1,1,1,4,5,0,0
/global/archives/tag/market-kurly,(direct),1,1,1,1,0,4,0,0
/global/archives/tag/nickel,google,1,1,1,1,28,5,0,0
/global/archives/tag/oil-spill,(direct),1,1,1,1,0,4,0,0
/global/archives/tag/oklahoma,google,1,1,1,1,4,5,0,0
/global/archives/tag/saf,google,1,1,1,1,3,4,0,0
/global/archives/tag/separator,google,1,1,1,1,2,5,0,0
/global/archives/tag/sinopec-sk-wuhan-petrochemical,google,1,1,1,1,9,5,0,0
/global/archives/tag/sk-earthon-kuala-lumpur,google,1,1,1,1,0,4,0,0
/global/archives/tag/sk-geo-centric,(direct),1,1,1,1,0,2,0,0
/global/archives/tag/sk-geo-centric,google,1,1,1,1,1,4,0,0
/global/archives/tag/sk-global-chemical,(direct),1,1,1,1,3,5,0,0
/global/archives/tag/sk-inc,google,1,1,1,1,2,5,0,0
/global/archives/tag/sk-innovation-institute-of-environmental-science-and-technology,google,1,1,1,1,33,5,0,0
/global/archives/tag/sk-innovations-institute-of-environmental-science-technology,google,1,1,1,1,21,6,0,0
/global/archives/tag/sk-primacor-europe,google,1,1,1,1,39,5,0,0
/global/archives/tag/skba,google,1,1,1,1,0,3,0,0
/global/archives/tag/skbm,naver,1,2,1,1,6,6,0,0
/global/archives/tag/skbmp,google,1,1,1,1,1,5,0,0
/global/archives/tag/sken,google,1,1,1,1,2,5,0,0
/global/archives/tag/skgc,google,1,1,1,1,3,5,0,0
/global/archives/tag/skiet,google,1,1,1,1,0,4,0,0
/global/archives/tag/skipc,google,1,1,1,1,2,5,0,0
/global/archives/tag/sustainable-aviation-fuel,google,1,1,1,1,19,4,0,0
/global/archives/tag/tpu,google,1,1,1,1,151,5,0,0
/global/archives/tag/vwbe,google,1,1,1,1,10,5,0,0
/global/archives/tag/waste-water-treatment-system,google,1,1,1,1,46,6,0,0
/global/archives/tag/yukong,google,1,1,1,1,11,6,0,0
/global/latestnews,euc-excel.officeapps.live.com,1,1,1,1,9,4,0,0
/global/legal-notices,skinnovation.com,1,1,1,1,12,4,0,0
/global/sustainability-report,(direct),1,1,1,1,0,4,0,0
/global/who-we-are,(direct),1,1,1,1,3,5,0,0
/global/,(not set),0,1,1,0,12,1,0,0
/global/archives/15374,eng.skearthon.com,0,1,0,0,0,2,0,0
/global/archives/16060,skinnovation.com,0,1,1,0,34,1,0,0
/global/archives/16532,(not set),0,1,1,0,0,1,0,0
/global/archives/17965,google,0,1,1,0,40,1,0,0
/global/archives/18332,monica.im,0,1,0,0,0,2,0,0
/global/archives/18374,eng.sk-on.com,0,1,1,0,0,2,0,0
/global/archives/18546,eng.sk-on.com,0,1,1,0,14,1,0,0
/global/archives/19078,skinnovation.com,0,1,1,0,0,2,0,0
/global/archives/19268,(not set),0,1,0,0,0,1,0,0
/global/archives/19393,(not set),0,2,1,0,33,3,0,0
/global/archives/2026,google,0,1,0,0,0,2,0,0
/global/archives/3674,(direct),0,1,1,0,0,2,0,0
/global/archives/9668,skenmove.com,0,1,1,0,31,1,0,0
/global/archives/category/corporates/sk-earthon,skenergy.com,0,1,1,0,0,2,0,0
/global/archives/category/corporates/sk-innovation,skinnovation.com,0,1,0,0,0,2,0,0
/global/archives/category/press-room,skenergy.com,0,1,1,0,4,1,0,0
/global/archives/tag/ZXhlY3V0aX,(not set),0,1,1,0,0,1,0,0
/global/latestnews,(not set),0,16,16,0,17.5625,16,0,0
/global/sustainability-report,bing,0,1,0,0,0,2,0,0