# ----------------------------------------
# 보고서 CSV 내보내기
# 계정: skinno global
# 속성: skinno 글로벌 - GA4
# ----------------------------------------
# 
# 모든 사용자
# 시작일: 20241021
# 종료일: 20241027
페이지 경로 및 화면 클래스,기기 카테고리,조회수,세션수,활성 사용자,활성 사용자당 조회수,활성 사용자당 평균 참여 시간,이벤트 수,주요 이벤트,총수익
/global/archives/19268,mobile,874,676,604,1.4470198675496688,8.771523178807946,3172,0,0
/global/,desktop,236,175,140,1.6857142857142857,30.17142857142857,1789,0,0
/global/latestnews,desktop,144,161,128,1.125,21.28125,536,0,0
/global/archives/19393,mobile,121,113,112,1.0803571428571428,9.205357142857142,491,0,0
/global/archives/19393,desktop,119,117,96,1.2395833333333333,58.78125,508,0,0
/global/archives/19268,desktop,103,102,81,1.271604938271605,30.580246913580247,418,0,0
/pagead/aclk,mobile,102,67,66,1.5454545454545454,0,319,0,0
/global/archives/18546,desktop,74,82,61,1.2131147540983607,32.9344262295082,330,0,0
/global/archives/category/press-room/financial-results,desktop,64,39,32,2,28.8125,255,0,0
/global/archives/category/press-room/press-release,desktop,57,50,33,1.7272727272727273,24.21212121212121,223,0,0
/global/archives/17426,desktop,56,54,38,1.4736842105263157,38.526315789473685,246,0,0
/global/archives/19179,desktop,51,54,41,1.2439024390243902,47,208,0,0
/global/archives/19078,desktop,48,42,36,1.3333333333333333,42.611111111111114,204,0,0
/global/archives/15490,desktop,45,40,32,1.40625,46.9375,206,0,0
/global/archives/18608,desktop,45,41,30,1.5,24.066666666666666,187,0,0
/global/archives/19268,tablet,45,34,31,1.4516129032258065,1.3548387096774193,159,0,0
/global/archives/17356,desktop,41,44,29,1.4137931034482758,56.41379310344828,163,0,0
/global/archives/category/corporates,desktop,41,31,31,1.3225806451612903,15.64516129032258,155,0,0
/global/archives/category/press-room,desktop,34,36,23,1.4782608695652173,13.91304347826087,128,0,0
/global/archives/15687,desktop,30,35,18,1.6666666666666667,54,125,0,0
/global/archives/category/corporates/sk-innovation,desktop,30,25,23,1.3043478260869565,18.869565217391305,116,0,0
/global/archives/17569,desktop,25,31,19,1.3157894736842106,28.894736842105264,105,0,0
/global/archives/category/corporates/sk-geo-centric,desktop,25,15,11,2.272727272727273,30.272727272727273,98,0,0
/global/archives/19045,desktop,24,24,21,1.1428571428571428,50.61904761904762,110,0,0
/global/archives/19045,mobile,23,20,19,1.2105263157894737,29.736842105263158,90,0,0
/global/archives/category/corporates/sk-earthon,desktop,23,15,11,2.090909090909091,26.90909090909091,91,0,0
/global/archives/category/corporates/sk-on,desktop,23,20,16,1.4375,32.0625,94,0,0
/global/,mobile,22,19,19,1.1578947368421053,10.842105263157896,116,0,0
/global/archives/15374,desktop,22,31,20,1.1,39,113,0,0
/global/archives/18107,desktop,22,20,18,1.2222222222222223,107.44444444444444,105,0,0
/global/archives/18770,desktop,21,21,15,1.4,10.6,83,0,0
/global/archives/19154,desktop,21,17,15,1.4,22.4,85,0,0
/global/archives/17446,desktop,20,22,23,0.8695652173913043,5.3478260869565215,75,0,0
/global/archives/19328,desktop,20,19,18,1.1111111111111112,23.166666666666668,76,0,0
/global/archives/14491,desktop,19,23,15,1.2666666666666666,19.8,84,0,0
/global/archives/15937,desktop,19,16,10,1.9,60.1,85,0,0
/global/archives/17737,desktop,18,22,15,1.2,50.666666666666664,93,0,0
/global/archives/19349,desktop,18,19,18,1,29.38888888888889,79,0,0
/global/archives/4921,mobile,18,15,15,1.2,19.466666666666665,78,0,0
/global/archives/category/corporates/sk-energy,desktop,18,13,13,1.3846153846153846,19.692307692307693,69,0,0
/global/archives/16060,desktop,17,17,14,1.2142857142857142,12.714285714285714,68,0,0
/global/archives/16834,desktop,17,17,14,1.2142857142857142,22.214285714285715,71,0,0
/global/archives/19230,desktop,16,18,17,0.9411764705882353,11.470588235294118,63,0,0
/global/archives/10774,desktop,15,14,13,1.1538461538461537,8.153846153846153,70,0,0
/global/archives/16532,desktop,15,14,13,1.1538461538461537,53.46153846153846,69,0,0
/global/archives/17499,desktop,14,18,14,1,20.142857142857142,65,0,0
/global/archives/18445,desktop,14,16,13,1.0769230769230769,65.76923076923077,66,0,0
/global/archives/3820,desktop,14,14,11,1.2727272727272727,12.363636363636363,61,0,0
/global/archives/6216,desktop,14,19,13,1.0769230769230769,42.07692307692308,71,0,0
/global/archives/16463,desktop,13,12,9,1.4444444444444444,29.333333333333332,57,0,0
/global/archives/19179,mobile,13,12,7,1.8571428571428572,41.714285714285715,47,0,0
/global/archives/19349,mobile,13,10,10,1.3,4.9,42,0,0
/global/archives/9740,desktop,13,14,10,1.3,86.3,61,0,0
/global/archives/category/people,desktop,13,11,11,1.1818181818181819,10.818181818181818,50,0,0
/global/archives/12274/skee,desktop,12,9,9,1.3333333333333333,6.555555555555555,59,0,0
/global/archives/14243,desktop,12,12,7,1.7142857142857142,45.42857142857143,47,0,0
/global/archives/15664,desktop,12,13,10,1.2,23.8,59,0,0
/global/archives/18107,mobile,12,12,12,1,128.91666666666666,58,0,0
/global/archives/18690,desktop,12,10,9,1.3333333333333333,17.11111111111111,44,0,0
/global/archives/3962,desktop,12,13,10,1.2,30,57,0,0
/global/archives/category/corporates/sk-enmove,desktop,12,10,9,1.3333333333333333,25.88888888888889,49,0,0
/global/archives/category/insight,desktop,12,12,12,1,33.833333333333336,48,0,0
/global/archives/12022,desktop,11,11,11,1,95.45454545454545,55,0,0
/global/archives/12950,desktop,11,12,10,1.1,11.2,42,0,0
/global/archives/17313,desktop,11,13,9,1.2222222222222223,33,41,0,0
/global/archives/17595,desktop,11,14,8,1.375,17.75,52,0,0
/global/archives/18659,desktop,11,14,10,1.1,26.6,52,0,0
/global/archives/19078,mobile,11,12,4,2.75,37.25,38,0,0
/global/archives/5772,desktop,11,5,3,3.6666666666666665,29.666666666666668,30,0,0
/global/archives/9910,desktop,11,12,9,1.2222222222222223,164.55555555555554,50,0,0
/global/archives/category/corporate/sk-enmove,desktop,11,11,7,1.5714285714285714,12.428571428571429,43,0,0
/global/archives/category/corporates/sk-ie-technology,desktop,11,9,5,2.2,26.2,41,0,0
/global/archives/10939,desktop,10,11,8,1.25,35.5,42,0,0
/global/archives/11087,desktop,10,8,8,1.25,167.125,48,0,0
/global/archives/11161,desktop,10,6,6,1.6666666666666667,37.333333333333336,42,0,0
/global/archives/17623,desktop,10,11,10,1,63.6,53,0,0
/global/archives/category/people/inno-people,desktop,10,7,7,1.4285714285714286,17.142857142857142,38,0,0
/global/archives/13748,desktop,9,9,5,1.8,101.4,37,0,0
/global/archives/13780,desktop,9,11,9,1,46.77777777777778,39,0,0
/global/archives/16286,desktop,9,7,5,1.8,252.4,39,0,0
/global/archives/18022,mobile,9,4,4,2.25,75,34,0,0
/global/archives/18332,desktop,9,15,6,1.5,50,51,0,0
/global/archives/12306,desktop,8,9,7,1.1428571428571428,7.857142857142857,37,0,0
/global/archives/15574,desktop,8,8,7,1.1428571428571428,13.571428571428571,26,0,0
/global/archives/17990,desktop,8,8,6,1.3333333333333333,27.833333333333332,36,0,0
/global/archives/18022,desktop,8,8,6,1.3333333333333333,34.166666666666664,34,0,0
/global/archives/18361,desktop,8,7,6,1.3333333333333333,51.166666666666664,30,0,0
/global/archives/18388,desktop,8,7,7,1.1428571428571428,106.71428571428571,35,0,0
/global/archives/19149,desktop,8,8,8,1,38.5,29,0,0
/global/archives/19202,desktop,8,9,7,1.1428571428571428,38.285714285714285,33,0,0
/global/archives/489,desktop,8,7,7,1.1428571428571428,43.142857142857146,32,0,0
/global/archives/category/corporates/sk-enterm,desktop,8,7,4,2,7.5,31,0,0
/global/archives/category/corporates/sk-rading-international,desktop,8,5,3,2.6666666666666665,7.666666666666667,28,0,0
/global/archives/category/insight/trend_report,desktop,8,8,7,1.1428571428571428,76.14285714285714,28,0,0
/global/archives/10872,desktop,7,8,4,1.75,48.75,29,0,0
/global/archives/12125,desktop,7,9,5,1.4,42.4,33,0,0
/global/archives/12692,desktop,7,9,6,1.1666666666666667,22.166666666666668,37,0,0
/global/archives/14065,desktop,7,9,8,0.875,16.25,32,0,0
/global/archives/15610,desktop,7,7,6,1.1666666666666667,12.5,33,0,0
/global/archives/17216,desktop,7,9,7,1,52.285714285714285,33,0,0
/global/archives/17514,desktop,7,6,6,1.1666666666666667,13.5,28,0,0
/global/archives/17817,desktop,7,7,6,1.1666666666666667,24.5,30,0,0
/global/archives/18301,mobile,7,8,7,1,23.571428571428573,31,0,0
/global/archives/18708,desktop,7,8,6,1.1666666666666667,118,30,0,0
/global/archives/311,desktop,7,6,3,2.3333333333333335,14.666666666666666,30,0,0
/global/archives/7445,desktop,7,9,7,1,17.142857142857142,35,0,0
/global/archives/12036,desktop,6,7,4,1.5,14.5,26,0,0
/global/archives/13130,desktop,6,5,3,2,75,26,0,0
/global/archives/13521,desktop,6,5,4,1.5,18.75,28,0,0
/global/archives/17169,mobile,6,5,5,1.2,40.2,28,0,0
/global/archives/17978,desktop,6,4,4,1.5,24.25,23,0,0
/global/archives/18167,desktop,6,6,2,3,79.5,32,0,0
/global/archives/19095,desktop,6,6,6,1,176.5,27,0,0
/global/archives/4612,desktop,6,5,4,1.5,47.5,25,0,0
/global/archives/6253,mobile,6,1,1,6,71,20,0,0
/global/archives/736,desktop,6,5,5,1.2,20.2,24,0,0
/global/archives/822,desktop,6,5,5,1.2,21.6,23,0,0
/global/archives/9740,mobile,6,5,5,1.2,0.8,21,0,0
/global/archives/category/corporate/sk-energy,desktop,6,5,5,1.2,17,28,0,0
/global/archives/category/press-room/issue-fact,desktop,6,7,5,1.2,2.8,22,0,0
/global/archives/10535,desktop,5,6,4,1.25,4.5,19,0,0
/global/archives/10913,desktop,5,6,4,1.25,5.75,21,0,0
/global/archives/11004,desktop,5,6,4,1.25,34,23,0,0
/global/archives/11807,desktop,5,5,4,1.25,29,22,0,0
/global/archives/12106,desktop,5,8,5,1,9.8,27,0,0
/global/archives/12688,desktop,5,5,3,1.6666666666666667,8.666666666666666,20,0,0
/global/archives/14146,desktop,5,5,3,1.6666666666666667,31,23,0,0
/global/archives/14309,desktop,5,6,5,1,0.2,21,0,0
/global/archives/14415,mobile,5,2,2,2.5,27,17,0,0
/global/archives/15103,desktop,5,6,4,1.25,32.5,25,0,0
/global/archives/15259,desktop,5,5,5,1,0,20,0,0
/global/archives/15353,desktop,5,5,5,1,11,21,0,0
/global/archives/15490,mobile,5,4,3,1.6666666666666667,50.333333333333336,19,0,0
/global/archives/16376,mobile,5,5,0,0,0,15,0,0
/global/archives/16493,desktop,5,7,5,1,24.8,26,0,0
/global/archives/17623,mobile,5,4,4,1.25,29.75,21,0,0
/global/archives/18283,desktop,5,5,5,1,6.2,21,0,0
/global/archives/18374,desktop,5,6,5,1,17.2,18,0,0
/global/archives/18421,desktop,5,5,4,1.25,34.5,20,0,0
/global/archives/4499,desktop,5,5,5,1,26.8,24,0,0
/global/archives/7245,desktop,5,6,4,1.25,7,24,0,0
/global/archives/9096,desktop,5,3,2,2.5,114.5,21,0,0
/global/archives/9709,desktop,5,4,4,1.25,41,19,0,0
/global/archives/tag/sk-hi-tech-battery-materials-poland,desktop,5,3,3,1.6666666666666667,9.666666666666666,20,0,0
/global/archives/tag/skeo,desktop,5,2,1,5,41,20,0,0
/global/archives/tag/skoh,desktop,5,4,4,1.25,3.5,19,0,0
/global/sustainability-report,desktop,5,4,3,1.6666666666666667,19.333333333333332,23,0,0
/global/who-we-are,desktop,5,4,3,1.6666666666666667,15.333333333333334,25,0,0
/global/archives/11400,desktop,4,5,4,1,8,17,0,0
/global/archives/11596,desktop,4,4,3,1.3333333333333333,21.333333333333332,19,0,0
/global/archives/12008,desktop,4,5,4,1,8.75,21,0,0
/global/archives/12022,mobile,4,4,3,1.3333333333333333,19.666666666666668,19,0,0
/global/archives/13329,desktop,4,6,4,1,22.75,18,0,0
/global/archives/14770,desktop,4,4,4,1,1.25,15,0,0
/global/archives/15462,desktop,4,5,3,1.3333333333333333,69.33333333333333,19,0,0
/global/archives/15592,desktop,4,4,4,1,0,13,0,0
/global/archives/15865,desktop,4,5,4,1,0,17,0,0
/global/archives/16787,desktop,4,5,5,0.8,13.2,19,0,0
/global/archives/17499,mobile,4,4,4,1,26.5,20,0,0
/global/archives/17950,desktop,4,4,4,1,19,20,0,0
/global/archives/18065,desktop,4,4,4,1,6.75,16,0,0
/global/archives/18140,desktop,4,3,3,1.3333333333333333,31.666666666666668,12,0,0
/global/archives/18208/7-20240501_skee_1-sk트레이딩인터내셔널-유럽,desktop,4,1,1,4,45,18,0,0
/global/archives/18571,desktop,4,6,2,2,38,17,0,0
/global/archives/18608,mobile,4,4,4,1,3,17,0,0
/global/archives/18989,mobile,4,4,4,1,34,19,0,0
/global/archives/19251,desktop,4,4,3,1.3333333333333333,9.333333333333334,16,0,0
/global/archives/19328,mobile,4,4,4,1,11.5,13,0,0
/global/archives/6377,mobile,4,4,3,1.3333333333333333,4,16,0,0
/global/archives/6710,desktop,4,5,4,1,77.75,22,0,0
/global/archives/7919,desktop,4,5,4,1,35.75,21,0,0
/global/archives/7919,mobile,4,4,3,1.3333333333333333,51.666666666666664,18,0,0
/global/archives/8067,desktop,4,3,3,1.3333333333333333,119,20,0,0
/global/archives/8428,desktop,4,4,3,1.3333333333333333,26,21,0,0
/global/archives/9548,desktop,4,4,3,1.3333333333333333,44.666666666666664,19,0,0
/global/archives/9668,tablet,4,3,1,4,0,13,0,0
/global/archives/9910,mobile,4,4,4,1,69.75,21,0,0
/global/archives/tag/daejeon,mobile,4,1,1,4,11,16,0,0
/global/archives/10159,desktop,3,2,2,1.5,35.5,12,0,0
/global/archives/10610,desktop,3,3,3,1,0,10,0,0
/global/archives/10654,desktop,3,4,2,1.5,120.5,16,0,0
/global/archives/10985,desktop,3,3,3,1,9.333333333333334,15,0,0
/global/archives/11853,desktop,3,2,1,3,39,12,0,0
/global/archives/15204,desktop,3,4,3,1,37,15,0,0
/global/archives/15374,mobile,3,4,3,1,10.666666666666666,15,0,0
/global/archives/15840,desktop,3,4,3,1,3,15,0,0
/global/archives/16131,desktop,3,3,2,1.5,13,12,0,0
/global/archives/16131,mobile,3,3,1,3,0,9,0,0
/global/archives/16448,desktop,3,3,3,1,4.666666666666667,10,0,0
/global/archives/16463,mobile,3,3,3,1,10.666666666666666,15,0,0
/global/archives/16480,desktop,3,3,3,1,24.666666666666668,14,0,0
/global/archives/16583,desktop,3,2,2,1.5,37.5,12,0,0
/global/archives/16939,desktop,3,3,3,1,7.333333333333333,15,0,0
/global/archives/16952,desktop,3,3,3,1,1.3333333333333333,14,0,0
/global/archives/17356,mobile,3,3,1,3,0,10,0,0
/global/archives/17386,desktop,3,3,3,1,12.666666666666666,13,0,0
/global/archives/17476,mobile,3,3,3,1,45.333333333333336,14,0,0
/global/archives/17697,desktop,3,3,3,1,66.33333333333333,14,0,0
/global/archives/17796,desktop,3,3,3,1,8.666666666666666,13,0,0
/global/archives/18140,mobile,3,3,0,0,0,8,0,0
/global/archives/18268,desktop,3,2,2,1.5,9.5,12,0,0
/global/archives/18301,desktop,3,3,3,1,11,15,0,0
/global/archives/18546,mobile,3,2,2,1.5,48,11,0,0
/global/archives/18743,desktop,3,4,3,1,0,12,0,0
/global/archives/19128,desktop,3,4,3,1,265,14,0,0
/global/archives/19154,mobile,3,3,3,1,38,16,0,0
/global/archives/2675,desktop,3,3,3,1,37,11,0,0
/global/archives/303,desktop,3,3,3,1,0,10,0,0
/global/archives/4751,desktop,3,3,3,1,59,13,0,0
/global/archives/4921,desktop,3,3,3,1,23.666666666666668,16,0,0
/global/archives/5129,desktop,3,3,3,1,5,13,0,0
/global/archives/5892,desktop,3,3,3,1,57,15,0,0
/global/archives/6014,desktop,3,4,3,1,7.666666666666667,14,0,0
/global/archives/6216,mobile,3,3,3,1,109.66666666666667,16,0,0
/global/archives/6313,desktop,3,3,3,1,0,10,0,0
/global/archives/6824,desktop,3,3,2,1.5,21.5,13,0,0
/global/archives/8152,desktop,3,5,3,1,8.666666666666666,16,0,0
/global/archives/8383,mobile,3,2,2,1.5,35.5,12,0,0
/global/archives/8899,desktop,3,3,3,1,14,15,0,0
/global/archives/9493,desktop,3,2,2,1.5,8,12,0,0
/global/archives/9668,desktop,3,5,2,1.5,15.5,15,0,0
/global/archives/9695,desktop,3,4,3,1,15.666666666666666,18,0,0
/global/archives/category/corporates/sk-ie-technology,mobile,3,3,3,1,11.333333333333334,12,0,0
/global/archives/category/corporates/sk-incheon-petrochem,desktop,3,3,3,1,18.333333333333332,13,0,0
/global/archives/category/corporates/sk-innovation,mobile,3,2,2,1.5,14,11,0,0
/global/archives/category/corporates/sk-on,mobile,3,2,2,1.5,52.5,11,0,0
/global/archives/tag/fcw,desktop,3,1,1,3,7,12,0,0
/global/archives/tag/netruck,desktop,3,1,1,3,10,11,0,0
/global/archives/tag/northvolt,desktop,3,3,3,1,11,15,0,0
/global/archives/tag/poland,mobile,3,2,2,1.5,9,13,0,0
/global/archives/tag/separator,desktop,3,3,3,1,0.6666666666666666,13,0,0
/global/archives/tag/sk-global-chemical,desktop,3,3,3,1,5.333333333333333,15,0,0
/global/archives/tag/skfp,desktop,3,1,1,3,42,13,0,0
/global/archives/tag/sko,desktop,3,3,3,1,12,16,0,0
/global/archives/tag/smart-plant-solutions,desktop,3,2,2,1.5,5,14,0,0
/global/latestnews,mobile,3,2,2,1.5,21.5,9,0,0
/global/legal-notices,desktop,3,3,3,1,5.333333333333333,10,0,0
/global/archives/10522,mobile,2,2,1,2,29,6,0,0
/global/archives/10774,mobile,2,2,2,1,62.5,8,0,0
/global/archives/10872,mobile,2,2,2,1,0,8,0,0
/global/archives/11415,desktop,2,2,2,1,17.5,9,0,0
/global/archives/11475,desktop,2,2,2,1,12.5,8,0,0
/global/archives/12072,desktop,2,2,2,1,47.5,9,0,0
/global/archives/12091,desktop,2,2,2,1,60.5,7,0,0
/global/archives/12147,mobile,2,2,2,1,188,11,0,0
/global/archives/12190,desktop,2,2,2,1,6.5,8,0,0
/global/archives/12373,desktop,2,2,1,2,0,7,0,0
/global/archives/12471,desktop,2,2,2,1,13,8,0,0
/global/archives/12692,mobile,2,1,1,2,0,6,0,0
/global/archives/13103,mobile,2,1,1,2,0,4,0,0
/global/archives/13230,desktop,2,2,2,1,65.5,11,0,0
/global/archives/13513,desktop,2,1,1,2,30,7,0,0
/global/archives/13595,mobile,2,2,2,1,0.5,9,0,0
/global/archives/13932,desktop,2,2,2,1,33.5,10,0,0
/global/archives/14078,desktop,2,3,2,1,0,9,0,0
/global/archives/14226,desktop,2,2,2,1,22,9,0,0
/global/archives/14333,desktop,2,2,2,1,1.5,8,0,0
/global/archives/14491,mobile,2,2,2,1,11.5,9,0,0
/global/archives/14493,desktop,2,2,2,1,0,8,0,0
/global/archives/14634,desktop,2,2,2,1,24.5,8,0,0
/global/archives/14634,mobile,2,2,1,2,0,7,0,0
/global/archives/14766,desktop,2,2,2,1,42,10,0,0
/global/archives/14788,desktop,2,3,2,1,8,9,0,0
/global/archives/15007,desktop,2,2,2,1,2,6,0,0
/global/archives/15067,desktop,2,2,2,1,0,7,0,0
/global/archives/15430,desktop,2,2,2,1,32.5,9,0,0
/global/archives/15638,desktop,2,2,2,1,0,8,0,0
/global/archives/15902,desktop,2,2,2,1,12.5,10,0,0
/global/archives/15985,desktop,2,2,1,2,17,8,0,0
/global/archives/16154,desktop,2,5,2,1,0,14,0,0
/global/archives/16154,mobile,2,2,2,1,12,10,0,0
/global/archives/16613,mobile,2,2,1,2,0,7,0,0
/global/archives/16719,desktop,2,2,2,1,1.5,9,0,0
/global/archives/16810,desktop,2,3,1,2,130,9,0,0
/global/archives/17022,desktop,2,3,2,1,20,12,0,0
/global/archives/17047,desktop,2,3,2,1,6,10,0,0
/global/archives/17169,desktop,2,2,2,1,1.5,9,0,0
/global/archives/17460,desktop,2,3,2,1,21,12,0,0
/global/archives/17476,desktop,2,3,2,1,31,12,0,0
/global/archives/17893,desktop,2,2,2,1,66.5,9,0,0
/global/archives/18208,desktop,2,2,2,1,37,8,0,0
/global/archives/18361,mobile,2,2,2,1,0,5,0,0
/global/archives/19108,desktop,2,2,2,1,414,8,0,0
/global/archives/19149,mobile,2,2,2,1,7,9,0,0
/global/archives/3689,desktop,2,2,2,1,7,9,0,0
/global/archives/3709,desktop,2,2,2,1,3.5,9,0,0
/global/archives/3830,desktop,2,1,1,2,71,8,0,0
/global/archives/4146,desktop,2,3,2,1,1.5,11,0,0
/global/archives/4360,desktop,2,2,2,1,6.5,8,0,0
/global/archives/564,desktop,2,2,2,1,36.5,10,0,0
/global/archives/6072,desktop,2,1,1,2,33,5,0,0
/global/archives/6150,desktop,2,2,2,1,2.5,9,0,0
/global/archives/6546,desktop,2,2,2,1,0,6,0,0
/global/archives/6760,mobile,2,2,2,1,46.5,10,0,0
/global/archives/6784,mobile,2,2,1,2,46,8,0,0
/global/archives/6807,desktop,2,2,2,1,9.5,8,0,0
/global/archives/7379,desktop,2,2,2,1,0,8,0,0
/global/archives/7476,desktop,2,2,2,1,48,8,0,0
/global/archives/7596,desktop,2,1,1,2,68,10,0,0
/global/archives/7633,desktop,2,3,2,1,0.5,11,0,0
/global/archives/7670,desktop,2,3,2,1,78.5,11,0,0
/global/archives/7710,mobile,2,2,2,1,21,10,0,0
/global/archives/8327,desktop,2,3,1,2,4,9,0,0
/global/archives/8350,mobile,2,2,1,2,608,7,0,0
/global/archives/8400,desktop,2,2,2,1,8.5,9,0,0
/global/archives/8914,desktop,2,2,2,1,30.5,10,0,0
/global/archives/9419,mobile,2,1,1,2,120,10,0,0
/global/archives/9480,desktop,2,2,1,2,30,9,0,0
/global/archives/9668,mobile,2,2,2,1,8,10,0,0
/global/archives/9797,mobile,2,2,2,1,22.5,10,0,0
/global/archives/9893,desktop,2,2,1,2,28,9,0,0
/global/archives/9978,desktop,2,2,2,1,8.5,7,0,0
/global/archives/category/corporate/sk-on,desktop,2,2,1,2,8,8,0,0
/global/archives/category/corporates/sk-energy,mobile,2,1,1,2,12,6,0,0
/global/archives/category/corporates/sk-geo-centric,mobile,2,1,1,2,57,6,0,0
/global/archives/category/corporates/sk-rading-international,mobile,2,3,2,1,4.5,9,0,0
/global/archives/category/insight,mobile,2,2,2,1,0,5,0,0
/global/archives/category/people/inno-people,mobile,2,2,2,1,23,7,0,0
/global/archives/category/people/onsite-report,desktop,2,2,2,1,13,8,0,0
/global/archives/category/press-room/press-release,mobile,2,1,1,2,19,9,0,0
/global/archives/tag/2023-q4,desktop,2,2,2,1,2.5,9,0,0
/global/archives/tag/autosilicon,desktop,2,1,1,2,6,8,0,0
/global/archives/tag/baas,desktop,2,1,1,2,90,8,0,0
/global/archives/tag/choi-yun-seok,desktop,2,1,1,2,6,9,0,0
/global/archives/tag/daegu-international-future-auto-expo,mobile,2,2,1,2,5,9,0,0
/global/archives/tag/ess,desktop,2,2,2,1,7,9,0,0
/global/archives/tag/grc,desktop,2,1,1,2,11,9,0,0
/global/archives/tag/green-bonds,desktop,2,1,1,2,9,9,0,0
/global/archives/tag/kim-jun,desktop,2,1,1,2,7,8,0,0
/global/archives/tag/lee-seong-jun,desktop,2,2,2,1,4.5,7,0,0
/global/archives/tag/peru,desktop,2,1,1,2,6,9,0,0
/global/archives/tag/poe,desktop,2,2,2,1,8.5,11,0,0
/global/archives/tag/pouch-type-battery,desktop,2,2,2,1,4,10,0,0
/global/archives/tag/pouch-type-battery,mobile,2,1,1,2,13,7,0,0
/global/archives/tag/rhee-jang-weon,desktop,2,1,1,2,13,8,0,0
/global/archives/tag/sk-block-427,mobile,2,2,1,2,6,7,0,0
/global/archives/tag/sk-earthon,desktop,2,1,1,2,25,8,0,0
/global/archives/tag/sk-gc-americas,desktop,2,2,2,1,2,8,0,0
/global/archives/tag/sk-geo-centric,desktop,2,2,2,1,0.5,6,0,0
/global/archives/tag/skbm,desktop,2,3,2,1,9,11,0,0
/global/archives/tag/ulsan-complex,desktop,2,2,2,1,4.5,9,0,0
/global/privacy-policy,desktop,2,1,1,2,33,8,0,0
/global/archives/10133,desktop,1,1,1,1,19,5,0,0
/global/archives/10310,desktop,1,1,1,1,5,5,0,0
/global/archives/10322,desktop,1,1,1,1,22,5,0,0
/global/archives/10460,desktop,1,1,1,1,4,3,0,0
/global/archives/10478,desktop,1,1,1,1,100,4,0,0
/global/archives/10511,desktop,1,1,1,1,5,5,0,0
/global/archives/1058,desktop,1,1,1,1,2,5,0,0
/global/archives/10654,mobile,1,1,1,1,45,3,0,0
/global/archives/10713,desktop,1,1,1,1,45,5,0,0
/global/archives/10802,desktop,1,1,1,1,4,5,0,0
/global/archives/10835,desktop,1,1,1,1,0,2,0,0
/global/archives/10835,mobile,1,1,1,1,0,4,0,0
/global/archives/10977,desktop,1,1,1,1,12,4,0,0
/global/archives/11004,mobile,1,1,1,1,154,6,0,0
/global/archives/11010,desktop,1,1,1,1,3,5,0,0
/global/archives/11087,mobile,1,1,1,1,286,5,0,0
/global/archives/1114,mobile,1,1,1,1,3,5,0,0
/global/archives/11147,mobile,1,1,1,1,23,5,0,0
/global/archives/11273,desktop,1,1,1,1,1,6,0,0
/global/archives/114530,mobile,1,1,1,1,0,5,0,0
/global/archives/11475,mobile,1,1,1,1,6,5,0,0
/global/archives/11512,desktop,1,1,1,1,6,4,0,0
/global/archives/11527,mobile,1,1,1,1,66,5,0,0
/global/archives/11573,desktop,1,1,1,1,0,4,0,0
/global/archives/11683,desktop,1,1,1,1,4,3,0,0
/global/archives/1175,desktop,1,1,1,1,2,5,0,0
/global/archives/11830,desktop,1,1,1,1,0,4,0,0
/global/archives/11853,mobile,1,1,1,1,0,4,0,0
/global/archives/12072,mobile,1,1,1,1,2,4,0,0
/global/archives/12091,tablet,1,1,1,1,8,5,0,0
/global/archives/12147,desktop,1,1,1,1,16,5,0,0
/global/archives/12190,mobile,1,1,1,1,2,5,0,0
/global/archives/12220,desktop,1,1,1,1,8,5,0,0
/global/archives/1237,desktop,1,1,1,1,34,4,0,0
/global/archives/12543,mobile,1,1,1,1,23,3,0,0
/global/archives/1257,desktop,1,1,1,1,0,3,0,0
/global/archives/12667,mobile,1,1,1,1,10,5,0,0
/global/archives/12868,desktop,1,1,1,1,5,4,0,0
/global/archives/12891,mobile,1,1,1,1,12,5,0,0
/global/archives/12950,mobile,1,1,1,1,8,5,0,0
/global/archives/13103,desktop,1,1,1,1,8,5,0,0
/global/archives/13184,desktop,1,1,1,1,0,3,0,0
/global/archives/13211,desktop,1,1,1,1,2,5,0,0
/global/archives/13313,desktop,1,1,1,1,3,5,0,0
/global/archives/13374,desktop,1,1,1,1,0,3,0,0
/global/archives/13374,mobile,1,1,1,1,9,5,0,0
/global/archives/13437,desktop,1,1,1,1,0,3,0,0
/global/archives/13521,mobile,1,1,1,1,4,5,0,0
/global/archives/13595,desktop,1,1,1,1,0,3,0,0
/global/archives/13595/5-3_900,desktop,1,1,1,1,3,5,0,0
/global/archives/13804,mobile,1,1,1,1,33,4,0,0
/global/archives/13879,desktop,1,1,1,1,83,5,0,0
/global/archives/14179,desktop,1,1,1,1,19,5,0,0
/global/archives/14193,desktop,1,1,1,1,309,6,0,0
/global/archives/14264,desktop,1,1,1,1,0,5,0,0
/global/archives/14302,desktop,1,1,1,1,20,4,0,0
/global/archives/14415,desktop,1,1,1,1,7,4,0,0
/global/archives/14688,desktop,1,1,1,1,126,6,0,0
/global/archives/14690,mobile,1,1,1,1,30,5,0,0
/global/archives/14740,desktop,1,1,1,1,20,5,0,0
/global/archives/14766,mobile,1,1,1,1,49,5,0,0
/global/archives/14770,mobile,1,1,1,1,0,2,0,0
/global/archives/1493,desktop,1,1,1,1,6,5,0,0
/global/archives/14962,desktop,1,1,1,1,6,4,0,0
/global/archives/15204,mobile,1,1,1,1,0,4,0,0
/global/archives/1521,desktop,1,1,1,1,16,5,0,0
/global/archives/15353,mobile,1,1,1,1,0,4,0,0
/global/archives/15409,desktop,1,1,1,1,6,4,0,0
/global/archives/15409,mobile,1,1,1,1,82,5,0,0
"/global/archives/15490""EcoPro plans to invest 2 trillion won (1.52 billion dollars) to expand its battery components complex - including cathodes and precursors in the countrys southeastern industrial city. It aims to start construction in the second half of this year and go into commercial operation in the second half of 2025",desktop,1,1,1,1,1,4,0,0
/global/archives/15497,mobile,1,1,1,1,28,3,0,0
/global/archives/15623,mobile,1,1,1,1,0,4,0,0
/global/archives/15687,mobile,1,1,1,1,0,4,0,0
/global/archives/15689,desktop,1,1,1,1,1,4,0,0
/global/archives/15760,desktop,1,1,1,1,10,5,0,0
/global/archives/16025,desktop,1,1,1,1,2,4,0,0
/global/archives/16376,desktop,1,1,1,1,16,4,0,0
/global/archives/16405,desktop,1,1,1,1,33,4,0,0
/global/archives/16624,desktop,1,1,1,1,0,3,0,0
/global/archives/16834,mobile,1,1,1,1,6,6,0,0
/global/archives/16925,desktop,1,1,1,1,7,3,0,0
/global/archives/16970,desktop,1,1,1,1,8,5,0,0
/global/archives/17010,desktop,1,1,1,1,6,4,0,0
/global/archives/17047/4-sk이노베이션_ces2024_sk원더랜드_sk-wonderland_판타스틱아일랜드_1,mobile,1,1,1,1,2,6,0,0
/global/archives/17216,mobile,1,1,1,1,0,4,0,0
/global/archives/1722,desktop,1,1,1,1,3,5,0,0
/global/archives/1722,mobile,1,1,1,1,0,4,0,0
/global/archives/17292,desktop,1,1,1,1,30,3,0,0
/global/archives/17313https:/skinnonews.com/archives/113797,desktop,1,1,1,1,1,4,0,0
/global/archives/17446,mobile,1,1,1,1,0,4,0,0
/global/archives/17569https:/skinnonews.com/global/archives/17569,desktop,1,1,1,1,1,6,0,0
/global/archives/17595,mobile,1,1,1,1,9,5,0,0
/global/archives/1768,desktop,1,1,1,1,31,5,0,0
/global/archives/17817,mobile,1,1,1,1,0,3,0,0
/global/archives/17844,desktop,1,1,1,1,10,5,0,0
/global/archives/17863,desktop,1,1,1,1,0,3,0,0
/global/archives/17965,desktop,1,2,1,1,40,4,0,0
/global/archives/17989,desktop,1,1,1,1,4,4,0,0
/global/archives/18208/sk엔무브-김원기-사장_csr-4,desktop,1,1,1,1,21,4,0,0
/global/archives/18283,mobile,1,1,1,1,19,5,0,0
/global/archives/18332,mobile,1,1,1,1,0,4,0,0
/global/archives/18436,desktop,1,1,1,1,17,3,0,0
/global/archives/18445,mobile,1,1,1,1,0,4,0,0
/global/archives/18478,desktop,1,1,1,1,29,5,0,0
/global/archives/18500,desktop,1,1,1,1,0,4,0,0
/global/archives/18500,mobile,1,1,1,1,1,5,0,0
/global/archives/18546,tablet,1,1,1,1,0,4,0,0
/global/archives/18623,desktop,1,2,1,1,142,3,0,0
/global/archives/18639,desktop,1,1,1,1,46,5,0,0
/global/archives/18659,mobile,1,1,1,1,52,5,0,0
/global/archives/18690,mobile,1,1,1,1,13,3,0,0
/global/archives/18695,desktop,1,2,1,1,87,3,0,0
/global/archives/18708,mobile,1,1,1,1,0,4,0,0
/global/archives/18753,desktop,1,1,1,1,3,5,0,0
/global/archives/18753,mobile,1,1,1,1,1,3,0,0
/global/archives/18783,mobile,1,1,1,1,18,5,0,0
/global/archives/18989,desktop,1,1,1,1,250,4,0,0
/global/archives/19014,desktop,1,1,1,1,168,4,0,0
/global/archives/19128,tablet,1,1,1,1,0,1,0,0
/global/archives/19393,tablet,1,1,1,1,1,4,0,0
/global/archives/2293,desktop,1,1,1,1,0,4,0,0
/global/archives/2329,mobile,1,1,1,1,0,5,0,0
/global/archives/2490,mobile,1,2,1,1,12,6,0,0
/global/archives/253,desktop,1,1,1,1,27,4,0,0
/global/archives/2576,desktop,1,1,1,1,99,5,0,0
/global/archives/2614,desktop,1,1,1,1,28,5,0,0
/global/archives/2761,desktop,1,1,1,1,0,3,0,0
/global/archives/283,desktop,1,1,1,1,5,5,0,0
/global/archives/2837,desktop,1,1,1,1,26,5,0,0
/global/archives/3005,desktop,1,1,1,1,19,6,0,0
/global/archives/303,mobile,1,1,1,1,0,4,0,0
/global/archives/3123,desktop,1,1,1,1,24,4,0,0
/global/archives/3220,desktop,1,1,1,1,0,3,0,0
/global/archives/3304,desktop,1,1,1,1,132,5,0,0
/global/archives/3393,mobile,1,1,1,1,7,5,0,0
/global/archives/3473,desktop,1,1,1,1,10,5,0,0
/global/archives/3473,mobile,1,1,1,1,15,5,0,0
/global/archives/3674,desktop,1,2,1,1,0,6,0,0
/global/archives/3820,mobile,1,1,1,1,0,4,0,0
/global/archives/3962,mobile,1,1,1,1,0,4,0,0
/global/archives/4002,desktop,1,1,1,1,0,4,0,0
/global/archives/4086,desktop,1,1,1,1,156,5,0,0
/global/archives/4110,desktop,1,1,1,1,14,5,0,0
/global/archives/4193,desktop,1,1,1,1,0,4,0,0
/global/archives/4218,desktop,1,2,1,1,8,6,0,0
/global/archives/4275,desktop,1,1,1,1,0,3,0,0
/global/archives/4308,mobile,1,1,1,1,82,5,0,0
/global/archives/4360,mobile,1,1,1,1,11,5,0,0
/global/archives/4415,desktop,1,1,1,1,0,4,0,0
/global/archives/4482,desktop,1,1,1,1,63,6,0,0
/global/archives/4518,desktop,1,1,1,1,51,6,0,0
/global/archives/4776,mobile,1,1,1,1,0,4,0,0
/global/archives/4829,desktop,1,1,1,1,0,4,0,0
/global/archives/489,mobile,1,2,1,1,0,6,0,0
/global/archives/4897,desktop,1,1,1,1,30,5,0,0
/global/archives/5119,mobile,1,1,1,1,3,3,0,0
/global/archives/5205,desktop,1,1,1,1,18,4,0,0
/global/archives/5892,mobile,1,1,1,1,0,4,0,0
/global/archives/5981,desktop,1,1,1,1,46,4,0,0
/global/archives/6119,desktop,1,1,1,1,11,4,0,0
/global/archives/6253,desktop,1,1,1,1,0,4,0,0
/global/archives/6377,desktop,1,1,1,1,63,3,0,0
/global/archives/6462,desktop,1,1,1,1,6,5,0,0
/global/archives/6517,desktop,1,1,1,1,4,5,0,0
/global/archives/653,mobile,1,1,1,1,258,6,0,0
/global/archives/6546,mobile,1,1,1,1,0,4,0,0
/global/archives/6606,desktop,1,1,1,1,17,3,0,0
/global/archives/6658,desktop,1,1,1,1,0,4,0,0
/global/archives/6734,desktop,1,1,1,1,3,3,0,0
/global/archives/6834,desktop,1,1,1,1,24,5,0,0
/global/archives/6857,desktop,1,1,1,1,57,5,0,0
/global/archives/7031,mobile,1,1,1,1,5,5,0,0
/global/archives/7112,desktop,1,1,1,1,4,4,0,0
/global/archives/7215,desktop,1,1,1,1,13,4,0,0
/global/archives/7292,desktop,1,1,1,1,44,4,0,0
/global/archives/7302,desktop,1,1,1,1,0,4,0,0
/global/archives/7445,mobile,1,1,1,1,150,6,0,0
/global/archives/7555,desktop,1,1,1,1,0,2,0,0
/global/archives/7596,mobile,1,1,1,1,0,4,0,0
/global/archives/7740,desktop,1,2,1,1,0,4,0,0
/global/archives/7761,desktop,1,2,1,1,68,3,0,0
/global/archives/7906,desktop,1,1,1,1,32,5,0,0
/global/archives/7906,mobile,1,1,1,1,40,6,0,0
/global/archives/7961,desktop,1,1,1,1,0,3,0,0
/global/archives/7961,mobile,1,1,1,1,0,4,0,0
/global/archives/7979,desktop,1,1,1,1,58,5,0,0
/global/archives/8010,mobile,1,1,1,1,23,5,0,0
/global/archives/8087,desktop,1,1,1,1,21,5,0,0
/global/archives/8105,mobile,1,2,1,1,0,6,0,0
/global/archives/8152,mobile,1,1,1,1,0,3,0,0
/global/archives/8230,desktop,1,1,1,1,23,5,0,0
/global/archives/8310,desktop,1,1,1,1,25,5,0,0
/global/archives/835,desktop,1,1,1,1,14,6,0,0
/global/archives/8350,desktop,1,1,1,1,0,3,0,0
/global/archives/8360,desktop,1,1,1,1,3,5,0,0
/global/archives/8383,desktop,1,1,1,1,2,3,0,0
/global/archives/8437,desktop,1,1,1,1,18,5,0,0
/global/archives/8479,desktop,1,1,1,1,0,4,0,0
/global/archives/8708,desktop,1,2,1,1,26,6,0,0
/global/archives/9129,mobile,1,1,1,1,60,5,0,0
/global/archives/926,desktop,1,1,1,1,7,4,0,0
/global/archives/9310,desktop,1,1,1,1,0,3,0,0
/global/archives/9415,desktop,1,1,1,1,0,3,0,0
/global/archives/9509,desktop,1,1,1,1,5,6,0,0
/global/archives/9709,mobile,1,1,1,1,5,5,0,0
/global/archives/9837,desktop,1,1,1,1,1,5,0,0
/global/archives/9968,desktop,1,1,1,1,90,4,0,0
/global/archives/category/ces,desktop,1,1,1,1,9,4,0,0
/global/archives/category/corporates,mobile,1,1,1,1,0,1,0,0
/global/archives/category/corporates/sk-earthon,mobile,1,1,1,1,40,4,0,0
/global/archives/category/insight/expert-voice,desktop,1,1,1,1,30,4,0,0
/global/archives/category/people,tablet,1,1,1,1,0,3,0,0
/global/archives/category/people/ceo-leaders,desktop,1,1,1,1,35,5,0,0
/global/archives/category/people/sustainability,desktop,1,1,1,1,27,4,0,0
/global/archives/category/press-room/financial-results,mobile,1,1,1,1,4,5,0,0
/global/archives/tag/1-4-butanediol,desktop,1,1,1,1,2,5,0,0
/global/archives/tag/apg,desktop,1,2,1,1,0,6,0,0
/global/archives/tag/australia,desktop,1,1,1,1,47,6,0,0
/global/archives/tag/best-oil-company,desktop,1,1,1,1,6,4,0,0
/global/archives/tag/blueovalsk,mobile,1,1,1,1,0,4,0,0
/global/archives/tag/bmic,desktop,1,1,1,1,15,5,0,0
/global/archives/tag/board-of-directors,desktop,1,1,1,1,6,4,0,0
/global/archives/tag/board-of-directors,mobile,1,1,1,1,0,4,0,0
/global/archives/tag/bpse,mobile,1,1,1,1,0,3,0,0
/global/archives/tag/carbon-reduction,desktop,1,1,1,1,40,4,0,0
/global/archives/tag/cathode-active-materials,desktop,1,1,1,1,0,3,0,0
/global/archives/tag/cho-kyung-mok,desktop,1,1,1,1,15,6,0,0
/global/archives/tag/crude-oil,desktop,1,1,1,1,53,4,0,0
/global/archives/tag/daejeon,desktop,1,1,1,1,10,4,0,0
/global/archives/tag/data-center,desktop,1,1,1,1,22,4,0,0
/global/archives/tag/data-centers,desktop,1,2,1,1,12,4,0,0
/global/archives/tag/depolymerization,desktop,1,1,1,1,3,5,0,0
/global/archives/tag/ecopro-bm,desktop,1,1,1,1,0,3,0,0
/global/archives/tag/ensuring,desktop,1,1,1,1,7,3,0,0
/global/archives/tag/ev,desktop,1,1,1,1,0,3,0,0
/global/archives/tag/ev-batteries,desktop,1,1,1,1,44,4,0,0
/global/archives/tag/ev-battery,desktop,1,1,1,1,230,3,0,0
/global/archives/tag/financial-results,desktop,1,1,1,1,4,4,0,0
/global/archives/tag/geopolitics,mobile,1,1,1,1,0,3,0,0
/global/archives/tag/georgia,desktop,1,1,1,1,2,4,0,0
/global/archives/tag/georgia-tech,desktop,1,1,1,1,148,4,0,0
/global/archives/tag/germany,mobile,1,1,1,1,20,5,0,0
/global/archives/tag/group-iii-base-oil,desktop,1,1,1,1,13,5,0,0
/global/archives/tag/hungary,mobile,1,1,1,1,0,4,0,0
/global/archives/tag/immersion-cooling-fluids,desktop,1,2,1,1,17,4,0,0
/global/archives/tag/investment,desktop,1,1,1,1,38,5,0,0
/global/archives/tag/iscc,mobile,1,1,1,1,2,4,0,0
/global/archives/tag/jee-dong-seob,desktop,1,1,1,1,4,5,0,0
/global/archives/tag/jee-dong-seob,mobile,1,1,1,1,5,5,0,0
/global/archives/tag/korea-automotive-inspection-and-warranty-association,mobile,1,1,1,1,0,3,0,0
/global/archives/tag/korea-hydro-nuclear-power,desktop,1,1,1,1,4,5,0,0
/global/archives/tag/market-kurly,desktop,1,1,1,1,0,4,0,0
/global/archives/tag/nickel,desktop,1,1,1,1,28,5,0,0
/global/archives/tag/oil-spill,desktop,1,1,1,1,0,4,0,0
/global/archives/tag/oklahoma,desktop,1,1,1,1,4,5,0,0
/global/archives/tag/pbat,desktop,1,1,1,1,10,5,0,0
/global/archives/tag/pbat,mobile,1,1,1,1,13,5,0,0
/global/archives/tag/poland,desktop,1,1,1,1,9,5,0,0
/global/archives/tag/saf,desktop,1,1,1,1,3,4,0,0
/global/archives/tag/sinopec-sk-wuhan-petrochemical,desktop,1,1,1,1,9,5,0,0
/global/archives/tag/sk-earthon-kuala-lumpur,mobile,1,1,1,1,0,4,0,0
/global/archives/tag/sk-hi-tech-battery-materials-poland,mobile,1,1,1,1,21,5,0,0
/global/archives/tag/sk-inc,desktop,1,1,1,1,2,5,0,0
/global/archives/tag/sk-innovation-institute-of-environmental-science-and-technology,desktop,1,1,1,1,33,5,0,0
/global/archives/tag/sk-innovations-institute-of-environmental-science-technology,desktop,1,1,1,1,21,6,0,0
/global/archives/tag/sk-primacor-europe,desktop,1,1,1,1,39,5,0,0
/global/archives/tag/skba,desktop,1,1,1,1,0,3,0,0
/global/archives/tag/skbm,mobile,1,1,1,1,0,4,0,0
/global/archives/tag/skbmp,desktop,1,1,1,1,1,5,0,0
/global/archives/tag/sken,desktop,1,1,1,1,2,5,0,0
/global/archives/tag/skgc,desktop,1,1,1,1,3,5,0,0
/global/archives/tag/skiet,desktop,1,1,1,1,0,4,0,0
/global/archives/tag/skipc,desktop,1,1,1,1,2,5,0,0
/global/archives/tag/sko,mobile,1,1,1,1,15,5,0,0
/global/archives/tag/sk综合化学,desktop,1,1,1,1,12,5,0,0
/global/archives/tag/sk综合化学,mobile,1,1,1,1,33,4,0,0
/global/archives/tag/sustainable-aviation-fuel,desktop,1,1,1,1,19,4,0,0
/global/archives/tag/tpu,desktop,1,1,1,1,151,5,0,0
/global/archives/tag/vwbe,desktop,1,1,1,1,10,5,0,0
/global/archives/tag/waste-water-treatment-system,desktop,1,1,1,1,46,6,0,0
/global/archives/tag/yukong,desktop,1,1,1,1,11,6,0,0
/pagead/aclk,tablet,1,1,1,1,0,5,0,0
/global/archives/2026,desktop,0,1,0,0,0,2,0,0
/global/archives/tag/ZXhlY3V0aX,desktop,0,1,1,0,0,1,0,0