# ----------------------------------------
# 보고서 CSV 내보내기
# 계정: skinno global
# 속성: skinno 글로벌 - GA4
# ----------------------------------------
# 
# 모든 사용자
# 시작일: 20240923
# 종료일: 20240929
페이지 경로 및 화면 클래스,기기 카테고리,조회수,세션수,활성 사용자,활성 사용자당 조회수,활성 사용자당 평균 참여 시간,이벤트 수,주요 이벤트,총 수익
/global/archives/19078,mobile,526,402,302,1.7417218543046358,4.033112582781457,1693,0,0
/global/,desktop,210,167,121,1.7355371900826446,18.636363636363637,881,0,0
/global/archives/19078,desktop,155,154,122,1.2704918032786885,46.34426229508197,639,0,0
/global/latestnews,desktop,140,157,123,1.1382113821138211,19.414634146341463,536,0,0
/global/archives/category/press-room/financial-results,desktop,74,35,31,2.3870967741935485,33.54838709677419,301,0,0
/global/archives/17426,desktop,47,37,34,1.3823529411764706,26.058823529411764,212,0,0
/global/archives/19045,mobile,43,37,15,2.8666666666666667,18.133333333333333,143,0,0
/global/archives/category/press-room/press-release,desktop,42,40,28,1.5,11.642857142857142,163,0,0
/global/archives/18546,desktop,38,41,30,1.2666666666666666,53.266666666666666,167,0,0
/global/archives/19045,desktop,36,35,25,1.44,27.32,139,0,0
/global/archives/18608,desktop,30,31,25,1.2,40.48,129,0,0
/global/archives/19128,desktop,30,33,18,1.6666666666666667,5.5,117,0,0
/global/archives/19108,desktop,28,27,21,1.3333333333333333,19.761904761904763,108,0,0
/global/archives/category/corporates/sk-on,desktop,28,22,22,1.2727272727272727,23.90909090909091,109,0,0
/global/archives/19078,tablet,26,20,19,1.368421052631579,1.6842105263157894,92,0,0
/global/archives/category/corporates/sk-energy,desktop,26,18,13,2,22.53846153846154,100,0,0
/global/archives/18107,desktop,25,24,21,1.1904761904761905,34.23809523809524,114,0,0
/global/archives/16060,desktop,24,23,18,1.3333333333333333,36.77777777777778,99,0,0
/global/archives/3820,desktop,24,24,15,1.6,53.8,105,0,0
/global/archives/category/press-room,desktop,24,20,14,1.7142857142857142,24.571428571428573,91,0,0
/global/archives/15374,desktop,23,26,16,1.4375,73.1875,110,0,0
/global/archives/18445,desktop,22,25,18,1.2222222222222223,85,88,0,0
/global/archives/6216,desktop,22,27,19,1.1578947368421053,29.842105263157894,107,0,0
/global/archives/category/corporates/sk-innovation,desktop,22,19,16,1.375,19.5625,81,0,0
/global/archives/9910,desktop,20,26,16,1.25,54.875,101,0,0
/global/archives/18107,mobile,19,17,16,1.1875,110.5,86,0,0
/global/,mobile,18,16,15,1.2,4.333333333333333,66,0,0
/global/archives/18659,desktop,18,20,15,1.2,19.2,73,0,0
/global/archives/category/people/inno-people,desktop,18,16,14,1.2857142857142858,13.285714285714286,64,0,0
/global/archives/12950,desktop,17,17,12,1.4166666666666667,29,75,0,0
/global/archives/18770,desktop,17,22,15,1.1333333333333333,34.93333333333333,73,0,0
/global/archives/4612,desktop,17,19,12,1.4166666666666667,89.33333333333333,73,0,0
/global/archives/category/corporates/sk-enterm,desktop,17,9,7,2.4285714285714284,11.571428571428571,68,0,0
/global/archives/16463,desktop,16,18,15,1.0666666666666667,22.533333333333335,78,0,0
/global/archives/8067,desktop,15,10,4,3.75,146,57,0,0
/global/archives/14243,desktop,14,16,7,2,52.57142857142857,61,0,0
/global/archives/14264,desktop,14,9,6,2.3333333333333335,89.16666666666667,56,0,0
/global/archives/10774,desktop,13,15,14,0.9285714285714286,13.142857142857142,63,0,0
/global/archives/12022,desktop,13,16,12,1.0833333333333333,6.166666666666667,67,0,0
/global/archives/16448,desktop,13,12,9,1.4444444444444444,10.444444444444445,52,0,0
/global/archives/17216,desktop,13,13,13,1,28.53846153846154,62,0,0
/global/archives/17623,desktop,13,14,11,1.1818181818181819,55.72727272727273,64,0,0
/global/archives/19095,desktop,13,15,12,1.0833333333333333,5.25,51,0,0
/global/archives/9910,mobile,13,14,12,1.0833333333333333,29.75,60,0,0
/global/archives/10913,desktop,12,13,9,1.3333333333333333,120,51,0,0
/global/archives/16834,desktop,12,10,8,1.5,12.875,49,0,0
/global/archives/17595,desktop,12,11,8,1.5,61.75,54,0,0
/global/archives/822,desktop,12,12,12,1,71.33333333333333,59,0,0
/global/archives/9740,desktop,12,8,7,1.7142857142857142,91.14285714285714,56,0,0
/global/archives/category/corporates,desktop,12,10,10,1.2,14.5,48,0,0
/global/archives/11807,desktop,11,10,8,1.375,33.25,49,0,0
/global/archives/15490,desktop,11,12,11,1,83.18181818181819,56,0,0
/global/archives/17460,mobile,11,11,11,1,5.7272727272727275,49,0,0
/global/archives/18283,desktop,11,11,11,1,15.090909090909092,48,0,0
/global/archives/category/insight,desktop,11,9,9,1.2222222222222223,7.111111111111111,41,0,0
/global/archives/category/people,desktop,11,10,10,1.1,16,39,0,0
/global/archives/10133,desktop,10,8,8,1.25,16.875,45,0,0
/global/archives/13521,desktop,10,12,9,1.1111111111111112,14.333333333333334,45,0,0
/global/archives/17737,desktop,10,13,9,1.1111111111111112,51,53,0,0
/global/archives/18388,desktop,10,12,9,1.1111111111111112,46.77777777777778,41,0,0
/global/archives/15687,desktop,9,9,8,1.125,17.25,43,0,0
/global/archives/17569,desktop,9,10,7,1.2857142857142858,34,44,0,0
/global/archives/18022,desktop,9,11,6,1.5,4.5,38,0,0
/global/archives/6807,desktop,9,7,7,1.2857142857142858,30.714285714285715,43,0,0
/global/archives/9709,desktop,9,8,6,1.5,40.333333333333336,39,0,0
/global/archives/category/corporates/sk-energy,mobile,9,5,5,1.8,28.8,31,0,0
/global/archives/category/corporates/sk-geo-centric,desktop,9,7,6,1.5,33.166666666666664,35,0,0
/global/archives/category/insight/trend_report,desktop,9,10,6,1.5,17.666666666666668,32,0,0
/global/archives/12306,desktop,8,9,7,1.1428571428571428,38.42857142857143,34,0,0
/global/archives/12692,desktop,8,7,3,2.6666666666666665,107.33333333333333,35,0,0
/global/archives/13780,desktop,8,8,5,1.6,63.8,37,0,0
/global/archives/15664,desktop,8,8,8,1,29,37,0,0
/global/archives/17216,mobile,8,7,7,1.1428571428571428,72.71428571428571,29,0,0
/global/archives/17499,desktop,8,9,7,1.1428571428571428,158.57142857142858,41,0,0
/global/archives/17623,mobile,8,7,6,1.3333333333333333,38.5,35,0,0
/global/archives/18140,desktop,8,9,6,1.3333333333333333,83.5,32,0,0
/global/archives/18708,desktop,8,12,6,1.3333333333333333,90.66666666666667,37,0,0
/global/archives/category/corporates/sk-earthon,desktop,8,7,5,1.6,22.2,27,0,0
/global/archives/tag/sinopec-sk-wuhan-petrochemical,desktop,8,8,6,1.3333333333333333,11.5,36,0,0
/pagead/aclk,mobile,8,6,6,1.3333333333333333,0,27,0,0
/global/archives/11087,desktop,7,6,6,1.1666666666666667,18.5,34,0,0
/global/archives/11853,desktop,7,6,4,1.75,28,28,0,0
/global/archives/15985,desktop,7,5,3,2.3333333333333335,24.666666666666668,34,0,0
/global/archives/16286,desktop,7,8,7,1,0,29,0,0
/global/archives/17356,desktop,7,6,6,1.1666666666666667,28.166666666666668,28,0,0
/global/archives/17595,mobile,7,6,6,1.1666666666666667,12.333333333333334,28,0,0
/global/archives/18361,desktop,7,7,7,1,11.571428571428571,28,0,0
/global/archives/18436,desktop,7,7,7,1,15.142857142857142,35,0,0
/global/archives/9668,desktop,7,7,7,1,34.57142857142857,33,0,0
/global/archives/category/corporates/sk-on,mobile,7,5,5,1.4,17,25,0,0
/global/archives/category/corporates/sk-rading-international,desktop,7,6,4,1.75,14,24,0,0
/global/archives/tag/solid-power,mobile,7,5,5,1.4,19.4,34,0,0
/global/archives/12072,desktop,6,7,5,1.2,32.2,31,0,0
/global/archives/12106,desktop,6,6,6,1,14.5,24,0,0
/global/archives/12692,mobile,6,6,5,1.2,25.4,26,0,0
/global/archives/14491,desktop,6,9,6,1,17.333333333333332,30,0,0
/global/archives/14634,desktop,6,7,6,1,50.333333333333336,34,0,0
/global/archives/15687,mobile,6,4,4,1.5,33.25,23,0,0
/global/archives/16970,desktop,6,5,3,2,18.333333333333332,25,0,0
/global/archives/18374,desktop,6,7,6,1,144.83333333333334,23,0,0
/global/archives/18546,mobile,6,6,6,1,65.66666666666667,29,0,0
/global/archives/6343,desktop,6,6,6,1,10.5,30,0,0
/global/archives/7245,desktop,6,6,6,1,39.166666666666664,29,0,0
/global/archives/9548,desktop,6,4,4,1.5,26,28,0,0
/global/archives/category/corporates/sk-incheon-petrochem,desktop,6,5,3,2,12.666666666666666,20,0,0
/global/archives/category/press-room/issue-fact,desktop,6,4,4,1.5,16.5,23,0,0
/global/archives/tag/sko,desktop,6,6,6,1,19.833333333333332,31,0,0
/global/archives/tag/vwbe,desktop,6,5,5,1.2,46,28,0,0
/global/legal-notices,desktop,6,5,3,2,188.33333333333334,24,0,0
/global/archives/1058,desktop,5,5,4,1.25,13,23,0,0
/global/archives/10774,mobile,5,4,4,1.25,20,20,0,0
/global/archives/10939,desktop,5,5,4,1.25,139,21,0,0
/global/archives/12106,mobile,5,4,4,1.25,18.75,18,0,0
/global/archives/12306,mobile,5,4,4,1.25,43.5,18,0,0
/global/archives/15007,desktop,5,4,3,1.6666666666666667,112,21,0,0
/global/archives/15409,desktop,5,8,2,2.5,17.5,21,0,0
/global/archives/16493,desktop,5,5,5,1,83.4,20,0,0
/global/archives/16881,desktop,5,3,3,1.6666666666666667,54.666666666666664,23,0,0
/global/archives/17817,desktop,5,5,4,1.25,22.75,24,0,0
/global/archives/18065,desktop,5,5,5,1,12,22,0,0
/global/archives/18140,mobile,5,5,1,5,15,15,0,0
/global/archives/19128,mobile,5,4,4,1.25,24,19,0,0
/global/archives/3830,desktop,5,4,2,2.5,14.5,18,0,0
/global/archives/4360,desktop,5,6,4,1.25,0.5,21,0,0
/global/archives/4776,desktop,5,1,1,5,163,16,0,0
/global/archives/564,desktop,5,8,4,1.25,61.75,28,0,0
/global/archives/6014,desktop,5,7,4,1.25,20.25,23,0,0
/global/archives/6253,mobile,5,5,3,1.6666666666666667,28.333333333333332,19,0,0
/global/archives/6462,desktop,5,6,1,5,49,22,0,0
/global/archives/7961,desktop,5,6,4,1.25,27.75,26,0,0
/global/archives/8383,desktop,5,3,1,5,2,15,0,0
/global/archives/8400,desktop,5,6,3,1.6666666666666667,11.666666666666666,23,0,0
/global/archives/9493,mobile,5,4,3,1.6666666666666667,38,21,0,0
/global/archives/category/corporates/sk-enmove,desktop,5,5,4,1.25,8.75,17,0,0
/global/archives/tag/ankara,mobile,5,2,1,5,38,20,0,0
/global/archives/tag/sk-battery-america,desktop,5,3,2,2.5,14,21,0,0
/global/archives/tag/ulsan-complex,mobile,5,4,3,1.6666666666666667,17,23,0,0
/global/archives/tag/vwbe,mobile,5,4,4,1.25,9.25,24,0,0
/global/archives/10654,desktop,4,5,4,1,30.5,21,0,0
/global/archives/10835,desktop,4,3,3,1.3333333333333333,15,16,0,0
/global/archives/11992,desktop,4,3,3,1.3333333333333333,6.666666666666667,16,0,0
/global/archives/12220,desktop,4,4,4,1,17.25,19,0,0
/global/archives/14065,desktop,4,2,2,2,11.5,10,0,0
/global/archives/14065,mobile,4,4,1,4,0,13,0,0
/global/archives/14078,desktop,4,2,2,2,102.5,13,0,0
/global/archives/14770,desktop,4,4,3,1.3333333333333333,43,17,0,0
/global/archives/15007/1969-개업한-국내-최초-현대식-주유소-서교동-청기와주유,desktop,4,4,4,1,9.25,24,0,0
/global/archives/15462,desktop,4,4,4,1,9.75,19,0,0
/global/archives/15840,desktop,4,5,4,1,18.5,20,0,0
/global/archives/16532,desktop,4,5,4,1,7,19,0,0
/global/archives/16613,mobile,4,4,2,2,0,13,0,0
/global/archives/17047,desktop,4,4,4,1,53,20,0,0
/global/archives/17460,desktop,4,5,4,1,35,21,0,0
/global/archives/17476,desktop,4,4,4,1,41.75,18,0,0
/global/archives/17499,mobile,4,3,3,1.3333333333333333,95.33333333333333,19,0,0
/global/archives/17514,desktop,4,5,3,1.3333333333333333,8.333333333333334,16,0,0
/global/archives/17989,desktop,4,5,4,1,35.75,18,0,0
/global/archives/18208,desktop,4,1,1,4,191,17,0,0
/global/archives/18301,mobile,4,4,4,1,46,19,0,0
/global/archives/18500,desktop,4,4,3,1.3333333333333333,152.66666666666666,17,0,0
/global/archives/18690,desktop,4,3,3,1.3333333333333333,23.333333333333332,18,0,0
/global/archives/3473,desktop,4,6,4,1,5.75,22,0,0
/global/archives/3709,desktop,4,4,4,1,7.75,19,0,0
/global/archives/3962,desktop,4,4,4,1,10.25,18,0,0
/global/archives/4499,desktop,4,4,4,1,19.75,14,0,0
/global/archives/7292,mobile,4,3,3,1.3333333333333333,41.333333333333336,15,0,0
/global/archives/7445,desktop,4,4,3,1.3333333333333333,76.66666666666667,18,0,0
/global/archives/category/corporate/sk-energy,desktop,4,3,1,4,67,18,0,0
/global/archives/tag/germany,mobile,4,3,3,1.3333333333333333,5,15,0,0
/global/archives/tag/pouch-type-battery,desktop,4,3,3,1.3333333333333333,7.666666666666667,20,0,0
/global/archives/tag/shanghai,desktop,4,1,1,4,17,16,0,0
/global/archives/tag/sk-innovations-institute-of-environmental-science-technology,desktop,4,5,4,1,4.75,19,0,0
/global/sustainability-report,desktop,4,6,4,1,14.25,21,0,0
/global/archives/11037,desktop,3,3,3,1,8.666666666666666,14,0,0
/global/archives/11087,mobile,3,3,3,1,36,14,0,0
/global/archives/11147,desktop,3,3,3,1,18.333333333333332,17,0,0
/global/archives/11161,desktop,3,3,3,1,77,14,0,0
/global/archives/12022,mobile,3,3,3,1,17.333333333333332,14,0,0
/global/archives/12036,desktop,3,3,3,1,12,15,0,0
/global/archives/12125,desktop,3,2,2,1.5,7.5,12,0,0
/global/archives/12147,mobile,3,3,3,1,36.666666666666664,16,0,0
/global/archives/13521,mobile,3,3,3,1,4,14,0,0
/global/archives/13544,desktop,3,3,2,1.5,84.5,13,0,0
/global/archives/13595,desktop,3,3,3,1,129.33333333333334,16,0,0
/global/archives/14193,desktop,3,2,2,1.5,14.5,11,0,0
/global/archives/14309,desktop,3,3,3,1,0,12,0,0
/global/archives/14766,desktop,3,3,3,1,7,12,0,0
/global/archives/14766,mobile,3,3,3,1,9.666666666666666,11,0,0
/global/archives/15204,desktop,3,3,3,1,40,16,0,0
/global/archives/16376,desktop,3,4,3,1,44.333333333333336,18,0,0
/global/archives/16583,desktop,3,4,2,1.5,1,13,0,0
/global/archives/16939,desktop,3,4,3,1,30.333333333333332,15,0,0
/global/archives/17169,desktop,3,3,2,1.5,15,11,0,0
/global/archives/17356,mobile,3,3,3,1,0.6666666666666666,12,0,0
/global/archives/17446,desktop,3,3,3,1,13,14,0,0
/global/archives/17476,mobile,3,3,3,1,33.333333333333336,17,0,0
/global/archives/17796,desktop,3,3,3,1,13.666666666666666,17,0,0
/global/archives/18107,tablet,3,3,3,1,94.66666666666667,16,0,0
/global/archives/18167,desktop,3,2,2,1.5,83,14,0,0
/global/archives/18301,desktop,3,3,3,1,8.666666666666666,15,0,0
/global/archives/18743,desktop,3,4,3,1,2.3333333333333335,9,0,0
/global/archives/18783,mobile,3,3,3,1,0,12,0,0
/global/archives/18989,desktop,3,3,3,1,121.33333333333333,13,0,0
/global/archives/19095,mobile,3,3,3,1,12.333333333333334,14,0,0
/global/archives/489,desktop,3,3,3,1,72.66666666666667,16,0,0
/global/archives/489,mobile,3,3,3,1,1,13,0,0
/global/archives/4921,mobile,3,3,3,1,10.666666666666666,13,0,0
/global/archives/5893,mobile,3,1,1,3,34,9,0,0
/global/archives/6216,mobile,3,3,3,1,42.333333333333336,15,0,0
/global/archives/6658,mobile,3,3,3,1,0,11,0,0
/global/archives/9877,mobile,3,3,3,1,6,11,0,0
/global/archives/9893,desktop,3,3,2,1.5,16.5,15,0,0
/global/archives/category/corporate/sk-enmove,desktop,3,2,2,1.5,3,11,0,0
/global/archives/category/corporate/sk-ie-technology,desktop,3,4,4,0.75,6.5,14,0,0
/global/archives/category/corporate/sk-on,desktop,3,4,2,1.5,11,13,0,0
/global/archives/category/corporates/sk-earthon,mobile,3,2,1,3,29,8,0,0
/global/archives/category/corporates/sk-ie-technology,desktop,3,3,2,1.5,4,9,0,0
/global/archives/category/corporates/sk-innovation,mobile,3,2,2,1.5,21.5,11,0,0
/global/archives/category/insight/expert-voice,desktop,3,3,3,1,2.6666666666666665,8,0,0
/global/archives/category/people,mobile,3,2,2,1.5,4.5,11,0,0
/global/archives/category/people/onsite-report,desktop,3,3,3,1,23,8,0,0
/global/archives/tag/green-bonds,desktop,3,2,2,1.5,402.5,12,0,0
/global/archives/tag/lee-seong-jun,desktop,3,4,2,1.5,6.5,15,0,0
/global/archives/tag/ncm9,desktop,3,2,2,1.5,8,14,0,0
/global/archives/tag/ncm9,mobile,3,1,1,3,87,11,0,0
/global/archives/tag/poland,desktop,3,3,3,1,3.3333333333333335,13,0,0
/global/archives/tag/separator,desktop,3,2,2,1.5,92,12,0,0
/global/archives/tag/sk-primacor-europe,desktop,3,3,3,1,12,15,0,0
/global/privacy-policy,desktop,3,2,2,1.5,8,11,0,0
/global/who-we-are,desktop,3,4,3,1,12,17,0,0
/global/archives/10326,desktop,2,1,1,2,19,8,0,0
/global/archives/10610,desktop,2,2,1,2,7,8,0,0
/global/archives/10654,mobile,2,2,2,1,105,11,0,0
/global/archives/10767,desktop,2,2,2,1,13,10,0,0
/global/archives/11004,desktop,2,3,2,1,7.5,10,0,0
/global/archives/11400,desktop,2,1,1,2,12,6,0,0
/global/archives/11596,desktop,2,2,2,1,17,9,0,0
/global/archives/12274/skee,desktop,2,2,2,1,6,11,0,0
/global/archives/12413,mobile,2,2,1,2,0,6,0,0
/global/archives/13513,desktop,2,2,2,1,9.5,8,0,0
/global/archives/13595,mobile,2,2,2,1,13.5,7,0,0
/global/archives/13780,mobile,2,2,2,1,60,10,0,0
/global/archives/13879,desktop,2,1,1,2,34,8,0,0
/global/archives/14146,desktop,2,2,1,2,117,9,0,0
/global/archives/14226,desktop,2,2,2,1,8,9,0,0
/global/archives/14333,desktop,2,2,2,1,8.5,7,0,0
/global/archives/14354,desktop,2,2,2,1,11.5,7,0,0
/global/archives/14688,desktop,2,2,2,1,32,9,0,0
/global/archives/14740,desktop,2,2,2,1,14,7,0,0
/global/archives/15067,mobile,2,2,2,1,33,9,0,0
/global/archives/15259,desktop,2,2,2,1,0,8,0,0
/global/archives/15353,desktop,2,2,2,1,4,9,0,0
/global/archives/15374,mobile,2,2,2,1,17.5,9,0,0
/global/archives/15430,desktop,2,2,2,1,24.5,10,0,0
/global/archives/15937,mobile,2,2,2,1,0,8,0,0
/global/archives/15985,mobile,2,2,2,1,0.5,9,0,0
/global/archives/16060,mobile,2,2,2,1,5.5,8,0,0
/global/archives/16118,mobile,2,2,1,2,22,8,0,0
/global/archives/16131,desktop,2,1,1,2,21,8,0,0
/global/archives/16376,mobile,2,2,0,0,0,6,0,0
/global/archives/16624,desktop,2,3,2,1,47.5,11,0,0
/global/archives/16719,desktop,2,2,2,1,7,9,0,0
/global/archives/16787,desktop,2,2,2,1,19.5,8,0,0
/global/archives/1722,desktop,2,2,2,1,72.5,9,0,0
/global/archives/17386,desktop,2,2,1,2,163,10,0,0
/global/archives/17697,desktop,2,1,1,2,10,8,0,0
/global/archives/17950,desktop,2,2,2,1,38,10,0,0
/global/archives/17950,mobile,2,2,2,1,5.5,8,0,0
/global/archives/17978,desktop,2,1,1,2,27,10,0,0
/global/archives/18283,mobile,2,2,2,1,35,7,0,0
/global/archives/18332,mobile,2,2,2,1,209.5,9,0,0
/global/archives/18478,desktop,2,3,2,1,6,10,0,0
/global/archives/18478,mobile,2,2,2,1,42.5,9,0,0
/global/archives/18608,mobile,2,2,2,1,20.5,10,0,0
/global/archives/18753,desktop,2,3,2,1,0,7,0,0
/global/archives/18989,mobile,2,2,2,1,0,10,0,0
/global/archives/2293,desktop,2,2,2,1,32,10,0,0
/global/archives/2293,mobile,2,2,2,1,75.5,10,0,0
/global/archives/311,mobile,2,2,2,1,443,10,0,0
/global/archives/3661,desktop,2,2,2,1,124.5,12,0,0
/global/archives/3674,desktop,2,2,2,1,314,7,0,0
/global/archives/3820,mobile,2,2,2,1,90,9,0,0
/global/archives/3962,mobile,2,1,1,2,9,7,0,0
/global/archives/4499,mobile,2,2,2,1,1.5,9,0,0
/global/archives/4518,desktop,2,2,2,1,31.5,7,0,0
/global/archives/4612,mobile,2,1,1,2,61,8,0,0
/global/archives/4793,desktop,2,2,2,1,21,7,0,0
/global/archives/4921,desktop,2,2,2,1,3,9,0,0
/global/archives/5357,desktop,2,2,2,1,85,7,0,0
/global/archives/5892,desktop,2,2,2,1,17,10,0,0
/global/archives/6377,desktop,2,2,2,1,34.5,10,0,0
/global/archives/648,desktop,2,2,2,1,20,9,0,0
/global/archives/6710,desktop,2,2,2,1,22,10,0,0
/global/archives/7043,mobile,2,2,2,1,22,8,0,0
/global/archives/7168,desktop,2,2,1,2,0,6,0,0
/global/archives/7292,desktop,2,2,2,1,26.5,7,0,0
/global/archives/7710,desktop,2,2,2,1,103.5,10,0,0
/global/archives/7906,mobile,2,2,2,1,47.5,10,0,0
/global/archives/8298,desktop,2,1,1,2,79,9,0,0
/global/archives/9129,desktop,2,2,2,1,15.5,10,0,0
/global/archives/9191,mobile,2,1,1,2,13,8,0,0
/global/archives/9493,desktop,2,2,2,1,0.5,9,0,0
/global/archives/9616,desktop,2,4,2,1,0,11,0,0
/global/archives/category/corporate/sk-enmove,mobile,2,1,1,2,84,10,0,0
/global/archives/category/corporates/sk-rading-international,mobile,2,1,1,2,19,8,0,0
/global/archives/category/people/sustainability,desktop,2,2,2,1,1.5,5,0,0
/global/archives/category/social-value/csr-program,desktop,2,2,2,1,18,5,0,0
/global/archives/tag/ZWxlY3RyaW,desktop,2,2,2,1,0,9,0,0
/global/archives/tag/ambassadors-spouses-association-in-seoul,desktop,2,2,2,1,4.5,10,0,0
/global/archives/tag/batteries,desktop,2,1,1,2,26,8,0,0
/global/archives/tag/benz,desktop,2,1,1,2,6,8,0,0
/global/archives/tag/china,desktop,2,2,2,1,1,7,0,0
/global/archives/tag/ek-energy,desktop,2,1,1,2,16,10,0,0
/global/archives/tag/europe,desktop,2,2,2,1,0,2,0,0
/global/archives/tag/lithium-ion-battery,desktop,2,3,2,1,6,13,0,0
/global/archives/tag/malaysia,desktop,2,2,2,1,10,11,0,0
/global/archives/tag/norway,mobile,2,1,1,2,25,7,0,0
/global/archives/tag/ohio,desktop,2,1,1,2,7,7,0,0
/global/archives/tag/production-sharing-contract,desktop,2,1,1,2,16,7,0,0
/global/archives/tag/psc,desktop,2,1,1,2,17,7,0,0
/global/archives/tag/saf,desktop,2,2,2,1,2.5,8,0,0
/global/archives/tag/sk-global-chemical,desktop,2,2,2,1,18,10,0,0
/global/archives/tag/sk-incheon-petrochem,desktop,2,1,1,2,4,5,0,0
/global/archives/tag/sk-supex-council,desktop,2,2,2,1,1,9,0,0
/global/archives/tag/skbh,mobile,2,1,1,2,14,8,0,0
/global/archives/tag/skgca,mobile,2,1,1,2,5,7,0,0
/global/archives/tag/skti,desktop,2,3,2,1,4,11,0,0
/global/archives/tag/ulsan-clx,desktop,2,2,2,1,6.5,10,0,0
/global/archives/tag/ulsan-complex,desktop,2,2,2,1,1,8,0,0
/global/latestnews,mobile,2,2,1,2,37,5,0,0
/global/legal-notices,mobile,2,2,1,2,18,5,0,0
/global/404,mobile,1,1,0,0,0,3,0,0
/global/archives/10103,mobile,1,1,1,1,6,5,0,0
/global/archives/10133,mobile,1,1,1,1,16,5,0,0
/global/archives/10159,mobile,1,1,1,1,87,6,0,0
/global/archives/1016,desktop,1,1,1,1,17,2,0,0
/global/archives/1043,mobile,1,1,1,1,0,4,0,0
/global/archives/10460,mobile,1,1,1,1,0,4,0,0
/global/archives/10511,desktop,1,1,1,1,26,5,0,0
/global/archives/10535,desktop,1,1,1,1,27,5,0,0
/global/archives/10802,desktop,1,1,1,1,206,5,0,0
/global/archives/10872,desktop,1,1,1,1,63,5,0,0
/global/archives/10913,mobile,1,1,1,1,40,5,0,0
/global/archives/10985,mobile,1,1,1,1,27,5,0,0
/global/archives/11180,desktop,1,1,1,1,68,6,0,0
/global/archives/11214,desktop,1,1,1,1,442,3,0,0
/global/archives/11415,mobile,1,1,1,1,0,4,0,0
/global/archives/11512,desktop,1,1,1,1,21,4,0,0
/global/archives/11537,desktop,1,1,1,1,1,5,0,0
/global/archives/11537,mobile,1,1,1,1,30,3,0,0
/global/archives/11807,mobile,1,1,1,1,50,5,0,0
/global/archives/11853,mobile,1,1,1,1,25,5,0,0
/global/archives/12091,desktop,1,1,1,1,2,4,0,0
/global/archives/12147,desktop,1,1,1,1,0,4,0,0
/global/archives/12190,desktop,1,1,1,1,121,6,0,0
/global/archives/12190,mobile,1,1,0,0,0,3,0,0
/global/archives/12274/skee,mobile,1,2,1,1,0,7,0,0
/global/archives/12319,mobile,1,1,1,1,0,2,0,0
/global/archives/12603,desktop,1,1,1,1,30,4,0,0
/global/archives/12610,mobile,1,1,1,1,0,2,0,0
/global/archives/12667,mobile,1,1,1,1,13,5,0,0
/global/archives/12688,desktop,1,2,1,1,0,6,0,0
/global/archives/12950,mobile,1,1,1,1,36,6,0,0
/global/archives/13036,desktop,1,1,1,1,2,4,0,0
/global/archives/13103,mobile,1,1,1,1,0,4,0,0
/global/archives/13130,desktop,1,1,1,1,18,4,0,0
/global/archives/13230,desktop,1,1,1,1,0,4,0,0
/global/archives/13256,mobile,1,1,1,1,0,4,0,0
/global/archives/13313,desktop,1,1,1,1,8,5,0,0
/global/archives/13327,desktop,1,1,1,1,24,4,0,0
/global/archives/13513,mobile,1,1,1,1,17,3,0,0
/global/archives/13795,desktop,1,1,1,1,109,3,0,0
/global/archives/13850,desktop,1,2,1,1,0,5,0,0
/global/archives/1399,desktop,1,1,1,1,0,4,0,0
/global/archives/1399,mobile,1,1,1,1,19,6,0,0
/global/archives/14030,desktop,1,1,1,1,18,3,0,0
/global/archives/14083,desktop,1,2,1,1,0,6,0,0
/global/archives/14083,mobile,1,1,1,1,62,5,0,0
/global/archives/14146,mobile,1,1,1,1,73,5,0,0
/global/archives/14179,desktop,1,1,1,1,16,6,0,0
/global/archives/14219,desktop,1,1,1,1,6,5,0,0
/global/archives/14415,desktop,1,1,0,0,0,3,0,0
/global/archives/14491,mobile,1,2,1,1,0,6,0,0
/global/archives/14541,mobile,1,1,1,1,18,5,0,0
/global/archives/14788,desktop,1,1,1,1,43,5,0,0
/global/archives/14788,mobile,1,1,1,1,43,5,0,0
/global/archives/1493,mobile,1,1,1,1,22,4,0,0
/global/archives/14962,desktop,1,1,1,1,45,4,0,0
/global/archives/15007/1969-개업한-국내-최초-현대식-주유소-서교동-청기와주유,mobile,1,1,1,1,14,6,0,0
/global/archives/15497,desktop,1,1,1,1,16,4,0,0
/global/archives/15574,desktop,1,1,1,1,379,5,0,0
/global/archives/16005,desktop,1,1,1,1,41,5,0,0
/global/archives/16154,mobile,1,1,0,0,0,3,0,0
/global/archives/16286,mobile,1,1,1,1,27,5,0,0
/global/archives/16308,desktop,1,1,1,1,11,6,0,0
/global/archives/16405,desktop,1,1,1,1,0,2,0,0
/global/archives/16480,desktop,1,1,1,1,0,4,0,0
/global/archives/16493,mobile,1,1,1,1,89,5,0,0
/global/archives/16532,mobile,1,1,1,1,0,4,0,0
/global/archives/16810,desktop,1,1,1,1,44,4,0,0
/global/archives/16834,mobile,1,1,1,1,188,6,0,0
/global/archives/16881,mobile,1,1,0,0,0,3,0,0
/global/archives/16904,desktop,1,1,1,1,25,6,0,0
/global/archives/16925,desktop,1,1,1,1,0,4,0,0
/global/archives/16970,mobile,1,1,1,1,0,4,0,0
/global/archives/17022,desktop,1,1,1,1,11,4,0,0
/global/archives/17047,mobile,1,1,1,1,0,5,0,0
/global/archives/17047/4-sk이노베이션_ces2024_sk원더랜드_sk-wonderland_판타스틱아일랜드_5,desktop,1,1,1,1,4,5,0,0
/global/archives/17169,mobile,1,1,1,1,3,5,0,0
/global/archives/1722,mobile,1,1,1,1,12,5,0,0
/global/archives/17313,desktop,1,2,1,1,6,7,0,0
/global/archives/17386,mobile,1,1,1,1,57,5,0,0
/global/archives/17569,mobile,1,1,1,1,0,4,0,0
/global/archives/1768,desktop,1,1,1,1,64,3,0,0
/global/archives/17796,mobile,1,1,1,1,0,4,0,0
/global/archives/17817,mobile,1,1,1,1,0,4,0,0
/global/archives/17893,desktop,1,2,1,1,0,6,0,0
/global/archives/17989,mobile,1,1,1,1,10,3,0,0
/global/archives/17990,desktop,1,2,1,1,4,7,0,0
/global/archives/18065,mobile,1,1,1,1,212,5,0,0
/global/archives/18076,mobile,1,1,1,1,52,5,0,0
/global/archives/18361,mobile,1,1,1,1,8,5,0,0
/global/archives/18374,mobile,1,1,1,1,33,3,0,0
/global/archives/18421,mobile,1,1,0,0,0,2,0,0
/global/archives/18445,mobile,1,1,1,1,0,4,0,0
/global/archives/18639,desktop,1,1,1,1,0,4,0,0
/global/archives/18783,desktop,1,2,1,1,0,5,0,0
/global/archives/19014,desktop,1,1,1,1,1,2,0,0
/global/archives/19014,mobile,1,1,1,1,61,4,0,0
/global/archives/19045,tablet,1,1,1,1,0,4,0,0
/global/archives/19108,mobile,1,1,1,1,0,2,0,0
/global/archives/2280,desktop,1,1,1,1,3,5,0,0
/global/archives/253,desktop,1,1,1,1,106,6,0,0
/global/archives/2576,desktop,1,1,1,1,51,6,0,0
/global/archives/2576,mobile,1,1,1,1,59,6,0,0
/global/archives/2756,desktop,1,1,1,1,7,4,0,0
/global/archives/279,mobile,1,1,1,1,9,3,0,0
/global/archives/298,desktop,1,1,1,1,43,5,0,0
/global/archives/3005,desktop,1,1,1,1,10,3,0,0
/global/archives/303,desktop,1,1,1,1,17,6,0,0
/global/archives/311,desktop,1,1,1,1,135,4,0,0
/global/archives/3123,desktop,1,1,1,1,49,5,0,0
/global/archives/3123,mobile,1,1,1,1,0,4,0,0
/global/archives/3158,desktop,1,2,1,1,11,5,0,0
/global/archives/3197,desktop,1,1,1,1,1,4,0,0
/global/archives/3304,desktop,1,1,1,1,42,3,0,0
/global/archives/3393,desktop,1,1,1,1,34,5,0,0
/global/archives/3442,desktop,1,1,1,1,19,5,0,0
/global/archives/349,desktop,1,1,1,1,35,5,0,0
/global/archives/401,desktop,1,1,1,1,3,5,0,0
/global/archives/4146,desktop,1,1,1,1,0,3,0,0
/global/archives/4146,mobile,1,1,1,1,24,6,0,0
/global/archives/4308,desktop,1,2,1,1,0,6,0,0
/global/archives/4309,desktop,1,1,1,1,39,5,0,0
/global/archives/4844,desktop,1,1,1,1,15,5,0,0
/global/archives/4897,desktop,1,1,1,1,0,4,0,0
/global/archives/507,desktop,1,1,1,1,165,5,0,0
/global/archives/5339,desktop,1,1,1,1,144,5,0,0
/global/archives/542,desktop,1,1,1,1,35,5,0,0
/global/archives/5721,desktop,1,1,1,1,0,4,0,0
/global/archives/5772,desktop,1,2,2,0.5,1,7,0,0
/global/archives/5804,desktop,1,1,1,1,33,6,0,0
/global/archives/5853,desktop,1,1,1,1,0,4,0,0
/global/archives/5892,mobile,1,1,1,1,20,6,0,0
/global/archives/5893,desktop,1,1,1,1,2,5,0,0
/global/archives/5944,desktop,1,2,2,0.5,29.5,6,0,0
/global/archives/6090,desktop,1,1,1,1,0,4,0,0
/global/archives/6253,desktop,1,1,1,1,37,5,0,0
/global/archives/631,desktop,1,1,1,1,5,3,0,0
/global/archives/6313,desktop,1,1,1,1,87,3,0,0
/global/archives/6323,desktop,1,1,1,1,65,5,0,0
/global/archives/6462 - https:/www.skenmove.com/sustainability/scope-1,desktop,1,1,1,1,3,5,0,0
/global/archives/6471,desktop,1,1,1,1,24,5,0,0
/global/archives/653,desktop,1,1,1,1,65,5,0,0
/global/archives/6546,desktop,1,1,1,1,2,5,0,0
/global/archives/6619,desktop,1,1,1,1,38,4,0,0
/global/archives/6623,mobile,1,1,1,1,57,5,0,0
/global/archives/6807,mobile,1,1,1,1,0,3,0,0
/global/archives/6834,desktop,1,1,1,1,11,3,0,0
/global/archives/6870,desktop,1,1,1,1,12,4,0,0
/global/archives/7031,desktop,1,1,1,1,70,4,0,0
/global/archives/7112,desktop,1,1,1,1,0,4,0,0
/global/archives/7177,desktop,1,1,1,1,26,4,0,0
/global/archives/7177,mobile,1,1,1,1,0,3,0,0
/global/archives/736,desktop,1,1,1,1,0,3,0,0
/global/archives/7379,desktop,1,1,1,1,50,6,0,0
/global/archives/7463,desktop,1,1,1,1,0,3,0,0
/global/archives/7476,desktop,1,1,1,1,8,5,0,0
/global/archives/7596,desktop,1,1,1,1,75,4,0,0
/global/archives/7596,mobile,1,1,1,1,8,5,0,0
/global/archives/7670,desktop,1,1,1,1,13,5,0,0
/global/archives/7794,desktop,1,1,1,1,0,4,0,0
/global/archives/7906,desktop,1,2,1,1,0,6,0,0
/global/archives/8042,mobile,1,1,1,1,6,3,0,0
/global/archives/8105,mobile,1,1,1,1,2,5,0,0
/global/archives/822,mobile,1,1,1,1,0,3,0,0
/global/archives/8428,desktop,1,1,1,1,0,2,0,0
/global/archives/878,desktop,1,1,1,1,0,1,0,0
/global/archives/8870,desktop,1,1,1,1,3,5,0,0
/global/archives/8899,desktop,1,1,1,1,49,5,0,0
/global/archives/9415,mobile,1,1,1,1,0,4,0,0
/global/archives/9509,mobile,1,1,1,1,6,5,0,0
/global/archives/9548,mobile,1,1,1,1,0,4,0,0
/global/archives/9648,desktop,1,1,1,1,277,4,0,0
/global/archives/9682,desktop,1,1,1,1,7,5,0,0
/global/archives/9709,mobile,1,1,1,1,0,4,0,0
/global/archives/9740,mobile,1,1,1,1,8,5,0,0
/global/archives/9770,mobile,1,1,1,1,4,3,0,0
/global/archives/category/business/corporate/sk-innovation,desktop,1,1,1,1,0,3,0,0
/global/archives/category/ces/ces-2022-ces-2022,desktop,1,1,1,1,4,2,0,0
/global/archives/category/ces/ces-2023,desktop,1,1,1,1,0,1,0,0
/global/archives/category/corporate/sk-incheon-petrochem,mobile,1,1,1,1,17,5,0,0
/global/archives/category/corporate/sk-innovation,desktop,1,1,1,1,16,4,0,0
/global/archives/category/corporates/sk-enterm,mobile,1,1,1,1,0,4,0,0
/global/archives/category/people/ceo-leaders,mobile,1,1,1,1,27,6,0,0
/global/archives/category/press-room/press-release,mobile,1,1,1,1,0,2,0,0
/global/archives/category/social-value/opinions,desktop,1,1,1,1,2,2,0,0
/global/archives/category/social-value/social-enterprise,desktop,1,1,1,1,2,2,0,0
/global/archives/tag/2024-q2,desktop,1,1,1,1,9,4,0,0
/global/archives/tag/all-solid-state-battery,mobile,1,1,1,1,51,4,0,0
/global/archives/tag/amogy,desktop,1,1,1,1,3,5,0,0
/global/archives/tag/anode,desktop,1,1,1,1,0,3,0,0
/global/archives/tag/battery,desktop,1,1,1,1,0,1,0,0
/global/archives/tag/battery-swap-station,desktop,1,1,1,1,2,4,0,0
/global/archives/tag/board-of-directors,desktop,1,1,1,1,2,5,0,0
/global/archives/tag/cathode,desktop,1,1,1,1,0,4,0,0
/global/archives/tag/clean-clx,mobile,1,1,1,1,0,4,0,0
/global/archives/tag/co-processing,desktop,1,1,1,1,9,4,0,0
/global/archives/tag/diagnosis,desktop,1,1,1,1,3,3,0,0
/global/archives/tag/energy-super-station,desktop,1,1,1,1,2,5,0,0
/global/archives/tag/ess,desktop,1,1,1,1,5,5,0,0
/global/archives/tag/ev,desktop,1,1,1,1,28,4,0,0
/global/archives/tag/ewha-womans-university,desktop,1,1,1,1,0,3,0,0
/global/archives/tag/f-150-lightning,mobile,1,1,1,1,16,5,0,0
/global/archives/tag/financial-results,desktop,1,1,1,1,12,4,0,0
/global/archives/tag/frontier-1-5d,desktop,1,1,1,1,3,6,0,0
/global/archives/tag/georgia,desktop,1,1,1,1,0,3,0,0
/global/archives/tag/interbattery-2024,desktop,1,1,1,1,4,4,0,0
/global/archives/tag/interview,mobile,1,1,1,1,12,5,0,0
/global/archives/tag/investment,desktop,1,2,1,1,0,5,0,0
/global/archives/tag/ivancsa,desktop,1,1,1,1,6,5,0,0
/global/archives/tag/kesco,desktop,1,2,1,1,0,6,0,0
/global/archives/tag/lee-seong-jun,mobile,1,1,1,1,0,3,0,0
/global/archives/tag/lithium-hydroxide,desktop,1,1,1,1,4,4,0,0
/global/archives/tag/lubricants,desktop,1,1,1,1,45,4,0,0
/global/archives/tag/lucky-money,desktop,1,1,1,1,3,4,0,0
/global/archives/tag/marinachain,desktop,1,1,1,1,6,5,0,0
/global/archives/tag/marine-innovation,mobile,1,1,1,1,27,3,0,0
/global/archives/tag/mbwa,mobile,1,1,1,1,10,6,0,0
/global/archives/tag/morgan-stanley-capital-international,desktop,1,1,1,1,1,5,0,0
/global/archives/tag/naphtha,desktop,1,1,1,1,7,4,0,0
/global/archives/tag/ncm811,desktop,1,1,1,1,10,5,0,0
/global/archives/tag/nmc,desktop,1,1,1,1,8,5,0,0
/global/archives/tag/paraxylene-production,desktop,1,1,1,1,2,5,0,0
/global/archives/tag/petrochemicals,desktop,1,1,1,1,7,4,0,0
/global/archives/tag/polyurethane,desktop,1,1,1,1,2,6,0,0
/global/archives/tag/pouch-type-battery,mobile,1,1,1,1,13,4,0,0
/global/archives/tag/revenue,desktop,1,1,1,1,7,4,0,0
/global/archives/tag/roadmap,desktop,1,1,1,1,3,3,0,0
/global/archives/tag/s-pack,desktop,1,1,1,1,9,5,0,0
/global/archives/tag/shepherd-ccs-project,desktop,1,1,1,1,5,4,0,0
/global/archives/tag/sk-earthon-kuala-lumpur,mobile,1,1,1,1,13,6,0,0
/global/archives/tag/sk-enmove,desktop,1,1,1,1,46,4,0,0
/global/archives/tag/sk-global-chemical-shanghai,desktop,1,1,1,1,3,4,0,0
/global/archives/tag/sk-innovation,desktop,1,1,1,1,24,4,0,0
/global/archives/tag/sk-lubricants,desktop,1,1,1,1,18,4,0,0
/global/archives/tag/sk-on,desktop,1,1,1,1,3,4,0,0
/global/archives/tag/sk-on-hungary-skoh-and-sk-battery-manufacturing,desktop,1,1,1,1,5,3,0,0
/global/archives/tag/sk-on-hungary-skoh-and-sk-battery-manufacturing,mobile,1,1,1,1,11,5,0,0
/global/archives/tag/sk-ulsan-complex,mobile,1,1,1,1,9,3,0,0
/global/archives/tag/skba,mobile,1,1,1,1,5,4,0,0
/global/archives/tag/skbh,desktop,1,1,1,1,15,6,0,0
/global/archives/tag/skbmp,desktop,1,1,1,1,28,5,0,0
/global/archives/tag/ske,desktop,1,1,1,1,11,3,0,0
/global/archives/tag/skgc,desktop,1,1,1,1,54,4,0,0
/global/archives/tag/skiet,desktop,1,1,1,1,0,1,0,0
/global/archives/tag/skoh,desktop,1,1,1,1,0,4,0,0
/global/archives/tag/skoh,mobile,1,1,1,1,19,5,0,0
/global/archives/tag/sustainable-aviation-fuel,desktop,1,1,1,1,37,4,0,0
/global/archives/tag/turkey,mobile,1,1,1,1,3,5,0,0
/global/archives/tag/us,desktop,1,1,1,1,0,1,0,0
/global/archives/tag/usa,desktop,1,1,1,1,16,5,0,0
/global/archives/tag/yoo-jae-young,desktop,1,1,1,1,5,5,0,0
/global/archives/tag/yubase,desktop,1,1,1,1,2,5,0,0
/global/archives/tag/yukong,mobile,1,1,1,1,6,5,0,0
/global/archives/tag/中韩石化,desktop,1,1,1,1,8,5,0,0
/global/archives/tag/电动汽车,desktop,1,1,1,1,4,5,0,0
/global/family-site-links,mobile,1,1,1,1,4,5,0,0
/global/privacy-policy,mobile,1,1,1,1,1,2,0,0
/global/who-we-are,mobile,1,1,1,1,11,5,0,0
/global/who-we-are,tablet,1,1,1,1,0,4,0,0
/global/인터배터리-2024-sk온-부스_05,mobile,1,1,1,1,28,5,0,0
/global/archives/16463,mobile,0,1,0,0,0,2,0,0