# ----------------------------------------
# 보고서 CSV 내보내기
# 계정: skinno global
# 속성: skinno 글로벌 - GA4
# ----------------------------------------
# 
# 모든 사용자
# 시작일: 20240923
# 종료일: 20240929
페이지 경로 및 화면 클래스,세션 소스,조회수,세션수,활성 사용자,활성 사용자당 조회수,활성 사용자당 평균 참여 시간,이벤트 수,주요 이벤트,총 수익
/global/archives/19078,google,596,482,368,1.6195652173913044,7.638586956521739,2011,0,0
/global/latestnews,(direct),104,103,96,1.0833333333333333,18.760416666666668,399,0,0
/global/archives/19078,(direct),83,67,61,1.360655737704918,17.75409836065574,294,0,0
/global/archives/category/press-room/financial-results,google,65,28,24,2.7083333333333335,33.208333333333336,268,0,0
/global/archives/19045,google,64,59,29,2.206896551724138,23.275862068965516,225,0,0
/global/,(direct),61,53,49,1.2448979591836735,7.551020408163265,246,0,0
/global/,google,60,45,38,1.5789473684210527,15.81578947368421,244,0,0
/global/archives/18107,google,43,40,36,1.1944444444444444,74.52777777777777,195,0,0
/global/archives/18546,google,41,44,34,1.2058823529411764,58.588235294117645,186,0,0
/global/,linkedin.com,38,30,7,5.428571428571429,43.285714285714285,144,0,0
/global/archives/17426,google,36,29,28,1.2857142857142858,27,164,0,0
/global/latestnews,google,31,33,11,2.8181818181818183,17.272727272727273,98,0,0
/global/archives/9910,google,27,32,22,1.2272727272727273,50.95454545454545,131,0,0
/global/,skinnovation.com,26,22,14,1.8571428571428572,34,126,0,0
/global/archives/category/corporates/sk-on,google,25,21,21,1.1904761904761905,20.952380952380953,99,0,0
/global/archives/3820,google,20,20,13,1.5384615384615385,70.3076923076923,89,0,0
/global/archives/6216,google,20,23,17,1.1764705882352942,37.05882352941177,95,0,0
/global/archives/category/press-room/press-release,(direct),20,18,9,2.2222222222222223,7,74,0,0
/global/archives/18608,google,19,20,17,1.1176470588235294,19.823529411764707,90,0,0
/global/archives/15374,google,18,22,12,1.5,90.75,86,0,0
/global/archives/16060,google,18,17,13,1.3846153846153846,16.53846153846154,75,0,0
/global/archives/category/corporates/sk-energy,(direct),18,10,6,3,40.833333333333336,66,0,0
/global/archives/17216,google,17,16,16,1.0625,46.3125,74,0,0
/global/archives/17623,google,16,17,14,1.1428571428571428,58.92857142857143,79,0,0
/global/archives/12022,google,15,16,14,1.0714285714285714,9,73,0,0
/global/archives/16463,google,15,17,14,1.0714285714285714,24.142857142857142,74,0,0
/global/archives/4612,google,15,17,11,1.3636363636363635,24.363636363636363,66,0,0
/global/archives/18445,google,14,16,13,1.0769230769230769,12.076923076923077,60,0,0
/global/archives/category/corporates/sk-enterm,google,14,6,6,2.3333333333333335,12,59,0,0
/global/archives/12306,google,13,13,11,1.1818181818181819,40.27272727272727,52,0,0
/global/archives/17460,google,13,14,13,1,14.692307692307692,62,0,0
/global/archives/17595,google,13,11,8,1.625,65.375,59,0,0
/global/archives/19128,(direct),13,13,13,1,11.076923076923077,52,0,0
/global/archives/822,google,13,13,13,1,65.84615384615384,62,0,0
/global/archives/category/corporates/sk-innovation,google,13,12,10,1.3,15.2,49,0,0
/global/archives/10913,google,12,12,9,1.3333333333333333,82.11111111111111,49,0,0
/global/archives/14264,google,12,8,6,2,65.66666666666667,49,0,0
/global/archives/12950,google,11,10,9,1.2222222222222223,30.88888888888889,49,0,0
/global/archives/13521,google,11,13,10,1.1,12.4,52,0,0
/global/archives/15687,google,11,11,10,1.1,16.8,52,0,0
/global/archives/17499,google,11,10,9,1.2222222222222223,107.66666666666667,53,0,0
/global/archives/18659,google,11,12,8,1.375,13.125,42,0,0
/global/archives/18770,google,11,15,11,1,45,50,0,0
/global/archives/19108,(direct),11,11,10,1.1,26.9,45,0,0
/global/archives/19128,ozmailer.com,11,7,4,2.75,5.5,36,0,0
/global/archives/category/press-room/press-release,google,11,11,9,1.2222222222222223,13.666666666666666,45,0,0
/global/archives/tag/vwbe,google,11,9,9,1.2222222222222223,29.666666666666668,52,0,0
/global/archives/13780,google,10,10,7,1.4285714285714286,62.714285714285715,47,0,0
/global/archives/16834,google,10,8,6,1.6666666666666667,46.833333333333336,43,0,0
/global/archives/category/corporates,google,10,8,8,1.25,10.375,39,0,0
/global/archives/category/corporates/sk-energy,google,10,7,7,1.4285714285714286,17.285714285714285,36,0,0
/global/archives/category/people,google,10,8,8,1.25,16.5,37,0,0
/global/archives/category/press-room,google,10,8,8,1.25,21.5,39,0,0
/global/archives/10774,google,9,9,8,1.125,22.125,42,0,0
/global/archives/11807,google,9,8,6,1.5,41.833333333333336,42,0,0
/global/archives/15490,google,9,10,9,1,35.333333333333336,46,0,0
/global/archives/19108,ozmailer.com,9,7,5,1.8,6.2,28,0,0
/global/archives/category/people/inno-people,google,9,6,6,1.5,17,33,0,0
/global/archives/category/press-room,(direct),9,8,3,3,4.666666666666667,31,0,0
/global/,bing,8,6,5,1.6,19,34,0,0
/global/archives/10133,google,8,7,7,1.1428571428571428,14.142857142857142,38,0,0
/global/archives/10774,(direct),8,9,9,0.8888888888888888,9.666666666666666,37,0,0
/global/archives/15985,google,8,6,4,2,18.5,38,0,0
/global/archives/16448,google,8,8,7,1.1428571428571428,12.714285714285714,37,0,0
/global/archives/17737,google,8,11,8,1,57.25,45,0,0
/global/archives/18361,google,8,8,8,1,11.125,33,0,0
/global/archives/19078,linkedin.com,8,6,5,1.6,192.4,32,0,0
/global/archives/9740,google,8,6,6,1.3333333333333333,63.5,36,0,0
/pagead/aclk,google,8,6,6,1.3333333333333333,0,27,0,0
/global/,eng.skietechnology.com,7,3,3,2.3333333333333335,90.33333333333333,31,0,0
/global/archives/11087,google,7,6,6,1.1666666666666667,26.5,32,0,0
/global/archives/12106,google,7,6,6,1.1666666666666667,23,26,0,0
/global/archives/12692,google,7,6,2,3.5,105.5,29,0,0
/global/archives/14491,google,7,11,7,1,14.857142857142858,36,0,0
/global/archives/15664,google,7,7,7,1,27,32,0,0
/global/archives/17356,google,7,6,6,1.1666666666666667,26,29,0,0
/global/archives/17476,google,7,7,7,1,38.142857142857146,35,0,0
/global/archives/18301,google,7,7,7,1,30,34,0,0
/global/archives/18608,(direct),7,7,7,1,9.285714285714286,28,0,0
/global/archives/19045,(direct),7,7,7,1,25.142857142857142,26,0,0
/global/archives/19078,bing,7,7,5,1.4,123.8,27,0,0
/global/archives/19095,(direct),7,8,7,1,5.428571428571429,28,0,0
/global/archives/6807,google,7,5,5,1.4,36.6,33,0,0
/global/archives/8067,skinnovation.com,7,2,1,7,306,24,0,0
/global/archives/9548,google,7,5,5,1.4,20.8,32,0,0
/global/archives/9668,google,7,7,7,1,34.57142857142857,33,0,0
/global/archives/category/corporates/sk-innovation,(direct),7,5,4,1.75,14,23,0,0
/global/archives/tag/solid-power,google,7,5,5,1.4,19.4,34,0,0
/global/archives/tag/ulsan-complex,google,7,6,5,1.4,10.6,31,0,0
/global/archives/10654,google,6,7,6,1,55.333333333333336,32,0,0
/global/archives/11853,google,6,5,4,1.5,34.25,26,0,0
/global/archives/14243,statics.teams.cdn.office.net,6,5,1,6,93,23,0,0
/global/archives/16286,(direct),6,6,6,1,0,24,0,0
/global/archives/17426,bing,6,4,3,2,21.333333333333332,29,0,0
/global/archives/18436,skinnovation.com,6,6,6,1,17.666666666666668,32,0,0
/global/archives/19045,bing,6,3,2,3,26,22,0,0
/global/archives/489,google,6,6,6,1,36.833333333333336,29,0,0
/global/archives/9493,google,6,5,4,1.5,28.75,26,0,0
/global/archives/category/corporates/sk-geo-centric,google,6,3,3,2,43,24,0,0
/global/archives/tag/ncm9,google,6,3,3,2,34.333333333333336,25,0,0
/global/archives/tag/sko,google,6,6,6,1,19.833333333333332,31,0,0
/global/,eng.skearthon.com,5,3,3,1.6666666666666667,16.666666666666668,22,0,0
/global/archives/1058,google,5,5,4,1.25,13,23,0,0
/global/archives/12072,google,5,5,4,1.25,40.25,25,0,0
/global/archives/12692,(direct),5,5,4,1.25,51,23,0,0
/global/archives/14065,google,5,3,3,1.6666666666666667,7.666666666666667,14,0,0
/global/archives/14243,google,5,8,4,1.25,52.5,24,0,0
/global/archives/15374,skenergy.com,5,4,4,1.25,14.75,23,0,0
/global/archives/16532,google,5,6,5,1,5.6,23,0,0
/global/archives/16881,google,5,3,2,2.5,11.5,20,0,0
/global/archives/16970,google,5,4,2,2.5,27.5,23,0,0
/global/archives/17569,skenmove.com,5,6,5,1,14.4,25,0,0
/global/archives/17623,(direct),5,4,3,1.6666666666666667,6.333333333333333,20,0,0
/global/archives/17817,google,5,4,4,1.25,19.25,21,0,0
/global/archives/18065,google,5,5,5,1,12,22,0,0
/global/archives/18140,(direct),5,6,1,5,20,17,0,0
/global/archives/18283,(direct),5,5,5,1,0,20,0,0
/global/archives/18283,google,5,5,5,1,23,23,0,0
/global/archives/18388,(direct),5,6,5,1,0,20,0,0
/global/archives/18659,(direct),5,6,5,1,6.4,24,0,0
/global/archives/19078,biofuelscentral.com,5,2,1,5,236,21,0,0
/global/archives/19128,linkedin.com,5,10,2,2.5,0,24,0,0
/global/archives/4360,google,5,6,4,1.25,0.5,21,0,0
/global/archives/4499,google,5,5,5,1,10.6,19,0,0
/global/archives/4776,cn.bing.com,5,1,1,5,163,16,0,0
/global/archives/564,google,5,8,4,1.25,61.75,28,0,0
/global/archives/6014,google,5,7,4,1.25,20.25,23,0,0
/global/archives/6343,google,5,5,5,1,8.2,25,0,0
/global/archives/6462,google,5,6,1,5,49,22,0,0
/global/archives/8383,google,5,3,1,5,2,15,0,0
/global/archives/category/corporate/sk-enmove,skenmove.com,5,3,3,1.6666666666666667,30,21,0,0
/global/archives/category/corporates/sk-earthon,google,5,4,3,1.6666666666666667,29.333333333333332,16,0,0
/global/archives/category/insight,google,5,4,4,1.25,7,18,0,0
/global/archives/category/insight/trend_report,google,5,5,4,1.25,23.5,19,0,0
/global/archives/category/people/inno-people,(direct),5,5,4,1.25,16.25,16,0,0
/global/archives/tag/ankara,google,5,2,1,5,38,20,0,0
/global/archives/tag/pouch-type-battery,google,5,4,4,1.25,9,24,0,0
/global/archives/tag/sk-battery-america,google,5,3,2,2.5,14,21,0,0
/global/latestnews,linkedin.com,5,7,1,5,109,22,0,0
/global/legal-notices,google,5,4,2,2.5,274.5,20,0,0
/global/who-we-are,google,5,6,5,1,9.4,26,0,0
/global/,chatgpt.com,4,4,3,1.3333333333333333,6,18,0,0
/global/,eng.sk-on.com,4,4,4,1,11.5,21,0,0
/global/archives/10835,google,4,3,3,1.3333333333333333,15,16,0,0
/global/archives/10939,google,4,4,3,1.3333333333333333,185.33333333333334,17,0,0
/global/archives/11992,google,4,3,3,1.3333333333333333,6.666666666666667,16,0,0
/global/archives/12106,(direct),4,4,4,1,6,16,0,0
/global/archives/12147,google,4,4,4,1,27.5,20,0,0
/global/archives/12950,statics.teams.cdn.office.net,4,4,1,4,84,17,0,0
/global/archives/13595,google,4,4,4,1,41,17,0,0
/global/archives/14634,google,4,5,4,1,44.75,23,0,0
/global/archives/14766,google,4,4,4,1,10,14,0,0
/global/archives/14770,google,4,4,3,1.3333333333333333,43,17,0,0
/global/archives/15007,google,4,2,2,2,168,16,0,0
/global/archives/15007/1969-개업한-국내-최초-현대식-주유소-서교동-청기와주유,google,4,4,4,1,9.75,24,0,0
/global/archives/16493,google,4,4,4,1,108.25,16,0,0
/global/archives/16613,google,4,4,2,2,0,13,0,0
/global/archives/17169,google,4,4,3,1.3333333333333333,11,16,0,0
/global/archives/17569,google,4,4,2,2,83,19,0,0
/global/archives/17595,(direct),4,4,4,1,0,15,0,0
/global/archives/17796,google,4,4,4,1,10.25,21,0,0
/global/archives/18022,skinnovation.com,4,3,3,1.3333333333333333,0.3333333333333333,15,0,0
/global/archives/18140,google,4,5,3,1.3333333333333333,10.666666666666666,15,0,0
/global/archives/18208,google,4,1,1,4,191,17,0,0
/global/archives/18374,google,4,4,4,1,14.5,14,0,0
/global/archives/18445,(direct),4,5,3,1.3333333333333333,27.666666666666668,12,0,0
/global/archives/18445,skinnovation.com,4,3,3,1.3333333333333333,430,16,0,0
/global/archives/19095,google,4,6,4,1,8.75,16,0,0
/global/archives/19108,linkedin.com,4,5,2,2,26,18,0,0
/global/archives/2293,google,4,4,4,1,53.75,20,0,0
/global/archives/3473,google,4,6,4,1,5.75,22,0,0
/global/archives/3830,google,4,3,1,4,29,14,0,0
/global/archives/3962,google,4,3,3,1.3333333333333333,7.333333333333333,16,0,0
/global/archives/5893,google,4,2,2,2,18,14,0,0
/global/archives/6253,google,4,4,2,2,42.5,16,0,0
/global/archives/7292,google,4,3,3,1.3333333333333333,41.333333333333336,15,0,0
/global/archives/8067,bing,4,3,2,2,95,14,0,0
/global/archives/9709,google,4,4,4,1,25.5,20,0,0
/global/archives/category/corporate/sk-energy,skenergy.com,4,3,1,4,67,18,0,0
/global/archives/category/corporates/sk-on,bing,4,2,2,2,44,15,0,0
/global/archives/tag/germany,google,4,3,3,1.3333333333333333,5,15,0,0
/global/archives/tag/lee-seong-jun,google,4,5,3,1.3333333333333333,4.333333333333333,18,0,0
/global/archives/tag/shanghai,google,4,1,1,4,17,16,0,0
/global/,chn.sk-on.com,3,2,2,1.5,8.5,11,0,0
/global/,ozmailer.com,3,1,1,3,10,11,0,0
/global/archives/11161,google,3,3,3,1,77,14,0,0
/global/archives/12125,google,3,2,2,1.5,7.5,12,0,0
/global/archives/12274/skee,google,3,4,3,1,4,18,0,0
/global/archives/12950,(direct),3,4,3,1,7.333333333333333,15,0,0
/global/archives/13513,google,3,3,3,1,12,11,0,0
/global/archives/13544,google,3,3,2,1.5,84.5,13,0,0
/global/archives/14065,(direct),3,3,0,0,0,9,0,0
/global/archives/14146,google,3,3,2,1.5,95,14,0,0
/global/archives/14193,(direct),3,2,2,1.5,14.5,11,0,0
/global/archives/14309,(direct),3,3,3,1,0,12,0,0
/global/archives/15409,google,3,5,2,1.5,17.5,14,0,0
/global/archives/15462,google,3,3,3,1,8.666666666666666,14,0,0
/global/archives/15687,(direct),3,1,1,3,101,9,0,0
/global/archives/15840,google,3,3,3,1,24.666666666666668,15,0,0
/global/archives/16060,sktradinginternational.com,3,3,3,1,8,14,0,0
/global/archives/16376,google,3,3,1,3,94,12,0,0
/global/archives/16448,bing,3,3,1,3,0,9,0,0
/global/archives/16939,google,3,4,3,1,30.333333333333332,15,0,0
/global/archives/17047,google,3,3,3,1,70.66666666666667,16,0,0
/global/archives/1722,google,3,3,3,1,52.333333333333336,14,0,0
/global/archives/17386,google,3,3,2,1.5,110,15,0,0
/global/archives/17426,chatgpt.com,3,3,2,1.5,19,14,0,0
/global/archives/17446,google,3,3,3,1,13,14,0,0
/global/archives/17950,google,3,3,3,1,29,14,0,0
/global/archives/17989,google,3,3,3,1,45.333333333333336,11,0,0
/global/archives/18140,linkedin.com,3,2,2,1.5,212.5,11,0,0
/global/archives/18167,google,3,2,2,1.5,83,14,0,0
/global/archives/18388,skinnovation.com,3,4,3,1,140.33333333333334,16,0,0
/global/archives/18478,google,3,4,3,1,28.333333333333332,14,0,0
/global/archives/18546,bing,3,3,2,1.5,0,10,0,0
/global/archives/18770,linkedin.com,3,4,1,3,0,11,0,0
/global/archives/18783,(direct),3,3,3,1,0,12,0,0
/global/archives/18989,linkedin.com,3,3,3,1,33,15,0,0
/global/archives/19128,google,3,4,1,3,16,14,0,0
/global/archives/3709,google,3,3,3,1,7.666666666666667,14,0,0
/global/archives/3820,(direct),3,3,2,1.5,15.5,12,0,0
/global/archives/4612,bing,3,2,2,1.5,432.5,13,0,0
/global/archives/4921,google,3,3,3,1,12.333333333333334,13,0,0
/global/archives/6216,(direct),3,4,4,0.75,12.5,18,0,0
/global/archives/7245,(direct),3,3,3,1,19.333333333333332,15,0,0
/global/archives/7906,google,3,4,3,1,31.666666666666668,16,0,0
/global/archives/7961,google,3,2,2,1.5,25,13,0,0
/global/archives/8067,google,3,4,2,1.5,44,16,0,0
/global/archives/8400,google,3,3,2,1.5,17.5,15,0,0
/global/archives/9709,(direct),3,3,1,3,16,10,0,0
/global/archives/9740,skenergy.com,3,2,2,1.5,68,15,0,0
/global/archives/9877,(direct),3,3,3,1,6,11,0,0
/global/archives/9893,google,3,3,2,1.5,16.5,15,0,0
/global/archives/9910,(direct),3,4,3,1,0,13,0,0
/global/archives/category/corporate/sk-ie-technology,eng.skietechnology.com,3,4,4,0.75,6.5,14,0,0
/global/archives/category/corporates/sk-earthon,eng.skgeocentric.com,3,3,1,3,3,9,0,0
/global/archives/category/corporates/sk-energy,biofuelscentral.com,3,1,1,3,19,12,0,0
/global/archives/category/corporates/sk-enterm,eng.skgeocentric.com,3,3,1,3,4,9,0,0
/global/archives/category/corporates/sk-incheon-petrochem,eng.skgeocentric.com,3,2,1,3,8,11,0,0
/global/archives/category/corporates/sk-rading-international,google,3,3,2,1.5,13.5,12,0,0
/global/archives/category/corporates/sk-rading-international,sktradinginternational.com,3,1,1,3,36,12,0,0
/global/archives/category/insight,(direct),3,3,3,1,9,12,0,0
/global/archives/category/insight/trend_report,linkedin.com,3,4,1,3,12,12,0,0
/global/archives/category/press-room/financial-results,bing,3,3,3,1,43,12,0,0
/global/archives/category/press-room/financial-results,cn.bing.com,3,2,2,1.5,40.5,13,0,0
/global/archives/category/press-room/issue-fact,google,3,2,2,1.5,16.5,12,0,0
/global/archives/tag/green-bonds,google,3,2,2,1.5,402.5,12,0,0
/global/archives/tag/sinopec-sk-wuhan-petrochemical,(direct),3,3,3,1,8,14,0,0
/global/archives/tag/sinopec-sk-wuhan-petrochemical,google,3,2,2,1.5,21.5,13,0,0
/global/archives/tag/sk-innovations-institute-of-environmental-science-technology,google,3,4,3,1,4,14,0,0
/global/archives/tag/sk-primacor-europe,google,3,3,3,1,12,15,0,0
/global/archives/tag/skbh,google,3,2,2,1.5,14.5,14,0,0
/global/privacy-policy,google,3,2,2,1.5,8,11,0,0
/global/,cn.bing.com,2,1,1,2,36,8,0,0
/global/,eng.skgeocentric.com,2,3,2,1,13,12,0,0
/global/,prnewswire.com,2,3,2,1,0,9,0,0
/global/archives/10133,chatgpt.com,2,1,1,2,42,8,0,0
/global/archives/10326,google,2,1,1,2,19,8,0,0
/global/archives/10767,google,2,2,2,1,13,10,0,0
/global/archives/11037,skenergy.com,2,2,2,1,13,11,0,0
/global/archives/11147,sktradinginternational.com,2,2,2,1,23.5,12,0,0
/global/archives/11400,(direct),2,1,1,2,12,6,0,0
/global/archives/11596,skenergy.com,2,2,2,1,17,9,0,0
/global/archives/11807,bing,2,2,2,1,17.5,8,0,0
/global/archives/11853,(direct),2,2,1,2,0,7,0,0
/global/archives/12036,google,2,2,2,1,13.5,10,0,0
/global/archives/12220,google,2,2,2,1,33.5,10,0,0
/global/archives/12413,google,2,2,1,2,0,6,0,0
/global/archives/12692,pinterest.com,2,2,2,1,17,9,0,0
/global/archives/13879,google,2,1,1,2,34,8,0,0
/global/archives/14078,bing,2,1,1,2,146,7,0,0
/global/archives/14078,google,2,1,1,2,59,6,0,0
/global/archives/14083,google,2,3,2,1,31,11,0,0
/global/archives/14226,google,2,2,2,1,8,9,0,0
/global/archives/14264,rts.pitchbook.com,2,1,1,2,141,7,0,0
/global/archives/14333,google,2,2,2,1,8.5,7,0,0
/global/archives/14354,google,2,2,2,1,11.5,7,0,0
/global/archives/14788,google,2,2,2,1,43,10,0,0
/global/archives/15259,(direct),2,2,2,1,0,8,0,0
/global/archives/15353,google,2,2,2,1,4,9,0,0
/global/archives/15374,(direct),2,2,2,1,29,10,0,0
/global/archives/15409,statics.teams.cdn.office.net,2,2,1,2,0,5,0,0
/global/archives/15490,(direct),2,2,2,1,298.5,10,0,0
/global/archives/16060,yahoo,2,1,1,2,0,6,0,0
/global/archives/16118,google,2,2,1,2,22,8,0,0
/global/archives/16131,google,2,1,1,2,21,8,0,0
/global/archives/16286,google,2,3,2,1,13.5,10,0,0
/global/archives/16376,(direct),2,3,2,1,19.5,12,0,0
/global/archives/16448,(direct),2,1,1,2,5,6,0,0
/global/archives/16583,google,2,3,1,2,0,8,0,0
/global/archives/16834,(direct),2,2,2,1,2,8,0,0
/global/archives/17216,linkedin.com,2,2,2,1,9.5,9,0,0
/global/archives/17356,(direct),2,2,2,1,0,7,0,0
/global/archives/17426,cn.bing.com,2,1,1,2,28,5,0,0
/global/archives/17460,(direct),2,2,2,1,6,8,0,0
/global/archives/17514,(direct),2,3,1,2,11,7,0,0
/global/archives/17697,lens.google.com,2,1,1,2,10,8,0,0
/global/archives/17737,chatgpt.com,2,2,1,2,1,8,0,0
/global/archives/17978,google,2,1,1,2,27,10,0,0
/global/archives/18022,(direct),2,3,1,2,0,9,0,0
/global/archives/18022,google,2,3,2,1,12.5,10,0,0
/global/archives/18107,(direct),2,2,2,1,12,10,0,0
/global/archives/18374,bing,2,3,2,1,396.5,8,0,0
/global/archives/18500,linkedin.com,2,2,1,2,5,7,0,0
/global/archives/18608,statics.teams.cdn.office.net,2,2,1,2,4,9,0,0
/global/archives/18690,linkedin.com,2,1,1,2,45,8,0,0
/global/archives/18708,(direct),2,3,2,1,0,10,0,0
/global/archives/18708,google,2,3,1,2,16,9,0,0
/global/archives/18708,linkedin.com,2,4,1,2,0,10,0,0
/global/archives/18743,(direct),2,3,2,1,3.5,6,0,0
/global/archives/19045,cn.bing.com,2,3,2,1,25,10,0,0
/global/archives/19095,eng.skgeocentric.com,2,1,1,2,8,8,0,0
/global/archives/19128,link.naver.com,2,2,1,2,13,7,0,0
/global/archives/2576,google,2,2,2,1,55,12,0,0
/global/archives/311,zalo,2,2,2,1,443,10,0,0
/global/archives/3661,google,2,2,2,1,124.5,12,0,0
/global/archives/3674,google,2,2,2,1,314,7,0,0
/global/archives/3820,bing,2,2,2,1,21,9,0,0
/global/archives/3962,(direct),2,2,2,1,14,9,0,0
/global/archives/4518,google,2,2,2,1,31.5,7,0,0
/global/archives/4793,google,2,2,2,1,21,7,0,0
/global/archives/4921,(direct),2,2,2,1,0.5,9,0,0
/global/archives/5357,google,2,2,2,1,85,7,0,0
/global/archives/5892,google,2,2,2,1,11.5,11,0,0
/global/archives/648,google,2,2,2,1,20,9,0,0
/global/archives/6658,(direct),2,2,2,1,0,8,0,0
/global/archives/6710,google,2,2,2,1,22,10,0,0
/global/archives/6807,bing,2,2,2,1,16,9,0,0
/global/archives/7168,google,2,2,1,2,0,6,0,0
/global/archives/7177,google,2,2,2,1,13,7,0,0
/global/archives/7445,google,2,2,1,2,0,7,0,0
/global/archives/7596,google,2,2,2,1,41.5,9,0,0
/global/archives/8298,google,2,1,1,2,79,9,0,0
/global/archives/8400,(direct),2,3,1,2,0,8,0,0
/global/archives/9129,google,2,2,2,1,15.5,10,0,0
/global/archives/9191,google,2,1,1,2,13,8,0,0
/global/archives/9709,chatgpt.com,2,1,1,2,91,8,0,0
/global/archives/9740,bing,2,1,1,2,129,10,0,0
/global/archives/9910,bing,2,3,2,1,5,11,0,0
/global/archives/category/corporate/sk-on,(direct),2,3,1,2,16,9,0,0
/global/archives/category/corporates/sk-earthon,eng.skearthon.com,2,1,1,2,47,8,0,0
/global/archives/category/corporates/sk-energy,skinnovation.com,2,2,2,1,12,8,0,0
/global/archives/category/corporates/sk-enmove,eng.skgeocentric.com,2,1,1,2,9,7,0,0
/global/archives/category/corporates/sk-enmove,google,2,3,2,1,11.5,8,0,0
/global/archives/category/corporates/sk-ie-technology,eng.skgeocentric.com,2,2,1,2,4,5,0,0
/global/archives/category/corporates/sk-incheon-petrochem,google,2,2,1,2,27,7,0,0
/global/archives/category/corporates/sk-innovation,eng.skietechnology.com,2,1,1,2,52,8,0,0
/global/archives/category/corporates/sk-innovation,skinnovation.com,2,2,2,1,24.5,8,0,0
/global/archives/category/corporates/sk-on,eng.skgeocentric.com,2,1,1,2,4,6,0,0
/global/archives/category/corporates/sk-on,linkedin.com,2,1,1,2,45,8,0,0
/global/archives/category/corporates/sk-rading-international,eng.skgeocentric.com,2,2,1,2,9,6,0,0
/global/archives/category/insight,chn.sk-on.com,2,1,1,2,4,8,0,0
/global/archives/category/insight/expert-voice,(direct),2,2,2,1,2.5,5,0,0
/global/archives/category/people,(direct),2,2,2,1,12,5,0,0
/global/archives/category/people/inno-people,skinnovation.com,2,3,2,1,2,9,0,0
/global/archives/category/press-room,skinnovation.com,2,1,1,2,43,8,0,0
/global/archives/category/press-room/financial-results,skinnovation.com,2,1,1,2,33,7,0,0
/global/archives/category/press-room/issue-fact,bing,2,1,1,2,14,7,0,0
/global/archives/category/press-room/press-release,skinnovation.com,2,2,2,1,9,8,0,0
/global/archives/category/social-value/csr-program,(direct),2,2,2,1,18,5,0,0
/global/archives/tag/ZWxlY3RyaW,(direct),2,2,2,1,0,9,0,0
/global/archives/tag/ambassadors-spouses-association-in-seoul,google,2,2,2,1,4.5,10,0,0
/global/archives/tag/batteries,google,2,1,1,2,26,8,0,0
/global/archives/tag/benz,google,2,1,1,2,6,8,0,0
/global/archives/tag/ek-energy,google,2,1,1,2,16,10,0,0
/global/archives/tag/europe,(direct),2,2,2,1,0,2,0,0
/global/archives/tag/lithium-ion-battery,google,2,3,2,1,6,13,0,0
/global/archives/tag/malaysia,google,2,2,2,1,10,11,0,0
/global/archives/tag/norway,google,2,1,1,2,25,7,0,0
/global/archives/tag/ohio,google,2,1,1,2,7,7,0,0
/global/archives/tag/poland,google,2,2,2,1,5,10,0,0
/global/archives/tag/production-sharing-contract,google,2,1,1,2,16,7,0,0
/global/archives/tag/psc,google,2,1,1,2,17,7,0,0
/global/archives/tag/separator,google,2,1,1,2,169,8,0,0
/global/archives/tag/sinopec-sk-wuhan-petrochemical,statics.teams.cdn.office.net,2,3,1,2,2,9,0,0
/global/archives/tag/sk-global-chemical,google,2,2,2,1,18,10,0,0
/global/archives/tag/sk-incheon-petrochem,google,2,1,1,2,4,5,0,0
/global/archives/tag/sk-on-hungary-skoh-and-sk-battery-manufacturing,google,2,2,2,1,8,8,0,0
/global/archives/tag/sk-supex-council,google,2,2,2,1,1,9,0,0
/global/archives/tag/skgca,google,2,1,1,2,5,7,0,0
/global/archives/tag/skoh,google,2,2,2,1,9.5,9,0,0
/global/archives/tag/skti,google,2,3,2,1,4,11,0,0
/global/legal-notices,(direct),2,2,1,2,18,5,0,0
/global/,googleads.g.doubleclick.net,1,1,1,1,0,4,0,0
/global/,sktradinginternational.com,1,1,1,1,0,2,0,0
/global/,statics.teams.cdn.office.net,1,1,1,1,1,4,0,0
/global/404,google,1,1,0,0,0,3,0,0
/global/archives/10103,google,1,1,1,1,6,5,0,0
/global/archives/10133,bing,1,1,1,1,10,4,0,0
/global/archives/10159,(direct),1,1,1,1,87,6,0,0
/global/archives/1016,(direct),1,1,1,1,17,2,0,0
/global/archives/1043,google,1,1,1,1,0,4,0,0
/global/archives/10460,(direct),1,1,1,1,0,4,0,0
/global/archives/10511,google,1,1,1,1,26,5,0,0
/global/archives/10535,(direct),1,1,1,1,27,5,0,0
/global/archives/10610,(direct),1,1,1,1,0,4,0,0
/global/archives/10610,google,1,1,1,1,7,4,0,0
/global/archives/10774,linkedin.com,1,1,1,1,0,4,0,0
/global/archives/10802,google,1,1,1,1,206,5,0,0
/global/archives/10872,(direct),1,1,1,1,63,5,0,0
/global/archives/10913,(direct),1,2,2,0.5,190.5,7,0,0
/global/archives/10939,(direct),1,1,1,1,0,4,0,0
/global/archives/10985,google,1,1,1,1,27,5,0,0
/global/archives/11004,cn.bing.com,1,1,1,1,15,4,0,0
/global/archives/11004,google,1,2,1,1,0,6,0,0
/global/archives/11037,google,1,1,1,1,0,3,0,0
/global/archives/11087,(direct),1,1,1,1,3,5,0,0
/global/archives/11087,bing,1,1,1,1,55,6,0,0
/global/archives/11087,skenergy.com,1,1,1,1,2,5,0,0
/global/archives/11147,google,1,1,1,1,8,5,0,0
/global/archives/11180,google,1,1,1,1,68,6,0,0
/global/archives/11214,google,1,1,1,1,442,3,0,0
/global/archives/11415,google,1,1,1,1,0,4,0,0
/global/archives/11512,greenproduction.co.jp,1,1,1,1,21,4,0,0
/global/archives/11537,google,1,1,1,1,1,5,0,0
/global/archives/11537,skenmove.com,1,1,1,1,30,3,0,0
/global/archives/11807,(direct),1,1,1,1,30,4,0,0
/global/archives/12022,bing,1,2,1,1,0,6,0,0
/global/archives/12036,bing,1,1,1,1,9,5,0,0
/global/archives/12072,bing,1,2,1,1,0,6,0,0
/global/archives/12091,google,1,1,1,1,2,4,0,0
/global/archives/12190,gemini.google.com,1,1,1,1,121,6,0,0
/global/archives/12190,google,1,1,0,0,0,3,0,0
/global/archives/12220,(direct),1,1,1,1,0,4,0,0
/global/archives/12220,chatgpt.com,1,1,1,1,2,5,0,0
/global/archives/12319,google,1,1,1,1,0,2,0,0
/global/archives/12603,skincheonpetrochem.com,1,1,1,1,30,4,0,0
/global/archives/12610,pinterest.com,1,1,1,1,0,2,0,0
/global/archives/12667,google,1,1,1,1,13,5,0,0
/global/archives/12688,google,1,2,1,1,0,6,0,0
/global/archives/13036,google,1,1,1,1,2,4,0,0
/global/archives/13103,bing,1,1,1,1,0,4,0,0
/global/archives/13130,google,1,1,1,1,18,4,0,0
/global/archives/13230,google,1,1,1,1,0,4,0,0
/global/archives/13256,linkedin.com,1,1,1,1,0,4,0,0
/global/archives/13313,google,1,1,1,1,8,5,0,0
/global/archives/13327,google,1,1,1,1,24,4,0,0
/global/archives/13521,bing,1,1,1,1,17,4,0,0
/global/archives/13521,yahoo,1,1,1,1,0,3,0,0
/global/archives/13595,cn.bing.com,1,1,1,1,251,6,0,0
/global/archives/13795,bing,1,1,1,1,109,3,0,0
/global/archives/13850,google,1,2,1,1,0,5,0,0
/global/archives/1399,(direct),1,1,1,1,0,4,0,0
/global/archives/1399,google,1,1,1,1,19,6,0,0
/global/archives/14030,google,1,1,1,1,18,3,0,0
/global/archives/14179,evkx.net,1,1,1,1,16,6,0,0
/global/archives/14219,google,1,1,1,1,6,5,0,0
/global/archives/14243,(direct),1,1,1,1,2,4,0,0
/global/archives/14243,chatgpt.com,1,1,1,1,20,5,0,0
/global/archives/14243,skenmove.com,1,1,1,1,43,5,0,0
/global/archives/14415,google,1,1,0,0,0,3,0,0
/global/archives/14541,google,1,1,1,1,18,5,0,0
/global/archives/14634,ecosia.org,1,1,1,1,80,6,0,0
/global/archives/14634,statics.teams.cdn.office.net,1,1,1,1,43,5,0,0
/global/archives/14688,bing,1,1,1,1,51,4,0,0
/global/archives/14688,google,1,1,1,1,13,5,0,0
/global/archives/14740,(direct),1,1,1,1,0,1,0,0
/global/archives/14740,google,1,1,1,1,28,6,0,0
/global/archives/14766,(direct),1,1,1,1,10,5,0,0
/global/archives/14766,linkedin.com,1,1,1,1,0,4,0,0
/global/archives/1493,google,1,1,1,1,22,4,0,0
/global/archives/14962,google,1,1,1,1,45,4,0,0
/global/archives/15007,linkedin.com,1,2,1,1,0,5,0,0
/global/archives/15007/1969-개업한-국내-최초-현대식-주유소-서교동-청기와주유,(direct),1,1,1,1,12,6,0,0
/global/archives/15067,(direct),1,1,1,1,31,4,0,0
/global/archives/15067,google,1,1,1,1,35,5,0,0
/global/archives/15204,(direct),1,1,1,1,26,5,0,0
/global/archives/15204,bing,1,1,1,1,33,5,0,0
/global/archives/15204,google,1,1,1,1,61,6,0,0
/global/archives/15430,bing,1,1,1,1,5,5,0,0
/global/archives/15430,google,1,1,1,1,44,5,0,0
/global/archives/15462,(direct),1,1,1,1,13,5,0,0
/global/archives/15497,google,1,1,1,1,16,4,0,0
/global/archives/15574,google,1,1,1,1,379,5,0,0
/global/archives/15664,(direct),1,1,1,1,43,5,0,0
/global/archives/15687,chatgpt.com,1,1,1,1,2,5,0,0
/global/archives/15840,chatgpt.com,1,2,1,1,0,5,0,0
/global/archives/15937,(direct),1,1,1,1,0,4,0,0
/global/archives/15937,google,1,1,1,1,0,4,0,0
/global/archives/15985,(direct),1,1,1,1,1,5,0,0
/global/archives/16005,google,1,1,1,1,41,5,0,0
/global/archives/16060,bing,1,2,1,1,0,6,0,0
/global/archives/16060,greenproduction.co.jp,1,1,1,1,39,3,0,0
/global/archives/16060,linkedin.com,1,1,1,1,395,3,0,0
/global/archives/16154,google,1,1,0,0,0,3,0,0
/global/archives/16308,google,1,1,1,1,11,6,0,0
/global/archives/16405,google,1,1,1,1,0,2,0,0
/global/archives/16463,(direct),1,2,1,1,0,6,0,0
/global/archives/16480,linkedin.com,1,1,1,1,0,4,0,0
/global/archives/16493,cn.bing.com,1,1,1,1,63,5,0,0
/global/archives/16493,linkedin.com,1,1,1,1,10,4,0,0
/global/archives/16583,yahoo,1,1,1,1,2,5,0,0
/global/archives/16624,chatgpt.com,1,1,1,1,95,6,0,0
/global/archives/16624,google,1,2,1,1,0,5,0,0
/global/archives/16719,google,1,1,1,1,1,5,0,0
/global/archives/16719,linkedin.com,1,1,1,1,13,4,0,0
/global/archives/16787,(direct),1,1,1,1,0,3,0,0
/global/archives/16787,google,1,1,1,1,39,5,0,0
/global/archives/16810,google,1,1,1,1,44,4,0,0
/global/archives/16834,bing,1,1,1,1,6,4,0,0
/global/archives/16881,(direct),1,1,1,1,141,6,0,0
/global/archives/16904,google,1,1,1,1,25,6,0,0
/global/archives/16925,google,1,1,1,1,0,4,0,0
/global/archives/16970,chatgpt.com,1,1,1,1,0,2,0,0
/global/archives/16970,linkedin.com,1,1,1,1,0,4,0,0
/global/archives/17022,google,1,1,1,1,11,4,0,0
/global/archives/17047,(direct),1,1,1,1,0,4,0,0
/global/archives/17047,l.instagram.com,1,1,1,1,0,5,0,0
/global/archives/17047/4-sk이노베이션_ces2024_sk원더랜드_sk-wonderland_판타스틱아일랜드_5,google,1,1,1,1,4,5,0,0
/global/archives/17216,(direct),1,1,1,1,0,4,0,0
/global/archives/17216,bing,1,1,1,1,120,4,0,0
/global/archives/17313,skenmove.com,1,2,1,1,6,7,0,0
/global/archives/17356,skenmove.com,1,1,1,1,15,4,0,0
/global/archives/17499,bing,1,1,1,1,427,5,0,0
/global/archives/17514,eng.skearthon.com,1,1,1,1,4,4,0,0
/global/archives/17514,google,1,1,1,1,10,5,0,0
/global/archives/17569,(direct),1,1,1,1,0,4,0,0
/global/archives/17595,chatgpt.com,1,1,1,1,0,4,0,0
/global/archives/17595,eng.sk-on.com,1,1,1,1,45,4,0,0
/global/archives/1768,google,1,1,1,1,64,3,0,0
/global/archives/17817,bing,1,2,1,1,14,7,0,0
/global/archives/17893,google,1,2,1,1,0,6,0,0
/global/archives/17950,(direct),1,1,1,1,0,4,0,0
/global/archives/17989,bing,1,1,1,1,17,4,0,0
/global/archives/17989,chatgpt.com,1,2,1,1,0,6,0,0
/global/archives/17990,chatgpt.com,1,2,1,1,4,7,0,0
/global/archives/18022,linkedin.com,1,2,1,1,1,4,0,0
/global/archives/18065,(direct),1,1,1,1,212,5,0,0
/global/archives/18076,google,1,1,1,1,52,5,0,0
/global/archives/18107,facebook.com,1,1,1,1,7,5,0,0
/global/archives/18107,lm.facebook.com,1,1,1,1,57,6,0,0
/global/archives/18140,biofuelscentral.com,1,1,1,1,39,4,0,0
/global/archives/18283,bing,1,1,1,1,121,4,0,0
/global/archives/18283,chatgpt.com,1,1,1,1,0,4,0,0
/global/archives/18283,news.google.com,1,1,1,1,0,4,0,0
/global/archives/18332,(direct),1,1,1,1,419,5,0,0
/global/archives/18332,google,1,1,1,1,0,4,0,0
/global/archives/18374,linkedin.com,1,1,1,1,51,4,0,0
/global/archives/18388,linkedin.com,1,1,1,1,0,2,0,0
/global/archives/18388,ozmailer.com,1,1,0,0,0,3,0,0
/global/archives/18421,(direct),1,1,0,0,0,2,0,0
/global/archives/18436,google,1,1,1,1,0,3,0,0
/global/archives/18445,linkedin.com,1,2,1,1,0,4,0,0
/global/archives/18478,(direct),1,1,1,1,12,5,0,0
/global/archives/18500,(direct),1,1,1,1,43,5,0,0
/global/archives/18500,skinnovation.com,1,1,1,1,410,5,0,0
/global/archives/18608,bing,1,1,1,1,0,2,0,0
/global/archives/18608,chatgpt.com,1,1,1,1,0,3,0,0
/global/archives/18608,edgeservices.bing.com,1,1,0,0,0,3,0,0
/global/archives/18608,skinnovation.com,1,1,1,1,647,4,0,0
/global/archives/18639,google,1,1,1,1,0,4,0,0
/global/archives/18659,bing,1,1,1,1,1,3,0,0
/global/archives/18659,eng.skearthon.com,1,1,1,1,150,4,0,0
/global/archives/18690,(direct),1,1,1,1,22,5,0,0
/global/archives/18690,google,1,1,1,1,3,5,0,0
/global/archives/18708,link.naver.com,1,1,1,1,10,4,0,0
/global/archives/18708,skinnovation.com,1,1,1,1,518,4,0,0
/global/archives/18743,google,1,1,1,1,0,3,0,0
/global/archives/18753,bing,1,1,1,1,0,2,0,0
/global/archives/18753,google,1,2,1,1,0,5,0,0
/global/archives/18770,(direct),1,1,1,1,23,4,0,0
/global/archives/18770,news.google.com,1,1,1,1,0,3,0,0
/global/archives/18770,skinnovation.com,1,1,1,1,6,5,0,0
/global/archives/18783,linkedin.com,1,2,1,1,0,5,0,0
/global/archives/18989,eng.skearthon.com,1,1,1,1,146,4,0,0
/global/archives/18989,skinnovation.com,1,1,1,1,119,4,0,0
/global/archives/19014,(direct),1,1,1,1,1,2,0,0
/global/archives/19014,google,1,1,1,1,61,4,0,0
/global/archives/19045,eng.skearthon.com,1,1,1,1,2,3,0,0
/global/archives/19078,(not set),1,3,3,0.3333333333333333,2.3333333333333335,4,0,0
/global/archives/19078,approd.sharepoint.com,1,2,1,1,0,5,0,0
/global/archives/19078,edgeservices.bing.com,1,2,1,1,0,6,0,0
/global/archives/19078,greenproduction.co.jp,1,1,1,1,341,5,0,0
/global/archives/19078,lnkd.in,1,1,1,1,165,6,0,0
/global/archives/19078,news.google.com,1,1,1,1,13,4,0,0
/global/archives/19078,skinnovation.com,1,1,1,1,14,4,0,0
/global/archives/19078,tw.search.yahoo.com,1,1,1,1,653,5,0,0
/global/archives/19095,chatgpt.com,1,1,1,1,8,5,0,0
/global/archives/19095,linkedin.com,1,1,1,1,11,4,0,0
/global/archives/19095,news.google.com,1,1,1,1,0,4,0,0
/global/archives/19108,chn.sk-on.com,1,1,1,1,14,4,0,0
/global/archives/19108,eng.skearthon.com,1,1,1,1,20,4,0,0
/global/archives/19108,google,1,1,1,1,4,4,0,0
/global/archives/19108,skenergy.com,1,1,1,1,9,4,0,0
/global/archives/19108,skinnovation.com,1,1,1,1,16,3,0,0
/global/archives/19128,chn.sk-on.com,1,1,1,1,0,3,0,0
/global/archives/2280,bing,1,1,1,1,3,5,0,0
/global/archives/253,google,1,1,1,1,106,6,0,0
/global/archives/2756,google,1,1,1,1,7,4,0,0
/global/archives/279,google,1,1,1,1,9,3,0,0
/global/archives/298,google,1,1,1,1,43,5,0,0
/global/archives/3005,google,1,1,1,1,10,3,0,0
/global/archives/303,google,1,1,1,1,17,6,0,0
/global/archives/311,google,1,1,1,1,135,4,0,0
/global/archives/3123,(direct),1,1,1,1,0,4,0,0
/global/archives/3123,google,1,1,1,1,49,5,0,0
/global/archives/3158,chatgpt.com,1,2,1,1,11,5,0,0
/global/archives/3197,google,1,1,1,1,1,4,0,0
/global/archives/3304,google,1,1,1,1,42,3,0,0
/global/archives/3393,google,1,1,1,1,34,5,0,0
/global/archives/3442,google,1,1,1,1,19,5,0,0
/global/archives/349,google,1,1,1,1,35,5,0,0
/global/archives/3709,bing,1,1,1,1,8,5,0,0
/global/archives/3820,duckduckgo,1,1,1,1,0,4,0,0
/global/archives/3830,(direct),1,1,1,1,0,4,0,0
/global/archives/401,google,1,1,1,1,3,5,0,0
/global/archives/4146,(direct),1,1,1,1,0,3,0,0
/global/archives/4146,google,1,1,1,1,24,6,0,0
/global/archives/4308,bing,1,2,1,1,0,6,0,0
/global/archives/4309,cn.bing.com,1,1,1,1,39,5,0,0
/global/archives/4499,skenmove.com,1,1,1,1,29,4,0,0
/global/archives/4612,statics.teams.cdn.office.net,1,1,1,1,0,2,0,0
/global/archives/4844,google,1,1,1,1,15,5,0,0
/global/archives/4897,google,1,1,1,1,0,4,0,0
/global/archives/507,google,1,1,1,1,165,5,0,0
/global/archives/5339,(direct),1,1,1,1,144,5,0,0
/global/archives/542,google,1,1,1,1,35,5,0,0
/global/archives/5721,google,1,1,1,1,0,4,0,0
/global/archives/5772,google,1,2,2,0.5,1,7,0,0
/global/archives/5804,google,1,1,1,1,33,6,0,0
/global/archives/5853,google,1,1,1,1,0,4,0,0
/global/archives/5892,duckduckgo,1,1,1,1,31,5,0,0
/global/archives/5944,google,1,2,2,0.5,29.5,6,0,0
/global/archives/6090,(direct),1,1,1,1,0,4,0,0
/global/archives/6216,gw.mailplug.com,1,1,1,1,14,4,0,0
/global/archives/6216,ozmailer.com,1,2,1,1,0,5,0,0
/global/archives/6253,(direct),1,1,1,1,0,3,0,0
/global/archives/6253,gemini.google.com,1,1,1,1,37,5,0,0
/global/archives/631,skenmove.com,1,1,1,1,5,3,0,0
/global/archives/6313,google,1,1,1,1,87,3,0,0
/global/archives/6323,google,1,1,1,1,65,5,0,0
/global/archives/6343,(direct),1,1,1,1,22,5,0,0
/global/archives/6377,(direct),1,1,1,1,2,5,0,0
/global/archives/6377,google,1,1,1,1,67,5,0,0
/global/archives/6462 - https:/www.skenmove.com/sustainability/scope-1,google,1,1,1,1,3,5,0,0
/global/archives/6471,google,1,1,1,1,24,5,0,0
/global/archives/653,google,1,1,1,1,65,5,0,0
/global/archives/6546,google,1,1,1,1,2,5,0,0
/global/archives/6619,google,1,1,1,1,38,4,0,0
/global/archives/6623,google,1,1,1,1,57,5,0,0
/global/archives/6658,google,1,1,1,1,0,3,0,0
/global/archives/6807,chatgpt.com,1,1,1,1,0,4,0,0
/global/archives/6834,google,1,1,1,1,11,3,0,0
/global/archives/6870,google,1,1,1,1,12,4,0,0
/global/archives/7031,google,1,1,1,1,70,4,0,0
/global/archives/7043,(direct),1,1,1,1,5,3,0,0
/global/archives/7043,google,1,1,1,1,39,5,0,0
/global/archives/7112,google,1,1,1,1,0,4,0,0
/global/archives/7245,bing,1,1,1,1,112,5,0,0
/global/archives/7245,duckduckgo,1,1,1,1,11,4,0,0
/global/archives/7245,google,1,1,1,1,54,5,0,0
/global/archives/7292,(direct),1,1,1,1,0,4,0,0
/global/archives/7292,bing,1,1,1,1,53,3,0,0
/global/archives/736,(direct),1,1,1,1,0,3,0,0
/global/archives/7379,skincheonpetrochem.com,1,1,1,1,50,6,0,0
/global/archives/7445,(direct),1,1,1,1,2,5,0,0
/global/archives/7445,bing,1,1,1,1,228,6,0,0
/global/archives/7463,(direct),1,1,1,1,0,3,0,0
/global/archives/7476,google,1,1,1,1,8,5,0,0
/global/archives/7670,google,1,1,1,1,13,5,0,0
/global/archives/7710,bing,1,1,1,1,177,4,0,0
/global/archives/7710,google,1,1,1,1,30,6,0,0
/global/archives/7794,(direct),1,1,1,1,0,4,0,0
/global/archives/7961,(direct),1,3,2,0.5,0,8,0,0
/global/archives/7961,bing,1,1,1,1,61,5,0,0
/global/archives/8042,(direct),1,1,1,1,6,3,0,0
/global/archives/8067,eng.sk-on.com,1,1,1,1,0,3,0,0
/global/archives/8105,google,1,1,1,1,2,5,0,0
/global/archives/8428,google,1,1,1,1,0,2,0,0
/global/archives/878,(direct),1,1,1,1,0,1,0,0
/global/archives/8870,google,1,1,1,1,3,5,0,0
/global/archives/8899,google,1,1,1,1,49,5,0,0
/global/archives/9415,google,1,1,1,1,0,4,0,0
/global/archives/9493,(direct),1,1,1,1,0,4,0,0
/global/archives/9509,google,1,1,1,1,6,5,0,0
/global/archives/9616,(direct),1,2,1,1,0,6,0,0
/global/archives/9616,sktradinginternational.com,1,2,1,1,0,5,0,0
/global/archives/9648,google,1,1,1,1,277,4,0,0
/global/archives/9682,google,1,1,1,1,7,5,0,0
/global/archives/9709,bing,1,1,1,1,33,5,0,0
/global/archives/9770,(direct),1,1,1,1,4,3,0,0
/global/archives/9910,edgeservices.bing.com,1,1,1,1,104,6,0,0
/global/archives/category/business/corporate/sk-innovation,(direct),1,1,1,1,0,3,0,0
/global/archives/category/ces/ces-2022-ces-2022,(direct),1,1,1,1,4,2,0,0
/global/archives/category/ces/ces-2023,(direct),1,1,1,1,0,1,0,0
/global/archives/category/corporate/sk-incheon-petrochem,skincheonpetrochem.com,1,1,1,1,17,5,0,0
/global/archives/category/corporate/sk-innovation,google,1,1,1,1,16,4,0,0
/global/archives/category/corporate/sk-on,skinnovation.com,1,1,1,1,6,4,0,0
/global/archives/category/corporates,(direct),1,1,1,1,2,5,0,0
/global/archives/category/corporates,skinnovation.com,1,1,1,1,60,4,0,0
/global/archives/category/corporates/sk-earthon,(direct),1,1,1,1,2,2,0,0
/global/archives/category/corporates/sk-energy,linkedin.com,1,2,1,1,0,5,0,0
/global/archives/category/corporates/sk-energy,sktradinginternational.com,1,1,1,1,28,4,0,0
/global/archives/category/corporates/sk-enmove,(direct),1,1,1,1,3,2,0,0
/global/archives/category/corporates/sk-enterm,(direct),1,1,1,1,5,4,0,0
/global/archives/category/corporates/sk-geo-centric,(direct),1,1,1,1,3,2,0,0
/global/archives/category/corporates/sk-geo-centric,cn.bing.com,1,1,1,1,67,4,0,0
/global/archives/category/corporates/sk-geo-centric,linkedin.com,1,2,1,1,0,5,0,0
/global/archives/category/corporates/sk-ie-technology,google,1,1,1,1,4,4,0,0
/global/archives/category/corporates/sk-incheon-petrochem,(direct),1,1,1,1,3,2,0,0
/global/archives/category/corporates/sk-innovation,bing,1,1,1,1,47,4,0,0
/global/archives/category/corporates/sk-on,(direct),1,1,1,1,3,2,0,0
/global/archives/category/corporates/sk-on,eng.sk-on.com,1,1,1,1,31,4,0,0
/global/archives/category/corporates/sk-rading-international,(direct),1,1,1,1,3,2,0,0
/global/archives/category/insight,linkedin.com,1,1,1,1,5,3,0,0
/global/archives/category/insight/expert-voice,linkedin.com,1,1,1,1,3,3,0,0
/global/archives/category/insight/trend_report,(direct),1,1,1,1,0,1,0,0
/global/archives/category/people,chn.sk-on.com,1,1,1,1,11,4,0,0
/global/archives/category/people,eng.skietechnology.com,1,1,1,1,2,4,0,0
/global/archives/category/people/ceo-leaders,google,1,1,1,1,27,6,0,0
/global/archives/category/people/inno-people,bing,1,1,1,1,15,4,0,0
/global/archives/category/people/inno-people,eng.skietechnology.com,1,1,1,1,0,2,0,0
/global/archives/category/people/onsite-report,(direct),1,1,1,1,4,2,0,0
/global/archives/category/people/onsite-report,bing,1,1,1,1,65,4,0,0
/global/archives/category/people/onsite-report,eng.skietechnology.com,1,1,1,1,0,2,0,0
/global/archives/category/people/sustainability,(direct),1,1,1,1,3,2,0,0
/global/archives/category/people/sustainability,eng.skietechnology.com,1,1,1,1,0,3,0,0
/global/archives/category/press-room,chn.sk-on.com,1,1,1,1,31,5,0,0
/global/archives/category/press-room,eng.sk-on.com,1,1,1,1,21,4,0,0
/global/archives/category/press-room,skenmove.com,1,1,1,1,63,4,0,0
/global/archives/category/press-room/financial-results,(direct),1,1,1,1,0,1,0,0
/global/archives/category/press-room/issue-fact,eng.skietechnology.com,1,1,1,1,19,4,0,0
/global/archives/category/press-room/press-release,bing,1,1,1,1,12,4,0,0
/global/archives/category/press-room/press-release,biofuelscentral.com,1,1,1,1,11,4,0,0
/global/archives/category/press-room/press-release,chn.sk-on.com,1,1,1,1,7,4,0,0
/global/archives/category/press-room/press-release,eng.skearthon.com,1,1,1,1,0,3,0,0
/global/archives/category/press-room/press-release,eng.skgeocentric.com,1,1,1,1,32,4,0,0
/global/archives/category/press-room/press-release,eng.skietechnology.com,1,1,1,1,35,4,0,0
/global/archives/category/press-room/press-release,linkedin.com,1,1,1,1,3,3,0,0
/global/archives/category/press-room/press-release,skenmove.com,1,1,1,1,11,4,0,0
/global/archives/category/press-room/press-release,sktradinginternational.com,1,1,1,1,8,4,0,0
/global/archives/category/press-room/press-release,statics.teams.cdn.office.net,1,1,1,1,3,4,0,0
/global/archives/category/social-value/opinions,(direct),1,1,1,1,2,2,0,0
/global/archives/category/social-value/social-enterprise,(direct),1,1,1,1,2,2,0,0
/global/archives/tag/2024-q2,skinnovation.com,1,1,1,1,9,4,0,0
/global/archives/tag/all-solid-state-battery,google,1,1,1,1,51,4,0,0
/global/archives/tag/amogy,(direct),1,1,1,1,3,5,0,0
/global/archives/tag/anode,(direct),1,1,1,1,0,3,0,0
/global/archives/tag/battery,(direct),1,1,1,1,0,1,0,0
/global/archives/tag/battery-swap-station,google,1,1,1,1,2,4,0,0
/global/archives/tag/board-of-directors,google,1,1,1,1,2,5,0,0
/global/archives/tag/cathode,google,1,1,1,1,0,4,0,0
/global/archives/tag/china,(direct),1,1,1,1,0,3,0,0
/global/archives/tag/china,google,1,1,1,1,2,4,0,0
/global/archives/tag/clean-clx,google,1,1,1,1,0,4,0,0
/global/archives/tag/co-processing,biofuelscentral.com,1,1,1,1,9,4,0,0
/global/archives/tag/diagnosis,skinnovation.com,1,1,1,1,3,3,0,0
/global/archives/tag/energy-super-station,google,1,1,1,1,2,5,0,0
/global/archives/tag/ess,google,1,1,1,1,5,5,0,0
/global/archives/tag/ev,google,1,1,1,1,28,4,0,0
/global/archives/tag/ewha-womans-university,(direct),1,1,1,1,0,3,0,0
/global/archives/tag/f-150-lightning,google,1,1,1,1,16,5,0,0
/global/archives/tag/financial-results,google,1,1,1,1,12,4,0,0
/global/archives/tag/frontier-1-5d,google,1,1,1,1,3,6,0,0
/global/archives/tag/georgia,(direct),1,1,1,1,0,3,0,0
/global/archives/tag/interbattery-2024,google,1,1,1,1,4,4,0,0
/global/archives/tag/interview,google,1,1,1,1,12,5,0,0
/global/archives/tag/investment,google,1,2,1,1,0,5,0,0
/global/archives/tag/ivancsa,google,1,1,1,1,6,5,0,0
/global/archives/tag/kesco,google,1,2,1,1,0,6,0,0
/global/archives/tag/lithium-hydroxide,google,1,1,1,1,4,4,0,0
/global/archives/tag/lubricants,google,1,1,1,1,45,4,0,0
/global/archives/tag/lucky-money,google,1,1,1,1,3,4,0,0
/global/archives/tag/marinachain,google,1,1,1,1,6,5,0,0
/global/archives/tag/marine-innovation,google,1,1,1,1,27,3,0,0
/global/archives/tag/mbwa,google,1,1,1,1,10,6,0,0
/global/archives/tag/morgan-stanley-capital-international,google,1,1,1,1,1,5,0,0
/global/archives/tag/naphtha,bing,1,1,1,1,7,4,0,0
/global/archives/tag/ncm811,google,1,1,1,1,10,5,0,0
/global/archives/tag/nmc,google,1,1,1,1,8,5,0,0
/global/archives/tag/paraxylene-production,google,1,1,1,1,2,5,0,0
/global/archives/tag/petrochemicals,google,1,1,1,1,7,4,0,0
/global/archives/tag/poland,(direct),1,1,1,1,0,3,0,0
/global/archives/tag/polyurethane,google,1,1,1,1,2,6,0,0
/global/archives/tag/revenue,google,1,1,1,1,7,4,0,0
/global/archives/tag/roadmap,google,1,1,1,1,3,3,0,0
/global/archives/tag/s-pack,google,1,1,1,1,9,5,0,0
/global/archives/tag/saf,google,1,1,1,1,3,4,0,0
/global/archives/tag/saf,linkedin.com,1,1,1,1,2,4,0,0
/global/archives/tag/separator,(direct),1,1,1,1,15,4,0,0
/global/archives/tag/shepherd-ccs-project,google,1,1,1,1,5,4,0,0
/global/archives/tag/sk-earthon-kuala-lumpur,google,1,1,1,1,13,6,0,0
/global/archives/tag/sk-enmove,skenmove.com,1,1,1,1,46,4,0,0
/global/archives/tag/sk-global-chemical-shanghai,google,1,1,1,1,3,4,0,0
/global/archives/tag/sk-innovation,(direct),1,1,1,1,24,4,0,0
/global/archives/tag/sk-innovations-institute-of-environmental-science-technology,(direct),1,1,1,1,7,5,0,0
/global/archives/tag/sk-lubricants,google,1,1,1,1,18,4,0,0
/global/archives/tag/sk-on,google,1,1,1,1,3,4,0,0
/global/archives/tag/sk-ulsan-complex,google,1,1,1,1,9,3,0,0
/global/archives/tag/skba,google,1,1,1,1,5,4,0,0
/global/archives/tag/skbmp,google,1,1,1,1,28,5,0,0
/global/archives/tag/ske,bing,1,1,1,1,11,3,0,0
/global/archives/tag/skgc,google,1,1,1,1,54,4,0,0
/global/archives/tag/skiet,(direct),1,1,1,1,0,1,0,0
/global/archives/tag/sustainable-aviation-fuel,linkedin.com,1,1,1,1,37,4,0,0
/global/archives/tag/turkey,google,1,1,1,1,3,5,0,0
/global/archives/tag/ulsan-clx,docs.google.com,1,1,1,1,4,5,0,0
/global/archives/tag/ulsan-clx,google,1,1,1,1,9,5,0,0
/global/archives/tag/us,(direct),1,1,1,1,0,1,0,0
/global/archives/tag/usa,google,1,1,1,1,16,5,0,0
/global/archives/tag/yoo-jae-young,google,1,1,1,1,5,5,0,0
/global/archives/tag/yubase,(direct),1,1,1,1,2,5,0,0
/global/archives/tag/yukong,google,1,1,1,1,6,5,0,0
/global/archives/tag/中韩石化,google,1,1,1,1,8,5,0,0
/global/archives/tag/电动汽车,google,1,1,1,1,4,5,0,0
/global/family-site-links,google,1,1,1,1,4,5,0,0
/global/latestnews,ozmailer.com,1,1,1,1,3,4,0,0
/global/latestnews,skinnovation.com,1,1,1,1,47,4,0,0
/global/legal-notices,skinnovation.com,1,1,1,1,16,4,0,0
/global/privacy-policy,(direct),1,1,1,1,1,2,0,0
/global/sustainability-report,(direct),1,1,1,1,4,2,0,0
/global/sustainability-report,chatgpt.com,1,1,1,1,16,6,0,0
/global/sustainability-report,google,1,2,1,1,9,6,0,0
/global/sustainability-report,kimi.moonshot.cn,1,2,1,1,28,7,0,0
/global/인터배터리-2024-sk온-부스_05,google,1,1,1,1,28,5,0,0
/global/archives/12022,skenmove.com,0,1,1,0,0,2,0,0
/global/archives/15409,(direct),0,1,1,0,0,2,0,0
/global/archives/17499,(direct),0,1,0,0,0,2,0,0
/global/latestnews,(not set),0,14,14,0,19.642857142857142,14,0,0