# ----------------------------------------
# 보고서 CSV 내보내기
# 계정: skinno global
# 속성: skinno 글로벌 - GA4
# ----------------------------------------
# 
# 모든 사용자
# 시작일: 20240701
# 종료일: 20240707
페이지 경로 및 화면 클래스,세션 소스,조회수,세션수,사용자,사용자당 조회수,평균 참여 시간,이벤트 수,주요 이벤트,총 수익
/global/,google,146,86,59,2.4745762711864407,27.915254237288135,592,0,0
/global/archives/18388,(direct),120,127,101,1.188118811881188,115.51485148514851,509,0,0
/global/archives/18388,linkedin.com,118,130,110,1.0727272727272728,68.93636363636364,546,0,0
/global/,(direct),102,81,70,1.457142857142857,10.114285714285714,415,0,0
/global/latestnews,(direct),91,84,73,1.2465753424657535,19.506849315068493,367,0,0
/global/archives/category/press-room/financial-results,google,89,46,34,2.6176470588235294,21.058823529411764,354,0,0
/global/archives/category/press-room/press-release,(direct),72,68,53,1.3584905660377358,4.056603773584905,280,0,0
/global/archives/17426,google,49,33,32,1.53125,43.46875,212,0,0
/global/archives/18283,(direct),47,47,31,1.5161290322580645,95.03225806451613,198,0,0
/global/archives/18421,google,46,38,37,1.2432432432432432,2.72972972972973,173,0,0
/global/archives/18361,(direct),44,46,36,1.2222222222222223,31.666666666666668,177,0,0
/global/archives/18388,google,37,35,31,1.1935483870967742,31.258064516129032,148,0,0
/global/archives/18374,(direct),35,34,29,1.206896551724138,21.79310344827586,138,0,0
/global/archives/17216,google,34,31,26,1.3076923076923077,32.53846153846154,148,0,0
/global/archives/18107,google,32,35,32,1,55.21875,165,0,0
/global/latestnews,google,32,34,18,1.7777777777777777,14.666666666666666,125,0,0
/global/archives/18421,(direct),29,28,23,1.2608695652173914,21.91304347826087,117,0,0
/global/archives/18361,google,27,28,25,1.08,17.04,120,0,0
/global/archives/category/corporates/sk-on,google,27,23,18,1.5,24.5,110,0,0
/global/archives/18140,google,26,25,8,3.25,0.5,76,0,0
/global/archives/18283,google,26,31,18,1.4444444444444444,17.5,107,0,0
/global/archives/18065,google,25,20,16,1.5625,42.125,106,0,0
/global/archives/category/corporates/sk-enterm,google,21,14,14,1.5,7.071428571428571,94,0,0
/global/archives/6216,google,20,21,18,1.1111111111111112,49.166666666666664,96,0,0
/global/,skinnovation.com,19,16,10,1.9,34,84,0,0
/global/archives/14491,google,18,16,13,1.3846153846153846,27.53846153846154,77,0,0
/global/archives/18374,google,18,18,15,1.2,23,67,0,0
/global/archives/category/press-room/press-release,google,18,15,13,1.3846153846153846,31.53846153846154,70,0,0
/global/archives/12022,google,17,17,12,1.4166666666666667,24.666666666666668,77,0,0
/global/archives/category/corporates,google,16,10,8,2,21.5,61,0,0
/global/archives/13780,google,15,15,12,1.25,26.583333333333332,76,0,0
/global/archives/15937,google,15,16,9,1.6666666666666667,21.22222222222222,60,0,0
/global/archives/16463,google,15,15,14,1.0714285714285714,28.285714285714285,65,0,0
/global/archives/17595,google,15,13,7,2.142857142857143,74.28571428571429,59,0,0
/global/archives/category/insight,google,15,10,7,2.142857142857143,12.285714285714286,57,0,0
/global/,eng.sk-on.com,14,13,11,1.2727272727272727,22,72,0,0
/global/archives/12306,google,14,12,10,1.4,45,51,0,0
/global/archives/16025,(direct),14,11,10,1.4,5,56,0,0
/global/archives/16532,google,14,13,11,1.2727272727272727,39.27272727272727,66,0,0
/global/archives/17817,google,14,13,4,3.5,46.25,46,0,0
/global/archives/12274/skee,google,13,9,7,1.8571428571428572,29.428571428571427,60,0,0
/global/archives/17737,(direct),13,6,3,4.333333333333333,64,42,0,0
/global/archives/9740,google,13,15,11,1.1818181818181819,53.36363636363637,61,0,0
/global/archives/15490,google,12,12,11,1.0909090909090908,38.54545454545455,53,0,0
/global/archives/18374,linkedin.com,12,12,12,1,0.3333333333333333,51,0,0
/global/archives/category/corporates/sk-innovation,google,12,12,10,1.2,9.5,45,0,0
/global/archives/category/people/inno-people,google,12,9,9,1.3333333333333333,24.22222222222222,47,0,0
/global/archives/15374,google,11,13,10,1.1,189,57,0,0
/global/archives/16834,google,11,14,12,0.9166666666666666,26.25,50,0,0
/global/archives/18301,(direct),11,12,10,1.1,116.6,44,0,0
/global/archives/4612,google,11,10,5,2.2,21,44,0,0
/global/archives/9910,google,11,10,9,1.2222222222222223,23.333333333333332,53,0,0
/global/archives/13103,google,10,10,3,3.3333333333333335,13,35,0,0
/global/archives/14491,(direct),10,10,10,1,16.6,46,0,0
/global/archives/15664,google,10,12,9,1.1111111111111112,35.888888888888886,45,0,0
/global/archives/4751,google,10,9,7,1.4285714285714286,20.714285714285715,43,0,0
/global/archives/category/people,(direct),10,10,10,1,20.6,44,0,0
/global/sustainability-report,google,10,11,7,1.4285714285714286,17.428571428571427,50,0,0
/global/archives/16060,google,9,4,3,3,7.333333333333333,32,0,0
/global/archives/18332,(direct),9,11,9,1,105.55555555555556,38,0,0
/global/archives/category/press-room,google,9,6,6,1.5,51.666666666666664,37,0,0
/global/,linkedin.com,8,9,7,1.1428571428571428,9.285714285714286,36,0,0
/global/archives/17817,(direct),8,7,3,2.6666666666666665,0,24,0,0
/global/archives/11853,google,7,8,7,1,82.42857142857143,33,0,0
/global/archives/13595,google,7,7,7,1,49.714285714285715,28,0,0
/global/archives/14226,google,7,8,5,1.4,67.6,30,0,0
/global/archives/14962,google,7,5,3,2.3333333333333335,8,29,0,0
/global/archives/16448,google,7,10,7,1,11.428571428571429,32,0,0
/global/archives/16952,google,7,4,4,1.75,15,30,0,0
/global/archives/17047,google,7,6,3,2.3333333333333335,67.33333333333333,33,0,0
/global/archives/17313,google,7,9,4,1.75,51.75,32,0,0
/global/archives/17499,google,7,7,6,1.1666666666666667,159.5,31,0,0
/global/archives/17950,google,7,7,6,1.1666666666666667,6.833333333333333,33,0,0
/global/archives/18107,(direct),7,6,4,1.75,432.75,28,0,0
/global/archives/18361,linkedin.com,7,8,5,1.4,20,28,0,0
/global/archives/18388,ozmailer.com,7,6,6,1.1666666666666667,3.1666666666666665,27,0,0
/global/archives/3464,google,7,8,4,1.75,19.5,29,0,0
/global/archives/4921,google,7,6,6,1.1666666666666667,49.5,28,0,0
/global/archives/category/corporates/sk-geo-centric,google,7,5,4,1.75,45.5,28,0,0
/global/archives/category/insight,(direct),7,7,7,1,7.857142857142857,27,0,0
/global/archives/category/insight/trend_report,google,7,7,5,1.4,12.6,28,0,0
/global/archives/category/people,google,7,6,6,1.1666666666666667,9.833333333333334,27,0,0
/global/archives/category/press-room,(direct),7,4,4,1.75,24.25,29,0,0
/global/archives/category/press-room/issue-fact,google,7,6,5,1.4,15.4,27,0,0
/global/,sogou,6,1,1,6,23,12,0,0
/global/archives/10774,google,6,6,6,1,25.166666666666668,26,0,0
/global/archives/10939,google,6,9,6,1,5,27,0,0
/global/archives/14766,(direct),6,9,5,1.2,1.8,30,0,0
/global/archives/14766,google,6,8,6,1,1.3333333333333333,27,0,0
/global/archives/16154,google,6,7,5,1.2,1.8,27,0,0
/global/archives/16881,google,6,2,2,3,46,24,0,0
/global/archives/16970,google,6,5,5,1.2,8.8,22,0,0
/global/archives/17169,google,6,5,5,1.2,28,22,0,0
/global/archives/17426,(direct),6,6,5,1.2,7,22,0,0
/global/archives/17426,bing,6,5,5,1.2,210,26,0,0
/global/archives/17514,google,6,4,4,1.5,19.5,25,0,0
/global/archives/17737,google,6,4,4,1.5,447.25,23,0,0
/global/archives/18283,cn.bing.com,6,4,3,2,21.666666666666668,24,0,0
/global/archives/3820,google,6,6,5,1.2,40.4,31,0,0
/global/archives/7292,(direct),6,6,5,1.2,3.2,25,0,0
/global/archives/9709,google,6,6,5,1.2,10,29,0,0
/global/archives/category/corporate/sk-on,(direct),6,5,1,6,51,23,0,0
/global/archives/category/corporates,(direct),6,4,3,2,58,24,0,0
/global/archives/category/corporates/sk-earthon,skinnovation.com,6,1,1,6,175,20,0,0
/global/archives/category/corporates/sk-on,(direct),6,7,6,1,25.833333333333332,25,0,0
/global/archives/category/press-room/financial-results,bing,6,5,3,2,33,24,0,0
/global/archives/tag/board-of-directors,google,6,2,2,3,15.5,25,0,0
/global/archives/tag/ncm811,google,6,4,4,1.5,16,25,0,0
/global/archives/tag/sk-primacor-europe,google,6,4,4,1.5,34,27,0,0
/global/archives/tag/sk综合化学,google,6,4,4,1.5,25,26,0,0
/global/archives/10654,google,5,5,4,1.25,45.5,22,0,0
/global/archives/12008,google,5,6,4,1.25,17,23,0,0
/global/archives/13521,google,5,5,5,1,32.8,21,0,0
/global/archives/14065,google,5,3,3,1.6666666666666667,218.66666666666666,20,0,0
/global/archives/14243,google,5,5,4,1.25,47,22,0,0
/global/archives/14634,google,5,6,4,1.25,39.25,23,0,0
/global/archives/15462,(direct),5,5,4,1.25,24,21,0,0
/global/archives/15687,google,5,4,4,1.25,6,20,0,0
/global/archives/16376,google,5,5,5,1,47.4,22,0,0
/global/archives/16493,google,5,3,3,1.6666666666666667,60,23,0,0
/global/archives/17356,(direct),5,4,4,1.25,3.75,19,0,0
/global/archives/17569,google,5,7,5,1,85.8,28,0,0
/global/archives/17623,google,5,7,4,1.25,29.75,26,0,0
/global/archives/17844,google,5,3,3,1.6666666666666667,5.666666666666667,19,0,0
/global/archives/17863,(direct),5,6,5,1,210.8,20,0,0
/global/archives/18140,(direct),5,4,4,1.25,0,15,0,0
/global/archives/3962,google,5,4,4,1.25,26.5,25,0,0
/global/archives/7445,google,5,6,4,1.25,27.5,21,0,0
/global/archives/9668,google,5,6,3,1.6666666666666667,26.666666666666668,25,0,0
/global/archives/category/corporates/sk-rading-international,google,5,3,3,1.6666666666666667,20,21,0,0
/global/archives/category/press-room,eng.sk-on.com,5,2,2,2.5,25.5,17,0,0
/global/archives/tag/financial-results,google,5,3,3,1.6666666666666667,7.333333333333333,20,0,0
/global/archives/tag/green-bonds,google,5,5,5,1,9.8,26,0,0
/global/archives/tag/skeo,google,5,5,5,1,18,24,0,0
/global/,eng.skgeocentric.com,4,6,2,2,13,21,0,0
/global/,jack-health.com,4,3,1,4,17,16,0,0
/global/archives/11527,google,4,5,4,1,5.25,16,0,0
/global/archives/12190,(direct),4,2,2,2,0,10,0,0
/global/archives/12667,(direct),4,4,4,1,5.25,18,0,0
/global/archives/14065,(not set),4,1,1,4,84,16,0,0
/global/archives/14309,(direct),4,5,4,1,0,18,0,0
/global/archives/14354,google,4,4,4,1,193,21,0,0
/global/archives/14800,google,4,4,4,1,72,21,0,0
/global/archives/15067,google,4,4,4,1,7,16,0,0
/global/archives/15204,google,4,3,3,1.3333333333333333,62.666666666666664,16,0,0
/global/archives/15374,(direct),4,4,4,1,2.75,14,0,0
/global/archives/15689,google,4,3,3,1.3333333333333333,127.66666666666667,17,0,0
/global/archives/16286,google,4,4,3,1.3333333333333333,0,16,0,0
/global/archives/16719,google,4,2,2,2,17.5,16,0,0
/global/archives/17476,google,4,4,4,1,15.25,20,0,0
/global/archives/17863,google,4,4,2,2,13,16,0,0
/global/archives/17965,google,4,4,1,4,1,13,0,0
/global/archives/17990,(direct),4,3,3,1.3333333333333333,0,14,0,0
/global/archives/18208,(direct),4,4,4,1,134.25,15,0,0
/global/archives/18301,google,4,4,4,1,56.5,20,0,0
/global/archives/18361,electrive.com,4,4,4,1,30,17,0,0
/global/archives/4793,google,4,4,3,1.3333333333333333,22,22,0,0
/global/archives/5944,google,4,2,2,2,52,16,0,0
/global/archives/6150,bing,4,1,1,4,19,9,0,0
/global/archives/6377,google,4,4,4,1,7.25,18,0,0
/global/archives/6824,cn.bing.com,4,5,3,1.3333333333333333,12.333333333333334,17,0,0
/global/archives/7245,(direct),4,3,3,1.3333333333333333,12,14,0,0
/global/archives/7596,google,4,3,3,1.3333333333333333,26.333333333333332,14,0,0
/global/archives/category/corporate/sk-energy,skenergy.com,4,4,3,1.3333333333333333,4,16,0,0
/global/archives/category/corporate/sk-enmove,skenmove.com,4,4,4,1,31.75,21,0,0
/global/archives/category/corporates/sk-energy,(direct),4,4,3,1.3333333333333333,31.666666666666668,18,0,0
/global/archives/category/corporates/sk-energy,google,4,4,4,1,11.75,13,0,0
/global/archives/category/corporates/sk-geo-centric,(direct),4,3,3,1.3333333333333333,15.666666666666666,13,0,0
/global/archives/category/corporates/sk-ie-technology,(not set),4,1,1,4,41,15,0,0
/global/archives/category/corporates/sk-innovation,(direct),4,3,2,2,8,10,0,0
/global/archives/category/corporates/sk-innovation,skinnovation.com,4,3,3,1.3333333333333333,466,14,0,0
/global/archives/category/people/sustainability,google,4,4,4,1,8,15,0,0
/global/archives/category/press-room,gateway.zscalerthree.net,4,4,1,4,0,16,0,0
/global/archives/category/press-room/press-release,eng.sk-on.com,4,4,3,1.3333333333333333,22.333333333333332,13,0,0
/global/archives/tag/sinopec-sk-wuhan-petrochemical,google,4,2,2,2,38.5,18,0,0
/global/archives/tag/sko,google,4,5,4,1,8.25,21,0,0
/global/sustainability-report,(direct),4,5,4,1,0,18,0,0
/global/,baidu,3,3,3,1,0,9,0,0
/global/,bing,3,2,2,1.5,15.5,11,0,0
/global/,chn.sk-on.com,3,4,2,1.5,18,14,0,0
/global/,skenmove.com,3,1,1,3,46,15,0,0
/global/,trello.com,3,2,1,3,14,15,0,0
/global/archives/10133,google,3,3,3,1,39.666666666666664,14,0,0
/global/archives/10610,google,3,4,3,1,114.66666666666667,13,0,0
/global/archives/10767,google,3,2,2,1.5,12.5,14,0,0
/global/archives/10872,google,3,4,3,1,5,16,0,0
/global/archives/10985,google,3,3,3,1,9.333333333333334,16,0,0
/global/archives/11087,(direct),3,3,2,1.5,16,12,0,0
/global/archives/11087,google,3,3,3,1,100.33333333333333,16,0,0
/global/archives/11415,google,3,3,2,1.5,7,12,0,0
/global/archives/11596,skenergy.com,3,3,3,1,20,15,0,0
/global/archives/12190,google,3,3,3,1,101.33333333333333,11,0,0
/global/archives/12269,google,3,4,2,1.5,6,16,0,0
/global/archives/1237,google,3,1,1,3,112,13,0,0
/global/archives/13130,google,3,2,2,1.5,13,11,0,0
/global/archives/13329,google,3,3,2,1.5,23.5,15,0,0
/global/archives/13478,google,3,1,1,3,30,11,0,0
/global/archives/13513,google,3,3,3,1,6.333333333333333,12,0,0
/global/archives/13595,(direct),3,1,1,3,36,9,0,0
/global/archives/1399,google,3,4,3,1,9,17,0,0
/global/archives/14193,google,3,3,2,1.5,99.5,15,0,0
/global/archives/14493,(direct),3,3,2,1.5,0,9,0,0
/global/archives/15007,(direct),3,2,2,1.5,104.5,12,0,0
/global/archives/15103,google,3,3,3,1,11.333333333333334,15,0,0
/global/archives/15374,skenergy.com,3,3,3,1,0,11,0,0
/global/archives/15409,google,3,2,2,1.5,88.5,15,0,0
/global/archives/15664,(direct),3,3,3,1,29,15,0,0
/global/archives/15865,google,3,4,3,1,80,14,0,0
/global/archives/16463,(direct),3,2,2,1.5,11,9,0,0
/global/archives/16480,google,3,2,2,1.5,18,9,0,0
/global/archives/16834,(direct),3,3,3,1,23,15,0,0
/global/archives/17292,google,3,2,2,1.5,6,11,0,0
/global/archives/18022,google,3,3,3,1,20.666666666666668,11,0,0
/global/archives/18268,(direct),3,4,3,1,11,12,0,0
/global/archives/18301,linkedin.com,3,3,3,1,56.333333333333336,16,0,0
/global/archives/18332,google,3,4,2,1.5,27,14,0,0
/global/archives/18388,lnkd.in,3,3,2,1.5,0,11,0,0
/global/archives/18421,linkedin.com,3,3,3,1,1,12,0,0
/global/archives/3674,google,3,3,2,1.5,15,14,0,0
/global/archives/4518,google,3,3,3,1,27.333333333333332,14,0,0
/global/archives/4751,(not set),3,1,1,3,5,8,0,0
/global/archives/489,google,3,2,2,1.5,0,10,0,0
/global/archives/6014,google,3,5,3,1,61.666666666666664,17,0,0
/global/archives/6216,(direct),3,2,2,1.5,141,11,0,0
/global/archives/6253,google,3,3,3,1,42.666666666666664,14,0,0
/global/archives/6313,(direct),3,3,1,3,0,10,0,0
/global/archives/6462,google,3,3,2,1.5,119,13,0,0
/global/archives/7112,google,3,4,1,3,69,13,0,0
/global/archives/7292,google,3,3,2,1.5,6,13,0,0
/global/archives/7319,google,3,3,3,1,32.666666666666664,12,0,0
/global/archives/7670,google,3,2,2,1.5,38.5,11,0,0
/global/archives/8168,google,3,2,1,3,25,13,0,0
/global/archives/9096,google,3,3,2,1.5,28.5,11,0,0
/global/archives/9509,google,3,3,2,1.5,41,12,0,0
/global/archives/category/corporates/sk-earthon,google,3,3,2,1.5,66.5,11,0,0
/global/archives/category/corporates/sk-energy,skenergy.com,3,2,2,1.5,9.5,12,0,0
/global/archives/category/corporates/sk-enmove,google,3,4,3,1,5.666666666666667,13,0,0
/global/archives/category/corporates/sk-ie-technology,google,3,3,3,1,12,10,0,0
/global/archives/category/corporates/sk-on,sogou,3,2,1,3,0,6,0,0
/global/archives/category/corporates/sk-rading-international,skinnovation.com,3,2,2,1.5,52,12,0,0
/global/archives/category/insight/expert-voice,(direct),3,2,2,1.5,15,10,0,0
/global/archives/category/insight/trend_report,(direct),3,2,2,1.5,25,9,0,0
/global/archives/category/people,bing,3,1,1,3,11,8,0,0
/global/archives/category/people/inno-people,(direct),3,1,1,3,101,12,0,0
/global/archives/category/press-room/issue-fact,eng.sk-on.com,3,3,3,1,6,10,0,0
/global/archives/tag/airrane,google,3,1,1,3,10,11,0,0
/global/archives/tag/ncm9,google,3,2,2,1.5,10,14,0,0
/global/archives/tag/separator,google,3,3,3,1,25.333333333333332,12,0,0
/global/archives/tag/sk-energy-americas,google,3,1,1,3,38,13,0,0
/global/archives/tag/sk-global-chemical-shanghai,google,3,3,3,1,11.333333333333334,17,0,0
/global/archives/tag/skgca,google,3,3,2,1.5,15.5,13,0,0
/global/archives/tag/skipc,google,3,2,2,1.5,15,12,0,0
/global/404,google,2,2,2,1,3,9,0,0
/global/archives/10511,google,2,2,1,2,65,9,0,0
/global/archives/1058,google,2,3,2,1,39.5,11,0,0
/global/archives/10654,yahoo,2,1,1,2,210,8,0,0
/global/archives/10939,(direct),2,2,2,1,0,5,0,0
/global/archives/11415,usc-excel.officeapps.live.com,2,2,1,2,18,6,0,0
/global/archives/11475,(direct),2,2,2,1,0,6,0,0
/global/archives/11527,(direct),2,2,2,1,0,5,0,0
/global/archives/11527,usc-excel.officeapps.live.com,2,2,1,2,17,6,0,0
/global/archives/11573,google,2,1,1,2,0,6,0,0
/global/archives/11683,google,2,1,1,2,23,8,0,0
/global/archives/12008,(direct),2,3,2,1,4.5,11,0,0
/global/archives/12008,prisma-cp.paprisma:6082,2,1,1,2,213,7,0,0
/global/archives/12022,(direct),2,3,2,1,0,10,0,0
/global/archives/12237,(direct),2,2,2,1,4,8,0,0
/global/archives/12692,google,2,3,2,1,3.5,11,0,0
/global/archives/12950,google,2,2,2,1,29.5,11,0,0
/global/archives/13060,google,2,1,1,2,32,9,0,0
/global/archives/13130,bing,2,2,1,2,0,6,0,0
/global/archives/13184,(direct),2,2,2,1,19,9,0,0
/global/archives/13184,google,2,3,2,1,25.5,8,0,0
/global/archives/13521,(direct),2,1,1,2,11,8,0,0
/global/archives/13850,(direct),2,2,2,1,11.5,7,0,0
/global/archives/13981,chatgpt.com,2,1,1,2,30,8,0,0
/global/archives/14078,google,2,2,2,1,33.5,8,0,0
/global/archives/14083,(direct),2,2,2,1,0,6,0,0
/global/archives/14146,google,2,2,2,1,3.5,9,0,0
/global/archives/14264,(direct),2,1,1,2,71,9,0,0
/global/archives/14264,google,2,2,2,1,1,7,0,0
/global/archives/14333,(direct),2,2,2,1,0,8,0,0
/global/archives/14333,google,2,1,1,2,132,7,0,0
/global/archives/14415,google,2,2,2,1,2,9,0,0
/global/archives/14493,bing,2,1,1,2,50,8,0,0
/global/archives/14493,google,2,2,1,2,29,7,0,0
/global/archives/15007,skenergy.com,2,2,2,1,0.5,8,0,0
/global/archives/15259,(direct),2,2,2,1,9,9,0,0
/global/archives/15353,google,2,2,2,1,5.5,7,0,0
/global/archives/15462,google,2,3,2,1,6.5,11,0,0
/global/archives/15654,google,2,2,2,1,2,10,0,0
/global/archives/15664,cn.bing.com,2,1,1,2,15,4,0,0
/global/archives/15687,(direct),2,3,2,1,60,11,0,0
/global/archives/15964,google,2,2,1,2,70,7,0,0
/global/archives/15985,google,2,1,1,2,17,9,0,0
/global/archives/16334,google,2,2,2,1,2.5,8,0,0
/global/archives/16405,google,2,2,2,1,61.5,11,0,0
/global/archives/16448,skenergy.com,2,1,1,2,24,7,0,0
/global/archives/16583,google,2,2,2,1,38.5,9,0,0
/global/archives/16787,google,2,2,2,1,2.5,9,0,0
/global/archives/16834,bing,2,2,2,1,26,11,0,0
/global/archives/17047,(direct),2,2,2,1,12.5,9,0,0
/global/archives/17216,(direct),2,2,2,1,0,7,0,0
/global/archives/17356,google,2,2,2,1,3,8,0,0
/global/archives/17460,(direct),2,1,1,2,1,7,0,0
/global/archives/17476,yandex.kz,2,2,2,1,0,8,0,0
/global/archives/17623,(direct),2,2,2,1,0,8,0,0
/global/archives/17863,linkedin.com,2,2,2,1,71.5,7,0,0
/global/archives/17950,bing,2,3,1,2,7,10,0,0
/global/archives/17965,(direct),2,2,2,1,0,7,0,0
/global/archives/17989,skinnovation.com,2,2,1,2,589,9,0,0
/global/archives/17990,google,2,3,2,1,13,11,0,0
/global/archives/18065,(direct),2,2,2,1,123.5,7,0,0
/global/archives/18065,eng.sk-on.com,2,2,2,1,22.5,6,0,0
/global/archives/18076,google,2,3,2,1,1.5,9,0,0
/global/archives/18140,skinnovation.com,2,2,2,1,6.5,9,0,0
/global/archives/18167,(direct),2,2,2,1,1,6,0,0
/global/archives/18167,google,2,2,1,2,8,8,0,0
/global/archives/18208,google,2,2,2,1,45.5,8,0,0
/global/archives/18283,edgeservices.bing.com,2,2,1,2,1,7,0,0
/global/archives/18283,electrive.com,2,3,2,1,2,10,0,0
/global/archives/18283,linkedin.com,2,2,2,1,103,9,0,0
/global/archives/18283,pushevs.com,2,2,1,2,0,7,0,0
/global/archives/18283,statics.teams.cdn.office.net,2,1,1,2,3,6,0,0
/global/archives/18361,jack-health.com,2,2,1,2,11,6,0,0
/global/archives/18388,trends.google.com,2,1,1,2,392,8,0,0
/global/archives/18421,app.contify.com,2,1,1,2,9,6,0,0
/global/archives/1960,google,2,2,2,1,52,10,0,0
/global/archives/2329,google,2,2,2,1,20.5,9,0,0
/global/archives/2860,google,2,3,1,2,0,9,0,0
/global/archives/3005,google,2,2,2,1,4,8,0,0
/global/archives/3786,google,2,1,1,2,32,9,0,0
/global/archives/4415,(direct),2,2,2,1,48,9,0,0
/global/archives/4482,google,2,2,2,1,14.5,9,0,0
/global/archives/4705,google,2,2,2,1,15,10,0,0
/global/archives/5234,google,2,2,2,1,65,10,0,0
/global/archives/5892,google,2,2,2,1,9,10,0,0
/global/archives/5994,google,2,2,2,1,1.5,7,0,0
/global/archives/6216,bing,2,2,2,1,25,12,0,0
/global/archives/7476,google,2,2,1,2,0,7,0,0
/global/archives/7633,google,2,2,2,1,28,10,0,0
/global/archives/7740,google,2,3,2,1,11,11,0,0
/global/archives/7761,(direct),2,2,2,1,5,9,0,0
/global/archives/7961,google,2,2,2,1,15.5,6,0,0
/global/archives/8067,google,2,2,2,1,22,11,0,0
/global/archives/8327,google,2,2,2,1,16.5,11,0,0
/global/archives/8400,google,2,2,2,1,35,12,0,0
/global/archives/9548,google,2,2,2,1,311.5,10,0,0
/global/archives/9715,google,2,3,2,1,4.5,7,0,0
/global/archives/9740,(direct),2,2,2,1,0,8,0,0
/global/archives/9740,skenergy.com,2,3,2,1,27,10,0,0
/global/archives/category/corporates,skinnovation.com,2,2,2,1,5,7,0,0
/global/archives/category/corporates/sk-incheon-petrochem,skinnovation.com,2,1,1,2,26,8,0,0
/global/archives/category/corporates/sk-innovation,linkedin.com,2,2,2,1,30.5,8,0,0
/global/archives/category/corporates/sk-on,skinnovation.com,2,2,2,1,15,8,0,0
/global/archives/category/insight,skenergy.com,2,1,1,2,9,8,0,0
/global/archives/category/insight/trend_report,eng.sk-on.com,2,2,2,1,3.5,5,0,0
/global/archives/category/people/ceo-leaders,google,2,1,1,2,10,8,0,0
/global/archives/category/press-room,skinnovation.com,2,2,2,1,26.5,8,0,0
/global/archives/category/press-room/financial-results,(direct),2,2,2,1,17.5,9,0,0
/global/archives/category/press-room/financial-results,eng.sk-on.com,2,1,1,2,19,6,0,0
/global/archives/category/social-value/opinions,google,2,1,1,2,36,8,0,0
/global/archives/tag/2023-q4,google,2,1,1,2,15,7,0,0
/global/archives/tag/2023-sk-global-forum,google,2,1,1,2,8,8,0,0
/global/archives/tag/advanced-plastic-recycling-cluster,google,2,1,1,2,13,8,0,0
/global/archives/tag/app-group,google,2,1,1,2,23,9,0,0
/global/archives/tag/australia,google,2,2,1,2,48,10,0,0
/global/archives/tag/bmic,google,2,3,2,1,4.5,11,0,0
/global/archives/tag/ccu,google,2,1,1,2,9,9,0,0
/global/archives/tag/earnings,google,2,1,1,2,4,8,0,0
/global/archives/tag/happy-elephant,(direct),2,1,1,2,0,4,0,0
/global/archives/tag/ivancsa,google,2,2,2,1,2,10,0,0
/global/archives/tag/ncm9,blog.upsbatterycenter.com,2,1,1,2,39,6,0,0
/global/archives/tag/northvolt,google,2,1,1,2,11,7,0,0
/global/archives/tag/plastic-energy,google,2,1,1,2,9,8,0,0
/global/archives/tag/pta,google,2,1,1,2,9,10,0,0
/global/archives/tag/samsung-heavy-industry,google,2,1,1,2,26,10,0,0
/global/archives/tag/sk-block-427,google,2,2,1,2,7,10,0,0
/global/archives/tag/sk-hi-tech-battery-materials-poland,google,2,2,2,1,2,9,0,0
/global/archives/tag/sk-on,google,2,2,1,2,0,7,0,0
/global/archives/tag/skei-singapore,google,2,2,2,1,20,10,0,0
/global/archives/tag/skgc-japan,google,2,1,1,2,18,9,0,0
/global/archives/tag/solid-power,google,2,2,2,1,16.5,10,0,0
/global/archives/tag/ulsan-complex,google,2,2,2,1,5,9,0,0
/global/archives/tag/united-nations,google,2,1,1,2,0,5,0,0
/global/latestnews,jack-health.com,2,3,1,2,0,8,0,0
/global/latestnews,skenmove.com,2,2,2,1,21,8,0,0
/global/latestnews,skinnovation.com,2,1,1,2,176,8,0,0
/global/privacy-policy,google,2,1,1,2,19,8,0,0
/global/who-we-are,google,2,2,2,1,21.5,10,0,0
/global/,m.web-search.co,1,1,1,1,10,3,0,0
/global/archives/10326,google,1,1,1,1,17,4,0,0
/global/archives/1043,google,1,1,1,1,18,5,0,0
/global/archives/10445,google,1,1,1,1,26,5,0,0
/global/archives/10535,bing,1,2,1,1,0,5,0,0
/global/archives/10535,google,1,1,1,1,9,3,0,0
/global/archives/10570,cn.bing.com,1,1,1,1,20,4,0,0
/global/archives/10654,blog.upsbatterycenter.com,1,1,1,1,109,3,0,0
/global/archives/10713,google,1,1,1,1,22,5,0,0
/global/archives/10835,google,1,1,1,1,10,5,0,0
/global/archives/10842,(direct),1,1,1,1,28,5,0,0
/global/archives/10897,google,1,1,1,1,24,5,0,0
/global/archives/10913,google,1,1,1,1,0,4,0,0
/global/archives/10939,jack-health.com,1,1,1,1,0,2,0,0
/global/archives/10939,skinnovation.com,1,1,1,1,54,3,0,0
/global/archives/10977,google,1,1,1,1,10,3,0,0
/global/archives/11004,google,1,1,1,1,214,5,0,0
/global/archives/11010,google,1,1,1,1,25,5,0,0
/global/archives/11037,portal.technorati.com,1,1,1,1,1,3,0,0
/global/archives/11037,skenergy.com,1,1,1,1,37,6,0,0
/global/archives/11087,portal.technorati.com,1,1,1,1,66,6,0,0
/global/archives/11161,google,1,1,1,1,128,5,0,0
/global/archives/11180,google,1,1,1,1,26,5,0,0
/global/archives/11214,google,1,1,1,1,33,5,0,0
/global/archives/11237,google,1,1,1,1,33,5,0,0
/global/archives/11342,google,1,1,1,1,24,5,0,0
/global/archives/11400,google,1,2,1,1,0,6,0,0
/global/archives/11486,google,1,1,1,1,6,4,0,0
/global/archives/11512,sktradinginternational.com,1,1,1,1,0,4,0,0
/global/archives/11537,google,1,1,1,1,75,5,0,0
/global/archives/11596,(direct),1,1,1,1,9,4,0,0
/global/archives/11756,google,1,1,1,1,7,4,0,0
/global/archives/11807,google,1,2,1,1,0,5,0,0
/global/archives/11853,yandex.ru,1,2,1,1,124,4,0,0
/global/archives/11916,google,1,2,1,1,22,3,0,0
/global/archives/12036,google,1,1,1,1,13,6,0,0
/global/archives/12091,google,1,1,1,1,63,5,0,0
/global/archives/12106,(direct),1,1,1,1,0,4,0,0
/global/archives/12106,google,1,1,1,1,7,4,0,0
/global/archives/12125,google,1,1,1,1,3,5,0,0
/global/archives/12147,google,1,1,1,1,95,4,0,0
/global/archives/12190,usc-excel.officeapps.live.com,1,1,1,1,0,3,0,0
/global/archives/12220,(direct),1,1,1,1,8,5,0,0
/global/archives/12220,google,1,1,1,1,23,4,0,0
/global/archives/12269,(direct),1,1,1,1,6,4,0,0
/global/archives/12306,daum,1,1,1,1,65,5,0,0
/global/archives/12349,google,1,1,1,1,62,4,0,0
/global/archives/12373,skenmove.com,1,1,1,1,148,4,0,0
/global/archives/12471,skinnovation.com,1,1,1,1,26,3,0,0
/global/archives/1257,google,1,1,1,1,75,5,0,0
/global/archives/12667,google,1,1,1,1,26,5,0,0
/global/archives/12878,google,1,1,1,1,24,5,0,0
/global/archives/13103,bing,1,1,1,1,28,4,0,0
/global/archives/13211,google,1,1,1,1,15,6,0,0
/global/archives/13327,(direct),1,1,1,1,0,4,0,0
/global/archives/13327,google,1,1,1,1,42,6,0,0
/global/archives/1337,google,1,1,1,1,644,5,0,0
/global/archives/13478,(direct),1,1,1,1,55,3,0,0
/global/archives/13521,cn.bing.com,1,1,1,1,18,2,0,0
/global/archives/13595,cn.bing.com,1,1,1,1,0,2,0,0
/global/archives/13748,(direct),1,2,1,1,0,6,0,0
/global/archives/13748,google,1,1,1,1,0,4,0,0
/global/archives/13780,(direct),1,2,1,1,0,6,0,0
/global/archives/13932,(direct),1,1,1,1,74,5,0,0
/global/archives/14030,google,1,1,1,1,24,4,0,0
/global/archives/14065,(direct),1,1,1,1,23,5,0,0
/global/archives/14179,google,1,1,1,1,0,2,0,0
/global/archives/14219,cn.bing.com,1,1,1,1,25,4,0,0
/global/archives/14226,(not set),1,1,1,1,24,3,0,0
/global/archives/1425,cn.bing.com,1,1,1,1,0,1,0,0
/global/archives/14302,google,1,1,1,1,7,3,0,0
/global/archives/14309,google,1,1,1,1,10,4,0,0
/global/archives/14491,eng.sk-on.com,1,1,1,1,0,2,0,0
/global/archives/14628,(direct),1,1,1,1,0,2,0,0
/global/archives/14628,google,1,1,1,1,2,3,0,0
/global/archives/14634,(direct),1,2,1,1,0,5,0,0
/global/archives/14634,jack-health.com,1,1,1,1,7,3,0,0
/global/archives/14668,google,1,1,1,1,3,5,0,0
/global/archives/14740,google,1,1,1,1,24,6,0,0
/global/archives/14755,google,1,1,1,1,7,4,0,0
/global/archives/14770,google,1,1,1,1,1,5,0,0
/global/archives/14788,google,1,1,1,1,14,4,0,0
/global/archives/15007,google,1,1,1,1,20,5,0,0
/global/archives/15204,(direct),1,1,1,1,0,2,0,0
/global/archives/15208,sogou,1,1,1,1,0,3,0,0
/global/archives/15374,statics.teams.cdn.office.net,1,1,1,1,15,5,0,0
/global/archives/15490,(direct),1,1,1,1,0,2,0,0
/global/archives/15497/skipc_하계봉사8_기부어북,google,1,1,1,1,4,6,0,0
/global/archives/15574,google,1,2,1,1,0,6,0,0
/global/archives/15592,google,1,1,1,1,20,5,0,0
/global/archives/15623,bing,1,2,1,1,0,6,0,0
/global/archives/15638,google,1,1,1,1,54,5,0,0
/global/archives/15654,linkedin.com,1,1,1,1,1,3,0,0
/global/archives/15687,skenmove.com,1,1,1,1,30,4,0,0
/global/archives/15760,google,1,1,1,1,20,5,0,0
/global/archives/15840,google,1,2,1,1,0,6,0,0
/global/archives/15865,(direct),1,1,1,1,46,4,0,0
/global/archives/15865,(not set),1,1,1,1,166,4,0,0
/global/archives/15937,skinnovation.com,1,1,1,1,12,3,0,0
/global/archives/15985,(direct),1,1,1,1,20,4,0,0
/global/archives/16060,sktradinginternational.com,1,1,1,1,78,6,0,0
/global/archives/16118,bing,1,1,1,1,0,1,0,0
/global/archives/16169,bing,1,1,1,1,18,5,0,0
/global/archives/16169,google,1,1,1,1,9,5,0,0
/global/archives/16286,linkedin.com,1,1,1,1,8,4,0,0
/global/archives/16308,google,1,1,1,1,22,5,0,0
/global/archives/16334,(direct),1,1,1,1,164,4,0,0
/global/archives/16376,bing,1,1,1,1,78,5,0,0
/global/archives/16376,cn.bing.com,1,1,1,1,36,5,0,0
/global/archives/16480,linkedin.com,1,1,1,1,13,5,0,0
/global/archives/16563,google,1,1,1,1,55,4,0,0
/global/archives/16583,skinnovation.com,1,1,1,1,79,3,0,0
/global/archives/16738,google,1,1,1,1,36,5,0,0
/global/archives/16834,linkedin.com,1,1,1,1,4,3,0,0
/global/archives/16834,m.baidu.com,1,1,1,1,30,4,0,0
/global/archives/16925,google,1,1,1,1,26,4,0,0
/global/archives/16970,linkedin.com,1,1,1,1,18,3,0,0
/global/archives/17022,google,1,1,1,1,9,4,0,0
/global/archives/17134,google,1,1,1,1,10,5,0,0
/global/archives/17144,google,1,1,1,1,5,4,0,0
/global/archives/17169,bing,1,1,1,1,4,5,0,0
/global/archives/17216,cn.bing.com,1,1,1,1,81,3,0,0
/global/archives/17216,eng.sk-on.com,1,1,1,1,13,4,0,0
/global/archives/1722,(direct),1,1,1,1,258,6,0,0
/global/archives/1722,google,1,1,1,1,0,4,0,0
/global/archives/17356,bing,1,1,1,1,10,4,0,0
/global/archives/17356,skenmove.com,1,1,1,1,8,5,0,0
/global/archives/17426,cn.bing.com,1,1,1,1,0,4,0,0
/global/archives/17446,google,1,1,1,1,59,5,0,0
/global/archives/17460,google,1,1,1,1,0,4,0,0
/global/archives/17499,(direct),1,1,1,1,0,4,0,0
/global/archives/17499,bing,1,1,1,1,23,4,0,0
/global/archives/17514,skenergy.com,1,1,1,1,22,4,0,0
/global/archives/17595,blog.upsbatterycenter.com,1,1,1,1,0,4,0,0
/global/archives/17796,(direct),1,1,1,1,14,5,0,0
/global/archives/17796,(not set),1,1,1,1,693,4,0,0
/global/archives/17796,google,1,1,1,1,15,3,0,0
/global/archives/17817,bing,1,1,1,1,9,4,0,0
/global/archives/17863,jack-health.com,1,1,1,1,0,3,0,0
/global/archives/17965,linkedin.com,1,1,1,1,40,6,0,0
/global/archives/17978,google,1,1,1,1,5,5,0,0
/global/archives/17989,google,1,1,1,1,403,4,0,0
/global/archives/17989,lnkd.in,1,2,1,1,20,5,0,0
/global/archives/18022,skinnovation.com,1,1,1,1,134,6,0,0
/global/archives/18065,skinnovation.com,1,1,1,1,25,4,0,0
/global/archives/18107,skinnovation.com,1,1,1,1,402,4,0,0
/global/archives/18140,jack-health.com,1,1,1,1,4,3,0,0
/global/archives/18167,skinnovation.com,1,1,1,1,0,4,0,0
/global/archives/18268,skinnovation.com,1,1,1,1,6,4,0,0
/global/archives/18283,jack-health.com,1,1,1,1,0,3,0,0
/global/archives/18283,krc.present.officeapps.live.com,1,1,1,1,4,6,0,0
/global/archives/18283,sogou,1,1,1,1,0,2,0,0
/global/archives/18301,eng.sk-on.com,1,1,1,1,80,3,0,0
/global/archives/18301,krc.present.officeapps.live.com,1,1,1,1,0,3,0,0
/global/archives/18301,skenergy.com,1,1,1,1,17,4,0,0
/global/archives/18301,skenmove.com,1,1,1,1,73,4,0,0
/global/archives/18301,skinnovation.com,1,1,1,1,68,4,0,0
/global/archives/18332,linkedin.com,1,2,2,0.5,50.5,6,0,0
/global/archives/18361,electrive.net,1,1,1,1,0,4,0,0
/global/archives/18361,sogou,1,1,1,1,0,2,0,0
/global/archives/18374,baidu,1,1,1,1,0,3,0,0
/global/archives/18374,eng.skgeocentric.com,1,2,1,1,0,5,0,0
/global/archives/18374,lnkd.in,1,2,1,1,9,7,0,0
/global/archives/18374,skinnovation.com,1,1,1,1,64,4,0,0
/global/archives/18374,sogou,1,1,1,1,0,2,0,0
/global/archives/18388,m.web-search.co,1,1,1,1,9,4,0,0
/global/archives/18388,news.google.com,1,1,1,1,0,4,0,0
/global/archives/18388,skinnovation.com,1,1,1,1,1,3,0,0
/global/archives/18421,eng.skgeocentric.com,1,1,1,1,0,3,0,0
/global/archives/18421,euc-excel.officeapps.live.com,1,1,1,1,31,3,0,0
/global/archives/18421,lnkd.in,1,1,1,1,0,4,0,0
/global/archives/18421,news.google.com,1,1,1,1,0,3,0,0
/global/archives/1903,google,1,1,1,1,0,4,0,0
/global/archives/2026,google,1,1,1,1,187,6,0,0
/global/archives/2241,google,1,2,1,1,0,5,0,0
/global/archives/2280,google,1,1,1,1,299,4,0,0
/global/archives/2490,google,1,1,1,1,2,3,0,0
/global/archives/253,google,1,2,1,1,0,6,0,0
/global/archives/2675,google,1,1,1,1,0,3,0,0
/global/archives/2761,bing,1,1,1,1,0,4,0,0
/global/archives/311,google,1,1,1,1,479,6,0,0
/global/archives/3123,(direct),1,1,1,1,2,4,0,0
/global/archives/3123,google,1,1,1,1,38,5,0,0
/global/archives/3304,google,1,1,1,1,4,4,0,0
/global/archives/3393,google,1,1,1,1,0,4,0,0
/global/archives/356,google,1,1,1,1,0,4,0,0
/global/archives/3820,(direct),1,1,1,1,0,4,0,0
/global/archives/3820,bing,1,2,1,1,0,6,0,0
/global/archives/3820,cn.bing.com,1,1,1,1,1,4,0,0
/global/archives/3830,google,1,1,1,1,0,4,0,0
/global/archives/3859,google,1,1,1,1,14,3,0,0
/global/archives/3985,google,1,2,1,1,0,6,0,0
/global/archives/4110,google,1,1,1,1,2,5,0,0
/global/archives/4110,m.web-search.co,1,1,1,1,4,5,0,0
/global/archives/4193,google,1,1,1,1,21,6,0,0
/global/archives/4239,google,1,1,1,1,20,5,0,0
/global/archives/4308,(direct),1,1,1,1,15,6,0,0
/global/archives/4308,google,1,1,1,1,0,4,0,0
/global/archives/4309,cn.bing.com,1,1,1,1,20,4,0,0
/global/archives/4450,google,1,1,1,1,28,4,0,0
/global/archives/4499,google,1,1,1,1,37,5,0,0
/global/archives/4728,(direct),1,1,1,1,0,4,0,0
/global/archives/4728,google,1,1,1,1,9,5,0,0
/global/archives/4776,cn.bing.com,1,1,1,1,0,4,0,0
/global/archives/4776,google,1,2,1,1,0,6,0,0
/global/archives/4844,google,1,1,1,1,8,5,0,0
/global/archives/507,(direct),1,1,1,1,5,5,0,0
/global/archives/5136,google,1,1,1,1,0,4,0,0
/global/archives/5247,bing,1,1,1,1,7,5,0,0
/global/archives/5357,google,1,1,1,1,9,5,0,0
/global/archives/5772,google,1,2,1,1,0,6,0,0
/global/archives/5981,(direct),1,1,1,1,3,3,0,0
/global/archives/5981,bing,1,1,1,1,6,3,0,0
/global/archives/5981,google,1,1,1,1,96,3,0,0
/global/archives/6150,(direct),1,1,1,1,2,3,0,0
/global/archives/6197,google,1,2,1,1,35,7,0,0
/global/archives/6216,(not set),1,1,1,1,510,3,0,0
/global/archives/6216,yandex.ru,1,2,1,1,0,6,0,0
/global/archives/631,google,1,1,1,1,114,6,0,0
/global/archives/6313,google,1,2,1,1,0,5,0,0
/global/archives/6343,google,1,1,1,1,0,4,0,0
/global/archives/6436,google,1,1,1,1,19,5,0,0
/global/archives/648,google,1,1,1,1,7,5,0,0
/global/archives/6517,(direct),1,1,1,1,21,5,0,0
/global/archives/6517,bing,1,1,1,1,0,3,0,0
/global/archives/6734,google,1,1,1,1,331,5,0,0
/global/archives/6871,google,1,1,1,1,12,4,0,0
/global/archives/6971,google,1,1,1,1,0,4,0,0
/global/archives/7043,google,1,2,1,1,10,7,0,0
/global/archives/7125,google,1,1,1,1,173,4,0,0
/global/archives/7168,google,1,1,1,1,53,4,0,0
/global/archives/7245,google,1,1,1,1,11,5,0,0
/global/archives/7262,wcoresearch.risk.lexisnexis.com,1,1,1,1,0,3,0,0
/global/archives/7302,google,1,1,1,1,28,4,0,0
/global/archives/7319,bing,1,1,1,1,4,5,0,0
/global/archives/7319,cn.bing.com,1,1,1,1,12,5,0,0
/global/archives/7445,(direct),1,1,1,1,8,4,0,0
/global/archives/7445,in.search.yahoo.com,1,2,1,1,0,6,0,0
/global/archives/7476,(direct),1,1,1,1,0,4,0,0
/global/archives/7710,google,1,1,1,1,95,5,0,0
/global/archives/7761,google,1,1,1,1,50,4,0,0
/global/archives/7784,google,1,1,1,1,3,5,0,0
/global/archives/7894,google,1,1,1,1,16,4,0,0
/global/archives/7906,google,1,1,1,1,140,5,0,0
/global/archives/8046,bing,1,2,1,1,43,4,0,0
/global/archives/8046,skincheonpetrochem.com,1,1,1,1,66,5,0,0
/global/archives/8152,google,1,1,1,1,14,5,0,0
/global/archives/822,duckduckgo,1,1,1,1,43,6,0,0
/global/archives/822,google,1,1,1,1,17,5,0,0
/global/archives/8350,cn.bing.com,1,2,1,1,23,3,0,0
/global/archives/8383,google,1,1,1,1,16,5,0,0
/global/archives/8383,m.search.daum.net,1,1,1,1,2,5,0,0
/global/archives/851,google,1,1,1,1,15,5,0,0
/global/archives/8829,(direct),1,1,0,0,0,3,0,0
/global/archives/8829,google,1,1,1,1,4,5,0,0
/global/archives/8899,(direct),1,1,1,1,117,5,0,0
/global/archives/8899,google,1,1,1,1,19,5,0,0
/global/archives/9191,google,1,2,1,1,0,6,0,0
/global/archives/9264,google,1,1,1,1,67,4,0,0
/global/archives/9333,google,1,2,1,1,0,4,0,0
/global/archives/9480,google,1,1,1,1,0,4,0,0
/global/archives/9493,google,1,1,1,1,80,5,0,0
/global/archives/9493,lens.google.com,1,1,1,1,2,4,0,0
/global/archives/9616,(direct),1,1,1,1,0,3,0,0
/global/archives/9648,google,1,1,1,1,0,2,0,0
/global/archives/9668,(direct),1,1,1,1,0,3,0,0
/global/archives/9695,google,1,2,1,1,13,6,0,0
/global/archives/9803,google,1,1,1,1,173,6,0,0
/global/archives/9837,google,1,1,1,1,0,4,0,0
/global/archives/9893,google,1,1,1,1,0,4,0,0
/global/archives/9910,global.bing.com,1,1,1,1,93,5,0,0
/global/archives/9910,skinnovation.com,1,1,1,1,25,3,0,0
/global/archives/9968,google,1,1,1,1,0,4,0,0
/global/archives/category/corporate/sk-ie-technology,eng.skietechnology.com,1,1,1,1,15,5,0,0
/global/archives/category/corporate/sk-on,daum,1,1,1,1,0,4,0,0
/global/archives/category/corporate/sk-rading-international,sktradinginternational.com,1,1,1,1,6,5,0,0
/global/archives/category/corporates,eng.sk-on.com,1,1,1,1,6,4,0,0
/global/archives/category/corporates,skenergy.com,1,1,1,1,2,4,0,0
/global/archives/category/corporates/sk-energy,skinnovation.com,1,1,1,1,49,4,0,0
/global/archives/category/corporates/sk-enmove,(direct),1,1,1,1,4,5,0,0
/global/archives/category/corporates/sk-enmove,skinnovation.com,1,1,1,1,11,3,0,0
/global/archives/category/corporates/sk-enterm,bing,1,1,1,1,5,4,0,0
/global/archives/category/corporates/sk-enterm,skinnovation.com,1,1,1,1,5,3,0,0
/global/archives/category/corporates/sk-geo-centric,lens.google.com,1,1,0,0,0,3,0,0
/global/archives/category/corporates/sk-geo-centric,skinnovation.com,1,1,1,1,18,3,0,0
/global/archives/category/corporates/sk-ie-technology,(direct),1,2,1,1,9,5,0,0
/global/archives/category/corporates/sk-incheon-petrochem,google,1,1,1,1,0,3,0,0
/global/archives/category/corporates/sk-incheon-petrochem,sktradinginternational.com,1,1,1,1,10,4,0,0
/global/archives/category/corporates/sk-innovation,bing,1,1,1,1,11,3,0,0
/global/archives/category/corporates/sk-innovation,chn.sk-on.com,1,1,1,1,1,3,0,0
/global/archives/category/corporates/sk-on,eng.sk-on.com,1,1,1,1,19,4,0,0
/global/archives/category/corporates/sk-on,linkedin.com,1,1,1,1,33,4,0,0
/global/archives/category/corporates/sk-on,naver,1,1,1,1,5,5,0,0
/global/archives/category/corporates/sk-on,naver.com,1,1,1,1,0,4,0,0
/global/archives/category/corporates/sk-on,yahoo,1,1,1,1,4,3,0,0
/global/archives/category/insight,cn.bing.com,1,1,1,1,3,3,0,0
/global/archives/category/insight,skinnovation.com,1,1,1,1,19,4,0,0
/global/archives/category/insight/expert-voice,google,1,1,1,1,2,4,0,0
/global/archives/category/insight/expert-voice,jack-health.com,1,1,1,1,4,4,0,0
/global/archives/category/insight/expert-voice,linkedin.com,1,1,1,1,15,4,0,0
/global/archives/category/people,skinnovation.com,1,1,1,1,13,4,0,0
/global/archives/category/people/onsite-report,(direct),1,1,1,1,44,4,0,0
/global/archives/category/people/onsite-report,google,1,1,1,1,15,3,0,0
/global/archives/category/press-room,skenergy.com,1,1,1,1,13,4,0,0
/global/archives/category/press-room/issue-fact,(direct),1,1,1,1,2,3,0,0
/global/archives/category/press-room/press-release,eng.skgeocentric.com,1,1,1,1,4,4,0,0
/global/archives/category/press-room/press-release,skinnovation.com,1,1,1,1,57,4,0,0
/global/archives/category/press-room/press-release,sogou,1,1,1,1,0,2,0,0
/global/archives/tag/3r,google,1,1,1,1,3,5,0,0
/global/archives/tag/atvm,google,1,1,1,1,6,5,0,0
/global/archives/tag/best-of-innovation-awards,google,1,1,1,1,3,5,0,0
/global/archives/tag/best-oil-company,google,1,1,1,1,7,6,0,0
/global/archives/tag/blueovalsk,google,1,1,1,1,0,4,0,0
/global/archives/tag/canada,google,1,1,1,1,22,5,0,0
/global/archives/tag/carbon-capture,google,1,1,1,1,15,5,0,0
/global/archives/tag/ceo,google,1,1,1,1,16,4,0,0
/global/archives/tag/depolymerization,google,1,1,1,1,2,5,0,0
/global/archives/tag/digital-transformation,google,1,1,1,1,1,5,0,0
/global/archives/tag/ecopro,google,1,1,1,1,2,5,0,0
/global/archives/tag/ecopro-bm,(direct),1,1,1,1,2,4,0,0
/global/archives/tag/ecopro-bm,google,1,1,1,1,16,5,0,0
/global/archives/tag/europe,(direct),1,1,1,1,10,5,0,0
/global/archives/tag/ev-battery,google,1,1,1,1,40,4,0,0
/global/archives/tag/exhibition,google,1,1,1,1,0,3,0,0
/global/archives/tag/f-150-lightning,google,1,1,1,1,3,5,0,0
/global/archives/tag/ford,google,1,1,1,1,11,3,0,0
/global/archives/tag/georgia,google,1,1,1,1,37,6,0,0
/global/archives/tag/goodenough,google,1,1,1,1,10,4,0,0
/global/archives/tag/hungary,(direct),1,1,1,1,20,5,0,0
/global/archives/tag/hungary,google,1,1,1,1,4,4,0,0
/global/archives/tag/hyundai-mobis,google,1,1,1,1,10,5,0,0
/global/archives/tag/immersion-cooling-fluids,google,1,1,1,1,7,6,0,0
/global/archives/tag/inobus,google,1,1,1,1,4,5,0,0
/global/archives/tag/interbattery-2023,google,1,1,1,1,0,4,0,0
/global/archives/tag/investment,(direct),1,1,1,1,0,4,0,0
/global/archives/tag/jee-dong-seob,google,1,1,1,1,6,4,0,0
/global/archives/tag/jv,google,1,1,1,1,6,3,0,0
/global/archives/tag/lfp,google,1,1,1,1,3,5,0,0
/global/archives/tag/libs,(direct),1,1,1,1,2,2,0,0
/global/archives/tag/liquid-immersion-cooling,google,1,1,1,1,9,4,0,0
/global/archives/tag/liquid-immersion-cooling-system,google,1,1,1,1,4,4,0,0
/global/archives/tag/lithium-ion-batteries,google,1,1,1,1,0,4,0,0
/global/archives/tag/lithium-ion-battery,google,1,1,1,1,22,5,0,0
/global/archives/tag/macarong-factory,google,1,1,1,1,13,5,0,0
/global/archives/tag/malaysia,google,1,1,1,1,28,4,0,0
/global/archives/tag/marine-innovation,google,1,1,1,1,38,5,0,0
/global/archives/tag/mbwa,google,1,1,1,1,19,5,0,0
/global/archives/tag/paraxylene-production,google,1,1,1,1,1,4,0,0
/global/archives/tag/pbat,cn.bing.com,1,2,1,1,41,7,0,0
/global/archives/tag/plogging,(direct),1,1,1,1,20,4,0,0
/global/archives/tag/pouch-type-battery,bing,1,1,1,1,13,6,0,0
/global/archives/tag/pouch-type-battery,google,1,1,1,1,41,5,0,0
/global/archives/tag/pyrolysis,google,1,1,1,1,3,3,0,0
/global/archives/tag/sales,google,1,1,1,1,5,4,0,0
/global/archives/tag/seosan,google,1,1,1,1,12,6,0,0
/global/archives/tag/sk-ecoplant,google,1,1,1,1,3,4,0,0
/global/archives/tag/sk-es,google,1,1,1,1,8,6,0,0
/global/archives/tag/sk-global-forum,google,1,1,1,1,8,5,0,0
/global/archives/tag/sk-innovations-institute-of-environmental-science-technology,google,1,1,1,1,9,6,0,0
/global/archives/tag/sk-on-hungary-skoh-and-sk-battery-manufacturing,google,1,1,1,1,0,4,0,0
/global/archives/tag/skba,google,1,1,1,1,0,4,0,0
/global/archives/tag/skbh,google,1,1,1,1,1,5,0,0
/global/archives/tag/skbm,google,1,1,1,1,4,4,0,0
/global/archives/tag/skbmc,cn.bing.com,1,1,1,1,18,5,0,0
/global/archives/tag/skbmp,google,1,1,1,1,0,3,0,0
/global/archives/tag/skeo-hcm,google,1,1,1,1,12,3,0,0
/global/archives/tag/skgc,google,1,1,1,1,5,5,0,0
/global/archives/tag/skoh,google,1,1,1,1,19,5,0,0
/global/archives/tag/skti,google,1,1,1,1,0,3,0,0
/global/archives/tag/spinoff,google,1,1,1,1,11,5,0,0
/global/archives/tag/steam-purge,(direct),1,1,1,1,0,3,0,0
/global/archives/tag/vinfast,google,1,1,1,1,12,6,0,0
/global/archives/tag/wechat,google,1,1,1,1,4,5,0,0
/global/archives/tag/zhejiang-satellite-petrochemical,google,1,1,1,1,7,5,0,0
/global/archives/콘텐츠 URL,(direct),1,1,1,1,3,4,0,0
/global/latestnews,eng.sk-on.com,1,1,1,1,36,4,0,0
/global/latestnews,euc-excel.officeapps.live.com,1,1,1,1,12,4,0,0
/global/latestnews,krc.present.officeapps.live.com,1,1,1,1,9,4,0,0
/global/latestnews,perplexity.ai,1,1,1,1,7,5,0,0
/global/privacy-policy,linkedin.com,1,1,1,1,0,3,0,0
/global/sustainability-report,bing,1,2,1,1,3,6,0,0
/global/terms-and-conditions,google,1,1,1,1,8,3,0,0
/global/who-we-are,skinnovation.com,1,1,1,1,14,4,0,0
/global/archives/12968,(direct),0,2,1,0,3,5,0,0
/global/archives/14491,(not set),0,1,1,0,0,1,0,0
/global/archives/17313,(direct),0,1,0,0,0,2,0,0
/global/archives/17796,linkedin.com,0,1,1,0,0,2,0,0
/global/archives/18283,bing,0,1,1,0,0,2,0,0
/global/latestnews,(not set),0,7,7,0,17.285714285714285,7,0,0