# ----------------------------------------
# 보고서 CSV 내보내기
# 계정: skinno global
# 속성: skinno 글로벌 - GA4
# ----------------------------------------
# 
# 모든 사용자
# 시작일: 20240701
# 종료일: 20240707
페이지 경로 및 화면 클래스,기기 카테고리,조회수,세션수,사용자,사용자당 조회수,평균 참여 시간,이벤트 수,주요 이벤트,총 수익
/global/,desktop,261,192,133,1.962406015037594,20.69924812030075,1108,0,0
/global/archives/18388,mobile,159,154,143,1.1118881118881119,71.34265734265735,673,0,0
/global/archives/18388,desktop,129,149,109,1.18348623853211,90.58715596330275,577,0,0
/global/latestnews,desktop,125,128,100,1.25,20.24,515,0,0
/global/archives/category/press-room/financial-results,desktop,98,53,40,2.45,21.725,390,0,0
/global/archives/18283,desktop,75,78,52,1.4423076923076923,66.21153846153847,322,0,0
/global/archives/18421,desktop,75,66,61,1.2295081967213115,7.950819672131147,285,0,0
/global/archives/18361,desktop,71,75,59,1.2033898305084745,22.915254237288135,292,0,0
/global/archives/category/press-room/press-release,desktop,67,60,42,1.5952380952380953,17.5,255,0,0
/global/archives/17426,desktop,60,43,41,1.4634146341463414,58.97560975609756,254,0,0
/global/,mobile,53,34,31,1.7096774193548387,14.516129032258064,194,0,0
/global/archives/18374,desktop,42,43,35,1.2,25.97142857142857,172,0,0
/global/archives/category/corporates/sk-on,desktop,34,31,25,1.36,22.28,138,0,0
/global/archives/17216,desktop,30,29,25,1.2,35,131,0,0
/global/archives/category/press-room/press-release,mobile,30,30,30,1,0.6,118,0,0
/global/archives/18065,desktop,29,24,20,1.45,37.2,119,0,0
/global/archives/14491,desktop,28,27,24,1.1666666666666667,21.166666666666668,121,0,0
/global/archives/category/press-room,desktop,28,19,16,1.75,32.75,111,0,0
/global/archives/18374,mobile,27,27,25,1.08,5.72,102,0,0
/global/archives/18140,mobile,26,25,8,3.25,0.5,76,0,0
/global/archives/6216,desktop,26,27,23,1.1304347826086956,52.91304347826087,125,0,0
/global/archives/category/corporates,desktop,26,18,15,1.7333333333333334,24.266666666666666,100,0,0
/global/archives/category/insight,desktop,26,20,17,1.5294117647058822,10.117647058823529,99,0,0
/global/archives/category/corporates/sk-enterm,desktop,23,16,16,1.4375,6.8125,101,0,0
/global/archives/category/corporates/sk-innovation,desktop,23,21,17,1.3529411764705883,92.41176470588235,80,0,0
/global/archives/18107,desktop,21,21,18,1.1666666666666667,153.38888888888889,102,0,0
/global/archives/category/people,desktop,20,17,17,1.1764705882352942,16.823529411764707,79,0,0
/global/archives/18107,mobile,19,21,19,1,59.94736842105263,95,0,0
/global/archives/18283,mobile,17,18,9,1.8888888888888888,11.222222222222221,59,0,0
/global/archives/12022,desktop,16,17,11,1.4545454545454546,16.454545454545453,72,0,0
/global/archives/16834,desktop,16,19,16,1,22.6875,73,0,0
/global/archives/18301,desktop,16,17,15,1.0666666666666667,102.06666666666666,65,0,0
/global/archives/13780,desktop,15,16,12,1.25,26.583333333333332,78,0,0
/global/archives/15374,desktop,15,17,13,1.1538461538461537,145.69230769230768,70,0,0
/global/archives/17595,desktop,15,13,7,2.142857142857143,65.42857142857143,60,0,0
/global/archives/18361,mobile,15,15,14,1.0714285714285714,31.785714285714285,62,0,0
/global/archives/category/people/inno-people,desktop,15,10,10,1.5,31.9,59,0,0
/global/sustainability-report,desktop,15,18,11,1.3636363636363635,11.363636363636363,74,0,0
/global/archives/16025,mobile,14,11,10,1.4,5,56,0,0
/global/archives/16463,desktop,14,14,13,1.0769230769230769,9.76923076923077,59,0,0
/global/archives/15664,desktop,13,14,11,1.1818181818181819,27.636363636363637,56,0,0
/global/archives/17817,mobile,13,12,1,13,0,38,0,0
/global/archives/4751,desktop,13,10,7,1.8571428571428572,21.428571428571427,51,0,0
/global/archives/17737,desktop,12,6,4,3,105.25,39,0,0
/global/archives/18332,desktop,12,16,12,1,92.08333333333333,54,0,0
/global/archives/9740,desktop,12,16,11,1.0909090909090908,58.27272727272727,62,0,0
/global/archives/12274/skee,desktop,11,7,6,1.8333333333333333,25,52,0,0
/global/archives/13103,desktop,11,11,4,2.75,16.75,39,0,0
/global/archives/15490,desktop,11,11,10,1.1,37.6,47,0,0
/global/archives/17863,desktop,11,12,8,1.375,143,43,0,0
/global/archives/4612,desktop,11,10,5,2.2,21,44,0,0
/global/archives/9910,desktop,11,10,9,1.2222222222222223,27.444444444444443,52,0,0
/global/archives/category/corporates/sk-geo-centric,desktop,11,9,7,1.5714285714285714,33.42857142857143,42,0,0
/global/archives/category/insight/trend_report,desktop,11,10,8,1.375,13.875,39,0,0
/global/archives/category/press-room/issue-fact,desktop,11,10,9,1.2222222222222223,10.777777777777779,40,0,0
/global/archives/14065,desktop,10,5,4,2.5,190.75,41,0,0
/global/archives/15937,desktop,10,11,8,1.25,25.375,44,0,0
/global/archives/16060,desktop,10,5,4,2.5,25,38,0,0
/global/archives/16532,desktop,10,9,7,1.4285714285714286,24,45,0,0
/global/archives/17817,desktop,10,9,7,1.4285714285714286,27.714285714285715,36,0,0
/global/archives/10939,desktop,9,12,8,1.125,10.25,32,0,0
/global/archives/16448,desktop,9,11,8,1.125,13,39,0,0
/global/archives/17047,desktop,9,8,5,1.8,45.4,42,0,0
/global/archives/17950,desktop,9,10,7,1.2857142857142858,6.857142857142857,43,0,0
/global/archives/18421,mobile,9,8,7,1.2857142857142858,23.285714285714285,36,0,0
/global/archives/category/corporates/sk-earthon,desktop,9,4,3,3,102.66666666666667,31,0,0
/global/archives/category/corporates/sk-energy,desktop,9,8,7,1.2857142857142858,19.571428571428573,36,0,0
/global/archives/category/corporates/sk-on,mobile,9,8,6,1.5,21.666666666666668,31,0,0
/global/archives/10654,desktop,8,7,6,1.3333333333333333,83.5,33,0,0
/global/archives/11527,desktop,8,9,7,1.1428571428571428,5.428571428571429,27,0,0
/global/archives/12008,desktop,8,9,5,1.6,54.2,36,0,0
/global/archives/12306,mobile,8,8,7,1.1428571428571428,19,31,0,0
/global/archives/13521,desktop,8,7,7,1.1428571428571428,27.571428571428573,31,0,0
/global/archives/14766,desktop,8,13,8,1,2.125,43,0,0
/global/archives/17356,desktop,8,7,7,1.1428571428571428,5.571428571428571,32,0,0
/global/archives/18140,desktop,8,7,7,1.1428571428571428,2.4285714285714284,27,0,0
/global/archives/3820,desktop,8,9,7,1.1428571428571428,22.714285714285715,40,0,0
/global/latestnews,mobile,8,6,5,1.6,13.4,25,0,0
/global/archives/11853,desktop,7,9,7,1,79.85714285714286,32,0,0
/global/archives/12306,desktop,7,5,4,1.75,95.5,25,0,0
/global/archives/13595,desktop,7,5,5,1.4,19.6,22,0,0
/global/archives/14226,desktop,7,8,5,1.4,54.2,28,0,0
/global/archives/14962,desktop,7,5,3,2.3333333333333335,8,29,0,0
/global/archives/17313,desktop,7,10,4,1.75,51.75,34,0,0
/global/archives/17965,desktop,7,7,4,1.75,10.25,26,0,0
/global/archives/18301,mobile,7,7,7,1,38.285714285714285,33,0,0
/global/archives/3464,desktop,7,8,4,1.75,19.5,29,0,0
/global/archives/7445,desktop,7,9,6,1.1666666666666667,19.666666666666668,31,0,0
/global/archives/category/corporate/sk-on,desktop,7,6,2,3.5,25.5,27,0,0
/global/archives/category/corporates/sk-ie-technology,desktop,7,5,3,2.3333333333333335,19,27,0,0
/global/archives/category/corporates/sk-rading-international,desktop,7,4,4,1.75,35.75,29,0,0
/global/archives/10774,desktop,6,6,6,1,25.166666666666668,26,0,0
/global/archives/14493,desktop,6,5,4,1.5,19.75,22,0,0
/global/archives/14634,desktop,6,8,5,1.2,32.8,28,0,0
/global/archives/15007,desktop,6,5,5,1.2,46,25,0,0
/global/archives/15462,desktop,6,7,5,1.2,19.2,27,0,0
/global/archives/15687,desktop,6,6,5,1.2,31.8,26,0,0
/global/archives/15937,mobile,6,6,2,3,0,19,0,0
/global/archives/16376,desktop,6,6,6,1,49.666666666666664,27,0,0
/global/archives/16881,desktop,6,2,2,3,46,24,0,0
/global/archives/16952,desktop,6,3,3,2,20,26,0,0
/global/archives/16970,desktop,6,5,5,1.2,12.4,21,0,0
/global/archives/17216,mobile,6,5,4,1.5,13.25,25,0,0
/global/archives/18208,desktop,6,6,6,1,104.66666666666667,23,0,0
/global/archives/4921,mobile,6,5,5,1.2,48.8,23,0,0
/global/archives/9668,desktop,6,7,4,1.5,20,28,0,0
/global/archives/tag/board-of-directors,desktop,6,2,2,3,15.5,25,0,0
/global/archives/tag/sk-primacor-europe,desktop,6,4,4,1.5,34,27,0,0
/global/,tablet,5,2,2,2.5,1,13,0,0
/global/archives/11415,desktop,5,5,3,1.6666666666666667,10.666666666666666,18,0,0
/global/archives/12190,desktop,5,5,5,1,60.8,16,0,0
/global/archives/13130,desktop,5,4,3,1.6666666666666667,8.666666666666666,17,0,0
/global/archives/14243,desktop,5,5,4,1.25,47,22,0,0
/global/archives/14309,desktop,5,6,5,1,2,22,0,0
/global/archives/15865,desktop,5,6,5,1,90.4,22,0,0
/global/archives/16286,desktop,5,5,4,1.25,2,20,0,0
/global/archives/16493,desktop,5,3,3,1.6666666666666667,60,23,0,0
/global/archives/17844,desktop,5,3,3,1.6666666666666667,5.666666666666667,19,0,0
/global/archives/3962,desktop,5,4,4,1.25,26.5,25,0,0
/global/archives/6150,desktop,5,2,2,2.5,10.5,12,0,0
/global/archives/7245,desktop,5,4,4,1.25,11.75,19,0,0
/global/archives/7292,mobile,5,4,4,1.25,4,19,0,0
/global/archives/9709,desktop,5,5,4,1.25,12.5,25,0,0
/global/archives/9740,mobile,5,4,4,1.25,0,17,0,0
/global/archives/category/corporates/sk-enmove,desktop,5,6,5,1,6.4,21,0,0
/global/archives/category/insight/expert-voice,desktop,5,4,3,1.6666666666666667,14,19,0,0
/global/archives/tag/financial-results,desktop,5,3,3,1.6666666666666667,7.333333333333333,20,0,0
/global/archives/tag/green-bonds,desktop,5,5,5,1,9.8,26,0,0
/global/archives/11087,desktop,4,4,4,1,93.5,22,0,0
/global/archives/11596,desktop,4,4,4,1,17.25,19,0,0
/global/archives/12269,desktop,4,5,3,1.3333333333333333,6,20,0,0
/global/archives/12667,desktop,4,4,4,1,5.25,18,0,0
/global/archives/13478,desktop,4,2,2,2,42.5,14,0,0
/global/archives/14264,desktop,4,3,3,1.3333333333333333,24.333333333333332,16,0,0
/global/archives/14333,desktop,4,3,3,1.3333333333333333,44,15,0,0
/global/archives/14766,mobile,4,4,3,1.3333333333333333,0,14,0,0
/global/archives/15067,desktop,4,4,4,1,7,16,0,0
/global/archives/15374,mobile,4,4,4,1,5.5,17,0,0
/global/archives/15689,desktop,4,3,3,1.3333333333333333,127.66666666666667,17,0,0
/global/archives/16463,mobile,4,3,3,1.3333333333333333,97,15,0,0
/global/archives/16532,mobile,4,4,4,1,66,21,0,0
/global/archives/16719,desktop,4,2,2,2,17.5,16,0,0
/global/archives/17169,mobile,4,3,3,1.3333333333333333,33.666666666666664,14,0,0
/global/archives/17476,mobile,4,4,4,1,13.5,18,0,0
/global/archives/17499,desktop,4,4,4,1,19.5,16,0,0
/global/archives/17499,mobile,4,4,3,1.3333333333333333,291.3333333333333,17,0,0
/global/archives/17514,desktop,4,2,2,2,14,16,0,0
/global/archives/17569,desktop,4,6,4,1,105.25,23,0,0
/global/archives/17623,desktop,4,6,3,1.3333333333333333,23,21,0,0
/global/archives/17737,tablet,4,2,2,2,776.5,16,0,0
/global/archives/17989,desktop,4,5,3,1.3333333333333333,337.3333333333333,18,0,0
/global/archives/18167,desktop,4,4,3,1.3333333333333333,3.3333333333333335,14,0,0
/global/archives/18268,desktop,4,5,4,1,9.75,16,0,0
/global/archives/4793,desktop,4,4,3,1.3333333333333333,22,22,0,0
/global/archives/5944,desktop,4,2,2,2,52,16,0,0
/global/archives/6313,desktop,4,5,2,2,0,15,0,0
/global/archives/6377,mobile,4,4,4,1,7.25,18,0,0
/global/archives/6824,desktop,4,5,3,1.3333333333333333,12.333333333333334,17,0,0
/global/archives/7292,desktop,4,5,3,1.3333333333333333,4,19,0,0
/global/archives/7596,desktop,4,3,3,1.3333333333333333,26.333333333333332,14,0,0
/global/archives/category/corporate/sk-enmove,desktop,4,4,4,1,31.75,21,0,0
/global/archives/category/corporates/sk-incheon-petrochem,desktop,4,3,3,1.3333333333333333,12,15,0,0
/global/archives/category/people/sustainability,desktop,4,4,4,1,8,15,0,0
/global/archives/tag/ncm811,mobile,4,3,3,1.3333333333333333,19.333333333333332,17,0,0
/global/archives/tag/sinopec-sk-wuhan-petrochemical,desktop,4,2,2,2,38.5,18,0,0
/global/archives/tag/skeo,desktop,4,4,4,1,20,18,0,0
/global/archives/tag/sko,desktop,4,5,4,1,8.25,21,0,0
/global/archives/tag/sk综合化学,mobile,4,2,2,2,44,16,0,0
/global/archives/10610,desktop,3,4,3,1,114.66666666666667,13,0,0
/global/archives/10767,desktop,3,2,2,1.5,12.5,14,0,0
/global/archives/10872,desktop,3,4,3,1,5,16,0,0
/global/archives/10985,desktop,3,3,3,1,9.333333333333334,16,0,0
/global/archives/11087,mobile,3,3,2,1.5,12.5,12,0,0
/global/archives/12022,mobile,3,3,3,1,38.333333333333336,15,0,0
/global/archives/12190,mobile,3,1,1,3,0,8,0,0
/global/archives/1237,desktop,3,1,1,3,112,13,0,0
/global/archives/13329,desktop,3,3,2,1.5,23.5,15,0,0
/global/archives/13595,mobile,3,3,3,1,5.333333333333333,11,0,0
/global/archives/1399,desktop,3,4,3,1,9,17,0,0
/global/archives/14193,desktop,3,3,2,1.5,99.5,15,0,0
/global/archives/14354,desktop,3,3,3,1,257.3333333333333,17,0,0
/global/archives/14800,desktop,3,3,3,1,94.33333333333333,16,0,0
/global/archives/15204,desktop,3,3,3,1,45,10,0,0
/global/archives/15409,desktop,3,2,2,1.5,88.5,15,0,0
/global/archives/15654,desktop,3,3,3,1,1.6666666666666667,13,0,0
/global/archives/15985,desktop,3,2,2,1.5,18.5,13,0,0
/global/archives/16154,desktop,3,4,3,1,0.6666666666666666,14,0,0
/global/archives/16154,mobile,3,3,2,1.5,3.5,13,0,0
/global/archives/16334,desktop,3,3,3,1,56.333333333333336,12,0,0
/global/archives/16480,mobile,3,2,2,1.5,6.5,10,0,0
/global/archives/17169,desktop,3,3,3,1,14.333333333333334,13,0,0
/global/archives/17292,desktop,3,2,2,1.5,6,11,0,0
/global/archives/17514,mobile,3,3,3,1,24,13,0,0
/global/archives/17623,mobile,3,3,3,1,16.666666666666668,13,0,0
/global/archives/17737,mobile,3,2,1,3,7,10,0,0
/global/archives/17990,desktop,3,4,3,1,0,14,0,0
/global/archives/18022,desktop,3,3,3,1,50,14,0,0
/global/archives/3674,desktop,3,3,2,1.5,15,14,0,0
/global/archives/4518,desktop,3,3,3,1,27.333333333333332,14,0,0
/global/archives/5981,desktop,3,3,3,1,35,9,0,0
/global/archives/6014,desktop,3,5,3,1,61.666666666666664,17,0,0
/global/archives/6462,desktop,3,3,2,1.5,119,13,0,0
/global/archives/7112,desktop,3,4,1,3,69,13,0,0
/global/archives/7319,desktop,3,3,3,1,34.666666666666664,14,0,0
/global/archives/7476,desktop,3,3,2,1.5,0,11,0,0
/global/archives/7670,desktop,3,2,2,1.5,38.5,11,0,0
/global/archives/8168,desktop,3,2,1,3,25,13,0,0
/global/archives/9096,desktop,3,3,2,1.5,28.5,11,0,0
/global/archives/category/corporates/sk-energy,mobile,3,3,3,1,24.333333333333332,11,0,0
/global/archives/tag/airrane,desktop,3,1,1,3,10,11,0,0
/global/archives/tag/ncm9,desktop,3,2,2,1.5,22,11,0,0
/global/archives/tag/separator,desktop,3,3,3,1,25.333333333333332,12,0,0
/global/archives/tag/sk-energy-americas,desktop,3,1,1,3,38,13,0,0
/global/archives/tag/sk-global-chemical-shanghai,desktop,3,3,3,1,11.333333333333334,17,0,0
/global/privacy-policy,desktop,3,2,2,1.5,9.5,11,0,0
/global/who-we-are,desktop,3,3,3,1,19,14,0,0
/global/404,desktop,2,2,2,1,3,9,0,0
/global/archives/10133,desktop,2,2,2,1,15,10,0,0
/global/archives/10511,desktop,2,2,1,2,65,9,0,0
/global/archives/10535,desktop,2,3,2,1,4.5,8,0,0
/global/archives/1058,desktop,2,3,2,1,39.5,11,0,0
/global/archives/11037,desktop,2,2,2,1,19,9,0,0
/global/archives/11475,desktop,2,2,2,1,0,6,0,0
/global/archives/11573,desktop,2,1,1,2,0,6,0,0
/global/archives/11683,desktop,2,1,1,2,23,8,0,0
/global/archives/12106,desktop,2,2,2,1,3.5,8,0,0
/global/archives/12220,desktop,2,2,2,1,15.5,9,0,0
/global/archives/12237,desktop,2,2,2,1,4,8,0,0
/global/archives/12274/skee,mobile,2,2,1,2,56,8,0,0
/global/archives/12692,desktop,2,3,2,1,3.5,11,0,0
/global/archives/12950,desktop,2,2,2,1,29.5,11,0,0
/global/archives/13060,desktop,2,1,1,2,32,9,0,0
/global/archives/13184,desktop,2,3,2,1,25.5,8,0,0
/global/archives/13184,mobile,2,2,2,1,19,9,0,0
/global/archives/13327,desktop,2,2,2,1,21,10,0,0
/global/archives/13513,desktop,2,2,2,1,9.5,9,0,0
/global/archives/13748,desktop,2,3,2,1,0,10,0,0
/global/archives/13850,desktop,2,2,2,1,11.5,7,0,0
/global/archives/13981,desktop,2,1,1,2,30,8,0,0
/global/archives/14078,desktop,2,2,2,1,33.5,8,0,0
/global/archives/14083,desktop,2,2,2,1,0,6,0,0
/global/archives/14146,desktop,2,2,2,1,3.5,9,0,0
/global/archives/14628,desktop,2,2,2,1,1,5,0,0
/global/archives/15103,desktop,2,2,2,1,16,10,0,0
/global/archives/15204,mobile,2,1,1,2,53,8,0,0
/global/archives/15259,desktop,2,2,2,1,9,9,0,0
/global/archives/15353,desktop,2,2,2,1,5.5,7,0,0
/global/archives/15490,mobile,2,2,2,1,24,8,0,0
/global/archives/15687,mobile,2,2,2,1,7.5,9,0,0
/global/archives/15964,desktop,2,2,1,2,70,7,0,0
/global/archives/16169,desktop,2,2,2,1,13.5,10,0,0
/global/archives/16405,desktop,2,2,2,1,61.5,11,0,0
/global/archives/16583,desktop,2,2,2,1,46,7,0,0
/global/archives/16834,mobile,2,2,2,1,53.5,10,0,0
/global/archives/17216,tablet,2,1,1,2,12,6,0,0
/global/archives/17426,mobile,2,2,2,1,29,10,0,0
/global/archives/17460,desktop,2,1,1,2,1,7,0,0
/global/archives/17476,desktop,2,2,2,1,3.5,10,0,0
/global/archives/17796,desktop,2,3,2,1,354,9,0,0
/global/archives/17990,mobile,2,1,1,2,0,6,0,0
/global/archives/18076,desktop,2,3,2,1,1.5,9,0,0
/global/archives/18388,tablet,2,2,2,1,282,10,0,0
/global/archives/1960,desktop,2,2,2,1,52,10,0,0
/global/archives/2329,mobile,2,2,2,1,20.5,9,0,0
/global/archives/2860,desktop,2,3,1,2,0,9,0,0
/global/archives/3005,desktop,2,2,2,1,4,8,0,0
/global/archives/3123,desktop,2,2,2,1,20,9,0,0
/global/archives/3786,desktop,2,1,1,2,32,9,0,0
/global/archives/4308,desktop,2,2,2,1,7.5,10,0,0
/global/archives/4415,desktop,2,2,2,1,48,9,0,0
/global/archives/4482,desktop,2,2,2,1,14.5,9,0,0
/global/archives/4705,desktop,2,2,2,1,15,10,0,0
/global/archives/4728,desktop,2,2,2,1,4.5,9,0,0
/global/archives/4776,desktop,2,3,2,1,0,10,0,0
/global/archives/489,desktop,2,1,1,2,0,6,0,0
/global/archives/5234,desktop,2,2,2,1,65,10,0,0
/global/archives/5994,desktop,2,2,2,1,1.5,7,0,0
/global/archives/6253,desktop,2,2,2,1,46.5,9,0,0
/global/archives/6517,desktop,2,2,2,1,10.5,8,0,0
/global/archives/7319,mobile,2,2,2,1,5,8,0,0
/global/archives/7633,desktop,2,2,2,1,28,10,0,0
/global/archives/7761,mobile,2,2,2,1,5,9,0,0
/global/archives/7961,desktop,2,2,2,1,15.5,6,0,0
/global/archives/8046,desktop,2,3,2,1,54.5,9,0,0
/global/archives/8067,desktop,2,2,2,1,22,11,0,0
/global/archives/822,desktop,2,2,2,1,30,11,0,0
/global/archives/8327,desktop,2,2,2,1,16.5,11,0,0
/global/archives/8400,desktop,2,2,2,1,35,12,0,0
/global/archives/8829,desktop,2,2,1,2,4,8,0,0
/global/archives/9493,desktop,2,2,2,1,41,9,0,0
/global/archives/9509,mobile,2,2,1,2,0,7,0,0
/global/archives/9548,desktop,2,2,2,1,311.5,10,0,0
/global/archives/9910,mobile,2,2,2,1,40.5,9,0,0
/global/archives/category/corporate/sk-energy,desktop,2,2,1,2,0,7,0,0
/global/archives/category/corporate/sk-energy,mobile,2,2,2,1,6,9,0,0
/global/archives/category/corporates/sk-geo-centric,mobile,2,1,1,2,13,5,0,0
/global/archives/category/people/ceo-leaders,desktop,2,1,1,2,10,8,0,0
/global/archives/category/people/onsite-report,desktop,2,2,2,1,29.5,7,0,0
/global/archives/category/social-value/opinions,desktop,2,1,1,2,36,8,0,0
/global/archives/tag/2023-q4,desktop,2,1,1,2,15,7,0,0
/global/archives/tag/2023-sk-global-forum,desktop,2,1,1,2,8,8,0,0
/global/archives/tag/advanced-plastic-recycling-cluster,desktop,2,1,1,2,13,8,0,0
/global/archives/tag/app-group,desktop,2,1,1,2,23,9,0,0
/global/archives/tag/australia,desktop,2,2,1,2,48,10,0,0
/global/archives/tag/bmic,desktop,2,3,2,1,4.5,11,0,0
/global/archives/tag/ccu,desktop,2,1,1,2,9,9,0,0
/global/archives/tag/earnings,desktop,2,1,1,2,4,8,0,0
/global/archives/tag/ecopro-bm,desktop,2,2,2,1,9,9,0,0
/global/archives/tag/happy-elephant,desktop,2,1,1,2,0,4,0,0
/global/archives/tag/ncm811,desktop,2,1,1,2,6,8,0,0
/global/archives/tag/ncm9,mobile,2,1,1,2,15,9,0,0
/global/archives/tag/northvolt,mobile,2,1,1,2,11,7,0,0
/global/archives/tag/plastic-energy,desktop,2,1,1,2,9,8,0,0
/global/archives/tag/pouch-type-battery,desktop,2,2,2,1,27,11,0,0
/global/archives/tag/pta,desktop,2,1,1,2,9,10,0,0
/global/archives/tag/samsung-heavy-industry,desktop,2,1,1,2,26,10,0,0
/global/archives/tag/sk-block-427,mobile,2,2,1,2,7,10,0,0
/global/archives/tag/sk-on,desktop,2,2,1,2,0,7,0,0
/global/archives/tag/skei-singapore,desktop,2,2,2,1,20,10,0,0
/global/archives/tag/skgc-japan,desktop,2,1,1,2,18,9,0,0
/global/archives/tag/skgca,desktop,2,2,1,2,21,7,0,0
/global/archives/tag/skipc,mobile,2,1,1,2,2,7,0,0
/global/archives/tag/sk综合化学,desktop,2,2,2,1,6,10,0,0
/global/archives/tag/solid-power,mobile,2,2,2,1,16.5,10,0,0
/global/archives/tag/ulsan-complex,desktop,2,2,2,1,5,9,0,0
/global/archives/tag/united-nations,mobile,2,1,1,2,0,5,0,0
/global/archives/10133,mobile,1,1,1,1,89,4,0,0
/global/archives/10326,desktop,1,1,1,1,17,4,0,0
/global/archives/1043,desktop,1,1,1,1,18,5,0,0
/global/archives/10445,desktop,1,1,1,1,26,5,0,0
/global/archives/10570,desktop,1,1,1,1,20,4,0,0
/global/archives/10713,desktop,1,1,1,1,22,5,0,0
/global/archives/10835,desktop,1,1,1,1,10,5,0,0
/global/archives/10842,desktop,1,1,1,1,28,5,0,0
/global/archives/10897,desktop,1,1,1,1,24,5,0,0
/global/archives/10913,desktop,1,1,1,1,0,4,0,0
/global/archives/10939,mobile,1,1,1,1,2,5,0,0
/global/archives/10977,mobile,1,1,1,1,10,3,0,0
/global/archives/11004,desktop,1,1,1,1,214,5,0,0
/global/archives/11010,desktop,1,1,1,1,25,5,0,0
/global/archives/11161,desktop,1,1,1,1,128,5,0,0
/global/archives/11180,desktop,1,1,1,1,26,5,0,0
/global/archives/11214,desktop,1,1,1,1,33,5,0,0
/global/archives/11237,desktop,1,1,1,1,33,5,0,0
/global/archives/11342,desktop,1,1,1,1,24,5,0,0
/global/archives/11400,desktop,1,2,1,1,0,6,0,0
/global/archives/11486,desktop,1,1,1,1,6,4,0,0
/global/archives/11512,desktop,1,1,1,1,0,4,0,0
/global/archives/11537,desktop,1,1,1,1,75,5,0,0
/global/archives/11756,tablet,1,1,1,1,7,4,0,0
/global/archives/11807,desktop,1,2,1,1,0,5,0,0
/global/archives/11853,mobile,1,1,1,1,142,5,0,0
/global/archives/11916,desktop,1,2,1,1,22,3,0,0
/global/archives/12008,mobile,1,1,1,1,19,5,0,0
/global/archives/12036,desktop,1,1,1,1,13,6,0,0
/global/archives/12091,mobile,1,1,1,1,63,5,0,0
/global/archives/12125,desktop,1,1,1,1,3,5,0,0
/global/archives/12147,desktop,1,1,1,1,95,4,0,0
/global/archives/12349,desktop,1,1,1,1,62,4,0,0
/global/archives/12373,desktop,1,1,1,1,148,4,0,0
/global/archives/12471,desktop,1,1,1,1,26,3,0,0
/global/archives/1257,mobile,1,1,1,1,75,5,0,0
/global/archives/12667,mobile,1,1,1,1,26,5,0,0
/global/archives/12878,desktop,1,1,1,1,24,5,0,0
/global/archives/13211,mobile,1,1,1,1,15,6,0,0
/global/archives/1337,desktop,1,1,1,1,644,5,0,0
/global/archives/13513,mobile,1,1,1,1,0,3,0,0
/global/archives/13595,tablet,1,1,1,1,270,6,0,0
/global/archives/13780,mobile,1,1,1,1,0,4,0,0
/global/archives/13932,desktop,1,1,1,1,74,5,0,0
/global/archives/14030,desktop,1,1,1,1,24,4,0,0
/global/archives/14179,desktop,1,1,1,1,0,2,0,0
/global/archives/14219,desktop,1,1,1,1,25,4,0,0
/global/archives/14226,mobile,1,1,1,1,91,5,0,0
/global/archives/1425,desktop,1,1,1,1,0,1,0,0
/global/archives/14302,desktop,1,1,1,1,7,3,0,0
/global/archives/14354,mobile,1,1,1,1,0,4,0,0
/global/archives/14415,desktop,1,1,1,1,0,4,0,0
/global/archives/14415,mobile,1,1,1,1,4,5,0,0
/global/archives/14491,mobile,1,1,1,1,16,5,0,0
/global/archives/14493,mobile,1,1,0,0,0,2,0,0
/global/archives/14634,mobile,1,1,0,0,0,3,0,0
/global/archives/14668,desktop,1,1,1,1,3,5,0,0
/global/archives/14740,desktop,1,1,1,1,24,6,0,0
/global/archives/14755,desktop,1,1,1,1,7,4,0,0
/global/archives/14770,desktop,1,1,1,1,1,5,0,0
/global/archives/14788,desktop,1,1,1,1,14,4,0,0
/global/archives/14800,mobile,1,1,1,1,5,5,0,0
/global/archives/15103,mobile,1,1,1,1,2,5,0,0
/global/archives/15208,mobile,1,1,1,1,0,3,0,0
/global/archives/15462,mobile,1,1,1,1,13,5,0,0
/global/archives/15497/skipc_하계봉사8_기부어북,desktop,1,1,1,1,4,6,0,0
/global/archives/15574,desktop,1,2,1,1,0,6,0,0
/global/archives/15592,desktop,1,1,1,1,20,5,0,0
/global/archives/15623,desktop,1,2,1,1,0,6,0,0
/global/archives/15638,desktop,1,1,1,1,54,5,0,0
/global/archives/15664,mobile,1,1,1,1,117,5,0,0
/global/archives/15664,tablet,1,1,1,1,4,3,0,0
/global/archives/15760,desktop,1,1,1,1,20,5,0,0
/global/archives/15840,desktop,1,2,1,1,0,6,0,0
/global/archives/16118,desktop,1,1,1,1,0,1,0,0
/global/archives/16308,desktop,1,1,1,1,22,5,0,0
/global/archives/16376,mobile,1,1,1,1,53,5,0,0
/global/archives/16480,desktop,1,1,1,1,36,4,0,0
/global/archives/16563,desktop,1,1,1,1,55,4,0,0
/global/archives/16583,mobile,1,1,1,1,64,5,0,0
/global/archives/16738,mobile,1,1,1,1,36,5,0,0
/global/archives/16787,desktop,1,1,1,1,0,4,0,0
/global/archives/16787,mobile,1,1,1,1,5,5,0,0
/global/archives/16925,mobile,1,1,1,1,26,4,0,0
/global/archives/16952,mobile,1,1,1,1,0,4,0,0
/global/archives/16970,mobile,1,1,1,1,0,4,0,0
/global/archives/17022,desktop,1,1,1,1,9,4,0,0
/global/archives/17134,mobile,1,1,1,1,10,5,0,0
/global/archives/17144,desktop,1,1,1,1,5,4,0,0
/global/archives/1722,desktop,1,1,1,1,258,6,0,0
/global/archives/1722,mobile,1,1,1,1,0,4,0,0
/global/archives/17356,mobile,1,1,1,1,0,4,0,0
/global/archives/17446,desktop,1,1,1,1,59,5,0,0
/global/archives/17460,mobile,1,1,1,1,0,4,0,0
/global/archives/17499,tablet,1,1,1,1,28,6,0,0
/global/archives/17569,mobile,1,1,1,1,8,5,0,0
/global/archives/17595,mobile,1,1,1,1,62,3,0,0
/global/archives/17796,mobile,1,1,1,1,14,5,0,0
/global/archives/17863,mobile,1,1,1,1,79,3,0,0
/global/archives/17978,desktop,1,1,1,1,5,5,0,0
/global/archives/17990,tablet,1,1,1,1,26,5,0,0
/global/archives/18022,mobile,1,1,1,1,46,3,0,0
/global/archives/18065,mobile,1,1,1,1,247,4,0,0
/global/archives/18167,mobile,1,1,1,1,0,4,0,0
/global/archives/18332,mobile,1,1,1,1,0,4,0,0
/global/archives/18374,tablet,1,1,1,1,2,3,0,0
/global/archives/1903,desktop,1,1,1,1,0,4,0,0
/global/archives/2026,mobile,1,1,1,1,187,6,0,0
/global/archives/2241,desktop,1,2,1,1,0,5,0,0
/global/archives/2280,desktop,1,1,1,1,299,4,0,0
/global/archives/2490,desktop,1,1,1,1,2,3,0,0
/global/archives/253,desktop,1,2,1,1,0,6,0,0
/global/archives/2675,desktop,1,1,1,1,0,3,0,0
/global/archives/2761,desktop,1,1,1,1,0,4,0,0
/global/archives/311,mobile,1,1,1,1,479,6,0,0
/global/archives/3304,desktop,1,1,1,1,4,4,0,0
/global/archives/3393,mobile,1,1,1,1,0,4,0,0
/global/archives/356,desktop,1,1,1,1,0,4,0,0
/global/archives/3820,mobile,1,1,1,1,44,5,0,0
/global/archives/3830,desktop,1,1,1,1,0,4,0,0
/global/archives/3859,mobile,1,1,1,1,14,3,0,0
/global/archives/3985,desktop,1,2,1,1,0,6,0,0
/global/archives/4110,desktop,1,1,1,1,2,5,0,0
/global/archives/4110,mobile,1,1,1,1,4,5,0,0
/global/archives/4193,desktop,1,1,1,1,21,6,0,0
/global/archives/4239,desktop,1,1,1,1,20,5,0,0
/global/archives/4309,desktop,1,1,1,1,20,4,0,0
/global/archives/4450,desktop,1,1,1,1,28,4,0,0
/global/archives/4499,desktop,1,1,1,1,37,5,0,0
/global/archives/4844,desktop,1,1,1,1,8,5,0,0
/global/archives/489,mobile,1,1,1,1,0,4,0,0
/global/archives/4921,desktop,1,1,1,1,53,5,0,0
/global/archives/507,desktop,1,1,1,1,5,5,0,0
/global/archives/5136,desktop,1,1,1,1,0,4,0,0
/global/archives/5247,desktop,1,1,1,1,7,5,0,0
/global/archives/5357,desktop,1,1,1,1,9,5,0,0
/global/archives/5772,desktop,1,2,1,1,0,6,0,0
/global/archives/5892,desktop,1,1,1,1,2,5,0,0
/global/archives/5892,mobile,1,1,1,1,16,5,0,0
/global/archives/6197,desktop,1,2,1,1,35,7,0,0
/global/archives/6216,mobile,1,1,1,1,510,3,0,0
/global/archives/6253,mobile,1,1,1,1,35,5,0,0
/global/archives/631,desktop,1,1,1,1,114,6,0,0
/global/archives/6343,mobile,1,1,1,1,0,4,0,0
/global/archives/6436,desktop,1,1,1,1,19,5,0,0
/global/archives/648,desktop,1,1,1,1,7,5,0,0
/global/archives/6734,desktop,1,1,1,1,331,5,0,0
/global/archives/6871,desktop,1,1,1,1,12,4,0,0
/global/archives/6971,desktop,1,1,1,1,0,4,0,0
/global/archives/7043,desktop,1,2,1,1,10,7,0,0
/global/archives/7125,desktop,1,1,1,1,173,4,0,0
/global/archives/7168,mobile,1,1,1,1,53,4,0,0
/global/archives/7262,desktop,1,1,1,1,0,3,0,0
/global/archives/7302,desktop,1,1,1,1,28,4,0,0
/global/archives/7710,mobile,1,1,1,1,95,5,0,0
/global/archives/7740,desktop,1,2,1,1,0,6,0,0
/global/archives/7740,mobile,1,1,1,1,22,5,0,0
/global/archives/7761,desktop,1,1,1,1,50,4,0,0
/global/archives/7784,desktop,1,1,1,1,3,5,0,0
/global/archives/7894,desktop,1,1,1,1,16,4,0,0
/global/archives/7906,desktop,1,1,1,1,140,5,0,0
/global/archives/8152,desktop,1,1,1,1,14,5,0,0
/global/archives/8350,desktop,1,2,1,1,23,3,0,0
/global/archives/8383,desktop,1,1,1,1,16,5,0,0
/global/archives/8383,mobile,1,1,1,1,2,5,0,0
/global/archives/851,desktop,1,1,1,1,15,5,0,0
/global/archives/8899,desktop,1,1,1,1,117,5,0,0
/global/archives/8899,mobile,1,1,1,1,19,5,0,0
/global/archives/9191,desktop,1,2,1,1,0,6,0,0
/global/archives/9264,desktop,1,1,1,1,67,4,0,0
/global/archives/9333,desktop,1,2,1,1,0,4,0,0
/global/archives/9480,desktop,1,1,1,1,0,4,0,0
/global/archives/9509,desktop,1,1,1,1,82,5,0,0
/global/archives/9616,desktop,1,1,1,1,0,3,0,0
/global/archives/9648,desktop,1,1,1,1,0,2,0,0
/global/archives/9695,desktop,1,2,1,1,13,6,0,0
/global/archives/9709,mobile,1,1,1,1,0,4,0,0
/global/archives/9715,desktop,1,2,1,1,9,3,0,0
/global/archives/9715,mobile,1,1,1,1,0,4,0,0
/global/archives/9803,desktop,1,1,1,1,173,6,0,0
/global/archives/9837,desktop,1,1,1,1,0,4,0,0
/global/archives/9893,mobile,1,1,1,1,0,4,0,0
/global/archives/9968,mobile,1,1,1,1,0,4,0,0
/global/archives/category/corporate/sk-ie-technology,desktop,1,1,1,1,15,5,0,0
/global/archives/category/corporate/sk-rading-international,desktop,1,1,1,1,6,5,0,0
/global/archives/category/corporates/sk-ie-technology,mobile,1,1,1,1,29,3,0,0
/global/archives/category/corporates/sk-innovation,mobile,1,1,1,1,11,3,0,0
/global/archives/category/corporates/sk-rading-international,mobile,1,1,1,1,21,4,0,0
/global/archives/category/insight/expert-voice,mobile,1,1,1,1,9,3,0,0
/global/archives/category/insight/trend_report,mobile,1,1,1,1,9,3,0,0
/global/archives/category/people,mobile,1,1,1,1,3,4,0,0
/global/archives/category/press-room/financial-results,mobile,1,1,0,0,0,3,0,0
/global/archives/tag/3r,desktop,1,1,1,1,3,5,0,0
/global/archives/tag/atvm,desktop,1,1,1,1,6,5,0,0
/global/archives/tag/best-of-innovation-awards,desktop,1,1,1,1,3,5,0,0
/global/archives/tag/best-oil-company,mobile,1,1,1,1,7,6,0,0
/global/archives/tag/blueovalsk,mobile,1,1,1,1,0,4,0,0
/global/archives/tag/canada,desktop,1,1,1,1,22,5,0,0
/global/archives/tag/carbon-capture,desktop,1,1,1,1,15,5,0,0
/global/archives/tag/ceo,desktop,1,1,1,1,16,4,0,0
/global/archives/tag/depolymerization,desktop,1,1,1,1,2,5,0,0
/global/archives/tag/digital-transformation,desktop,1,1,1,1,1,5,0,0
/global/archives/tag/ecopro,desktop,1,1,1,1,2,5,0,0
/global/archives/tag/europe,desktop,1,1,1,1,10,5,0,0
/global/archives/tag/ev-battery,desktop,1,1,1,1,40,4,0,0
/global/archives/tag/exhibition,desktop,1,1,1,1,0,3,0,0
/global/archives/tag/f-150-lightning,desktop,1,1,1,1,3,5,0,0
/global/archives/tag/ford,desktop,1,1,1,1,11,3,0,0
/global/archives/tag/georgia,mobile,1,1,1,1,37,6,0,0
/global/archives/tag/goodenough,desktop,1,1,1,1,10,4,0,0
/global/archives/tag/hungary,desktop,1,1,1,1,4,4,0,0
/global/archives/tag/hungary,mobile,1,1,1,1,20,5,0,0
/global/archives/tag/hyundai-mobis,desktop,1,1,1,1,10,5,0,0
/global/archives/tag/immersion-cooling-fluids,desktop,1,1,1,1,7,6,0,0
/global/archives/tag/inobus,desktop,1,1,1,1,4,5,0,0
/global/archives/tag/interbattery-2023,desktop,1,1,1,1,0,4,0,0
/global/archives/tag/investment,desktop,1,1,1,1,0,4,0,0
/global/archives/tag/ivancsa,desktop,1,1,1,1,3,5,0,0
/global/archives/tag/ivancsa,mobile,1,1,1,1,1,5,0,0
/global/archives/tag/jee-dong-seob,desktop,1,1,1,1,6,4,0,0
/global/archives/tag/jv,desktop,1,1,1,1,6,3,0,0
/global/archives/tag/lfp,tablet,1,1,1,1,3,5,0,0
/global/archives/tag/libs,desktop,1,1,1,1,2,2,0,0
/global/archives/tag/liquid-immersion-cooling,desktop,1,1,1,1,9,4,0,0
/global/archives/tag/liquid-immersion-cooling-system,desktop,1,1,1,1,4,4,0,0
/global/archives/tag/lithium-ion-batteries,mobile,1,1,1,1,0,4,0,0
/global/archives/tag/lithium-ion-battery,desktop,1,1,1,1,22,5,0,0
/global/archives/tag/macarong-factory,desktop,1,1,1,1,13,5,0,0
/global/archives/tag/malaysia,desktop,1,1,1,1,28,4,0,0
/global/archives/tag/marine-innovation,desktop,1,1,1,1,38,5,0,0
/global/archives/tag/mbwa,mobile,1,1,1,1,19,5,0,0
/global/archives/tag/paraxylene-production,desktop,1,1,1,1,1,4,0,0
/global/archives/tag/pbat,desktop,1,2,1,1,41,7,0,0
/global/archives/tag/plogging,desktop,1,1,1,1,20,4,0,0
/global/archives/tag/pyrolysis,desktop,1,1,1,1,3,3,0,0
/global/archives/tag/sales,desktop,1,1,1,1,5,4,0,0
/global/archives/tag/seosan,desktop,1,1,1,1,12,6,0,0
/global/archives/tag/sk-ecoplant,desktop,1,1,1,1,3,4,0,0
/global/archives/tag/sk-es,desktop,1,1,1,1,8,6,0,0
/global/archives/tag/sk-global-forum,desktop,1,1,1,1,8,5,0,0
/global/archives/tag/sk-hi-tech-battery-materials-poland,desktop,1,1,1,1,3,4,0,0
/global/archives/tag/sk-hi-tech-battery-materials-poland,mobile,1,1,1,1,1,5,0,0
/global/archives/tag/sk-innovations-institute-of-environmental-science-technology,desktop,1,1,1,1,9,6,0,0
/global/archives/tag/sk-on-hungary-skoh-and-sk-battery-manufacturing,desktop,1,1,1,1,0,4,0,0
/global/archives/tag/skba,mobile,1,1,1,1,0,4,0,0
/global/archives/tag/skbh,mobile,1,1,1,1,1,5,0,0
/global/archives/tag/skbm,desktop,1,1,1,1,4,4,0,0
/global/archives/tag/skbmc,desktop,1,1,1,1,18,5,0,0
/global/archives/tag/skbmp,mobile,1,1,1,1,0,3,0,0
/global/archives/tag/skeo,tablet,1,1,1,1,10,6,0,0
/global/archives/tag/skeo-hcm,tablet,1,1,1,1,12,3,0,0
/global/archives/tag/skgc,desktop,1,1,1,1,5,5,0,0
/global/archives/tag/skgca,mobile,1,1,1,1,10,6,0,0
/global/archives/tag/skipc,desktop,1,1,1,1,28,5,0,0
/global/archives/tag/skoh,desktop,1,1,1,1,19,5,0,0
/global/archives/tag/skti,mobile,1,1,1,1,0,3,0,0
/global/archives/tag/spinoff,mobile,1,1,1,1,11,5,0,0
/global/archives/tag/steam-purge,desktop,1,1,1,1,0,3,0,0
/global/archives/tag/vinfast,mobile,1,1,1,1,12,6,0,0
/global/archives/tag/wechat,mobile,1,1,1,1,4,5,0,0
/global/archives/tag/zhejiang-satellite-petrochemical,desktop,1,1,1,1,7,5,0,0
/global/archives/콘텐츠 URL,desktop,1,1,1,1,3,4,0,0
/global/terms-and-conditions,desktop,1,1,1,1,8,3,0,0
/global/archives/12968,desktop,0,2,1,0,3,5,0,0