# ----------------------------------------
# 보고서 CSV 내보내기
# 계정: skinno global
# 속성: skinno 글로벌 - GA4
# ----------------------------------------
# 
# 모든 사용자
# 시작일: 20240701
# 종료일: 20240707
페이지 경로 및 화면 클래스,국가,조회수,세션수,사용자,사용자당 조회수,평균 참여 시간,이벤트 수,주요 이벤트,총 수익
/global/,South Korea,138,83,50,2.76,25.3,577,0,0
/global/archives/18388,United States,80,78,73,1.095890410958904,71.6027397260274,338,0,0
/global/archives/18388,South Korea,43,41,33,1.303030303030303,29.545454545454547,174,0,0
/global/archives/category/press-room/press-release,France,43,43,42,1.0238095238095237,0.6428571428571429,171,0,0
/global/latestnews,China,43,50,50,0.86,20.56,178,0,0
/global/,China,33,20,15,2.2,13.866666666666667,111,0,0
/global/archives/18388,India,28,28,22,1.2727272727272727,133.9090909090909,123,0,0
/global/archives/18140,India,26,25,8,3.25,0.5,76,0,0
/global/,Japan,25,20,13,1.9230769230769231,21.923076923076923,107,0,0
/global/,United Kingdom,24,24,24,1,4.458333333333333,98,0,0
/global/archives/18388,Canada,21,23,18,1.1666666666666667,8.333333333333334,93,0,0
/global/latestnews,South Korea,21,25,10,2.1,5.8,86,0,0
/global/archives/18283,South Korea,20,16,12,1.6666666666666667,12.666666666666666,79,0,0
/global/archives/category/press-room/financial-results,Singapore,20,8,7,2.857142857142857,19.714285714285715,75,0,0
/global/archives/18421,India,19,14,10,1.9,16,70,0,0
/global/archives/18421,United States,19,17,17,1.1176470588235294,8.647058823529411,71,0,0
/global/,United States,17,14,12,1.4166666666666667,18.75,73,0,0
/global/archives/17737,South Korea,17,8,5,3.4,349,58,0,0
/global/archives/category/corporates/sk-on,South Korea,17,15,12,1.4166666666666667,27.666666666666668,68,0,0
/global/archives/category/press-room/financial-results,United States,16,10,7,2.2857142857142856,16.857142857142858,62,0,0
/global/archives/18107,United States,15,19,15,1,146,78,0,0
/global/archives/18361,South Korea,15,13,11,1.3636363636363635,6.636363636363637,57,0,0
/global/archives/category/press-room/press-release,Japan,15,12,7,2.142857142857143,26.142857142857142,53,0,0
/global/,Singapore,14,10,8,1.75,17.75,61,0,0
/global/archives/16025,South Korea,14,11,10,1.4,5,56,0,0
/global/archives/17817,India,14,13,1,14,0,40,0,0
/global/archives/18388,United Kingdom,14,16,14,1,168.28571428571428,66,0,0
/global/archives/12274/skee,South Korea,13,9,7,1.8571428571428572,29.428571428571427,60,0,0
/global/archives/18283,United States,13,12,9,1.4444444444444444,73.77777777777777,53,0,0
/global/archives/18374,South Korea,13,16,13,1,3.8461538461538463,49,0,0
/global/archives/18388,Australia,13,14,10,1.3,168.3,53,0,0
/global/archives/18421,South Korea,13,13,11,1.1818181818181819,17.818181818181817,53,0,0
/global/latestnews,United States,13,9,7,1.8571428571428572,30.714285714285715,57,0,0
/global/archives/category/corporates/sk-enterm,South Korea,12,7,7,1.7142857142857142,7.857142857142857,51,0,0
/global/archives/category/press-room/press-release,India,12,9,5,2.4,14.8,47,0,0
/global/latestnews,Singapore,12,12,11,1.0909090909090908,21,55,0,0
/global/archives/18361,India,11,9,7,1.5714285714285714,63.57142857142857,38,0,0
/global/archives/category/insight,South Korea,11,5,3,3.6666666666666665,25.666666666666668,43,0,0
/global/archives/category/press-room/financial-results,Hong Kong,11,4,3,3.6666666666666665,16.666666666666668,41,0,0
/global/,India,10,9,6,1.6666666666666667,11.5,40,0,0
/global/,Poland,10,7,4,2.5,20,41,0,0
/global/archives/18388,Poland,10,13,8,1.25,65.625,42,0,0
/global/archives/6216,South Korea,10,12,9,1.1111111111111112,111.55555555555556,47,0,0
/global/archives/category/press-room/press-release,Singapore,10,10,4,2.5,70.5,38,0,0
/global/archives/17426,Singapore,9,6,6,1.5,19,39,0,0
/global/archives/18065,Hong Kong,9,5,4,2.25,16,38,0,0
/global/archives/18361,United States,9,11,8,1.125,75.75,38,0,0
/global/archives/18374,Italy,9,9,7,1.2857142857142858,9.142857142857142,37,0,0
/global/archives/18421,United Kingdom,9,8,8,1.125,9.625,36,0,0
/global/archives/9910,Malaysia,9,7,7,1.2857142857142858,27.857142857142858,42,0,0
/global/archives/category/corporates/sk-innovation,United States,9,8,8,1.125,22.375,30,0,0
/global/archives/13103,Thailand,8,8,1,8,2,26,0,0
/global/archives/14491,South Korea,8,5,4,2,16.5,31,0,0
/global/archives/14491,United States,8,8,8,1,22.125,37,0,0
/global/archives/16463,United States,8,7,7,1.1428571428571428,50.857142857142854,33,0,0
/global/archives/17216,South Korea,8,7,7,1.1428571428571428,23.428571428571427,34,0,0
/global/archives/17216,United States,8,7,7,1.1428571428571428,62.57142857142857,36,0,0
/global/archives/18283,China,8,7,5,1.6,14,31,0,0
/global/archives/18283,Germany,8,9,5,1.6,261.2,30,0,0
/global/archives/18374,United Kingdom,8,7,7,1.1428571428571428,30.857142857142858,33,0,0
/global/archives/18374,United States,8,8,7,1.1428571428571428,7.571428571428571,34,0,0
/global/archives/category/corporates/sk-earthon,South Korea,8,3,2,4,94,28,0,0
/global/archives/category/press-room,Japan,8,5,5,1.6,22.6,32,0,0
/global/archives/category/press-room/financial-results,India,8,3,2,4,30,32,0,0
/global/latestnews,Poland,8,7,5,1.6,42,33,0,0
/global/archives/13780,South Korea,7,9,5,1.4,4.2,38,0,0
/global/archives/14065,Japan,7,2,1,7,709,28,0,0
/global/archives/14766,South Korea,7,12,7,1,1.2857142857142858,38,0,0
/global/archives/16834,Singapore,7,8,7,1,41,34,0,0
/global/archives/17426,India,7,4,4,1.75,63,32,0,0
/global/archives/17426,Taiwan,7,5,3,2.3333333333333335,14,29,0,0
/global/archives/17595,South Korea,7,4,1,7,127,25,0,0
/global/archives/18388,Netherlands,7,7,7,1,27.857142857142858,31,0,0
/global/archives/4921,United States,7,6,6,1.1666666666666667,49.5,28,0,0
/global/archives/category/press-room/financial-results,France,7,4,2,3.5,22,27,0,0
/global/archives/category/press-room/financial-results,Macao,7,2,2,3.5,93,28,0,0
/global/latestnews,Germany,7,7,1,7,9,19,0,0
/global/,United Arab Emirates,6,4,4,1.5,45.5,25,0,0
/global/archives/10939,South Korea,6,8,5,1.2,14.8,21,0,0
/global/archives/12190,South Korea,6,4,4,1.5,75.75,19,0,0
/global/archives/12306,Germany,6,6,5,1.2,1.8,23,0,0
/global/archives/12306,South Korea,6,3,3,2,33.666666666666664,20,0,0
/global/archives/13595,South Korea,6,4,4,1.5,21.75,20,0,0
/global/archives/15937,United States,6,7,4,1.5,41.75,28,0,0
/global/archives/16881,United States,6,2,2,3,46,24,0,0
/global/archives/17426,China,6,3,3,2,52,20,0,0
/global/archives/17426,United States,6,5,5,1.2,98,27,0,0
/global/archives/17863,South Korea,6,6,3,2,25.666666666666668,23,0,0
/global/archives/18283,Poland,6,9,4,1.5,0.25,26,0,0
/global/archives/18361,Germany,6,8,5,1.2,13.8,25,0,0
/global/archives/18388,Lithuania,6,8,5,1.2,235.4,30,0,0
/global/archives/18388,Singapore,6,8,6,1,121.16666666666667,28,0,0
/global/archives/18421,Australia,6,5,5,1.2,0,21,0,0
/global/archives/18421,Japan,6,5,5,1.2,2.8,22,0,0
/global/archives/4612,United Kingdom,6,4,2,3,41.5,22,0,0
/global/archives/7292,United Arab Emirates,6,6,5,1.2,3.2,25,0,0
/global/archives/category/corporate/sk-on,Taiwan,6,5,1,6,51,23,0,0
/global/archives/category/corporates,Hong Kong,6,2,2,3,36,23,0,0
/global/archives/category/corporates/sk-geo-centric,South Korea,6,5,4,1.5,13,20,0,0
/global/archives/category/corporates/sk-ie-technology,Japan,6,3,2,3,24,22,0,0
/global/archives/category/press-room/financial-results,South Korea,6,6,4,1.5,22.75,27,0,0
/global/,Germany,5,3,3,1.6666666666666667,33,22,0,0
/global/,Hong Kong,5,5,5,1,25.4,21,0,0
/global/,Hungary,5,4,1,5,14,21,0,0
/global/archives/15374,Japan,5,5,5,1,40.2,25,0,0
/global/archives/15490,South Korea,5,5,4,1.25,47,23,0,0
/global/archives/15664,South Korea,5,4,4,1.25,22,22,0,0
/global/archives/16060,Hong Kong,5,3,2,2.5,11,20,0,0
/global/archives/16952,United States,5,3,3,1.6666666666666667,17.333333333333332,20,0,0
/global/archives/17047,United States,5,5,3,1.6666666666666667,67.66666666666667,26,0,0
/global/archives/17426,South Korea,5,4,4,1.25,208,17,0,0
/global/archives/17476,South Korea,5,5,5,1,12,23,0,0
/global/archives/17950,South Korea,5,5,3,1.6666666666666667,14.333333333333334,26,0,0
/global/archives/17965,Thailand,5,5,2,2.5,0.5,17,0,0
/global/archives/18065,Singapore,5,5,5,1,11,20,0,0
/global/archives/18283,France,5,8,5,1,107.8,29,0,0
/global/archives/18283,Japan,5,6,2,2.5,52.5,22,0,0
/global/archives/18301,South Korea,5,5,5,1,51.6,23,0,0
/global/archives/18361,United Kingdom,5,6,3,1.6666666666666667,12,23,0,0
/global/archives/18374,Japan,5,3,2,2.5,67,18,0,0
/global/archives/18388,Germany,5,6,5,1,7.6,21,0,0
/global/archives/18388,Malaysia,5,7,5,1,157.8,23,0,0
/global/archives/4751,Japan,5,2,1,5,28,17,0,0
/global/archives/category/corporates,South Korea,5,3,3,1.6666666666666667,18.333333333333332,19,0,0
/global/archives/category/corporates/sk-on,Hong Kong,5,4,2,2.5,34,20,0,0
/global/archives/category/corporates/sk-on,Japan,5,5,4,1.25,10.75,19,0,0
/global/archives/category/insight,United States,5,6,6,0.8333333333333334,8.166666666666666,18,0,0
/global/archives/category/people,United States,5,6,6,0.8333333333333334,17.833333333333332,23,0,0
/global/archives/category/press-room/financial-results,Japan,5,5,4,1.25,4.5,21,0,0
/global/archives/category/press-room/press-release,United States,5,4,3,1.6666666666666667,10.333333333333334,21,0,0
/global/archives/tag/board-of-directors,Singapore,5,1,1,5,24,20,0,0
/global/archives/tag/ncm811,Germany,5,3,3,1.6666666666666667,21.333333333333332,22,0,0
/global/archives/12667,India,4,4,4,1,5.25,18,0,0
/global/archives/14226,United States,4,4,3,1.3333333333333333,104,18,0,0
/global/archives/14491,India,4,4,4,1,17,15,0,0
/global/archives/14800,United States,4,4,4,1,72,21,0,0
/global/archives/14962,United States,4,3,1,4,2,16,0,0
/global/archives/15687,South Korea,4,4,3,1.3333333333333333,3,16,0,0
/global/archives/16060,Indonesia,4,1,1,4,0,12,0,0
/global/archives/16532,Vietnam,4,5,3,1.3333333333333333,19.333333333333332,19,0,0
/global/archives/16834,United States,4,6,4,1,15.25,21,0,0
/global/archives/17169,United States,4,3,3,1.3333333333333333,33.666666666666664,14,0,0
/global/archives/17313,South Korea,4,5,2,2,12.5,20,0,0
/global/archives/17426,Macao,4,2,2,2,49.5,17,0,0
/global/archives/17426,United Kingdom,4,4,4,1,36.5,21,0,0
/global/archives/17623,South Korea,4,6,3,1.3333333333333333,23,21,0,0
/global/archives/18065,Kuwait,4,4,2,2,187.5,19,0,0
/global/archives/18107,Taiwan,4,2,1,4,100,16,0,0
/global/archives/18283,India,4,4,4,1,1,18,0,0
/global/archives/18283,Iran,4,5,0,0,0,12,0,0
/global/archives/18301,United States,4,4,3,1.3333333333333333,65,19,0,0
/global/archives/18332,South Korea,4,4,3,1.3333333333333333,33.666666666666664,16,0,0
/global/archives/18332,United States,4,5,3,1.3333333333333333,275.3333333333333,19,0,0
/global/archives/18361,France,4,4,4,1,24,18,0,0
/global/archives/18361,Hong Kong,4,4,4,1,15.5,16,0,0
/global/archives/18361,Singapore,4,5,4,1,19,19,0,0
/global/archives/18361,Taiwan,4,5,4,1,1.5,17,0,0
/global/archives/18388,Finland,4,4,4,1,7.25,17,0,0
/global/archives/18388,Mongolia,4,1,1,4,200,13,0,0
/global/archives/6150,China,4,1,1,4,19,9,0,0
/global/archives/6824,China,4,5,3,1.3333333333333333,12.333333333333334,17,0,0
/global/archives/category/corporates,United States,4,3,2,2,1,13,0,0
/global/archives/category/corporates/sk-innovation,Japan,4,3,1,4,13,11,0,0
/global/archives/category/corporates/sk-on,United Kingdom,4,3,3,1.3333333333333333,21,17,0,0
/global/archives/category/insight/trend_report,United States,4,3,2,2,31.5,14,0,0
/global/archives/category/people,China,4,2,2,2,12,12,0,0
/global/archives/category/people/inno-people,United Arab Emirates,4,2,2,2,52.5,16,0,0
/global/archives/category/press-room,Singapore,4,4,1,4,0,16,0,0
/global/archives/category/press-room,South Korea,4,3,3,1.3333333333333333,62.666666666666664,17,0,0
/global/archives/category/press-room/financial-results,United Kingdom,4,3,2,2,14,18,0,0
/global/archives/category/press-room/issue-fact,Japan,4,3,3,1.3333333333333333,6.333333333333333,14,0,0
/global/archives/category/press-room/press-release,South Korea,4,4,4,1,9,16,0,0
/global/archives/tag/sinopec-sk-wuhan-petrochemical,South Korea,4,2,2,2,38.5,18,0,0
/global/archives/tag/skeo,South Korea,4,4,4,1,19.75,19,0,0
/global/archives/tag/sko,South Korea,4,5,4,1,8.25,21,0,0
/global/latestnews,Hong Kong,4,2,1,4,44,18,0,0
/global/latestnews,Hungary,4,5,3,1.3333333333333333,9,18,0,0
/global/latestnews,Japan,4,4,3,1.3333333333333333,9.666666666666666,16,0,0
/global/sustainability-report,United States,4,4,4,1,1,17,0,0
/global/,Canada,3,2,2,1.5,44.5,16,0,0
/global/,France,3,3,3,1,10,13,0,0
/global/,Greece,3,1,1,3,11,10,0,0
/global/,Philippines,3,1,1,3,46,15,0,0
/global/archives/10654,United States,3,2,2,1.5,87,11,0,0
/global/archives/10774,South Korea,3,3,3,1,26.666666666666668,14,0,0
/global/archives/11087,United States,3,3,2,1.5,12.5,12,0,0
/global/archives/11527,South Korea,3,3,2,1.5,8.5,9,0,0
/global/archives/11853,South Korea,3,3,3,1,132.66666666666666,12,0,0
/global/archives/12008,Japan,3,3,2,1.5,106.5,13,0,0
/global/archives/12008,South Korea,3,3,3,1,22.666666666666668,15,0,0
/global/archives/12022,South Korea,3,2,2,1.5,13,13,0,0
/global/archives/12022,United States,3,3,3,1,5.666666666666667,14,0,0
/global/archives/12022,Vietnam,3,4,1,3,25,11,0,0
/global/archives/1237,United States,3,1,1,3,112,13,0,0
/global/archives/13329,South Korea,3,3,2,1.5,23.5,15,0,0
/global/archives/13478,Malaysia,3,1,1,3,30,11,0,0
/global/archives/13521,South Korea,3,2,2,1.5,26.5,12,0,0
/global/archives/14309,United States,3,3,3,1,0,12,0,0
/global/archives/14493,Poland,3,3,2,1.5,0,9,0,0
/global/archives/14634,South Korea,3,4,2,1.5,37.5,13,0,0
/global/archives/14766,United States,3,3,3,1,2.6666666666666665,13,0,0
/global/archives/15007,Türkiye,3,2,2,1.5,104.5,12,0,0
/global/archives/15103,United States,3,3,3,1,11.333333333333334,15,0,0
/global/archives/15204,India,3,2,2,1.5,28.5,12,0,0
/global/archives/15374,India,3,3,2,1.5,50.5,12,0,0
/global/archives/15374,Singapore,3,5,3,1,15.666666666666666,18,0,0
/global/archives/15462,South Korea,3,3,2,1.5,6.5,12,0,0
/global/archives/15664,Netherlands,3,3,3,1,60.666666666666664,16,0,0
/global/archives/15689,United Arab Emirates,3,2,2,1.5,191.5,13,0,0
/global/archives/15865,Japan,3,4,3,1,70.66666666666667,13,0,0
/global/archives/15937,Bangladesh,3,3,0,0,0,9,0,0
/global/archives/15937,India,3,3,2,1.5,5.5,11,0,0
/global/archives/15937,South Korea,3,3,3,1,6.666666666666667,11,0,0
/global/archives/16376,South Korea,3,3,3,1,50.333333333333336,13,0,0
/global/archives/16463,Singapore,3,2,2,1.5,11,9,0,0
/global/archives/16532,South Korea,3,1,1,3,23,12,0,0
/global/archives/16719,Canada,3,1,1,3,24,12,0,0
/global/archives/17047,Greece,3,2,1,3,17,12,0,0
/global/archives/17216,China,3,3,3,1,31.333333333333332,10,0,0
/global/archives/17216,France,3,4,2,1.5,33.5,14,0,0
/global/archives/17216,Ireland,3,1,1,3,17,12,0,0
/global/archives/17313,Japan,3,5,2,1.5,91,14,0,0
/global/archives/17356,France,3,2,2,1.5,0,11,0,0
/global/archives/17426,France,3,2,2,1.5,36.5,13,0,0
/global/archives/17426,Japan,3,3,3,1,5,12,0,0
/global/archives/17514,Germany,3,1,1,3,6,11,0,0
/global/archives/17569,South Korea,3,5,3,1,117.33333333333333,18,0,0
/global/archives/17817,United Kingdom,3,2,1,3,46,10,0,0
/global/archives/17990,South Korea,3,2,2,1.5,13,11,0,0
/global/archives/18140,South Korea,3,2,2,1.5,2,7,0,0
/global/archives/18283,Hong Kong,3,3,2,1.5,53,13,0,0
/global/archives/18283,Singapore,3,2,1,3,445,10,0,0
/global/archives/18283,United Kingdom,3,4,3,1,30,15,0,0
/global/archives/18301,Poland,3,3,3,1,56.666666666666664,12,0,0
/global/archives/18301,Singapore,3,3,3,1,167,12,0,0
/global/archives/18361,Philippines,3,3,3,1,25,11,0,0
/global/archives/18361,Poland,3,3,3,1,15,13,0,0
/global/archives/18374,Hong Kong,3,2,2,1.5,38.5,11,0,0
/global/archives/18374,India,3,4,3,1,3,11,0,0
/global/archives/18374,Poland,3,3,3,1,21.666666666666668,12,0,0
/global/archives/18374,Singapore,3,3,2,1.5,98,11,0,0
/global/archives/18388,Belgium,3,3,3,1,0,13,0,0
/global/archives/18388,China,3,3,3,1,7.333333333333333,7,0,0
/global/archives/18388,Ethiopia,3,5,3,1,4.333333333333333,17,0,0
/global/archives/18388,France,3,4,3,1,21,16,0,0
/global/archives/18388,Italy,3,3,3,1,0,12,0,0
/global/archives/18388,Norway,3,4,3,1,43.333333333333336,16,0,0
/global/archives/18388,Sweden,3,3,3,1,0,14,0,0
/global/archives/3464,South Korea,3,4,1,3,15,15,0,0
/global/archives/3674,Spain,3,3,2,1.5,15,14,0,0
/global/archives/4612,South Korea,3,5,2,1.5,7,16,0,0
/global/archives/5944,Belgium,3,1,1,3,104,12,0,0
/global/archives/6462,France,3,3,2,1.5,119,13,0,0
/global/archives/7112,Hong Kong,3,4,1,3,69,13,0,0
/global/archives/8168,South Korea,3,2,1,3,25,13,0,0
/global/archives/9668,Japan,3,4,2,1.5,40,17,0,0
/global/archives/9709,South Korea,3,3,2,1.5,2.5,14,0,0
/global/archives/9740,Malaysia,3,2,2,1.5,87.5,11,0,0
/global/archives/9740,South Korea,3,4,3,1,0.3333333333333333,15,0,0
/global/archives/category/corporates/sk-energy,South Korea,3,3,3,1,19,13,0,0
/global/archives/category/corporates/sk-enmove,South Korea,3,3,3,1,8,12,0,0
/global/archives/category/corporates/sk-enterm,Japan,3,1,1,3,21,12,0,0
/global/archives/category/corporates/sk-geo-centric,Vietnam,3,2,2,1.5,71.5,12,0,0
/global/archives/category/corporates/sk-innovation,Singapore,3,3,2,1.5,9.5,12,0,0
/global/archives/category/corporates/sk-on,China,3,2,1,3,0,6,0,0
/global/archives/category/corporates/sk-rading-international,United Arab Emirates,3,1,1,3,30,12,0,0
/global/archives/category/insight/expert-voice,South Korea,3,3,2,1.5,7.5,11,0,0
/global/archives/category/insight/trend_report,South Korea,3,2,2,1.5,12.5,10,0,0
/global/archives/category/people,Singapore,3,3,3,1,17.333333333333332,12,0,0
/global/archives/category/people,South Korea,3,2,2,1.5,2.5,12,0,0
/global/archives/category/people/inno-people,Malaysia,3,2,2,1.5,29.5,12,0,0
/global/archives/category/press-room,China,3,1,1,3,33,10,0,0
/global/archives/category/press-room,United Kingdom,3,1,1,3,64,12,0,0
/global/archives/category/press-room/financial-results,Netherlands,3,1,1,3,19,12,0,0
/global/archives/category/press-room/press-release,China,3,2,2,1.5,12.5,6,0,0
/global/archives/tag/airrane,Thailand,3,1,1,3,10,11,0,0
/global/archives/tag/sk-energy-americas,South Korea,3,1,1,3,38,13,0,0
/global/archives/tag/sk-primacor-europe,Spain,3,2,2,1.5,6,13,0,0
/global/archives/tag/sk综合化学,China,3,2,2,1.5,14,13,0,0
/global/latestnews,Brazil,3,1,1,3,67,10,0,0
/global/latestnews,India,3,2,2,1.5,19.5,9,0,0
/global/sustainability-report,Egypt,3,1,1,3,94,14,0,0
/global/,Argentina,2,2,0,0,0,6,0,0
/global/,Netherlands,2,4,2,1,10,12,0,0
/global/404,South Korea,2,2,2,1,3,9,0,0
/global/archives/10511,South Korea,2,2,1,2,65,9,0,0
/global/archives/10654,Japan,2,1,1,2,210,8,0,0
/global/archives/10767,Thailand,2,1,1,2,17,9,0,0
/global/archives/10774,United States,2,2,2,1,4.5,7,0,0
/global/archives/10872,South Korea,2,3,2,1,4,11,0,0
/global/archives/11415,South Korea,2,2,1,2,18,6,0,0
/global/archives/11415,United States,2,2,1,2,14,8,0,0
/global/archives/11475,Japan,2,2,2,1,0,6,0,0
/global/archives/11527,Singapore,2,3,2,1,0,7,0,0
/global/archives/11573,South Korea,2,1,1,2,0,6,0,0
/global/archives/11683,Canada,2,1,1,2,23,8,0,0
/global/archives/11853,Singapore,2,3,2,1,4.5,11,0,0
/global/archives/12008,United States,2,2,1,2,0,6,0,0
/global/archives/12022,Indonesia,2,2,2,1,15.5,10,0,0
/global/archives/12022,Singapore,2,2,1,2,60,8,0,0
/global/archives/12022,United Kingdom,2,1,1,2,49,10,0,0
/global/archives/12237,South Korea,2,2,2,1,4,8,0,0
/global/archives/12269,Poland,2,3,1,2,6,9,0,0
/global/archives/13060,South Korea,2,1,1,2,32,9,0,0
/global/archives/13130,France,2,1,1,2,2,7,0,0
/global/archives/13130,South Korea,2,2,1,2,0,6,0,0
/global/archives/13184,South Korea,2,3,2,1,25.5,8,0,0
/global/archives/13521,China,2,2,2,1,9,6,0,0
/global/archives/13521,United States,2,2,2,1,52.5,10,0,0
/global/archives/13595,United States,2,2,2,1,5.5,8,0,0
/global/archives/13780,Germany,2,1,1,2,25,10,0,0
/global/archives/13780,Japan,2,2,2,1,52.5,10,0,0
/global/archives/13981,South Korea,2,1,1,2,30,8,0,0
/global/archives/1399,Vietnam,2,3,2,1,11.5,11,0,0
/global/archives/14083,China,2,2,2,1,0,6,0,0
/global/archives/14193,South Korea,2,2,1,2,156,9,0,0
/global/archives/14243,France,2,2,1,2,103,8,0,0
/global/archives/14264,Hungary,2,1,1,2,71,9,0,0
/global/archives/14333,Thailand,2,1,1,2,132,7,0,0
/global/archives/14333,United States,2,2,2,1,0,8,0,0
/global/archives/14491,Japan,2,2,2,1,12.5,10,0,0
/global/archives/14491,Singapore,2,3,3,0.6666666666666666,12,10,0,0
/global/archives/14491,United Kingdom,2,3,1,2,89,10,0,0
/global/archives/14493,Sweden,2,1,1,2,50,8,0,0
/global/archives/14634,United States,2,3,2,1,30,10,0,0
/global/archives/14766,India,2,2,1,2,0,6,0,0
/global/archives/14962,Singapore,2,1,1,2,21,8,0,0
/global/archives/15374,Australia,2,3,2,1,43.5,7,0,0
/global/archives/15374,Hong Kong,2,1,1,2,1464,8,0,0
/global/archives/15374,United States,2,2,2,1,0,7,0,0
/global/archives/15409,Thailand,2,1,1,2,28,10,0,0
/global/archives/15462,United States,2,2,2,1,27,9,0,0
/global/archives/15490,Canada,2,2,2,1,64.5,10,0,0
/global/archives/15490,United States,2,2,2,1,5.5,8,0,0
/global/archives/15654,South Korea,2,2,2,1,2,10,0,0
/global/archives/15664,China,2,1,1,2,15,4,0,0
/global/archives/15687,India,2,2,2,1,7.5,9,0,0
/global/archives/15964,Vietnam,2,2,1,2,70,7,0,0
/global/archives/15985,Japan,2,1,1,2,17,9,0,0
/global/archives/16154,Vietnam,2,3,2,1,0,9,0,0
/global/archives/16286,United States,2,1,1,2,0,6,0,0
/global/archives/16376,Singapore,2,2,2,1,65.5,10,0,0
/global/archives/16448,Australia,2,1,1,2,24,7,0,0
/global/archives/16448,South Korea,2,2,1,2,3,9,0,0
/global/archives/16463,Hong Kong,2,2,2,1,4,8,0,0
/global/archives/16463,Japan,2,3,2,1,0,9,0,0
/global/archives/16480,India,2,1,1,2,0,5,0,0
/global/archives/16493,Canada,2,1,1,2,28,10,0,0
/global/archives/16493,Denmark,2,1,1,2,139,8,0,0
/global/archives/16532,United States,2,2,2,1,97.5,11,0,0
/global/archives/16583,South Korea,2,2,2,1,46,7,0,0
/global/archives/16834,South Korea,2,2,2,1,31,10,0,0
/global/archives/16952,South Korea,2,1,1,2,8,10,0,0
/global/archives/16970,United Arab Emirates,2,1,1,2,19,5,0,0
/global/archives/16970,United States,2,2,2,1,9,7,0,0
/global/archives/17169,South Korea,2,2,2,1,21.5,9,0,0
/global/archives/17216,Japan,2,2,2,1,49,10,0,0
/global/archives/17216,Singapore,2,2,1,2,42,7,0,0
/global/archives/17292,Hong Kong,2,1,1,2,8,6,0,0
/global/archives/17356,Japan,2,2,2,1,9,9,0,0
/global/archives/17356,Singapore,2,2,2,1,3,8,0,0
/global/archives/17426,Malaysia,2,1,1,2,99,8,0,0
/global/archives/17460,Poland,2,1,1,2,1,7,0,0
/global/archives/17499,France,2,2,2,1,27.5,8,0,0
/global/archives/17514,South Korea,2,2,2,1,25,9,0,0
/global/archives/17595,Greece,2,2,1,2,9,8,0,0
/global/archives/17595,Slovakia,2,1,1,2,17,10,0,0
/global/archives/17595,United States,2,2,2,1,54.5,8,0,0
/global/archives/17623,Germany,2,2,2,1,0,8,0,0
/global/archives/17817,(not set),2,2,2,1,0,8,0,0
/global/archives/17844,India,2,1,1,2,7,6,0,0
/global/archives/17844,Singapore,2,1,1,2,8,9,0,0
/global/archives/17863,Singapore,2,3,2,1,39.5,8,0,0
/global/archives/17950,United States,2,2,2,1,1,8,0,0
/global/archives/17989,China,2,2,1,2,589,9,0,0
/global/archives/17989,South Korea,2,3,2,1,211.5,9,0,0
/global/archives/17990,(not set),2,2,2,1,0,8,0,0
/global/archives/18065,India,2,2,2,1,16,9,0,0
/global/archives/18065,Panama,2,1,1,2,26,9,0,0
/global/archives/18065,United States,2,2,1,2,76,8,0,0
/global/archives/18076,South Korea,2,3,2,1,1.5,9,0,0
/global/archives/18107,Australia,2,2,2,1,20,10,0,0
/global/archives/18107,Brazil,2,2,2,1,0,8,0,0
/global/archives/18107,Canada,2,2,2,1,214,11,0,0
/global/archives/18107,India,2,2,2,1,9,10,0,0
/global/archives/18107,United Kingdom,2,2,2,1,8.5,9,0,0
/global/archives/18140,(not set),2,2,2,1,0,8,0,0
/global/archives/18140,United States,2,2,2,1,6.5,9,0,0
/global/archives/18167,India,2,2,1,2,8,8,0,0
/global/archives/18208,Singapore,2,2,2,1,255.5,8,0,0
/global/archives/18268,Hungary,2,3,2,1,16.5,9,0,0
/global/archives/18283,Canada,2,3,2,1,0,6,0,0
/global/archives/18283,Taiwan,2,2,2,1,5,9,0,0
/global/archives/18332,United Kingdom,2,3,3,0.6666666666666666,11,8,0,0
/global/archives/18361,Canada,2,2,2,1,36,11,0,0
/global/archives/18361,China,2,2,2,1,4,7,0,0
/global/archives/18361,Sweden,2,2,2,1,13,8,0,0
/global/archives/18361,Switzerland,2,3,2,1,0,10,0,0
/global/archives/18374,China,2,2,2,1,0,5,0,0
/global/archives/18374,Germany,2,3,2,1,0,10,0,0
/global/archives/18374,Hungary,2,2,2,1,0,7,0,0
/global/archives/18374,Netherlands,2,2,2,1,19.5,10,0,0
/global/archives/18388,Austria,2,2,2,1,394,9,0,0
/global/archives/18388,Japan,2,3,2,1,71,11,0,0
/global/archives/18388,Luxembourg,2,2,2,1,0.5,9,0,0
/global/archives/18388,Pakistan,2,1,1,2,392,8,0,0
/global/archives/18388,Portugal,2,2,2,1,0,8,0,0
/global/archives/18388,Spain,2,2,2,1,0,8,0,0
/global/archives/18388,Vietnam,2,3,2,1,197.5,11,0,0
/global/archives/18421,France,2,2,2,1,0,8,0,0
/global/archives/18421,Germany,2,2,2,1,0,8,0,0
/global/archives/18421,Italy,2,2,2,1,2.5,9,0,0
/global/archives/18421,Netherlands,2,2,2,1,0,8,0,0
/global/archives/2860,United Kingdom,2,3,1,2,0,9,0,0
/global/archives/3464,United States,2,2,1,2,0,5,0,0
/global/archives/3786,South Korea,2,1,1,2,32,9,0,0
/global/archives/3820,Netherlands,2,1,1,2,13,9,0,0
/global/archives/3962,United Arab Emirates,2,1,1,2,17,9,0,0
/global/archives/4415,South Korea,2,2,2,1,48,9,0,0
/global/archives/4612,India,2,1,1,2,8,6,0,0
/global/archives/4751,France,2,2,1,2,0,7,0,0
/global/archives/4751,Germany,2,2,1,2,11,8,0,0
/global/archives/4751,United States,2,2,2,1,44.5,10,0,0
/global/archives/4793,Australia,2,2,1,2,9,11,0,0
/global/archives/489,Singapore,2,1,1,2,0,6,0,0
/global/archives/5981,South Korea,2,2,2,1,49.5,6,0,0
/global/archives/6014,South Korea,2,3,2,1,40.5,10,0,0
/global/archives/6216,Singapore,2,1,1,2,0,6,0,0
/global/archives/6216,Taiwan,2,1,1,2,27,9,0,0
/global/archives/6216,United Kingdom,2,2,2,1,18,11,0,0
/global/archives/6253,India,2,2,2,1,64,10,0,0
/global/archives/6313,Czechia,2,2,0,0,0,6,0,0
/global/archives/6313,South Korea,2,3,2,1,0,9,0,0
/global/archives/6377,United States,2,2,2,1,0,8,0,0
/global/archives/7245,France,2,2,2,1,0,8,0,0
/global/archives/7245,South Korea,2,1,1,2,36,6,0,0
/global/archives/7445,India,2,3,2,1,12.5,10,0,0
/global/archives/7445,Norway,2,2,1,2,78,9,0,0
/global/archives/7476,Sri Lanka,2,2,1,2,0,7,0,0
/global/archives/7596,Poland,2,1,1,2,60,5,0,0
/global/archives/7670,South Korea,2,1,1,2,9,6,0,0
/global/archives/7761,Germany,2,2,2,1,5,9,0,0
/global/archives/8400,South Korea,2,2,2,1,35,12,0,0
/global/archives/9096,France,2,2,1,2,22,8,0,0
/global/archives/9493,South Korea,2,2,2,1,41,9,0,0
/global/archives/9509,Indonesia,2,2,1,2,0,7,0,0
/global/archives/9668,Singapore,2,2,1,2,0,8,0,0
/global/archives/9740,India,2,4,2,1,24,11,0,0
/global/archives/9740,Thailand,2,2,1,2,41,11,0,0
/global/archives/category/corporate/sk-energy,China,2,2,1,2,0,7,0,0
/global/archives/category/corporates,Iraq,2,2,1,2,69,8,0,0
/global/archives/category/corporates,Japan,2,1,1,2,36,9,0,0
/global/archives/category/corporates,Singapore,2,2,2,1,6.5,8,0,0
/global/archives/category/corporates/sk-energy,Australia,2,1,1,2,15,8,0,0
/global/archives/category/corporates/sk-energy,Singapore,2,2,1,2,21,9,0,0
/global/archives/category/corporates/sk-enterm,Hong Kong,2,2,2,1,4.5,9,0,0
/global/archives/category/corporates/sk-enterm,Singapore,2,2,2,1,0,7,0,0
/global/archives/category/corporates/sk-geo-centric,United States,2,1,1,2,23,8,0,0
/global/archives/category/corporates/sk-ie-technology,South Korea,2,3,2,1,19,8,0,0
/global/archives/category/corporates/sk-incheon-petrochem,South Korea,2,1,1,2,26,8,0,0
/global/archives/category/corporates/sk-innovation,China,2,2,2,1,663,7,0,0
/global/archives/category/corporates/sk-innovation,Hong Kong,2,2,1,2,3,9,0,0
/global/archives/category/corporates/sk-on,United States,2,2,2,1,45,11,0,0
/global/archives/category/corporates/sk-rading-international,South Korea,2,1,1,2,86,8,0,0
/global/archives/category/insight,Australia,2,1,1,2,9,8,0,0
/global/archives/category/insight,Germany,2,1,1,2,0,6,0,0
/global/archives/category/insight,Singapore,2,2,2,1,12,8,0,0
/global/archives/category/insight/expert-voice,United Arab Emirates,2,1,1,2,21,7,0,0
/global/archives/category/people,Greece,2,1,1,2,18,7,0,0
/global/archives/category/people/ceo-leaders,Singapore,2,1,1,2,10,8,0,0
/global/archives/category/people/inno-people,Hong Kong,2,1,1,2,18,7,0,0
/global/archives/category/people/inno-people,India,2,1,1,2,25,8,0,0
/global/archives/category/press-room,United States,2,1,1,2,35,8,0,0
/global/archives/category/press-room/financial-results,Belgium,2,2,1,2,15,10,0,0
/global/archives/category/press-room/financial-results,China,2,1,1,2,19,6,0,0
/global/archives/category/press-room/financial-results,Panama,2,1,1,2,16,8,0,0
/global/archives/category/press-room/financial-results,Taiwan,2,1,1,2,7,8,0,0
/global/archives/category/press-room/financial-results,United Arab Emirates,2,2,2,1,16.5,9,0,0
/global/archives/category/press-room/issue-fact,France,2,2,1,2,11,8,0,0
/global/archives/category/social-value/opinions,Vietnam,2,1,1,2,36,8,0,0
/global/archives/tag/2023-q4,India,2,1,1,2,15,7,0,0
/global/archives/tag/2023-sk-global-forum,South Korea,2,1,1,2,8,8,0,0
/global/archives/tag/advanced-plastic-recycling-cluster,Canada,2,1,1,2,13,8,0,0
/global/archives/tag/app-group,South Korea,2,1,1,2,23,9,0,0
/global/archives/tag/australia,Singapore,2,2,1,2,48,10,0,0
/global/archives/tag/bmic,South Korea,2,3,2,1,4.5,11,0,0
/global/archives/tag/ccu,Japan,2,1,1,2,9,9,0,0
/global/archives/tag/earnings,India,2,1,1,2,4,8,0,0
/global/archives/tag/financial-results,Hong Kong,2,1,1,2,5,8,0,0
/global/archives/tag/financial-results,India,2,1,1,2,12,8,0,0
/global/archives/tag/happy-elephant,United States,2,1,1,2,0,4,0,0
/global/archives/tag/ivancsa,South Korea,2,2,2,1,2,10,0,0
/global/archives/tag/ncm9,Netherlands,2,1,1,2,39,6,0,0
/global/archives/tag/ncm9,Türkiye,2,1,1,2,15,9,0,0
/global/archives/tag/northvolt,Sweden,2,1,1,2,11,7,0,0
/global/archives/tag/plastic-energy,Vietnam,2,1,1,2,9,8,0,0
/global/archives/tag/pta,India,2,1,1,2,9,10,0,0
/global/archives/tag/samsung-heavy-industry,India,2,1,1,2,26,10,0,0
/global/archives/tag/sk-block-427,Cambodia,2,2,1,2,7,10,0,0
/global/archives/tag/sk-global-chemical-shanghai,Japan,2,2,2,1,16.5,12,0,0
/global/archives/tag/sk-on,Hong Kong,2,2,1,2,0,7,0,0
/global/archives/tag/sk-primacor-europe,Poland,2,1,1,2,21,9,0,0
/global/archives/tag/skei-singapore,Singapore,2,2,2,1,20,10,0,0
/global/archives/tag/skgc-japan,Japan,2,1,1,2,18,9,0,0
/global/archives/tag/skgca,United States,2,2,1,2,21,7,0,0
/global/archives/tag/skipc,India,2,1,1,2,2,7,0,0
/global/archives/tag/sk综合化学,South Korea,2,1,1,2,70,8,0,0
/global/archives/tag/ulsan-complex,South Korea,2,2,2,1,5,9,0,0
/global/archives/tag/united-nations,Netherlands,2,1,1,2,0,5,0,0
/global/latestnews,Spain,2,2,2,1,18.5,8,0,0
/global/privacy-policy,Spain,2,1,1,2,19,8,0,0
/global/sustainability-report,Australia,2,4,1,2,3,12,0,0
/global/sustainability-report,Japan,2,3,2,1,6,11,0,0
/global/sustainability-report,Singapore,2,2,1,2,3,6,0,0
/global/sustainability-report,South Korea,2,4,2,1,4.5,14,0,0
/global/,Brazil,1,1,1,1,48,3,0,0
/global/,Czechia,1,1,1,1,0,2,0,0
/global/,Macao,1,1,1,1,18,4,0,0
/global/,Malaysia,1,1,1,1,5,3,0,0
/global/,Mongolia,1,1,1,1,13,4,0,0
/global/,Norway,1,1,1,1,36,4,0,0
/global/,Saudi Arabia,1,1,1,1,26,4,0,0
/global/,Taiwan,1,1,1,1,29,6,0,0
/global/,Thailand,1,1,1,1,8,6,0,0
/global/,Ukraine,1,1,1,1,1,3,0,0
/global/,Vietnam,1,1,1,1,22,5,0,0
/global/archives/10133,Germany,1,1,1,1,16,6,0,0
/global/archives/10133,Hungary,1,1,1,1,89,4,0,0
/global/archives/10133,Ukraine,1,1,1,1,14,4,0,0
/global/archives/10326,Vietnam,1,1,1,1,17,4,0,0
/global/archives/1043,United States,1,1,1,1,18,5,0,0
/global/archives/10445,Singapore,1,1,1,1,26,5,0,0
/global/archives/10535,Singapore,1,1,1,1,9,3,0,0
/global/archives/10535,South Korea,1,2,1,1,0,5,0,0
/global/archives/10570,China,1,1,1,1,20,4,0,0
/global/archives/1058,Taiwan,1,2,1,1,0,6,0,0
/global/archives/1058,United Kingdom,1,1,1,1,79,5,0,0
/global/archives/10610,France,1,2,1,1,11,4,0,0
/global/archives/10610,South Korea,1,1,1,1,4,4,0,0
/global/archives/10610,United Kingdom,1,1,1,1,329,5,0,0
/global/archives/10654,India,1,2,1,1,0,6,0,0
/global/archives/10654,Netherlands,1,1,1,1,109,3,0,0
/global/archives/10654,Uruguay,1,1,1,1,8,5,0,0
/global/archives/10713,South Korea,1,1,1,1,22,5,0,0
/global/archives/10767,Bulgaria,1,1,1,1,8,5,0,0
/global/archives/10774,Sweden,1,1,1,1,62,5,0,0
/global/archives/10835,Sweden,1,1,1,1,10,5,0,0
/global/archives/10842,South Korea,1,1,1,1,28,5,0,0
/global/archives/10872,Hong Kong,1,1,1,1,7,5,0,0
/global/archives/10897,South Korea,1,1,1,1,24,5,0,0
/global/archives/10913,Netherlands,1,1,1,1,0,4,0,0
/global/archives/10939,Australia,1,2,1,1,0,5,0,0
/global/archives/10939,Hong Kong,1,1,1,1,8,3,0,0
/global/archives/10939,Poland,1,1,1,1,2,4,0,0
/global/archives/10939,Singapore,1,1,1,1,0,4,0,0
/global/archives/10977,South Korea,1,1,1,1,10,3,0,0
/global/archives/10985,China,1,1,1,1,0,4,0,0
/global/archives/10985,Hong Kong,1,1,1,1,23,7,0,0
/global/archives/10985,Vietnam,1,1,1,1,5,5,0,0
/global/archives/11004,Bahrain,1,1,1,1,214,5,0,0
/global/archives/11010,Hong Kong,1,1,1,1,25,5,0,0
/global/archives/11037,Australia,1,1,1,1,1,3,0,0
/global/archives/11037,Japan,1,1,1,1,37,6,0,0
/global/archives/11087,Australia,1,1,1,1,66,6,0,0
/global/archives/11087,Canada,1,1,1,1,7,4,0,0
/global/archives/11087,India,1,1,1,1,31,6,0,0
/global/archives/11087,Singapore,1,1,1,1,270,6,0,0
/global/archives/11161,Spain,1,1,1,1,128,5,0,0
/global/archives/11180,Taiwan,1,1,1,1,26,5,0,0
/global/archives/11214,Netherlands,1,1,1,1,33,5,0,0
/global/archives/11237,Vietnam,1,1,1,1,33,5,0,0
/global/archives/11342,South Korea,1,1,1,1,24,5,0,0
/global/archives/11400,South Korea,1,2,1,1,0,6,0,0
/global/archives/11415,Hong Kong,1,1,1,1,0,4,0,0
/global/archives/11486,Türkiye,1,1,1,1,6,4,0,0
/global/archives/11512,China,1,1,1,1,0,4,0,0
/global/archives/11527,Australia,1,1,1,1,3,4,0,0
/global/archives/11527,India,1,1,1,1,0,2,0,0
/global/archives/11527,Japan,1,1,1,1,18,5,0,0
/global/archives/11537,United Kingdom,1,1,1,1,75,5,0,0
/global/archives/11596,Australia,1,1,1,1,11,4,0,0
/global/archives/11596,Denmark,1,1,1,1,37,6,0,0
/global/archives/11596,Iran,1,1,1,1,12,5,0,0
/global/archives/11596,Singapore,1,1,1,1,9,4,0,0
/global/archives/11756,South Korea,1,1,1,1,7,4,0,0
/global/archives/11807,South Korea,1,2,1,1,0,5,0,0
/global/archives/11853,Albania,1,2,1,1,124,4,0,0
/global/archives/11853,Canada,1,1,1,1,142,5,0,0
/global/archives/11853,Malaysia,1,1,1,1,28,5,0,0
/global/archives/11916,South Korea,1,2,1,1,22,3,0,0
/global/archives/12008,France,1,2,1,1,9,7,0,0
/global/archives/12022,Brazil,1,1,1,1,12,5,0,0
/global/archives/12022,France,1,2,1,1,0,5,0,0
/global/archives/12022,Japan,1,2,1,1,0,6,0,0
/global/archives/12022,Peru,1,1,1,1,76,5,0,0
/global/archives/12036,South Korea,1,1,1,1,13,6,0,0
/global/archives/12091,United States,1,1,1,1,63,5,0,0
/global/archives/12106,Singapore,1,1,1,1,0,4,0,0
/global/archives/12106,South Korea,1,1,1,1,7,4,0,0
/global/archives/12125,South Korea,1,1,1,1,3,5,0,0
/global/archives/12147,South Korea,1,1,1,1,95,4,0,0
/global/archives/12190,India,1,1,1,1,1,3,0,0
/global/archives/12190,Singapore,1,1,1,1,0,2,0,0
/global/archives/12220,Singapore,1,1,1,1,8,5,0,0
/global/archives/12220,South Korea,1,1,1,1,23,4,0,0
/global/archives/12269,India,1,1,1,1,4,5,0,0
/global/archives/12269,South Korea,1,1,1,1,8,6,0,0
/global/archives/12306,India,1,2,1,1,337,6,0,0
/global/archives/12306,Türkiye,1,1,1,1,0,3,0,0
/global/archives/12306,United States,1,1,1,1,68,4,0,0
/global/archives/12349,Canada,1,1,1,1,62,4,0,0
/global/archives/12373,Philippines,1,1,1,1,148,4,0,0
/global/archives/12471,South Korea,1,1,1,1,26,3,0,0
/global/archives/1257,South Korea,1,1,1,1,75,5,0,0
/global/archives/12667,United States,1,1,1,1,26,5,0,0
/global/archives/12692,Philippines,1,1,1,1,0,4,0,0
/global/archives/12692,South Korea,1,2,1,1,7,7,0,0
/global/archives/12878,Taiwan,1,1,1,1,24,5,0,0
/global/archives/12950,South Korea,1,1,1,1,12,5,0,0
/global/archives/12950,Sri Lanka,1,1,1,1,47,6,0,0
/global/archives/13103,Hong Kong,1,1,1,1,30,4,0,0
/global/archives/13103,Singapore,1,1,1,1,28,4,0,0
/global/archives/13103,South Korea,1,1,1,1,7,5,0,0
/global/archives/13130,Singapore,1,1,1,1,24,4,0,0
/global/archives/13184,Luxembourg,1,1,1,1,38,5,0,0
/global/archives/13184,Malaysia,1,1,1,1,0,4,0,0
/global/archives/13211,India,1,1,1,1,15,6,0,0
/global/archives/13327,Bangladesh,1,1,1,1,42,6,0,0
/global/archives/13327,South Korea,1,1,1,1,0,4,0,0
/global/archives/1337,Taiwan,1,1,1,1,644,5,0,0
/global/archives/13478,United Arab Emirates,1,1,1,1,55,3,0,0
/global/archives/13513,India,1,1,1,1,0,3,0,0
/global/archives/13513,Malaysia,1,1,1,1,10,4,0,0
/global/archives/13513,South Korea,1,1,1,1,9,5,0,0
/global/archives/13521,India,1,1,1,1,17,3,0,0
/global/archives/13595,Australia,1,1,1,1,270,6,0,0
/global/archives/13595,China,1,1,1,1,0,2,0,0
/global/archives/13595,Germany,1,1,1,1,16,3,0,0
/global/archives/13748,South Korea,1,2,1,1,0,6,0,0
/global/archives/13748,United Kingdom,1,1,1,1,0,4,0,0
/global/archives/13780,Canada,1,1,1,1,149,5,0,0
/global/archives/13780,Sweden,1,1,1,1,12,5,0,0
/global/archives/13780,Switzerland,1,1,1,1,4,5,0,0
/global/archives/13780,Taiwan,1,1,1,1,3,5,0,0
/global/archives/13780,Thailand,1,1,1,1,0,4,0,0
/global/archives/13850,Ireland,1,1,1,1,1,2,0,0
/global/archives/13850,United States,1,1,1,1,22,5,0,0
/global/archives/13932,Ireland,1,1,1,1,74,5,0,0
/global/archives/1399,South Korea,1,1,1,1,4,6,0,0
/global/archives/14030,South Korea,1,1,1,1,24,4,0,0
/global/archives/14065,Hong Kong,1,1,1,1,17,3,0,0
/global/archives/14065,Malaysia,1,1,1,1,14,5,0,0
/global/archives/14065,Norway,1,1,1,1,23,5,0,0
/global/archives/14078,Azerbaijan,1,1,1,1,27,5,0,0
/global/archives/14078,Canada,1,1,1,1,40,3,0,0
/global/archives/14146,Bangladesh,1,1,1,1,3,5,0,0
/global/archives/14146,United States,1,1,1,1,4,4,0,0
/global/archives/14179,South Korea,1,1,1,1,0,2,0,0
/global/archives/14193,United Kingdom,1,1,1,1,43,6,0,0
/global/archives/14219,China,1,1,1,1,25,4,0,0
/global/archives/14226,Germany,1,1,0,0,0,3,0,0
/global/archives/14226,Hong Kong,1,1,1,1,26,5,0,0
/global/archives/14226,India,1,1,1,1,0,2,0,0
/global/archives/14226,Japan,1,1,1,1,24,3,0,0
/global/archives/14243,Australia,1,1,1,1,53,5,0,0
/global/archives/14243,India,1,1,1,1,1,5,0,0
/global/archives/14243,Singapore,1,1,1,1,31,4,0,0
/global/archives/1425,China,1,1,1,1,0,1,0,0
/global/archives/14264,Germany,1,1,1,1,0,3,0,0
/global/archives/14264,United States,1,1,1,1,2,4,0,0
/global/archives/14302,South Korea,1,1,1,1,7,3,0,0
/global/archives/14309,Hong Kong,1,1,1,1,10,4,0,0
/global/archives/14309,South Korea,1,2,1,1,0,6,0,0
/global/archives/14354,Indonesia,1,1,1,1,408,6,0,0
/global/archives/14354,Saudi Arabia,1,1,1,1,355,6,0,0
/global/archives/14354,South Korea,1,1,1,1,9,5,0,0
/global/archives/14354,United States,1,1,1,1,0,4,0,0
/global/archives/14415,Philippines,1,1,1,1,0,4,0,0
/global/archives/14415,Singapore,1,1,1,1,4,5,0,0
/global/archives/14491,Chile,1,1,1,1,3,4,0,0
/global/archives/14491,France,1,1,1,1,60,5,0,0
/global/archives/14491,Germany,1,1,1,1,0,4,0,0
/global/archives/14493,India,1,1,0,0,0,2,0,0
/global/archives/14493,Japan,1,1,1,1,29,5,0,0
/global/archives/14628,India,1,1,1,1,2,3,0,0
/global/archives/14628,Singapore,1,1,1,1,0,2,0,0
/global/archives/14634,India,1,1,0,0,0,3,0,0
/global/archives/14634,Japan,1,1,1,1,29,5,0,0
/global/archives/14668,United States,1,1,1,1,3,5,0,0
/global/archives/14740,Spain,1,1,1,1,24,6,0,0
/global/archives/14755,South Korea,1,1,1,1,7,4,0,0
/global/archives/14770,Italy,1,1,1,1,1,5,0,0
/global/archives/14788,Japan,1,1,1,1,14,4,0,0
/global/archives/14962,Bangladesh,1,1,1,1,1,5,0,0
/global/archives/15007,Netherlands,1,1,1,1,0,3,0,0
/global/archives/15007,South Korea,1,1,1,1,20,5,0,0
/global/archives/15007,United States,1,1,1,1,1,5,0,0
/global/archives/15067,Argentina,1,1,1,1,2,5,0,0
/global/archives/15067,Bangladesh,1,1,1,1,0,2,0,0
/global/archives/15067,Romania,1,1,1,1,17,5,0,0
/global/archives/15067,Singapore,1,1,1,1,9,4,0,0
/global/archives/15204,Chile,1,1,1,1,0,2,0,0
/global/archives/15204,Germany,1,1,1,1,131,4,0,0
/global/archives/15208,China,1,1,1,1,0,3,0,0
/global/archives/15259,Canada,1,1,1,1,1,4,0,0
/global/archives/15259,South Korea,1,1,1,1,17,5,0,0
/global/archives/15353,Bangladesh,1,1,1,1,0,3,0,0
/global/archives/15353,Singapore,1,1,1,1,11,4,0,0
/global/archives/15374,France,1,1,1,1,16,6,0,0
/global/archives/15374,Malaysia,1,1,1,1,0,4,0,0
/global/archives/15409,Singapore,1,1,1,1,149,5,0,0
/global/archives/15462,India,1,1,1,1,0,4,0,0
/global/archives/15462,Switzerland,1,1,1,1,42,5,0,0
/global/archives/15490,Hong Kong,1,1,1,1,73,4,0,0
/global/archives/15490,India,1,1,1,1,0,3,0,0
/global/archives/15490,Japan,1,1,1,1,0,2,0,0
/global/archives/15490,Türkiye,1,1,1,1,23,5,0,0
/global/archives/15497/skipc_하계봉사8_기부어북,South Korea,1,1,1,1,4,6,0,0
/global/archives/15574,Belgium,1,2,1,1,0,6,0,0
/global/archives/15592,Singapore,1,1,1,1,20,5,0,0
/global/archives/15623,Macao,1,2,1,1,0,6,0,0
/global/archives/15638,Romania,1,1,1,1,54,5,0,0
/global/archives/15654,United States,1,1,1,1,1,3,0,0
/global/archives/15664,Canada,1,1,1,1,117,3,0,0
/global/archives/15664,France,1,2,1,1,1,3,0,0
/global/archives/15664,India,1,2,1,1,0,6,0,0
/global/archives/15664,Singapore,1,2,1,1,0,6,0,0
/global/archives/15664,United States,1,1,1,1,22,4,0,0
/global/archives/15687,Germany,1,1,1,1,120,6,0,0
/global/archives/15687,Philippines,1,1,1,1,30,4,0,0
/global/archives/15689,United States,1,1,1,1,0,4,0,0
/global/archives/15760,Malaysia,1,1,1,1,20,5,0,0
/global/archives/15840,Saudi Arabia,1,2,1,1,0,6,0,0
/global/archives/15865,Pakistan,1,1,1,1,227,5,0,0
/global/archives/15865,South Korea,1,1,1,1,13,4,0,0
/global/archives/15937,Malaysia,1,1,1,1,5,4,0,0
/global/archives/15985,South Korea,1,1,1,1,20,4,0,0
/global/archives/16060,Singapore,1,1,1,1,78,6,0,0
/global/archives/16118,China,1,1,1,1,0,1,0,0
/global/archives/16154,Germany,1,1,1,1,2,5,0,0
/global/archives/16154,India,1,1,0,0,0,3,0,0
/global/archives/16154,Singapore,1,1,1,1,0,4,0,0
/global/archives/16154,South Korea,1,1,1,1,7,6,0,0
/global/archives/16169,China,1,1,1,1,9,5,0,0
/global/archives/16169,India,1,1,1,1,18,5,0,0
/global/archives/16286,Germany,1,1,1,1,0,4,0,0
/global/archives/16286,Malaysia,1,2,1,1,0,6,0,0
/global/archives/16286,South Korea,1,1,1,1,8,4,0,0
/global/archives/16308,South Korea,1,1,1,1,22,5,0,0
/global/archives/16334,South Korea,1,1,1,1,0,3,0,0
/global/archives/16334,United Arab Emirates,1,1,1,1,164,4,0,0
/global/archives/16334,United States,1,1,1,1,5,5,0,0
/global/archives/16376,Canada,1,1,1,1,33,4,0,0
/global/archives/16376,China,1,1,1,1,36,5,0,0
/global/archives/16405,Hungary,1,1,1,1,86,6,0,0
/global/archives/16405,Sweden,1,1,1,1,37,5,0,0
/global/archives/16448,Hong Kong,1,2,1,1,0,5,0,0
/global/archives/16448,Japan,1,1,1,1,28,4,0,0
/global/archives/16448,United Arab Emirates,1,1,1,1,13,5,0,0
/global/archives/16448,United Kingdom,1,2,1,1,0,4,0,0
/global/archives/16448,United States,1,1,1,1,36,4,0,0
/global/archives/16463,India,1,1,1,1,8,5,0,0
/global/archives/16463,Netherlands,1,1,1,1,21,5,0,0
/global/archives/16463,South Korea,1,1,1,1,3,5,0,0
/global/archives/16480,Indonesia,1,1,1,1,36,4,0,0
/global/archives/16480,South Korea,1,1,1,1,13,5,0,0
/global/archives/16493,India,1,1,1,1,13,5,0,0
/global/archives/16532,Australia,1,1,1,1,33,5,0,0
/global/archives/16532,Germany,1,1,1,1,100,5,0,0
/global/archives/16532,Malaysia,1,1,1,1,7,4,0,0
/global/archives/16532,Netherlands,1,1,1,1,8,5,0,0
/global/archives/16532,Singapore,1,1,1,1,8,5,0,0
/global/archives/16563,Germany,1,1,1,1,55,4,0,0
/global/archives/16583,United States,1,1,1,1,64,5,0,0
/global/archives/16719,Vietnam,1,1,1,1,11,4,0,0
/global/archives/16738,United States,1,1,1,1,36,5,0,0
/global/archives/16787,Israel,1,1,1,1,5,5,0,0
/global/archives/16787,United States,1,1,1,1,0,4,0,0
/global/archives/16834,China,1,1,1,1,30,4,0,0
/global/archives/16834,Hong Kong,1,1,1,1,12,5,0,0
/global/archives/16834,India,1,1,1,1,0,2,0,0
/global/archives/16834,Poland,1,1,1,1,4,4,0,0
/global/archives/16834,United Arab Emirates,1,1,1,1,14,3,0,0
/global/archives/16925,United States,1,1,1,1,26,4,0,0
/global/archives/16970,India,1,1,1,1,11,5,0,0
/global/archives/16970,South Korea,1,1,1,1,14,4,0,0
/global/archives/16970,Sweden,1,1,1,1,0,4,0,0
/global/archives/17022,United States,1,1,1,1,9,4,0,0
/global/archives/17047,China,1,1,1,1,7,4,0,0
/global/archives/17134,South Korea,1,1,1,1,10,5,0,0
/global/archives/17144,United States,1,1,1,1,5,4,0,0
/global/archives/17169,Singapore,1,1,1,1,0,4,0,0
/global/archives/17216,Australia,1,2,1,1,0,4,0,0
/global/archives/17216,Belgium,1,1,1,1,0,5,0,0
/global/archives/17216,Germany,1,1,1,1,0,3,0,0
/global/archives/17216,India,1,1,1,1,0,5,0,0
/global/archives/17216,Netherlands,1,1,1,1,1,4,0,0
/global/archives/17216,Spain,1,1,1,1,9,5,0,0
/global/archives/17216,Sweden,1,1,1,1,0,4,0,0
/global/archives/17216,Taiwan,1,1,1,1,4,4,0,0
/global/archives/17216,United Kingdom,1,1,1,1,6,5,0,0
/global/archives/1722,Iraq,1,1,1,1,258,6,0,0
/global/archives/1722,Philippines,1,1,1,1,0,4,0,0
/global/archives/17292,South Korea,1,1,1,1,4,5,0,0
/global/archives/17356,Germany,1,1,1,1,15,4,0,0
/global/archives/17356,United States,1,1,1,1,0,4,0,0
/global/archives/17426,Finland,1,1,1,1,3,5,0,0
/global/archives/17426,Hong Kong,1,2,2,0.5,65,7,0,0
/global/archives/17426,Hungary,1,1,1,1,7,5,0,0
/global/archives/17426,Netherlands,1,1,1,1,12,4,0,0
/global/archives/17426,United Arab Emirates,1,1,1,1,6,4,0,0
/global/archives/17426,Vietnam,1,1,1,1,0,4,0,0
/global/archives/17446,South Korea,1,1,1,1,59,5,0,0
/global/archives/17460,Canada,1,1,1,1,0,4,0,0
/global/archives/17476,Canada,1,1,1,1,1,5,0,0
/global/archives/17499,India,1,1,0,0,0,2,0,0
/global/archives/17499,Iran,1,1,1,1,0,4,0,0
/global/archives/17499,Japan,1,1,1,1,23,4,0,0
/global/archives/17499,Singapore,1,1,1,1,52,5,0,0
/global/archives/17499,South Korea,1,1,1,1,28,6,0,0
/global/archives/17499,Sweden,1,1,1,1,822,6,0,0
/global/archives/17499,United States,1,1,1,1,0,4,0,0
/global/archives/17514,India,1,1,1,1,22,5,0,0
/global/archives/17514,Malaysia,1,1,1,1,22,4,0,0
/global/archives/17569,India,1,1,1,1,69,5,0,0
/global/archives/17569,Russia,1,1,1,1,8,5,0,0
/global/archives/17595,Hong Kong,1,2,1,1,249,5,0,0
/global/archives/17595,Netherlands,1,1,1,1,0,4,0,0
/global/archives/17595,Singapore,1,2,1,1,9,3,0,0
/global/archives/17623,India,1,1,1,1,50,5,0,0
/global/archives/17737,France,1,2,2,0.5,0,4,0,0
/global/archives/17737,Germany,1,1,1,1,236,3,0,0
/global/archives/17796,Hong Kong,1,2,1,1,15,5,0,0
/global/archives/17796,India,1,1,1,1,14,5,0,0
/global/archives/17796,Japan,1,1,1,1,693,4,0,0
/global/archives/17817,Hong Kong,1,1,1,1,8,4,0,0
/global/archives/17817,South Korea,1,1,1,1,103,4,0,0
/global/archives/17817,Sweden,1,1,1,1,9,4,0,0
/global/archives/17817,United States,1,1,1,1,28,4,0,0
/global/archives/17844,Hong Kong,1,1,1,1,2,4,0,0
/global/archives/17863,Argentina,1,1,1,1,64,4,0,0
/global/archives/17863,France,1,1,1,1,693,3,0,0
/global/archives/17863,India,1,1,1,1,84,4,0,0
/global/archives/17863,United States,1,1,1,1,226,4,0,0
/global/archives/17950,Germany,1,2,1,1,0,5,0,0
/global/archives/17950,Japan,1,1,1,1,3,4,0,0
/global/archives/17965,South Korea,1,1,1,1,0,3,0,0
/global/archives/17965,United States,1,1,1,1,40,6,0,0
/global/archives/17978,Hong Kong,1,1,1,1,5,5,0,0
/global/archives/17990,India,1,2,1,1,0,6,0,0
/global/archives/18022,Germany,1,1,1,1,46,3,0,0
/global/archives/18022,Indonesia,1,1,1,1,0,4,0,0
/global/archives/18022,South Korea,1,1,1,1,16,4,0,0
/global/archives/18022,Spain,1,1,1,1,134,6,0,0
/global/archives/18065,Belgium,1,1,1,1,71,4,0,0
/global/archives/18065,Brazil,1,1,1,1,247,4,0,0
/global/archives/18065,Canada,1,1,1,1,26,4,0,0
/global/archives/18065,China,1,1,1,1,19,2,0,0
/global/archives/18065,Macao,1,1,1,1,0,3,0,0
/global/archives/18065,South Korea,1,1,1,1,0,3,0,0
/global/archives/18107,Belgium,1,1,1,1,119,5,0,0
/global/archives/18107,Cambodia,1,1,1,1,0,4,0,0
/global/archives/18107,Germany,1,1,1,1,51,6,0,0
/global/archives/18107,Hong Kong,1,1,1,1,26,5,0,0
/global/archives/18107,Nigeria,1,1,1,1,0,4,0,0
/global/archives/18107,Poland,1,1,1,1,402,4,0,0
/global/archives/18107,Russia,1,1,1,1,65,6,0,0
/global/archives/18107,Singapore,1,1,1,1,237,5,0,0
/global/archives/18107,South Korea,1,1,1,1,157,6,0,0
/global/archives/18107,Sri Lanka,1,1,1,1,0,4,0,0
/global/archives/18107,Uganda,1,1,1,1,50,6,0,0
/global/archives/18140,China,1,1,1,1,0,3,0,0
/global/archives/18167,South Korea,1,1,1,1,0,4,0,0
/global/archives/18167,Taiwan,1,1,1,1,2,3,0,0
/global/archives/18167,United States,1,1,1,1,0,3,0,0
/global/archives/18208,Poland,1,1,1,1,26,5,0,0
/global/archives/18208,South Korea,1,1,1,1,9,4,0,0
/global/archives/18208,Spain,1,1,1,1,82,4,0,0
/global/archives/18208,United States,1,1,1,1,0,2,0,0
/global/archives/18268,Poland,1,1,1,1,6,4,0,0
/global/archives/18268,United States,1,1,1,1,0,3,0,0
/global/archives/18283,(not set),1,1,1,1,0,4,0,0
/global/archives/18283,Italy,1,2,1,1,0,5,0,0
/global/archives/18283,Netherlands,1,1,1,1,18,5,0,0
/global/archives/18283,Philippines,1,1,1,1,25,4,0,0
/global/archives/18283,Sweden,1,1,1,1,4,5,0,0
/global/archives/18283,Switzerland,1,1,1,1,5,5,0,0
/global/archives/18301,Australia,1,1,1,1,17,4,0,0
/global/archives/18301,Brazil,1,1,1,1,135,4,0,0
/global/archives/18301,France,1,1,1,1,1,6,0,0
/global/archives/18301,Germany,1,1,1,1,0,4,0,0
/global/archives/18301,Hungary,1,2,1,1,442,4,0,0
/global/archives/18301,Netherlands,1,1,1,1,80,3,0,0
/global/archives/18301,Russia,1,1,1,1,0,4,0,0
/global/archives/18301,Spain,1,1,1,1,0,3,0,0
/global/archives/18332,Mexico,1,1,1,1,58,5,0,0
/global/archives/18332,Singapore,1,2,1,1,5,5,0,0
/global/archives/18332,Taiwan,1,1,1,1,39,4,0,0
/global/archives/18361,Australia,1,1,1,1,0,4,0,0
/global/archives/18361,Austria,1,1,1,1,0,4,0,0
/global/archives/18361,Finland,1,1,1,1,5,4,0,0
/global/archives/18361,Indonesia,1,1,1,1,8,5,0,0
/global/archives/18361,Japan,1,2,1,1,0,5,0,0
/global/archives/18361,Netherlands,1,1,1,1,0,4,0,0
/global/archives/18361,Norway,1,1,1,1,47,4,0,0
/global/archives/18361,Russia,1,1,1,1,0,3,0,0
/global/archives/18361,Sri Lanka,1,1,1,1,34,5,0,0
/global/archives/18361,Vietnam,1,1,1,1,8,5,0,0
/global/archives/18374,Brazil,1,1,1,1,98,5,0,0
/global/archives/18374,Canada,1,1,1,1,27,4,0,0
/global/archives/18374,Finland,1,1,1,1,0,4,0,0
/global/archives/18374,France,1,1,1,1,0,4,0,0
/global/archives/18374,Indonesia,1,1,1,1,1,3,0,0
/global/archives/18374,Norway,1,1,1,1,19,4,0,0
/global/archives/18374,Spain,1,1,1,1,6,5,0,0
/global/archives/18388,Argentina,1,1,1,1,559,6,0,0
/global/archives/18388,Croatia,1,1,1,1,124,5,0,0
/global/archives/18388,Czechia,1,1,1,1,2,6,0,0
/global/archives/18388,Greece,1,1,1,1,56,5,0,0
/global/archives/18388,Malta,1,2,1,1,0,6,0,0
/global/archives/18388,Philippines,1,2,1,1,295,7,0,0
/global/archives/18388,Switzerland,1,1,1,1,627,6,0,0
/global/archives/18388,Taiwan,1,1,1,1,14,4,0,0
/global/archives/18388,Türkiye,1,1,1,1,0,4,0,0
/global/archives/18421,China,1,1,1,1,27,2,0,0
/global/archives/18421,Norway,1,1,1,1,3,5,0,0
/global/archives/18421,Philippines,1,1,1,1,19,4,0,0
/global/archives/18421,Singapore,1,1,1,1,0,4,0,0
/global/archives/1903,India,1,1,1,1,0,4,0,0
/global/archives/1960,India,1,1,1,1,25,6,0,0
/global/archives/1960,South Korea,1,1,1,1,79,4,0,0
/global/archives/2026,Canada,1,1,1,1,187,6,0,0
/global/archives/2241,France,1,2,1,1,0,5,0,0
/global/archives/2280,United States,1,1,1,1,299,4,0,0
/global/archives/2329,United States,1,1,1,1,16,5,0,0
/global/archives/2329,Vietnam,1,1,1,1,25,4,0,0
/global/archives/2490,Romania,1,1,1,1,2,3,0,0
/global/archives/253,Singapore,1,2,1,1,0,6,0,0
/global/archives/2675,United States,1,1,1,1,0,3,0,0
/global/archives/2761,South Korea,1,1,1,1,0,4,0,0
/global/archives/3005,India,1,1,1,1,8,4,0,0
/global/archives/3005,United Kingdom,1,1,1,1,0,4,0,0
/global/archives/311,United Arab Emirates,1,1,1,1,479,6,0,0
/global/archives/3123,France,1,1,1,1,38,5,0,0
/global/archives/3123,United States,1,1,1,1,2,4,0,0
/global/archives/3304,United Kingdom,1,1,1,1,4,4,0,0
/global/archives/3393,Poland,1,1,1,1,0,4,0,0
/global/archives/3464,Hong Kong,1,1,1,1,50,5,0,0
/global/archives/3464,India,1,1,1,1,13,4,0,0
/global/archives/356,South Korea,1,1,1,1,0,4,0,0
/global/archives/3820,Bulgaria,1,2,1,1,2,7,0,0
/global/archives/3820,China,1,1,1,1,1,4,0,0
/global/archives/3820,Czechia,1,1,1,1,91,5,0,0
/global/archives/3820,India,1,1,1,1,44,5,0,0
/global/archives/3820,Poland,1,1,1,1,0,4,0,0
/global/archives/3820,United Kingdom,1,2,1,1,0,6,0,0
/global/archives/3820,United States,1,1,1,1,52,5,0,0
/global/archives/3830,United States,1,1,1,1,0,4,0,0
/global/archives/3859,Sweden,1,1,1,1,14,3,0,0
/global/archives/3962,Australia,1,1,1,1,43,6,0,0
/global/archives/3962,Netherlands,1,1,1,1,28,5,0,0
/global/archives/3962,South Korea,1,1,1,1,18,5,0,0
/global/archives/3985,India,1,2,1,1,0,6,0,0
/global/archives/4110,India,1,1,1,1,4,5,0,0
/global/archives/4110,Indonesia,1,1,1,1,2,5,0,0
/global/archives/4193,Thailand,1,1,1,1,21,6,0,0
/global/archives/4239,United Kingdom,1,1,1,1,20,5,0,0
/global/archives/4308,Austria,1,1,1,1,0,4,0,0
/global/archives/4308,South Korea,1,1,1,1,15,6,0,0
/global/archives/4309,China,1,1,1,1,20,4,0,0
/global/archives/4450,India,1,1,1,1,28,4,0,0
/global/archives/4482,Netherlands,1,1,1,1,19,4,0,0
/global/archives/4482,Slovenia,1,1,1,1,10,5,0,0
/global/archives/4499,Philippines,1,1,1,1,37,5,0,0
/global/archives/4518,Japan,1,1,1,1,5,5,0,0
/global/archives/4518,Thailand,1,1,1,1,37,4,0,0
/global/archives/4518,United States,1,1,1,1,40,5,0,0
/global/archives/4705,Hong Kong,1,1,1,1,23,5,0,0
/global/archives/4705,Japan,1,1,1,1,7,5,0,0
/global/archives/4728,Germany,1,1,1,1,9,5,0,0
/global/archives/4728,Türkiye,1,1,1,1,0,4,0,0
/global/archives/4751,Hong Kong,1,1,1,1,21,5,0,0
/global/archives/4751,Romania,1,1,1,1,1,4,0,0
/global/archives/4776,China,1,1,1,1,0,4,0,0
/global/archives/4776,United States,1,2,1,1,0,6,0,0
/global/archives/4793,Japan,1,1,1,1,38,5,0,0
/global/archives/4793,Singapore,1,1,1,1,19,6,0,0
/global/archives/4844,South Korea,1,1,1,1,8,5,0,0
/global/archives/489,India,1,1,1,1,0,4,0,0
/global/archives/507,South Korea,1,1,1,1,5,5,0,0
/global/archives/5136,United States,1,1,1,1,0,4,0,0
/global/archives/5234,Japan,1,1,1,1,7,4,0,0
/global/archives/5234,South Korea,1,1,1,1,123,6,0,0
/global/archives/5247,South Korea,1,1,1,1,7,5,0,0
/global/archives/5357,Vietnam,1,1,1,1,9,5,0,0
/global/archives/5772,Bangladesh,1,2,1,1,0,6,0,0
/global/archives/5892,South Korea,1,1,1,1,2,5,0,0
/global/archives/5892,Ukraine,1,1,1,1,16,5,0,0
/global/archives/5944,Thailand,1,1,1,1,0,4,0,0
/global/archives/5981,Indonesia,1,1,1,1,6,3,0,0
/global/archives/5994,Hong Kong,1,1,1,1,0,2,0,0
/global/archives/5994,Hungary,1,1,1,1,3,5,0,0
/global/archives/6014,United States,1,2,1,1,104,7,0,0
/global/archives/6150,South Korea,1,1,1,1,2,3,0,0
/global/archives/6197,United States,1,2,1,1,35,7,0,0
/global/archives/6216,Albania,1,2,1,1,0,6,0,0
/global/archives/6216,China,1,1,1,1,0,4,0,0
/global/archives/6216,Germany,1,1,1,1,0,4,0,0
/global/archives/6216,India,1,1,1,1,20,5,0,0
/global/archives/6216,Indonesia,1,1,1,1,15,6,0,0
/global/archives/6216,Israel,1,1,1,1,10,5,0,0
/global/archives/6216,Italy,1,1,1,1,31,6,0,0
/global/archives/6216,Norway,1,1,1,1,11,5,0,0
/global/archives/6216,Slovenia,1,1,1,1,510,3,0,0
/global/archives/6216,Spain,1,1,1,1,43,6,0,0
/global/archives/6216,United States,1,1,1,1,20,5,0,0
/global/archives/6253,Thailand,1,1,1,1,0,4,0,0
/global/archives/631,Vietnam,1,1,1,1,114,6,0,0
/global/archives/6343,South Korea,1,1,1,1,0,4,0,0
/global/archives/6377,Canada,1,1,1,1,10,5,0,0
/global/archives/6377,Philippines,1,1,1,1,19,5,0,0
/global/archives/6436,Poland,1,1,1,1,19,5,0,0
/global/archives/648,Chile,1,1,1,1,7,5,0,0
/global/archives/6517,South Korea,1,1,1,1,21,5,0,0
/global/archives/6517,Sweden,1,1,1,1,0,3,0,0
/global/archives/6734,Vietnam,1,1,1,1,331,5,0,0
/global/archives/6871,Hong Kong,1,1,1,1,12,4,0,0
/global/archives/6971,India,1,1,1,1,0,4,0,0
/global/archives/7043,Malaysia,1,1,1,1,10,5,0,0
/global/archives/7125,South Korea,1,1,1,1,173,4,0,0
/global/archives/7168,Hong Kong,1,1,1,1,53,4,0,0
/global/archives/7245,Japan,1,1,1,1,11,5,0,0
/global/archives/7262,Hong Kong,1,1,1,1,0,3,0,0
/global/archives/7292,Australia,1,1,1,1,0,4,0,0
/global/archives/7292,Singapore,1,1,1,1,0,3,0,0
/global/archives/7292,South Korea,1,1,1,1,12,6,0,0
/global/archives/7302,South Korea,1,1,1,1,28,4,0,0
/global/archives/7319,China,1,1,1,1,12,5,0,0
/global/archives/7319,India,1,1,1,1,0,3,0,0
/global/archives/7319,Singapore,1,1,1,1,88,4,0,0
/global/archives/7319,Sweden,1,1,1,1,4,5,0,0
/global/archives/7319,Ukraine,1,1,1,1,10,5,0,0
/global/archives/7445,Poland,1,1,1,1,8,4,0,0
/global/archives/7445,Romania,1,1,1,1,3,4,0,0
/global/archives/7445,United States,1,2,1,1,4,4,0,0
/global/archives/7476,Singapore,1,1,1,1,0,4,0,0
/global/archives/7596,France,1,1,1,1,19,5,0,0
/global/archives/7596,Germany,1,1,1,1,0,4,0,0
/global/archives/7633,Singapore,1,1,1,1,38,5,0,0
/global/archives/7633,United States,1,1,1,1,18,5,0,0
/global/archives/7670,Sweden,1,1,1,1,68,5,0,0
/global/archives/7710,Ukraine,1,1,1,1,95,5,0,0
/global/archives/7740,Indonesia,1,2,1,1,0,6,0,0
/global/archives/7740,Israel,1,1,1,1,22,5,0,0
/global/archives/7761,Spain,1,1,1,1,50,4,0,0
/global/archives/7784,India,1,1,1,1,3,5,0,0
/global/archives/7894,South Korea,1,1,1,1,16,4,0,0
/global/archives/7906,United States,1,1,1,1,140,5,0,0
/global/archives/7961,India,1,1,1,1,25,3,0,0
/global/archives/7961,United States,1,1,1,1,6,3,0,0
/global/archives/8046,Australia,1,2,1,1,43,4,0,0
/global/archives/8046,United Kingdom,1,1,1,1,66,5,0,0
/global/archives/8067,Canada,1,1,1,1,25,5,0,0
/global/archives/8067,Singapore,1,1,1,1,19,6,0,0
/global/archives/8152,France,1,1,1,1,14,5,0,0
/global/archives/822,Germany,1,1,1,1,43,6,0,0
/global/archives/822,Hungary,1,1,1,1,17,5,0,0
/global/archives/8327,Japan,1,1,1,1,18,5,0,0
/global/archives/8327,Thailand,1,1,1,1,15,6,0,0
/global/archives/8350,China,1,2,1,1,23,3,0,0
/global/archives/8383,France,1,1,1,1,16,5,0,0
/global/archives/8383,South Korea,1,1,1,1,2,5,0,0
/global/archives/851,Germany,1,1,1,1,15,5,0,0
/global/archives/8829,India,1,1,0,0,0,3,0,0
/global/archives/8829,South Korea,1,1,1,1,4,5,0,0
/global/archives/8899,South Korea,1,1,1,1,117,5,0,0
/global/archives/8899,United States,1,1,1,1,19,5,0,0
/global/archives/9096,South Korea,1,1,1,1,35,3,0,0
/global/archives/9191,Spain,1,2,1,1,0,6,0,0
/global/archives/9264,Japan,1,1,1,1,67,4,0,0
/global/archives/9333,Taiwan,1,2,1,1,0,4,0,0
/global/archives/9480,Ukraine,1,1,1,1,0,4,0,0
/global/archives/9509,South Korea,1,1,1,1,82,5,0,0
/global/archives/9548,Hungary,1,1,1,1,15,4,0,0
/global/archives/9548,South Korea,1,1,1,1,608,6,0,0
/global/archives/9616,China,1,1,1,1,0,3,0,0
/global/archives/9648,United Kingdom,1,1,1,1,0,2,0,0
/global/archives/9668,South Korea,1,1,1,1,0,3,0,0
/global/archives/9695,Italy,1,2,1,1,13,6,0,0
/global/archives/9709,India,1,1,1,1,17,5,0,0
/global/archives/9709,Japan,1,1,1,1,27,5,0,0
/global/archives/9709,United States,1,1,1,1,1,5,0,0
/global/archives/9715,Japan,1,1,1,1,0,4,0,0
/global/archives/9715,South Korea,1,2,1,1,9,3,0,0
/global/archives/9740,Australia,1,1,1,1,33,5,0,0
/global/archives/9740,Indonesia,1,1,1,1,311,5,0,0
/global/archives/9740,Japan,1,2,1,1,21,5,0,0
/global/archives/9740,Philippines,1,1,1,1,0,3,0,0
/global/archives/9740,Taiwan,1,1,1,1,0,4,0,0
/global/archives/9740,United States,1,1,1,1,11,5,0,0
/global/archives/9740,Vietnam,1,1,1,1,0,4,0,0
/global/archives/9803,China,1,1,1,1,173,6,0,0
/global/archives/9837,Singapore,1,1,1,1,0,4,0,0
/global/archives/9893,United States,1,1,1,1,0,4,0,0
/global/archives/9910,China,1,1,1,1,93,5,0,0
/global/archives/9910,Singapore,1,2,1,1,0,6,0,0
/global/archives/9910,South Korea,1,1,1,1,25,3,0,0
/global/archives/9910,United Kingdom,1,1,1,1,15,5,0,0
/global/archives/9968,United States,1,1,1,1,0,4,0,0
/global/archives/category/corporate/sk-energy,Malaysia,1,1,1,1,9,5,0,0
/global/archives/category/corporate/sk-energy,Uzbekistan,1,1,1,1,3,4,0,0
/global/archives/category/corporate/sk-enmove,Pakistan,1,1,1,1,95,6,0,0
/global/archives/category/corporate/sk-enmove,Philippines,1,1,1,1,19,5,0,0
/global/archives/category/corporate/sk-enmove,Taiwan,1,1,1,1,5,5,0,0
/global/archives/category/corporate/sk-enmove,United States,1,1,1,1,8,5,0,0
/global/archives/category/corporate/sk-ie-technology,Japan,1,1,1,1,15,5,0,0
/global/archives/category/corporate/sk-on,South Korea,1,1,1,1,0,4,0,0
/global/archives/category/corporate/sk-rading-international,Spain,1,1,1,1,6,5,0,0
/global/archives/category/corporates,Australia,1,1,1,1,2,4,0,0
/global/archives/category/corporates,Canada,1,1,1,1,6,4,0,0
/global/archives/category/corporates,France,1,1,1,1,91,4,0,0
/global/archives/category/corporates,India,1,1,1,1,7,4,0,0
/global/archives/category/corporates,United Arab Emirates,1,1,1,1,11,4,0,0
/global/archives/category/corporates/sk-earthon,Saudi Arabia,1,1,1,1,120,3,0,0
/global/archives/category/corporates/sk-energy,Germany,1,1,1,1,43,4,0,0
/global/archives/category/corporates/sk-energy,Malaysia,1,1,1,1,4,4,0,0
/global/archives/category/corporates/sk-energy,Poland,1,1,1,1,69,4,0,0
/global/archives/category/corporates/sk-energy,United States,1,1,1,1,1,2,0,0
/global/archives/category/corporates/sk-energy,Yemen,1,1,1,1,0,3,0,0
/global/archives/category/corporates/sk-enmove,France,1,2,1,1,0,5,0,0
/global/archives/category/corporates/sk-enmove,Singapore,1,1,1,1,8,4,0,0
/global/archives/category/corporates/sk-enterm,Australia,1,1,1,1,5,6,0,0
/global/archives/category/corporates/sk-enterm,India,1,1,1,1,0,4,0,0
/global/archives/category/corporates/sk-enterm,United Kingdom,1,1,1,1,6,6,0,0
/global/archives/category/corporates/sk-enterm,United States,1,1,1,1,6,4,0,0
/global/archives/category/corporates/sk-geo-centric,Australia,1,1,0,0,0,3,0,0
/global/archives/category/corporates/sk-geo-centric,France,1,1,1,1,29,4,0,0
/global/archives/category/corporates/sk-incheon-petrochem,Hong Kong,1,1,1,1,0,3,0,0
/global/archives/category/corporates/sk-incheon-petrochem,Singapore,1,1,1,1,10,4,0,0
/global/archives/category/corporates/sk-innovation,Egypt,1,1,1,1,18,4,0,0
/global/archives/category/corporates/sk-innovation,Germany,1,1,1,1,20,4,0,0
/global/archives/category/corporates/sk-innovation,Macao,1,1,1,1,0,2,0,0
/global/archives/category/corporates/sk-innovation,South Korea,1,1,1,1,4,4,0,0
/global/archives/category/corporates/sk-on,Canada,1,1,1,1,0,3,0,0
/global/archives/category/corporates/sk-on,France,1,1,1,1,44,4,0,0
/global/archives/category/corporates/sk-on,Hungary,1,2,1,1,20,5,0,0
/global/archives/category/corporates/sk-on,India,1,1,1,1,9,4,0,0
/global/archives/category/corporates/sk-on,Indonesia,1,1,1,1,7,5,0,0
/global/archives/category/corporates/sk-on,Singapore,1,1,1,1,6,3,0,0
/global/archives/category/corporates/sk-on,Slovakia,1,1,1,1,5,4,0,0
/global/archives/category/corporates/sk-rading-international,Singapore,1,1,1,1,18,4,0,0
/global/archives/category/corporates/sk-rading-international,Spain,1,1,1,1,9,5,0,0
/global/archives/category/corporates/sk-rading-international,Yemen,1,1,1,1,21,4,0,0
/global/archives/category/insight,China,1,1,1,1,3,3,0,0
/global/archives/category/insight,France,1,1,1,1,3,4,0,0
/global/archives/category/insight,Japan,1,1,1,1,7,4,0,0
/global/archives/category/insight,Vietnam,1,2,1,1,0,5,0,0
/global/archives/category/insight/expert-voice,United States,1,1,1,1,15,4,0,0
/global/archives/category/insight/trend_report,Australia,1,1,1,1,4,4,0,0
/global/archives/category/insight/trend_report,Canada,1,1,1,1,7,4,0,0
/global/archives/category/insight/trend_report,China,1,1,1,1,0,1,0,0
/global/archives/category/insight/trend_report,France,1,1,1,1,14,4,0,0
/global/archives/category/insight/trend_report,Singapore,1,2,1,1,7,5,0,0
/global/archives/category/people,Germany,1,1,1,1,23,4,0,0
/global/archives/category/people,Hong Kong,1,1,1,1,7,4,0,0
/global/archives/category/people,Hungary,1,1,1,1,50,5,0,0
/global/archives/category/people,Türkiye,1,1,1,1,3,4,0,0
/global/archives/category/people/inno-people,Saudi Arabia,1,1,1,1,55,3,0,0
/global/archives/category/people/inno-people,Singapore,1,1,1,1,29,4,0,0
/global/archives/category/people/inno-people,United Kingdom,1,1,1,1,12,4,0,0
/global/archives/category/people/inno-people,United States,1,2,2,0.5,8,5,0,0
/global/archives/category/people/onsite-report,United Arab Emirates,1,1,1,1,44,4,0,0
/global/archives/category/people/onsite-report,United States,1,1,1,1,15,3,0,0
/global/archives/category/people/sustainability,Egypt,1,1,1,1,8,4,0,0
/global/archives/category/people/sustainability,France,1,1,1,1,13,4,0,0
/global/archives/category/people/sustainability,South Korea,1,1,1,1,2,3,0,0
/global/archives/category/people/sustainability,United States,1,1,1,1,9,4,0,0
/global/archives/category/press-room,Australia,1,1,1,1,13,4,0,0
/global/archives/category/press-room,France,1,1,1,1,2,4,0,0
/global/archives/category/press-room,Hong Kong,1,1,1,1,39,4,0,0
/global/archives/category/press-room,Malaysia,1,1,1,1,37,4,0,0
/global/archives/category/press-room/financial-results,Malaysia,1,1,1,1,25,4,0,0
/global/archives/category/press-room/financial-results,Ukraine,1,1,1,1,2,5,0,0
/global/archives/category/press-room/issue-fact,Australia,1,1,1,1,0,3,0,0
/global/archives/category/press-room/issue-fact,Canada,1,1,1,1,9,4,0,0
/global/archives/category/press-room/issue-fact,China,1,1,1,1,5,3,0,0
/global/archives/category/press-room/issue-fact,India,1,1,1,1,45,4,0,0
/global/archives/category/press-room/issue-fact,South Korea,1,1,1,1,8,4,0,0
/global/archives/category/press-room/press-release,Canada,1,2,1,1,3,5,0,0
/global/archives/category/press-room/press-release,Germany,1,1,1,1,33,4,0,0
/global/archives/category/press-room/press-release,Hong Kong,1,1,1,1,0,4,0,0
/global/archives/category/press-room/press-release,Macao,1,1,1,1,0,3,0,0
/global/archives/category/press-room/press-release,United Kingdom,1,1,1,1,23,4,0,0
/global/archives/tag/3r,South Korea,1,1,1,1,3,5,0,0
/global/archives/tag/atvm,South Korea,1,1,1,1,6,5,0,0
/global/archives/tag/best-of-innovation-awards,South Korea,1,1,1,1,3,5,0,0
/global/archives/tag/best-oil-company,Myanmar (Burma),1,1,1,1,7,6,0,0
/global/archives/tag/blueovalsk,United States,1,1,1,1,0,4,0,0
/global/archives/tag/board-of-directors,Sweden,1,1,1,1,7,5,0,0
/global/archives/tag/canada,Malaysia,1,1,1,1,22,5,0,0
/global/archives/tag/carbon-capture,United States,1,1,1,1,15,5,0,0
/global/archives/tag/ceo,Singapore,1,1,1,1,16,4,0,0
/global/archives/tag/depolymerization,South Korea,1,1,1,1,2,5,0,0
/global/archives/tag/digital-transformation,India,1,1,1,1,1,5,0,0
/global/archives/tag/ecopro,Germany,1,1,1,1,2,5,0,0
/global/archives/tag/ecopro-bm,Slovenia,1,1,1,1,16,5,0,0
/global/archives/tag/ecopro-bm,United States,1,1,1,1,2,4,0,0
/global/archives/tag/europe,France,1,1,1,1,10,5,0,0
/global/archives/tag/ev-battery,Germany,1,1,1,1,40,4,0,0
/global/archives/tag/exhibition,South Korea,1,1,1,1,0,3,0,0
/global/archives/tag/f-150-lightning,United States,1,1,1,1,3,5,0,0
/global/archives/tag/financial-results,Panama,1,1,1,1,5,4,0,0
/global/archives/tag/ford,United States,1,1,1,1,11,3,0,0
/global/archives/tag/georgia,Hungary,1,1,1,1,37,6,0,0
/global/archives/tag/goodenough,Italy,1,1,1,1,10,4,0,0
/global/archives/tag/green-bonds,France,1,1,1,1,5,5,0,0
/global/archives/tag/green-bonds,Hong Kong,1,1,1,1,10,5,0,0
/global/archives/tag/green-bonds,Spain,1,1,1,1,16,5,0,0
/global/archives/tag/green-bonds,United Kingdom,1,1,1,1,6,6,0,0
/global/archives/tag/green-bonds,United States,1,1,1,1,12,5,0,0
/global/archives/tag/hungary,Poland,1,1,1,1,20,5,0,0
/global/archives/tag/hungary,South Korea,1,1,1,1,4,4,0,0
/global/archives/tag/hyundai-mobis,Germany,1,1,1,1,10,5,0,0
/global/archives/tag/immersion-cooling-fluids,Germany,1,1,1,1,7,6,0,0
/global/archives/tag/inobus,Germany,1,1,1,1,4,5,0,0
/global/archives/tag/interbattery-2023,South Korea,1,1,1,1,0,4,0,0
/global/archives/tag/investment,United States,1,1,1,1,0,4,0,0
/global/archives/tag/jee-dong-seob,Singapore,1,1,1,1,6,4,0,0
/global/archives/tag/jv,Germany,1,1,1,1,6,3,0,0
/global/archives/tag/lfp,Norway,1,1,1,1,3,5,0,0
/global/archives/tag/libs,United States,1,1,1,1,2,2,0,0
/global/archives/tag/liquid-immersion-cooling,Japan,1,1,1,1,9,4,0,0
/global/archives/tag/liquid-immersion-cooling-system,South Korea,1,1,1,1,4,4,0,0
/global/archives/tag/lithium-ion-batteries,Bulgaria,1,1,1,1,0,4,0,0
/global/archives/tag/lithium-ion-battery,Indonesia,1,1,1,1,22,5,0,0
/global/archives/tag/macarong-factory,India,1,1,1,1,13,5,0,0
/global/archives/tag/malaysia,Malaysia,1,1,1,1,28,4,0,0
/global/archives/tag/marine-innovation,United States,1,1,1,1,38,5,0,0
/global/archives/tag/mbwa,United States,1,1,1,1,19,5,0,0
/global/archives/tag/ncm811,United States,1,1,1,1,0,3,0,0
/global/archives/tag/ncm9,United States,1,1,1,1,5,5,0,0
/global/archives/tag/paraxylene-production,Hong Kong,1,1,1,1,1,4,0,0
/global/archives/tag/pbat,China,1,2,1,1,41,7,0,0
/global/archives/tag/plogging,Singapore,1,1,1,1,20,4,0,0
/global/archives/tag/pouch-type-battery,Germany,1,1,1,1,13,6,0,0
/global/archives/tag/pouch-type-battery,South Korea,1,1,1,1,41,5,0,0
/global/archives/tag/pyrolysis,South Korea,1,1,1,1,3,3,0,0
/global/archives/tag/sales,Hong Kong,1,1,1,1,5,4,0,0
/global/archives/tag/seosan,South Korea,1,1,1,1,12,6,0,0
/global/archives/tag/separator,India,1,1,1,1,63,3,0,0
/global/archives/tag/separator,Japan,1,1,1,1,10,5,0,0
/global/archives/tag/separator,Norway,1,1,1,1,3,4,0,0
/global/archives/tag/sk-ecoplant,Japan,1,1,1,1,3,4,0,0
/global/archives/tag/sk-es,South Korea,1,1,1,1,8,6,0,0
/global/archives/tag/sk-global-chemical-shanghai,Germany,1,1,1,1,1,5,0,0
/global/archives/tag/sk-global-forum,United States,1,1,1,1,8,5,0,0
/global/archives/tag/sk-hi-tech-battery-materials-poland,Italy,1,1,1,1,3,4,0,0
/global/archives/tag/sk-hi-tech-battery-materials-poland,Ukraine,1,1,1,1,1,5,0,0
/global/archives/tag/sk-innovations-institute-of-environmental-science-technology,United Kingdom,1,1,1,1,9,6,0,0
/global/archives/tag/sk-on-hungary-skoh-and-sk-battery-manufacturing,India,1,1,1,1,0,4,0,0
/global/archives/tag/sk-primacor-europe,Türkiye,1,1,1,1,103,5,0,0
/global/archives/tag/skba,United States,1,1,1,1,0,4,0,0
/global/archives/tag/skbh,India,1,1,1,1,1,5,0,0
/global/archives/tag/skbm,South Korea,1,1,1,1,4,4,0,0
/global/archives/tag/skbmc,China,1,1,1,1,18,5,0,0
/global/archives/tag/skbmp,South Korea,1,1,1,1,0,3,0,0
/global/archives/tag/skeo,Malaysia,1,1,1,1,11,5,0,0
/global/archives/tag/skeo-hcm,South Korea,1,1,1,1,12,3,0,0
/global/archives/tag/skgc,Japan,1,1,1,1,5,5,0,0
/global/archives/tag/skgca,France,1,1,1,1,10,6,0,0
/global/archives/tag/skipc,South Korea,1,1,1,1,28,5,0,0
/global/archives/tag/skoh,Türkiye,1,1,1,1,19,5,0,0
/global/archives/tag/skti,South Korea,1,1,1,1,0,3,0,0
/global/archives/tag/sk综合化学,United States,1,1,1,1,2,5,0,0
/global/archives/tag/solid-power,Finland,1,1,1,1,16,5,0,0
/global/archives/tag/solid-power,Singapore,1,1,1,1,17,5,0,0
/global/archives/tag/spinoff,Hong Kong,1,1,1,1,11,5,0,0
/global/archives/tag/steam-purge,China,1,1,1,1,0,3,0,0
/global/archives/tag/vinfast,South Korea,1,1,1,1,12,6,0,0
/global/archives/tag/wechat,Brazil,1,1,1,1,4,5,0,0
/global/archives/tag/zhejiang-satellite-petrochemical,South Korea,1,1,1,1,7,5,0,0
/global/archives/콘텐츠 URL,Ireland,1,1,1,1,3,4,0,0
/global/latestnews,Bangladesh,1,1,1,1,0,4,0,0
/global/latestnews,Belgium,1,1,1,1,22,4,0,0
/global/latestnews,Canada,1,1,1,1,36,4,0,0
/global/latestnews,France,1,1,1,1,9,3,0,0
/global/latestnews,Italy,1,1,1,1,0,4,0,0
/global/latestnews,Macao,1,1,1,1,0,3,0,0
/global/latestnews,Philippines,1,1,1,1,11,4,0,0
/global/latestnews,Russia,1,1,1,1,0,3,0,0
/global/latestnews,Taiwan,1,1,1,1,19,4,0,0
/global/privacy-policy,South Korea,1,1,1,1,0,3,0,0
/global/terms-and-conditions,Singapore,1,1,1,1,8,3,0,0
/global/who-we-are,Japan,1,1,1,1,43,6,0,0
/global/who-we-are,South Korea,1,1,1,1,14,4,0,0
/global/who-we-are,Türkiye,1,1,1,1,0,4,0,0
/global/,Indonesia,0,1,1,0,0,2,0,0
/global/archives/12968,Vietnam,0,2,1,0,3,5,0,0
/global/archives/14226,Israel,0,1,0,0,0,2,0,0
/global/archives/15462,Singapore,0,1,0,0,0,2,0,0
/global/archives/16448,Singapore,0,1,1,0,0,1,0,0
/global/archives/18332,Indonesia,0,1,1,0,43,1,0,0
/global/archives/7043,Vietnam,0,1,0,0,0,2,0,0
/global/archives/category/corporates/sk-enterm,United Arab Emirates,0,1,1,0,7,2,0,0
/global/archives/category/press-room/press-release,Philippines,0,1,1,0,36,1,0,0