# ----------------------------------------
# 보고서 CSV 내보내기
# 계정: SK이노베이션(한글)
# 속성: SK이노베이션 - GA4
# ----------------------------------------
# 
# 모든 사용자
# 시작일: 20240510
# 종료일: 20240510
기기 카테고리,페이지 경로 및 화면 클래스,총 사용자,새 사용자 수,조회수
mobile,/archives/115057,75,69,79
desktop,/,79,31,177
mobile,/archives/32828,29,28,30
desktop,/archives/84588,24,21,22
desktop,/archives/32828,13,13,13
desktop,/archives/103947,14,12,15
mobile,/archives/85006,11,11,12
desktop,/archives/104002,14,10,14
desktop,/archives/114094,10,10,10
mobile,/archives/16295,10,10,10
mobile,/archives/49884,10,9,11
mobile,/archives/96864,9,9,10
desktop,/archives/115057,15,8,25
desktop,/archives/83720,8,8,9
desktop,/archives/113797,9,7,9
desktop,/archives/114153,9,7,8
desktop,/archives/96864,7,6,7
desktop,/archives/112580,6,5,6
desktop,/archives/49884,6,5,8
desktop,/archives/85006,5,5,5
mobile,/archives/103947,5,5,6
mobile,/archives/84588,6,5,7
tablet,/archives/114094,5,5,5
desktop,/archives/107142,5,4,8
desktop,/archives/112480,5,4,5
desktop,/archives/114973,9,4,10
desktop,/archives/28782,4,4,8
desktop,/archives/48279,5,4,5
desktop,/archives/70521,5,4,7
desktop,/archives/78785,5,4,5
desktop,/archives/category/business/sk-energy,9,4,10
mobile,/,6,4,11
mobile,/archives/115074,5,4,5
mobile,/archives/24686,5,4,6
mobile,/archives/36348,4,4,4
mobile,/archives/99361,4,4,5
tablet,/archives/8448,6,4,7
desktop,/archives/100667,8,3,13
desktop,/archives/104439,4,3,5
desktop,/archives/110015,3,3,3
desktop,/archives/110323,5,3,4
desktop,/archives/111387,3,3,3
desktop,/archives/113855,8,3,14
desktop,/archives/113998,6,3,6
desktop,/archives/114065,5,3,5
desktop,/archives/114138,4,3,5
desktop,/archives/114999,7,3,6
desktop,/archives/22283,3,3,3
desktop,/archives/4735,3,3,3
desktop,/archives/59030,4,3,4
desktop,/archives/61743,3,3,3
desktop,/archives/7348,3,3,3
desktop,/archives/8448,3,3,4
desktop,/archives/88269,3,3,5
desktop,/archives/96339,3,3,3
desktop,/archives/97264,4,3,4
desktop,/archives/98107,4,3,4
desktop,/archives/tag/sk경영경제연구소,3,3,3
mobile,/archives/10963,3,3,7
mobile,/archives/113952,4,3,5
mobile,/archives/114094,3,3,3
mobile,/archives/8448,3,3,4
mobile,/archives/8935,3,3,4
mobile,/archives/90543,3,3,3
mobile,/archives/93157,3,3,3
desktop,/archives/100159,2,2,2
desktop,/archives/103336,2,2,2
desktop,/archives/105914,2,2,3
desktop,/archives/108736,2,2,2
desktop,/archives/109090,3,2,3
desktop,/archives/111540,3,2,4
desktop,/archives/111978,5,2,5
desktop,/archives/113159,6,2,7
desktop,/archives/113663,3,2,3
desktop,/archives/114773,8,2,9
desktop,/archives/114810,3,2,3
desktop,/archives/115074,13,2,14
desktop,/archives/11993,3,2,5
desktop,/archives/24005,2,2,2
desktop,/archives/25903,4,2,4
desktop,/archives/60291,2,2,2
desktop,/archives/63622,2,2,3
desktop,/archives/70639,2,2,2
desktop,/archives/70737,2,2,2
desktop,/archives/78311,2,2,2
desktop,/archives/83119,2,2,2
desktop,/archives/8355,3,2,3
desktop,/archives/84762,2,2,2
desktop,/archives/8482,2,2,2
desktop,/archives/8502,4,2,2
desktop,/archives/85896,2,2,3
desktop,/archives/8935,2,2,2
desktop,/archives/91050,3,2,2
desktop,/archives/94778,2,2,2
desktop,/archives/95110,3,2,3
desktop,/archives/95609,2,2,2
desktop,/archives/96879,2,2,2
desktop,/archives/category/business/sk-enmove,3,2,3
desktop,/archives/category/business/sk-enterm,4,2,5
desktop,/archives/category/business/sk-on,16,2,35
desktop,/archives/category/industry-and-insight,8,2,17
desktop,/archives/category/social-news,2,2,2
desktop,/posts,6,2,15
mobile,/archives/104439,2,2,2
mobile,/archives/106345,2,2,2
mobile,/archives/107411,2,2,2
mobile,/archives/109462,3,2,3
mobile,/archives/110015,2,2,2
mobile,/archives/111540,3,2,3
mobile,/archives/111978,2,2,3
mobile,/archives/113289,2,2,2
mobile,/archives/25579,2,2,2
mobile,/archives/25903,3,2,3
mobile,/archives/30647,2,2,4
mobile,/archives/34678,2,2,2
mobile,/archives/38114,2,2,2
mobile,/archives/38706,2,2,2
mobile,/archives/38936,2,2,2
mobile,/archives/47000,2,2,2
mobile,/archives/47699,2,2,2
mobile,/archives/48028,3,2,4
mobile,/archives/48881,2,2,3
mobile,/archives/50898,2,2,2
mobile,/archives/57901,2,2,3
mobile,/archives/59030,2,2,2
mobile,/archives/62659,2,2,2
mobile,/archives/63622,2,2,2
mobile,/archives/6688,2,2,4
mobile,/archives/83720,2,2,2
mobile,/archives/8422,2,2,2
mobile,/archives/84762,3,2,3
mobile,/archives/97391,2,2,2
mobile,/archives/tag/일하는-방식의-혁신,2,2,2
mobile,/archives/tag/환경과학기술원,2,2,5
tablet,/archives/114973,2,2,2
tablet,/archives/48028,2,2,2
tablet,/archives/8935,2,2,2
desktop,/archives/100244,1,1,1
desktop,/archives/100723,1,1,1
desktop,/archives/101258,2,1,2
desktop,/archives/101304,1,1,1
desktop,/archives/101465,1,1,1
desktop,/archives/101469,1,1,1
desktop,/archives/10179,1,1,1
desktop,/archives/102350,1,1,1
desktop,/archives/102586,1,1,1
desktop,/archives/102756,2,1,2
desktop,/archives/102980,1,1,1
desktop,/archives/103076,1,1,1
desktop,/archives/103287,1,1,1
desktop,/archives/103310,1,1,1
desktop,/archives/103803,2,1,2
desktop,/archives/104151,1,1,1
desktop,/archives/104517,2,1,1
desktop,/archives/104582,1,1,1
desktop,/archives/104695,1,1,1
desktop,/archives/105208,1,1,1
desktop,/archives/105264,1,1,1
desktop,/archives/105331,1,1,1
desktop,/archives/105362,1,1,1
desktop,/archives/105395,2,1,3
desktop,/archives/105532,1,1,1
desktop,/archives/105667,1,1,1
desktop,/archives/105691,1,1,2
desktop,/archives/106085,1,1,1
desktop,/archives/106172,2,1,2
desktop,/archives/106235,1,1,1
desktop,/archives/106387,1,1,1
desktop,/archives/106868,2,1,2
desktop,/archives/107115,1,1,1
desktop,/archives/107411,1,1,1
desktop,/archives/10815,1,1,1
desktop,/archives/108569,1,1,1
desktop,/archives/108874,1,1,1
desktop,/archives/10963,1,1,1
desktop,/archives/109765,1,1,1
desktop,/archives/109888,2,1,4
desktop,/archives/110055,1,1,1
desktop,/archives/110328,1,1,1
desktop,/archives/110458,1,1,1
desktop,/archives/110681,1,1,1
desktop,/archives/111302,1,1,1
desktop,/archives/111406,1,1,2
desktop,/archives/111421,1,1,1
desktop,/archives/111454,1,1,2
desktop,/archives/111831,4,1,4
desktop,/archives/111929,4,1,5
desktop,/archives/112024,1,1,1
desktop,/archives/112036,1,1,1
desktop,/archives/112133,1,1,1
desktop,/archives/112142,1,1,1
desktop,/archives/112487,1,1,1
desktop,/archives/112908,1,1,1
desktop,/archives/112989,1,1,1
desktop,/archives/113061,1,1,1
desktop,/archives/113197,1,1,1
desktop,/archives/11371,1,1,1
desktop,/archives/114221,3,1,3
desktop,/archives/114278,1,1,1
desktop,/archives/114407,5,1,5
desktop,/archives/114474,1,1,2
desktop,/archives/114483,5,1,5
desktop,/archives/114522,4,1,4
desktop,/archives/114616,2,1,3
desktop,/archives/114632,4,1,3
desktop,/archives/114751,5,1,7
desktop,/archives/115020,2,1,2
desktop,/archives/11793,1,1,1
desktop,/archives/14225,1,1,1
desktop,/archives/14875,1,1,1
desktop,/archives/15214,1,1,1
desktop,/archives/15974,2,1,2
desktop,/archives/16295,1,1,1
desktop,/archives/17256,2,1,2
desktop,/archives/18301,1,1,1
desktop,/archives/20706,1,1,1
desktop,/archives/20948,1,1,1
desktop,/archives/21261,2,1,2
desktop,/archives/21295,2,1,3
desktop,/archives/21314,1,1,1
desktop,/archives/21385,1,1,2
desktop,/archives/21488,1,1,1
desktop,/archives/21558,1,1,1
desktop,/archives/21592,1,1,1
desktop,/archives/21617,1,1,1
desktop,/archives/22185,1,1,1
desktop,/archives/23352,1,1,1
desktop,/archives/24588,1,1,1
desktop,/archives/24660,1,1,2
desktop,/archives/24686,1,1,1
desktop,/archives/25397,1,1,1
desktop,/archives/25466,1,1,1
desktop,/archives/25596,3,1,6
desktop,/archives/25623,2,1,5
desktop,/archives/2671,1,1,1
desktop,/archives/26728,1,1,2
desktop,/archives/27825,1,1,1
desktop,/archives/28092,1,1,1
desktop,/archives/28157,1,1,1
desktop,/archives/28378,1,1,1
desktop,/archives/29461,1,1,1
desktop,/archives/30101,1,1,1
desktop,/archives/30145,1,1,1
desktop,/archives/30327,1,1,1
desktop,/archives/31776,1,1,1
desktop,/archives/31890,1,1,1
desktop,/archives/32649,1,1,1
desktop,/archives/32681,1,1,1
desktop,/archives/33788,1,1,1
desktop,/archives/36237,1,1,1
desktop,/archives/37214,1,1,1
desktop,/archives/37348,1,1,1
desktop,/archives/38114,1,1,3
desktop,/archives/4521,1,1,1
desktop,/archives/45433,2,1,2
desktop,/archives/45601,1,1,2
desktop,/archives/45977,1,1,1
desktop,/archives/46792,1,1,1
desktop,/archives/47218,1,1,1
desktop,/archives/47699,1,1,2
desktop,/archives/4846,1,1,1
desktop,/archives/48690,1,1,1
desktop,/archives/51077,2,1,2
desktop,/archives/53791,1,1,2
desktop,/archives/55097,1,1,1
desktop,/archives/55965,1,1,1
desktop,/archives/56046,1,1,1
desktop,/archives/57413,1,1,1
desktop,/archives/59457,1,1,1
desktop,/archives/62607,1,1,1
desktop,/archives/64364,2,1,3
desktop,/archives/64881,1,1,1
desktop,/archives/6654,1,1,1
desktop,/archives/6811,2,1,2
desktop,/archives/68575,1,1,1
desktop,/archives/68734,1,1,1
desktop,/archives/6916,1,1,1
desktop,/archives/69357,1,1,3
desktop,/archives/70300,1,1,1
desktop,/archives/71038,1,1,1
desktop,/archives/72020,1,1,1
desktop,/archives/72390,1,1,1
desktop,/archives/72552,1,1,3
desktop,/archives/72905,1,1,1
desktop,/archives/73127,1,1,1
desktop,/archives/74239,1,1,2
desktop,/archives/7636,1,1,1
desktop,/archives/76761,1,1,1
desktop,/archives/78457,1,1,1
desktop,/archives/78772,1,1,1
desktop,/archives/79287,1,1,2
desktop,/archives/80192,1,1,1
desktop,/archives/80564,2,1,2
desktop,/archives/80912,1,1,1
desktop,/archives/81070,1,1,1
desktop,/archives/81784,1,1,1
desktop,/archives/82821,1,1,1
desktop,/archives/8289,1,1,1
desktop,/archives/83181,1,1,5
desktop,/archives/83571,1,1,2
desktop,/archives/83613,1,1,1
desktop,/archives/83751,1,1,1
desktop,/archives/84111,1,1,1
desktop,/archives/84500,1,1,1
desktop,/archives/84900,1,1,2
desktop,/archives/84916,1,1,1
desktop,/archives/85278,3,1,3
desktop,/archives/85464,1,1,1
desktop,/archives/85894,1,1,1
desktop,/archives/86310,1,1,1
desktop,/archives/86834,1,1,2
desktop,/archives/87527,1,1,1
desktop,/archives/87921,1,1,1
desktop,/archives/88154,1,1,1
desktop,/archives/88849,1,1,2
desktop,/archives/88930,2,1,1
desktop,/archives/89099,1,1,1
desktop,/archives/89651,1,1,1
desktop,/archives/90355,2,1,1
desktop,/archives/90662,1,1,1
desktop,/archives/90700,1,1,2
desktop,/archives/91679,1,1,1
desktop,/archives/92248,1,1,1
desktop,/archives/92745,1,1,1
desktop,/archives/92800,1,1,1
desktop,/archives/93157,1,1,4
desktop,/archives/93538,1,1,1
desktop,/archives/93867,1,1,1
desktop,/archives/94030,1,1,1
desktop,/archives/94067,1,1,1
desktop,/archives/94311,1,1,1
desktop,/archives/95080,2,1,2
desktop,/archives/9512,1,1,1
desktop,/archives/95134,1,1,1
desktop,/archives/95432,1,1,1
desktop,/archives/95732,1,1,1
desktop,/archives/96252,1,1,1
desktop,/archives/96387,1,1,1
desktop,/archives/96475,1,1,1
desktop,/archives/96535,1,1,1
desktop,/archives/96759,1,1,1
desktop,/archives/97151,1,1,1
desktop,/archives/97391,1,1,2
desktop,/archives/97638,2,1,3
desktop,/archives/98182,1,1,1
desktop,/archives/98253,1,1,1
desktop,/archives/98605,1,1,2
desktop,/archives/98610,1,1,2
desktop,/archives/98756,1,1,1
desktop,/archives/9962,1,1,1
desktop,/archives/category/business/sk-incheonpetrochem,3,1,3
desktop,/archives/category/press/press-release,15,1,22
desktop,/archives/tag/hcpp,1,1,1
desktop,/archives/tag/pet-해중합,1,1,1
desktop,/archives/tag/sk-battery-america,1,1,1
desktop,/archives/tag/sk-energy-international,1,1,3
desktop,/archives/tag/sk엔크린,1,1,1
desktop,/archives/tag/sk이노베이션-울산complex,1,1,2
desktop,/archives/tag/고순도헵탄,1,1,1
desktop,/archives/tag/링크드인,1,1,1
desktop,/archives/tag/미래과학자들의-화학축제,1,1,1
desktop,/archives/tag/배터리,1,1,1
desktop,/archives/tag/벙커씨유,1,1,2
desktop,/archives/tag/봉사활동,1,1,1
desktop,/archives/tag/싱가포르-복합-정제마진,1,1,1
desktop,/archives/tag/아라미드-섬유,1,1,1
desktop,/archives/tag/온라인-심층역량검사,1,1,1
desktop,/archives/tag/외르겐-비-크누드스토르프,1,1,1
desktop,/archives/tag/자원봉사,1,1,2
desktop,/archives/tag/중한석화,1,1,1
desktop,/archives/tag/채용,1,1,1
desktop,/archives/tag/친일파,1,1,1
desktop,/archives/tag/폐플라스틱,2,1,3
desktop,/archives/tag/하이이노베이션,1,1,1
desktop,/archives/tag/행복나눔성금,1,1,1
desktop,/newsroom-guide,4,1,6
mobile,/)에서,1,1,1
mobile,/archives/100533,1,1,1
mobile,/archives/100553,1,1,1
mobile,/archives/101160,1,1,1
mobile,/archives/102328,1,1,1
mobile,/archives/102756,2,1,2
mobile,/archives/103830,1,1,1
mobile,/archives/104002,1,1,1
mobile,/archives/105091,1,1,1
mobile,/archives/105458,1,1,2
mobile,/archives/105499,1,1,1
mobile,/archives/10557,1,1,1
mobile,/archives/105883,1,1,1
mobile,/archives/106469,1,1,1
mobile,/archives/10815,1,1,1
mobile,/archives/108156/230222_sk이노베이션_계열_전국_사업장_소개04,1,1,1
mobile,/archives/110471,1,1,1
mobile,/archives/111387,1,1,1
mobile,/archives/111831,2,1,2
mobile,/archives/112318,1,1,1
mobile,/archives/112331,1,1,1
mobile,/archives/112480,1,1,2
mobile,/archives/112544,1,1,1
mobile,/archives/113390,1,1,1
mobile,/archives/113680,2,1,3
mobile,/archives/113797,1,1,1
mobile,/archives/113855,1,1,1
mobile,/archives/113998,1,1,1
mobile,/archives/114153,2,1,2
mobile,/archives/114309,1,1,1
mobile,/archives/114483,1,1,2
mobile,/archives/114530,1,1,1
mobile,/archives/114608,1,1,1
mobile,/archives/114632,1,1,1
mobile,/archives/114689,1,1,2
mobile,/archives/114810,1,1,1
mobile,/archives/114973,2,1,2
mobile,/archives/14070,1,1,2
mobile,/archives/18301,1,1,1
mobile,/archives/18648,1,1,1
mobile,/archives/18662,1,1,1
mobile,/archives/21573,1,1,1
mobile,/archives/24951,2,1,2
mobile,/archives/25623,1,1,1
mobile,/archives/26114,1,1,1
mobile,/archives/27964,1,1,1
mobile,/archives/28782,1,1,1
mobile,/archives/29155,1,1,1
mobile,/archives/30434,1,1,1
mobile,/archives/31846,1,1,1
mobile,/archives/3293,1,1,1
mobile,/archives/33788,1,1,1
mobile,/archives/36237,1,1,1
mobile,/archives/36253,1,1,1
mobile,/archives/45470,1,1,3
mobile,/archives/45601,1,1,1
mobile,/archives/4846,1,1,1
mobile,/archives/48690,1,1,1
mobile,/archives/51077,1,1,1
mobile,/archives/54391,1,1,1
mobile,/archives/55097,1,1,1
mobile,/archives/58575,1,1,1
mobile,/archives/59623,1,1,1
mobile,/archives/60291,1,1,1
mobile,/archives/60522,1,1,1
mobile,/archives/69107,1,1,1
mobile,/archives/69589,1,1,1
mobile,/archives/71505,1,1,1
mobile,/archives/7268,1,1,1
mobile,/archives/7348,1,1,1
mobile,/archives/73799,1,1,3
mobile,/archives/75195,1,1,2
mobile,/archives/7636,1,1,1
mobile,/archives/80233,1,1,2
mobile,/archives/80355,1,1,1
mobile,/archives/81784,1,1,1
mobile,/archives/82343,1,1,1
mobile,/archives/83099,1,1,1
mobile,/archives/8355,1,1,1
mobile,/archives/83571,2,1,3
mobile,/archives/84376,1,1,1
mobile,/archives/8544,1,1,1
mobile,/archives/87503,1,1,1
mobile,/archives/88849,1,1,1
mobile,/archives/91695,1,1,1
mobile,/archives/9249,1,1,1
mobile,/archives/92808,1,1,1
mobile,/archives/93073,1,1,1
mobile,/archives/9439,1,1,1
mobile,/archives/94616,1,1,1
mobile,/archives/95110,1,1,2
mobile,/archives/95303,1,1,1
mobile,/archives/96339,1,1,2
mobile,/archives/9637,1,1,2
mobile,/archives/9705,1,1,1
mobile,/archives/9782,1,1,1
mobile,/archives/9807,1,1,1
mobile,/archives/98107,1,1,1
mobile,/archives/98215,1,1,1
mobile,/archives/98307,1,1,1
mobile,/archives/9860,1,1,1
mobile,/archives/category/business/sk-enmove,2,1,2
mobile,/archives/category/business/sk-enterm,2,1,3
mobile,/archives/category/industry-and-insight/today-report,1,1,1
mobile,/archives/tag/dt,1,1,1
mobile,/archives/tag/sk행복어린이집,1,1,1
mobile,/archives/tag/복지,1,1,1
mobile,/archives/tag/부모초청행사,1,1,4
mobile,/archives/tag/쉐어하우스,1,1,1
mobile,/archives/tag/얼음컵만들기,1,1,1
mobile,/archives/tag/영어캠프아르바이트,1,1,2
mobile,/archives/tag/울산clx,1,1,2
mobile,/archives/tag/인천-여행지,1,1,1
mobile,/archives/tag/창립기념일,1,1,1
mobile,/archives/tag/페트로넷,1,1,1
mobile,/archives/tag/폴리에스테르설폰,1,1,1
mobile,/archives/tag/프란시스코-가르시아-파라메스,1,1,3
tablet,/archives/10330,1,1,1
tablet,/archives/104002,1,1,1
tablet,/archives/11242,1,1,1
tablet,/archives/112754,1,1,1
tablet,/archives/14136,1,1,1
tablet,/archives/25903,1,1,1
tablet,/archives/3095,1,1,1
tablet,/archives/32828,1,1,1
tablet,/archives/36348,1,1,1
tablet,/archives/49884,2,1,2
tablet,/archives/54917,1,1,1
tablet,/archives/60291,1,1,1
tablet,/archives/64414,1,1,1
tablet,/archives/74508,1,1,1
tablet,/archives/7577,1,1,1
tablet,/archives/98215,1,1,1
desktop,/404,1,0,1
desktop,/archives/100001,1,0,1
desktop,/archives/100327,1,0,1
desktop,/archives/100500,1,0,0
desktop,/archives/100695,1,0,2
desktop,/archives/100739,2,0,2
desktop,/archives/100892,1,0,1
desktop,/archives/101177,1,0,1
desktop,/archives/101315,1,0,1
desktop,/archives/101342,1,0,1
desktop,/archives/102095,1,0,1
desktop,/archives/102275,1,0,1
desktop,/archives/102329,1,0,1
desktop,/archives/103178,1,0,1
desktop,/archives/103233,1,0,1
desktop,/archives/103860,1,0,1
desktop,/archives/105258,1,0,1
desktop,/archives/105676,2,0,2
desktop,/archives/105741,1,0,1
desktop,/archives/106205,1,0,1
desktop,/archives/106307,2,0,1
desktop,/archives/107618,1,0,1
desktop,/archives/107925,1,0,1
desktop,/archives/108755,1,0,2
desktop,/archives/108889,1,0,1
desktop,/archives/109111,1,0,1
desktop,/archives/109977,1,0,1
desktop,/archives/110110,1,0,1
desktop,/archives/110144,1,0,1
desktop,/archives/110471,2,0,2
desktop,/archives/110768,1,0,1
desktop,/archives/110819,2,0,2
desktop,/archives/111105,1,0,1
desktop,/archives/111155,1,0,1
desktop,/archives/111245,1,0,1
desktop,/archives/111264,2,0,3
desktop,/archives/111652,1,0,1
desktop,/archives/112053,3,0,3
desktop,/archives/112331,1,0,2
desktop,/archives/112418,4,0,2
desktop,/archives/112428,1,0,1
desktop,/archives/112724,2,0,3
desktop,/archives/113083,1,0,0
desktop,/archives/113149,1,0,1
desktop,/archives/113192,1,0,1
desktop,/archives/113226,1,0,1
desktop,/archives/113475,1,0,1
desktop,/archives/113520,1,0,1
desktop,/archives/113680,5,0,5
desktop,/archives/113952,1,0,1
desktop,/archives/114038,1,0,1
desktop,/archives/114052,3,0,3
desktop,/archives/114084,1,0,1
desktop,/archives/114172,4,0,4
desktop,/archives/114208,2,0,2
desktop,/archives/114309,1,0,1
desktop,/archives/114354,1,0,1
desktop,/archives/114364,1,0,0
desktop,/archives/114530,3,0,3
desktop,/archives/114608,2,0,1
desktop,/archives/114677,2,0,2
desktop,/archives/114688,3,0,3
desktop,/archives/114789,1,0,1
desktop,/archives/114801,1,0,1
desktop,/archives/114931,5,0,7
desktop,/archives/114983,1,0,1
desktop,/archives/114987,1,0,1
desktop,/archives/115043,4,0,4
desktop,/archives/115057utm_source=facebook&utm_medium=organic&utm_campaign=240510,1,0,2
desktop,/archives/115099,1,0,1
desktop,/archives/115101,1,0,1
desktop,/archives/12513,1,0,1
desktop,/archives/14089,1,0,1
desktop,/archives/18648,1,0,1
desktop,/archives/21277,1,0,0
desktop,/archives/23978,1,0,1
desktop,/archives/25648,3,0,3
desktop,/archives/25711,1,0,1
desktop,/archives/25734,1,0,0
desktop,/archives/25882,2,0,2
desktop,/archives/28659,1,0,1
desktop,/archives/32157,1,0,1
desktop,/archives/34190,1,0,2
desktop,/archives/34426,1,0,1
desktop,/archives/35023,1,0,1
desktop,/archives/36754,1,0,1
desktop,/archives/38609,1,0,1
desktop,/archives/38936,1,0,1
desktop,/archives/48028,1,0,1
desktop,/archives/4835,1,0,1
desktop,/archives/4924,1,0,1
desktop,/archives/54066,1,0,1
desktop,/archives/54173,1,0,1
desktop,/archives/54675,1,0,1
desktop,/archives/57650,1,0,1
desktop,/archives/59917,1,0,1
desktop,/archives/60839,1,0,1
desktop,/archives/61057,1,0,1
desktop,/archives/61250,1,0,1
desktop,/archives/6742,1,0,1
desktop,/archives/68973,1,0,1
desktop,/archives/69205,1,0,1
desktop,/archives/69750,1,0,1
desktop,/archives/70376,1,0,1
desktop,/archives/70749,1,0,1
desktop,/archives/70759,1,0,2
desktop,/archives/7554,1,0,1
desktop,/archives/77093,1,0,1
desktop,/archives/78553,1,0,1
desktop,/archives/7918,1,0,1
desktop,/archives/83166,1,0,1
desktop,/archives/84557,1,0,1
desktop,/archives/84713,1,0,1
desktop,/archives/84804,1,0,2
desktop,/archives/85187,1,0,1
desktop,/archives/85260,1,0,1
desktop,/archives/86654,1,0,0
desktop,/archives/86941,1,0,1
desktop,/archives/87110,2,0,2
desktop,/archives/87190,1,0,1
desktop,/archives/88198,1,0,1
desktop,/archives/90112,1,0,1
desktop,/archives/90522,1,0,1
desktop,/archives/90543,1,0,1
desktop,/archives/90963,1,0,1
desktop,/archives/90978,1,0,1
desktop,/archives/91230,1,0,1
desktop,/archives/93340,1,0,1
desktop,/archives/94248,1,0,1
desktop,/archives/94318,1,0,1
desktop,/archives/96097,1,0,1
desktop,/archives/97113,1,0,1
desktop,/archives/98404,1,0,1
desktop,/archives/98469,1,0,1
desktop,/archives/98889,1,0,1
desktop,/archives/99339,1,0,1
desktop,/archives/99361,3,0,3
desktop,/archives/99533,1,0,1
desktop,/archives/category/9,1,0,1
desktop,/archives/category/business,10,0,13
desktop,/archives/category/business/sk-earthon,2,0,5
desktop,/archives/category/business/sk-geo-centric,5,0,5
desktop,/archives/category/business/sk-ietechnology,3,0,3
desktop,/archives/category/business/sk-innovation,9,0,11
desktop,/archives/category/business/sk-tradinginternational,1,0,4
desktop,/archives/category/field-news,5,0,7
desktop,/archives/category/field-news/inno-field,6,0,6
desktop,/archives/category/field-news/inno-people,6,0,13
desktop,/archives/category/field-news/management,4,0,5
desktop,/archives/category/industry-and-insight/basics,5,0,6
desktop,/archives/category/industry-and-insight/inno-column,6,0,7
desktop,/archives/category/press,8,0,7
desktop,/archives/category/press/archive,4,0,4
desktop,/archives/category/press/notice,7,0,7
desktop,/archives/category/social-news/1percent-sharing,1,0,1
desktop,/archives/category/today/event,1,0,1
desktop,/archives/tag/skinnotech,1,0,2
desktop,/archives/tag/교육훈련생,1,0,1
desktop,/archives/tag/무역의-날,1,0,1
desktop,/archives/tag/베이징-besk-테크놀로지,1,0,1
desktop,/archives/tag/복지,1,0,2
desktop,/archives/tag/부모초청행사,1,0,1
desktop,/archives/tag/블루카본,1,0,3
desktop,/archives/tag/세계-환경의-날,1,0,1
desktop,/archives/tag/싱가포르,1,0,1
desktop,/archives/tag/저유황중유,1,0,1
desktop,/archives/tag/중질유분해,1,0,2
desktop,/archives/tag/페트로넷,1,0,2
desktop,/archives/tag/품질경영실,1,0,1
desktop,/archives/tag/플로깅,1,0,1
desktop,/sr-report-2-2,1,0,1
mobile,/archives/100222,1,0,1
mobile,/archives/100739,1,0,1
mobile,/archives/101011,1,0,1
mobile,/archives/103336,1,0,3
mobile,/archives/104517,1,0,1
mobile,/archives/106126,1,0,1
mobile,/archives/112418,1,0,1
mobile,/archives/112603,1,0,1
mobile,/archives/112724,1,0,1
mobile,/archives/113159,1,0,1
mobile,/archives/114221,1,0,1
mobile,/archives/114773,1,0,1
mobile,/archives/115043,1,0,1
mobile,/archives/22567,1,0,1
mobile,/archives/25648,2,0,2
mobile,/archives/30145,1,0,2
mobile,/archives/33074,1,0,1
mobile,/archives/37362,1,0,1
mobile,/archives/4521,1,0,1
mobile,/archives/54675,1,0,2
mobile,/archives/60780,1,0,1
mobile,/archives/63456,1,0,1
mobile,/archives/64439,1,0,1
mobile,/archives/69483,1,0,1
mobile,/archives/71721,1,0,1
mobile,/archives/78785,1,0,1
mobile,/archives/8051,1,0,1
mobile,/archives/80564,1,0,2
mobile,/archives/83065,1,0,1
mobile,/archives/89158,1,0,1
mobile,/archives/90963,1,0,1
mobile,/archives/93034,1,0,1
mobile,/archives/94311,1,0,3
mobile,/archives/95134,1,0,1
mobile,/archives/96274,1,0,1
mobile,/archives/98253,1,0,1
mobile,/archives/category/9,1,0,1
mobile,/archives/category/business/sk-innovation,1,0,1
mobile,/archives/category/field-news,1,0,2
mobile,/archives/category/field-news/inno-field,1,0,1
mobile,/archives/tag/its-time-to-act,1,0,1
mobile,/archives/tag/ocean-h,1,0,1
mobile,/archives/tag/우와쏭,1,0,4
mobile,/archives/tag/헝가리-코마롬,1,0,1
tablet,/archives/109888,1,0,1
tablet,/archives/110015,1,0,1
tablet,/archives/95463,1,0,1