# ----------------------------------------
# 보고서 CSV 내보내기
# 계정: SK이노베이션(한글)
# 속성: SK이노베이션 - GA4
# ----------------------------------------
# 
# 모든 사용자
# 시작일: 20240513
# 종료일: 20240513
기기 카테고리,페이지 경로 및 화면 클래스,총 사용자,새 사용자 수,조회수
mobile,/archives/115057,117,105,123
desktop,/,95,38,166
mobile,/archives/85006,35,35,37
mobile,/archives/32828,37,34,46
desktop,/archives/104002,22,20,24
desktop,/archives/84588,25,20,26
desktop,/archives/107142,18,17,17
desktop,/archives/85006,15,14,17
mobile,/archives/115113,16,14,16
desktop,/archives/113797,18,13,18
desktop,/archives/111540,19,10,35
desktop,/archives/32828,10,10,11
desktop,/archives/49884,11,10,12
desktop,/archives/103947,11,9,10
desktop,/archives/111978,9,9,10
desktop,/archives/108755,13,8,20
desktop,/archives/category/business/sk-energy,17,8,31
mobile,/archives/96864,8,8,8
desktop,/archives/114094,8,7,10
desktop,/archives/115057,16,7,17
desktop,/archives/8448,7,7,12
mobile,/archives/8935,7,7,13
desktop,/archives/91050,9,6,8
desktop,/archives/98107,8,6,6
desktop,/posts,11,6,16
tablet,/archives/115057,6,6,6
desktop,/archives/114065,5,5,5
desktop,/archives/114973,12,5,14
desktop,/archives/83065,5,5,6
desktop,/archives/83571,9,5,10
desktop,/archives/96864,5,5,5
desktop,/archives/category/business/sk-on,11,5,23
mobile,/archives/111540,5,5,5
tablet,/archives/114094,5,5,6
tablet,/archives/8448,7,5,11
desktop,/archives/100667,5,4,5
desktop,/archives/111387,4,4,4
desktop,/archives/111831,6,4,8
desktop,/archives/112487,7,4,8
desktop,/archives/112580,5,4,5
desktop,/archives/45433,4,4,4
desktop,/archives/48279,5,4,6
desktop,/archives/51077,4,4,4
desktop,/archives/63622,5,4,5
desktop,/archives/95110,6,4,6
mobile,/,9,4,12
mobile,/archives/25903,4,4,4
mobile,/archives/category/business/sk-on,4,4,5
desktop,/archives/100207,3,3,4
desktop,/archives/105770,3,3,3
desktop,/archives/108874,3,3,3
desktop,/archives/109888,5,3,5
desktop,/archives/111466,3,3,5
desktop,/archives/111929,3,3,3
desktop,/archives/113952,7,3,7
desktop,/archives/113998,4,3,4
desktop,/archives/114999,3,3,3
desktop,/archives/15214,4,3,4
desktop,/archives/47000,4,3,4
desktop,/archives/48881,3,3,4
desktop,/archives/61743,3,3,3
desktop,/archives/69357,3,3,3
desktop,/archives/71038,3,3,4
desktop,/archives/76541,4,3,4
desktop,/archives/8355,4,3,4
desktop,/archives/9439,3,3,3
mobile,/archives/111978,3,3,3
mobile,/archives/16295,4,3,4
mobile,/archives/36348,3,3,3
mobile,/archives/57901,3,3,3
mobile,/archives/60291,3,3,5
mobile,/archives/63622,3,3,3
mobile,/archives/66432,3,3,4
mobile,/archives/83571,3,3,5
mobile,/archives/8448,3,3,3
mobile,/archives/84588,3,3,3
desktop,/archives/100159,2,2,2
desktop,/archives/100244,2,2,2
desktop,/archives/101589,2,2,3
desktop,/archives/10330,2,2,2
desktop,/archives/10557,2,2,2
desktop,/archives/10614,2,2,4
desktop,/archives/107411,2,2,4
desktop,/archives/10815,2,2,2
desktop,/archives/10963,2,2,2
desktop,/archives/110055,4,2,3
desktop,/archives/110323,5,2,5
desktop,/archives/111406,2,2,3
desktop,/archives/112956,4,2,4
desktop,/archives/113226,2,2,2
desktop,/archives/113289,2,2,2
desktop,/archives/114153,5,2,5
desktop,/archives/114632,5,2,7
desktop,/archives/114688,2,2,2
desktop,/archives/114931,4,2,4
desktop,/archives/12929,2,2,3
desktop,/archives/13682,2,2,2
desktop,/archives/21558,2,2,2
desktop,/archives/22283,2,2,2
desktop,/archives/25579,4,2,4
desktop,/archives/25596,2,2,2
desktop,/archives/27825,2,2,2
desktop,/archives/29155,2,2,4
desktop,/archives/38936,2,2,3
desktop,/archives/47895,2,2,2
desktop,/archives/48028,4,2,6
desktop,/archives/50898,2,2,2
desktop,/archives/57901,2,2,2
desktop,/archives/59030,2,2,2
desktop,/archives/61110,2,2,2
desktop,/archives/62659,2,2,2
desktop,/archives/64469,2,2,4
desktop,/archives/6688,3,2,3
desktop,/archives/6811,3,2,4
desktop,/archives/70048,2,2,2
desktop,/archives/72120,4,2,4
desktop,/archives/72905,2,2,2
desktop,/archives/78457,2,2,2
desktop,/archives/78553,2,2,3
desktop,/archives/79287,2,2,2
desktop,/archives/80568,2,2,2
desktop,/archives/81784,3,2,3
desktop,/archives/83720,2,2,2
desktop,/archives/85894,2,2,2
desktop,/archives/86689,3,2,4
desktop,/archives/88198,3,2,3
desktop,/archives/8935,2,2,2
desktop,/archives/93491,2,2,2
desktop,/archives/94030,2,2,2
desktop,/archives/94311,3,2,4
desktop,/archives/96443,2,2,2
desktop,/archives/97077,2,2,2
desktop,/archives/97579,3,2,3
desktop,/archives/98610,10,2,13
desktop,/archives/tag/sk엔무브,2,2,2
desktop,/archives/tag/세대공감-clan,4,2,6
desktop,/archives/tag/열분해유,2,2,9
mobile,/archives/104002,2,2,2
mobile,/archives/10512,2,2,2
mobile,/archives/105651,2,2,2
mobile,/archives/105883,2,2,2
mobile,/archives/111387,3,2,3
mobile,/archives/111831,2,2,2
mobile,/archives/112580,2,2,2
mobile,/archives/113680,2,2,2
mobile,/archives/113797,2,2,2
mobile,/archives/113952,7,2,7
mobile,/archives/15214,2,2,2
mobile,/archives/24686,2,2,2
mobile,/archives/25030,2,2,2
mobile,/archives/32685,2,2,3
mobile,/archives/45433,2,2,2
mobile,/archives/48881,2,2,2
mobile,/archives/49884,2,2,3
mobile,/archives/51077,2,2,2
mobile,/archives/7636,2,2,3
mobile,/archives/93235,2,2,2
mobile,/archives/98215,2,2,2
mobile,/archives/tag/창립기념일,2,2,3
tablet,/archives/114973,2,2,2
tablet,/archives/12929,2,2,4
tablet,/archives/85006,2,2,2
tablet,/archives/89977,2,2,2
tablet,/archives/98182,2,2,2
desktop,/archives/10019,1,1,1
desktop,/archives/100303,1,1,1
desktop,/archives/100327,2,1,2
desktop,/archives/100553,1,1,1
desktop,/archives/100892,2,1,2
desktop,/archives/100916,2,1,2
desktop,/archives/101080,1,1,1
desktop,/archives/101342,1,1,1
desktop,/archives/101442,1,1,1
desktop,/archives/10147,1,1,1
desktop,/archives/10179,1,1,1
desktop,/archives/101917,1,1,1
desktop,/archives/102095,1,1,1
desktop,/archives/102193,1,1,1
desktop,/archives/102285,2,1,2
desktop,/archives/102543,1,1,1
desktop,/archives/102588,1,1,1
desktop,/archives/102626,1,1,1
desktop,/archives/102811,1,1,1
desktop,/archives/103076,1,1,1
desktop,/archives/103287,2,1,2
desktop,/archives/103349,1,1,1
desktop,/archives/103372,1,1,1
desktop,/archives/103449,1,1,1
desktop,/archives/103500,1,1,1
desktop,/archives/103803,1,1,1
desktop,/archives/103938,1,1,1
desktop,/archives/104136,1,1,1
desktop,/archives/104439,1,1,1
desktop,/archives/104937,1,1,1
desktop,/archives/105091,1,1,1
desktop,/archives/10512,1,1,2
desktop,/archives/105264,1,1,1
desktop,/archives/105499,1,1,1
desktop,/archives/105637,1,1,1
desktop,/archives/105821,1,1,2
desktop,/archives/105883,1,1,2
desktop,/archives/106172,2,1,4
desktop,/archives/106345,1,1,1
desktop,/archives/106387,1,1,1
desktop,/archives/106411,2,1,2
desktop,/archives/106701,1,1,3
desktop,/archives/107289,3,1,3
desktop,/archives/107388,1,1,1
desktop,/archives/107523,1,1,1
desktop,/archives/107557,3,1,3
desktop,/archives/107822,1,1,1
desktop,/archives/107963,1,1,1
desktop,/archives/108569,2,1,2
desktop,/archives/109090,1,1,1
desktop,/archives/109603,1,1,2
desktop,/archives/109977,1,1,1
desktop,/archives/110015,1,1,2
desktop,/archives/110471,4,1,2
desktop,/archives/110819,3,1,3
desktop,/archives/110846,1,1,1
desktop,/archives/111264,1,1,1
desktop,/archives/111495,3,1,3
desktop,/archives/111582,1,1,1
desktop,/archives/111719,1,1,1
desktop,/archives/112046,1,1,1
desktop,/archives/112142,1,1,1
desktop,/archives/112183,1,1,1
desktop,/archives/112480,1,1,1
desktop,/archives/112614,1,1,1
desktop,/archives/112709,1,1,1
desktop,/archives/113159,2,1,2
desktop,/archives/113475,1,1,1
desktop,/archives/113680,1,1,1
desktop,/archives/114138,2,1,2
desktop,/archives/114773,4,1,4
desktop,/archives/114789,2,1,2
desktop,/archives/114810,3,1,3
desktop,/archives/115113,12,1,17
desktop,/archives/11761,1,1,1
desktop,/archives/12513,1,1,1
desktop,/archives/14875,1,1,1
desktop,/archives/16075,1,1,1
desktop,/archives/16295,1,1,1
desktop,/archives/17256,1,1,1
desktop,/archives/18301,3,1,3
desktop,/archives/19825,1,1,1
desktop,/archives/20916,1,1,1
desktop,/archives/21261,2,1,1
desktop,/archives/21314,1,1,1
desktop,/archives/21354,2,1,2
desktop,/archives/21617,1,1,1
desktop,/archives/22292,1,1,1
desktop,/archives/22310,1,1,3
desktop,/archives/23352,1,1,1
desktop,/archives/24005,2,1,1
desktop,/archives/24485,1,1,3
desktop,/archives/24523,1,1,1
desktop,/archives/24588,1,1,1
desktop,/archives/25421,1,1,1
desktop,/archives/25711,1,1,1
desktop,/archives/26596,1,1,1
desktop,/archives/27289,1,1,1
desktop,/archives/28520,1,1,1
desktop,/archives/29285,1,1,1
desktop,/archives/31435,1,1,1
desktop,/archives/32685,1,1,1
desktop,/archives/3293,1,1,1
desktop,/archives/33937,1,1,1
desktop,/archives/34190,1,1,2
desktop,/archives/34578,1,1,1
desktop,/archives/34632,1,1,1
desktop,/archives/34678,1,1,1
desktop,/archives/35079,1,1,1
desktop,/archives/35115,1,1,1
desktop,/archives/35678,1,1,1
desktop,/archives/36237,1,1,1
desktop,/archives/36434,2,1,4
desktop,/archives/37348,1,1,1
desktop,/archives/38706,1,1,1
desktop,/archives/4521,1,1,1
desktop,/archives/45296,1,1,2
desktop,/archives/45946,1,1,1
desktop,/archives/46487,1,1,1
desktop,/archives/47218,1,1,1
desktop,/archives/47699,1,1,1
desktop,/archives/49512,1,1,1
desktop,/archives/50688,1,1,1
desktop,/archives/51614,1,1,1
desktop,/archives/52642,1,1,1
desktop,/archives/52963,1,1,2
desktop,/archives/53167,1,1,9
desktop,/archives/53791,1,1,1
desktop,/archives/54675,2,1,2
desktop,/archives/58976,1,1,1
desktop,/archives/59442,1,1,1
desktop,/archives/59794,1,1,1
desktop,/archives/60291,2,1,2
desktop,/archives/62012,1,1,1
desktop,/archives/62211,1,1,1
desktop,/archives/62310,1,1,1
desktop,/archives/62375,1,1,1
desktop,/archives/62987,1,1,1
desktop,/archives/63456,2,1,1
desktop,/archives/65154,1,1,1
desktop,/archives/66432,1,1,1
desktop,/archives/67606,1,1,1
desktop,/archives/68423,1,1,1
desktop,/archives/68784,1,1,1
desktop,/archives/69107,2,1,4
desktop,/archives/69812,1,1,1
desktop,/archives/70139,1,1,1
desktop,/archives/70156,2,1,2
desktop,/archives/70521,2,1,1
desktop,/archives/70737,1,1,1
desktop,/archives/71803,1,1,1
desktop,/archives/71844,1,1,1
desktop,/archives/72552,1,1,1
desktop,/archives/72713,1,1,1
desktop,/archives/7288,1,1,1
desktop,/archives/73326,1,1,1
desktop,/archives/7380,1,1,1
desktop,/archives/73936,1,1,1
desktop,/archives/74339,1,1,1
desktop,/archives/7475,1,1,1
desktop,/archives/75805,1,1,2
desktop,/archives/76144,1,1,1
desktop,/archives/76328,1,1,1
desktop,/archives/76420,1,1,1
desktop,/archives/7696,1,1,1
desktop,/archives/7762,1,1,1
desktop,/archives/79028,1,1,1
desktop,/archives/79784,1,1,1
desktop,/archives/80837,1,1,1
desktop,/archives/81735,1,1,1
desktop,/archives/82005,1,1,1
desktop,/archives/82120,1,1,1
desktop,/archives/82704,1,1,1
desktop,/archives/83181,2,1,3
desktop,/archives/83477,1,1,1
desktop,/archives/84572,1,1,1
desktop,/archives/8502,2,1,2
desktop,/archives/85445,3,1,3
desktop,/archives/85853,1,1,1
desktop,/archives/85944,1,1,2
desktop,/archives/86272,1,1,1
desktop,/archives/86439,1,1,1
desktop,/archives/86766,1,1,1
desktop,/archives/86834,1,1,1
desktop,/archives/87839,1,1,1
desktop,/archives/87921,1,1,1
desktop,/archives/88031,1,1,1
desktop,/archives/88154,1,1,1
desktop,/archives/88269,1,1,1
desktop,/archives/88371,1,1,1
desktop,/archives/88816,1,1,1
desktop,/archives/88930,1,1,1
desktop,/archives/89066,1,1,1
desktop,/archives/8957,1,1,1
desktop,/archives/89828,1,1,1
desktop,/archives/89977,1,1,1
desktop,/archives/90219,1,1,1
desktop,/archives/90522,1,1,1
desktop,/archives/90543,1,1,1
desktop,/archives/91087,1,1,1
desktop,/archives/92105,1,1,1
desktop,/archives/93157,1,1,2
desktop,/archives/93235,1,1,1
desktop,/archives/94081,1,1,1
desktop,/archives/94113,2,1,2
desktop,/archives/94500,1,1,1
desktop,/archives/94594,1,1,1
desktop,/archives/9512,1,1,2
desktop,/archives/95276,1,1,1
desktop,/archives/95282,1,1,2
desktop,/archives/95317,1,1,1
desktop,/archives/95380,1,1,1
desktop,/archives/95467,1,1,1
desktop,/archives/9637,1,1,1
desktop,/archives/96759,1,1,1
desktop,/archives/97264,1,1,1
desktop,/archives/97461,1,1,1
desktop,/archives/97463,1,1,1
desktop,/archives/97638,1,1,1
desktop,/archives/97929,1,1,1
desktop,/archives/98023,1,1,1
desktop,/archives/98253,2,1,2
desktop,/archives/98605,2,1,2
desktop,/archives/98756,2,1,2
desktop,/archives/99229,1,1,1
desktop,/archives/99361,3,1,3
desktop,/archives/99932,1,1,1
desktop,/archives/category/business/sk-enterm,5,1,5
desktop,/archives/category/field-news,6,1,6
desktop,/archives/category/industry-and-insight,5,1,5
desktop,/archives/category/press/press-release,12,1,13
desktop,/archives/category/social-news,1,1,1
desktop,/archives/tag/if-디자인-어워드-2021,1,1,1
desktop,/archives/tag/opec,1,1,1
desktop,/archives/tag/sk-ie-technology,1,1,1
desktop,/archives/tag/sk-zic,1,1,1
desktop,/archives/tag/skbs,1,1,1
desktop,/archives/tag/skgca,1,1,1
desktop,/archives/tag/sk경영경제연구소,1,1,1
desktop,/archives/tag/sk써니,1,1,1
desktop,/archives/tag/sk이노베이션-사회공헌,1,1,2
desktop,/archives/tag/sk이노베이션-울산complex,3,1,5
desktop,/archives/tag/sk주유소,1,1,1
desktop,/archives/tag/sk행복어린이집,1,1,1
desktop,/archives/tag/다이어리-작성법,1,1,1
desktop,/archives/tag/루프인더스트리,1,1,1
desktop,/archives/tag/리사이클링,1,1,1
desktop,/archives/tag/리튬이온전지,1,1,2
desktop,/archives/tag/마케팅,1,1,1
desktop,/archives/tag/시노펙,1,1,1
desktop,/archives/tag/신년사,1,1,1
desktop,/archives/tag/싱가포르-복합-정제마진,1,1,1
desktop,/archives/tag/아그위그-챌린지,1,1,1
desktop,/archives/tag/일하는-방식의-혁신,1,1,3
desktop,/archives/tag/제주유나이티드fc,1,1,1
desktop,/archives/tag/카본-투-그린,1,1,1
desktop,/archives/tag/행복날개수련원,1,1,1
desktop,/ir-소식,1,1,1
desktop,/privacy-policy,1,1,1
mobile,/archives/10019,1,1,1
mobile,/archives/100667,1,1,1
mobile,/archives/100739,1,1,1
mobile,/archives/100892,1,1,1
mobile,/archives/101143,1,1,1
mobile,/archives/10169,1,1,1
mobile,/archives/102531,1,1,1
mobile,/archives/10330,1,1,1
mobile,/archives/103372,1,1,1
mobile,/archives/103947,1,1,2
mobile,/archives/104136,1,1,2
mobile,/archives/105131,1,1,1
mobile,/archives/105821,1,1,1
mobile,/archives/106126,1,1,1
mobile,/archives/106205,1,1,1
mobile,/archives/106235,1,1,1
mobile,/archives/106868,1,1,1
mobile,/archives/107142,1,1,2
mobile,/archives/10815,2,1,3
mobile,/archives/108755,1,1,1
mobile,/archives/108834,1,1,1
mobile,/archives/109462,1,1,1
mobile,/archives/109888,1,1,1
mobile,/archives/110206,1,1,1
mobile,/archives/110323,1,1,1
mobile,/archives/110819,1,1,1
mobile,/archives/110919,1,1,2
mobile,/archives/11127,1,1,1
mobile,/archives/111454,1,1,1
mobile,/archives/111486,1,1,1
mobile,/archives/111582,1,1,1
mobile,/archives/111949,1,1,3
mobile,/archives/112487,2,1,3
mobile,/archives/113855,1,1,1
mobile,/archives/113998,1,1,1
mobile,/archives/114094,1,1,1
mobile,/archives/114430,1,1,1
mobile,/archives/114483,3,1,3
mobile,/archives/114608,1,1,2
mobile,/archives/114632,1,1,1
mobile,/archives/114773,1,1,1
mobile,/archives/11793,1,1,1
mobile,/archives/14924,1,1,1
mobile,/archives/18301,1,1,1
mobile,/archives/19981,1,1,1
mobile,/archives/21543,2,1,2
mobile,/archives/22283,1,1,1
mobile,/archives/23352,1,1,1
mobile,/archives/25596,1,1,1
mobile,/archives/25675,1,1,1
mobile,/archives/28782,1,1,1
mobile,/archives/29461,1,1,1
mobile,/archives/29960,1,1,1
mobile,/archives/30069,1,1,1
mobile,/archives/30434,1,1,1
mobile,/archives/31846,1,1,1
mobile,/archives/33788,2,1,2
mobile,/archives/33953,1,1,1
mobile,/archives/38114,1,1,1
mobile,/archives/47000,1,1,1
mobile,/archives/47895,1,1,2
mobile,/archives/48476,1,1,1
mobile,/archives/50688,1,1,1
mobile,/archives/50898,1,1,1
mobile,/archives/51614,1,1,1
mobile,/archives/54659,1,1,1
mobile,/archives/55168,1,1,1
mobile,/archives/58976,1,1,1
mobile,/archives/61057,1,1,1
mobile,/archives/61743,1,1,2
mobile,/archives/64414,1,1,1
mobile,/archives/67506,1,1,1
mobile,/archives/67660,1,1,1
mobile,/archives/68240,1,1,1
mobile,/archives/68704,1,1,1
mobile,/archives/6916,1,1,1
mobile,/archives/70048,1,1,1
mobile,/archives/70300,1,1,1
mobile,/archives/70929,1,1,3
mobile,/archives/72952,1,1,1
mobile,/archives/7475,1,1,1
mobile,/archives/75805,1,1,1
mobile,/archives/78457,1,1,3
mobile,/archives/7918,1,1,1
mobile,/archives/82619,1,1,1
mobile,/archives/83166,1,1,1
mobile,/archives/8355,2,1,3
mobile,/archives/84284,1,1,1
mobile,/archives/84500,1,1,3
mobile,/archives/8502,1,1,1
mobile,/archives/8544,1,1,1
mobile,/archives/85603,1,1,1
mobile,/archives/86272,1,1,1
mobile,/archives/88198,1,1,1
mobile,/archives/88269,1,1,1
mobile,/archives/88712,1,1,1
mobile,/archives/88816,1,1,1
mobile,/archives/88930,1,1,1
mobile,/archives/89158,1,1,1
mobile,/archives/90811,1,1,1
mobile,/archives/93206,1,1,1
mobile,/archives/94009,1,1,1
mobile,/archives/9439,1,1,1
mobile,/archives/95080,1,1,1
mobile,/archives/95732,1,1,1
mobile,/archives/96535,1,1,1
mobile,/archives/96818,1,1,1
mobile,/archives/96879,1,1,1
mobile,/archives/97391,1,1,1
mobile,/archives/98182,1,1,1
mobile,/archives/98783,1,1,1
mobile,/archives/category/business/sk-energy,1,1,1
mobile,/archives/category/business/sk-tradinginternational,1,1,1
mobile,/archives/tag/supex추구상,1,1,4
mobile,/archives/tag/교육훈련생,1,1,1
mobile,/archives/tag/내트럭하우스,1,1,1
mobile,/archives/tag/사내-유치원,1,1,1
mobile,/archives/tag/세대공감,1,1,1
mobile,/archives/tag/전기차-충전소,1,1,1
mobile,/archives/tag/조지아주,1,1,2
mobile,/archives/tag/커리어-점프업-클래스,1,1,1
mobile,/archives/tag/행복나래,1,1,1
mobile,/newsroom-guide,1,1,1
tablet,/,1,1,1
tablet,/archives/10330,1,1,1
tablet,/archives/103947,1,1,1
tablet,/archives/10557,1,1,1
tablet,/archives/106345,1,1,1
tablet,/archives/110919,1,1,1
tablet,/archives/113952,2,1,2
tablet,/archives/14893,1,1,1
tablet,/archives/21277,1,1,1
tablet,/archives/22283,1,1,1
tablet,/archives/32828,1,1,1
tablet,/archives/36237,1,1,1
tablet,/archives/37759,1,1,1
tablet,/archives/47000,1,1,1
tablet,/archives/48279,1,1,1
tablet,/archives/57901,1,1,2
tablet,/archives/59820,1,1,1
tablet,/archives/60291,1,1,1
tablet,/archives/61110,1,1,1
tablet,/archives/73127,1,1,1
tablet,/archives/75940,1,1,5
tablet,/archives/76328,1,1,1
tablet,/archives/83119,1,1,1
tablet,/archives/8502,1,1,1
tablet,/archives/97391,1,1,1
tablet,/archives/category/business/sk-energy,2,1,4
tablet,/archives/category/business/sk-enmove,1,1,1
desktop,/archives/100001,1,0,1
desktop,/archives/10005,1,0,1
desktop,/archives/100222,2,0,2
desktop,/archives/100641,1,0,1
desktop,/archives/100739,3,0,4
desktop,/archives/100990,1,0,1
desktop,/archives/101143,1,0,1
desktop,/archives/102043,1,0,1
desktop,/archives/102756,2,0,3
desktop,/archives/102863,1,0,1
desktop,/archives/102910,1,0,1
desktop,/archives/103336,1,0,1
desktop,/archives/104187,1,0,1
desktop,/archives/10421,1,0,1
desktop,/archives/104421,1,0,1
desktop,/archives/104459,1,0,1
desktop,/archives/104504,1,0,1
desktop,/archives/104517,1,0,1
desktop,/archives/104964,1,0,1
desktop,/archives/105131,3,0,2
desktop,/archives/105395,1,0,1
desktop,/archives/105676,2,0,2
desktop,/archives/106126,1,0,1
desktop,/archives/106307,1,0,1
desktop,/archives/106626,1,0,1
desktop,/archives/107115,1,0,0
desktop,/archives/107386,1,0,1
desktop,/archives/107610,1,0,1
desktop,/archives/107738,1,0,1
desktop,/archives/107925,3,0,3
desktop,/archives/108585,1,0,1
desktop,/archives/108704,2,0,4
desktop,/archives/108736,1,0,1
desktop,/archives/109111,1,0,1
desktop,/archives/109165,1,0,1
desktop,/archives/109571,1,0,4
desktop,/archives/110144,1,0,1
desktop,/archives/110186,1,0,1
desktop,/archives/110328,1,0,1
desktop,/archives/110395,1,0,1
desktop,/archives/110681,1,0,1
desktop,/archives/110768,1,0,1
desktop,/archives/110932,1,0,1
desktop,/archives/111245,1,0,0
desktop,/archives/11127,1,0,1
desktop,/archives/111283,1,0,1
desktop,/archives/111312,1,0,3
desktop,/archives/111887,1,0,1
desktop,/archives/111968,1,0,1
desktop,/archives/112250,1,0,1
desktop,/archives/112397,1,0,2
desktop,/archives/112418,2,0,3
desktop,/archives/112428,2,0,2
desktop,/archives/112566,1,0,1
desktop,/archives/112603,1,0,1
desktop,/archives/112754,1,0,2
desktop,/archives/112815,1,0,1
desktop,/archives/112908,3,0,3
desktop,/archives/113192,2,0,2
desktop,/archives/113297,1,0,1
desktop,/archives/113462,1,0,2
desktop,/archives/113520,1,0,1
desktop,/archives/113565,1,0,1
desktop,/archives/113855,1,0,1
desktop,/archives/113881,1,0,1
desktop,/archives/114014,1,0,1
desktop,/archives/114118,3,0,3
desktop,/archives/114221,3,0,3
desktop,/archives/114278,2,0,2
desktop,/archives/114309,1,0,1
desktop,/archives/114336,1,0,0
desktop,/archives/114364,1,0,1
desktop,/archives/114407,1,0,1
desktop,/archives/114483,4,0,4
desktop,/archives/114522,1,0,1
desktop,/archives/114610,1,0,1
desktop,/archives/114689,1,0,1
desktop,/archives/115020,3,0,2
desktop,/archives/115043,1,0,1
desktop,/archives/115074,4,0,4
desktop,/archives/14040,1,0,1
desktop,/archives/17781,1,0,1
desktop,/archives/18606,1,0,1
desktop,/archives/18648,1,0,1
desktop,/archives/20706,1,0,1
desktop,/archives/21295,1,0,1
desktop,/archives/21543,2,0,2
desktop,/archives/21592,1,0,1
desktop,/archives/21634,1,0,1
desktop,/archives/21649,1,0,1
desktop,/archives/23283,1,0,1
desktop,/archives/25336,1,0,2
desktop,/archives/25492,1,0,1
desktop,/archives/25509,1,0,1
desktop,/archives/25648,1,0,1
desktop,/archives/25903,2,0,3
desktop,/archives/26151,1,0,1
desktop,/archives/26278,1,0,1
desktop,/archives/26466,1,0,1
desktop,/archives/27964,1,0,1
desktop,/archives/2875,1,0,1
desktop,/archives/31735,1,0,4
desktop,/archives/33974,1,0,1
desktop,/archives/34612,1,0,1
desktop,/archives/34624,2,0,2
desktop,/archives/36314,1,0,1
desktop,/archives/37693,1,0,1
desktop,/archives/37795,2,0,2
desktop,/archives/49319,1,0,1
desktop,/archives/54173,1,0,1
desktop,/archives/54742,1,0,2
desktop,/archives/55393,1,0,1
desktop,/archives/55901,1,0,1
desktop,/archives/57233,1,0,1
desktop,/archives/60936,1,0,1
desktop,/archives/67904,1,0,1
desktop,/archives/68273,1,0,1
desktop,/archives/6947,1,0,1
desktop,/archives/7103,1,0,1
desktop,/archives/72104,1,0,1
desktop,/archives/72162,1,0,2
desktop,/archives/72532,1,0,1
desktop,/archives/72546,1,0,3
desktop,/archives/7268,3,0,2
desktop,/archives/73023,1,0,1
desktop,/archives/73799,1,0,1
desktop,/archives/74097,1,0,1
desktop,/archives/74279,1,0,1
desktop,/archives/75940,1,0,1
desktop,/archives/77904,1,0,0
desktop,/archives/7820,1,0,1
desktop,/archives/78506,2,0,2
desktop,/archives/7868,1,0,2
desktop,/archives/79559,1,0,1
desktop,/archives/80400,1,0,2
desktop,/archives/81090,1,0,1
desktop,/archives/82496,1,0,1
desktop,/archives/82567,1,0,2
desktop,/archives/82821,1,0,1
desktop,/archives/83119,2,0,2
desktop,/archives/83293,1,0,0
desktop,/archives/84037,1,0,1
desktop,/archives/84713,1,0,0
desktop,/archives/8482,1,0,0
desktop,/archives/85165,1,0,1
desktop,/archives/85187,1,0,2
desktop,/archives/86199,1,0,1
desktop,/archives/87254,1,0,1
desktop,/archives/8754,2,0,3
desktop,/archives/87887,1,0,1
desktop,/archives/90024,1,0,1
desktop,/archives/90087,1,0,1
desktop,/archives/90112,1,0,1
desktop,/archives/90963,1,0,1
desktop,/archives/91121,1,0,2
desktop,/archives/92800,1,0,1
desktop,/archives/92880,1,0,1
desktop,/archives/93353,1,0,2
desktop,/archives/94104,1,0,1
desktop,/archives/95463,1,0,1
desktop,/archives/95732,1,0,1
desktop,/archives/95863,1,0,3
desktop,/archives/97687,1,0,1
desktop,/archives/97984,1,0,1
desktop,/archives/98307,1,0,1
desktop,/archives/98469,2,0,2
desktop,/archives/98731,1,0,1
desktop,/archives/98805,1,0,1
desktop,/archives/98931,1,0,1
desktop,/archives/99043,1,0,1
desktop,/archives/99191,2,0,3
desktop,/archives/category/business,7,0,9
desktop,/archives/category/business/sk-enmove,3,0,3
desktop,/archives/category/business/sk-geo-centric,7,0,7
desktop,/archives/category/business/sk-ietechnology,2,0,5
desktop,/archives/category/business/sk-incheonpetrochem,2,0,2
desktop,/archives/category/business/sk-innovation,6,0,9
desktop,/archives/category/business/sk-tradinginternational,2,0,2
desktop,/archives/category/field-news/inno-field,7,0,7
desktop,/archives/category/field-news/inno-people,5,0,11
desktop,/archives/category/field-news/management,1,0,1
desktop,/archives/category/industry-and-insight/basics,8,0,9
desktop,/archives/category/industry-and-insight/inno-column,6,0,7
desktop,/archives/category/press,3,0,3
desktop,/archives/category/press/archive,5,0,5
desktop,/archives/category/press/archive/photo,1,0,1
desktop,/archives/category/press/notice,4,0,4
desktop,/archives/tag/green-transformation,1,0,1
desktop,/archives/tag/hou,1,0,1
desktop,/archives/tag/lng,1,0,2
desktop,/archives/tag/mou,1,0,2
desktop,/archives/tag/psm,1,0,1
desktop,/archives/tag/she,1,0,2
desktop,/archives/tag/sk-오일로패스,1,0,1
desktop,/archives/tag/skfp,1,0,1
desktop,/archives/tag/sk펑셔널폴리머,1,0,2
desktop,/archives/tag/교육훈련생,1,0,2
desktop,/archives/tag/그린본드,1,0,1
desktop,/archives/tag/베이징자동차,1,0,1
desktop,/archives/tag/부모초청행사,1,0,1
desktop,/archives/tag/석유수송,1,0,1
desktop,/archives/tag/세대공감clan,1,0,2
desktop,/archives/tag/신입사원-교육과정,1,0,2
desktop,/archives/tag/우리에게-혁신은-자연스럽다,1,0,1
desktop,/archives/tag/저유황유,1,0,3
desktop,/archives/tag/주유건,1,0,1
desktop,/archives/tag/주유소,1,0,1
desktop,/archives/tag/캐릭터,1,0,1
desktop,/archives/tag/캠페인,1,0,1
desktop,/archives/tag/팩트체크해유,1,0,1
desktop,/archives/tag/품질경영실,1,0,1
desktop,/archives/tag/해상유,1,0,1
desktop,/archives/tag/행코,1,0,1
desktop,/archives/tag/환경과학기술원,1,0,2
mobile,/archives/10005,1,0,1
mobile,/archives/100554,1,0,1
mobile,/archives/100999,1,0,1
mobile,/archives/102285,1,0,1
mobile,/archives/103003,1,0,1
mobile,/archives/107411,1,0,1
mobile,/archives/110994,1,0,1
mobile,/archives/111616,1,0,1
mobile,/archives/113159,1,0,1
mobile,/archives/114364,1,0,1
mobile,/archives/114751,1,0,1
mobile,/archives/114931,1,0,1
mobile,/archives/114999,1,0,1
mobile,/archives/115020,1,0,1
mobile,/archives/21354,1,0,1
mobile,/archives/21973,1,0,1
mobile,/archives/28157,1,0,1
mobile,/archives/36237,1,0,1
mobile,/archives/48028,1,0,1
mobile,/archives/50461,1,0,1
mobile,/archives/55625,1,0,3
mobile,/archives/58321,1,0,2
mobile,/archives/77515,1,0,1
mobile,/archives/78466,1,0,1
mobile,/archives/80233,1,0,1
mobile,/archives/80355,2,0,2
mobile,/archives/8051,1,0,1
mobile,/archives/83119,1,0,1
mobile,/archives/86766,1,0,1
mobile,/archives/95380,1,0,2
mobile,/archives/9637,1,0,1
mobile,/archives/category/business/sk-enmove,1,0,2
mobile,/archives/category/business/sk-innovation,1,0,2
mobile,/archives/category/field-news/inno-people,1,0,1
mobile,/archives/category/industry-and-insight/basics,1,0,1
mobile,/archives/tag/skgc-americas,1,0,1
mobile,/archives/tag/사회적가치상,1,0,1
mobile,/archives/tag/세대공감-clan,1,0,1
mobile,/archives/tag/정전기,1,0,1
mobile,/archives/tag/정전기-원리,1,0,2
mobile,/archives/tag/정전기가-생기는-이유,1,0,1
mobile,/privacy-policy,1,0,1
tablet,/archives/111831,1,0,1
tablet,/archives/112908,1,0,1
tablet,/archives/114118,1,0,1
tablet,/archives/114221,1,0,1
tablet,/archives/114483,1,0,1
tablet,/archives/3095,1,0,1
tablet,/archives/45364,1,0,0
tablet,/archives/category/business,2,0,5
tablet,/archives/category/business/sk-ietechnology,1,0,3
tablet,/archives/category/industry-and-insight/basics,1,0,1
tablet,/archives/category/press,1,0,2