# ----------------------------------------
# 보고서 CSV 내보내기
# 계정: SK이노베이션(한글)
# 속성: SK이노베이션 - GA4
# ----------------------------------------
# 
# 모든 사용자
# 시작일: 20240522
# 종료일: 20240522
기기 카테고리,페이지 경로 및 화면 클래스,총 사용자,새 사용자 수,조회수
mobile,/archives/32828,33,32,37
desktop,/,64,21,96
desktop,/archives/84588,22,16,23
desktop,/archives/113797,17,14,16
desktop,/archives/107142,15,11,16
desktop,/archives/111540,16,11,16
desktop,/archives/111978,11,10,13
mobile,/archives/85006,9,9,10
desktop,/archives/104002,9,8,10
desktop,/archives/32828,11,8,14
desktop,/archives/48028,11,8,12
desktop,/archives/48279,8,8,9
mobile,/,16,8,38
desktop,/archives/10557,7,7,8
desktop,/archives/115057,10,7,11
desktop,/archives/49884,10,7,12
mobile,/archives/49884,7,7,8
mobile,/archives/60291,7,7,8
desktop,/archives/107411,6,6,7
desktop,/archives/114094,6,6,7
desktop,/archives/96864,6,6,8
mobile,/archives/16295,6,6,6
desktop,/archives/103947,12,5,11
desktop,/archives/114973,10,5,12
desktop,/archives/13682,5,5,6
desktop,/archives/45433,5,5,5
desktop,/archives/48881,5,5,6
desktop,/archives/tag/sk-supex추구협의회,5,5,6
mobile,/archives/115057,6,5,7
mobile,/archives/48881,5,5,5
desktop,/archives/100667,7,4,6
desktop,/archives/109888,5,4,5
desktop,/archives/111831,12,4,12
desktop,/archives/18301,5,4,5
desktop,/archives/57901,5,4,5
desktop,/archives/75805,4,4,4
desktop,/archives/8482,4,4,5
desktop,/archives/91050,4,4,6
desktop,/archives/97077,5,4,5
desktop,/archives/98107,6,4,8
desktop,/archives/99361,7,4,6
desktop,/archives/category/business/sk-energy,8,4,10
mobile,/archives/107411,4,4,4
mobile,/archives/10963,4,4,5
mobile,/archives/113268,4,4,10
mobile,/archives/83720,4,4,4
mobile,/archives/category/business/sk-on,6,4,8
mobile,/archives/tag/skinnotech,4,4,4
desktop,/archives/100892,5,3,6
desktop,/archives/104439,4,3,4
desktop,/archives/104517,4,3,5
desktop,/archives/113159,5,3,5
desktop,/archives/114153,4,3,4
desktop,/archives/21295,3,3,3
desktop,/archives/25955,3,3,3
desktop,/archives/28782,4,3,4
desktop,/archives/60291,3,3,3
desktop,/archives/7380,4,3,4
desktop,/archives/83571,4,3,3
desktop,/archives/8502,4,3,5
desktop,/archives/87190,3,3,3
desktop,/archives/8935,4,3,4
desktop,/archives/97264,3,3,3
desktop,/archives/97929,3,3,3
desktop,/archives/category/business/sk-on,12,3,17
desktop,/archives/category/industry-and-insight,7,3,7
desktop,/archives/tag/skinnotech,4,3,3
mobile,/archives/104002,3,3,3
mobile,/archives/10815,3,3,3
mobile,/archives/112580,3,3,4
mobile,/archives/113797,3,3,4
mobile,/archives/21617,3,3,3
mobile,/archives/73127,3,3,3
mobile,/archives/9439,3,3,3
desktop,/archives/100553,2,2,2
desktop,/archives/101945,4,2,7
desktop,/archives/103803,2,2,2
desktop,/archives/107887,3,2,3
desktop,/archives/110186,3,2,7
desktop,/archives/111387,2,2,2
desktop,/archives/112580,4,2,4
desktop,/archives/113099,3,2,3
desktop,/archives/113268,2,2,2
desktop,/archives/113663,4,2,6
desktop,/archives/114065,2,2,2
desktop,/archives/114364,3,2,3
desktop,/archives/114773,6,2,7
desktop,/archives/16295,2,2,2
desktop,/archives/21277,2,2,2
desktop,/archives/22283,2,2,3
desktop,/archives/24686,2,2,3
desktop,/archives/3095,2,2,3
desktop,/archives/32685,2,2,2
desktop,/archives/34678,2,2,2
desktop,/archives/47895,2,2,2
desktop,/archives/53520,2,2,2
desktop,/archives/65154,2,2,2
desktop,/archives/73326,3,2,2
desktop,/archives/7696,2,2,2
desktop,/archives/80564,3,2,4
desktop,/archives/8355,2,2,2
desktop,/archives/83720,2,2,2
desktop,/archives/8448,2,2,2
desktop,/archives/85006,3,2,3
desktop,/archives/8544,2,2,2
desktop,/archives/88269,3,2,3
desktop,/archives/89603,2,2,3
desktop,/archives/93491,3,2,3
desktop,/archives/95110,2,2,2
desktop,/archives/category/business/sk-enterm,2,2,4
desktop,/archives/tag/sk경영경제연구소,2,2,2
desktop,/archives/tag/환경과학기술원,3,2,4
desktop,/newsletter_agreement,2,2,2
desktop,/posts,7,2,11
mobile,/archives/10330,3,2,5
mobile,/archives/111540,2,2,3
mobile,/archives/111831,3,2,4
mobile,/archives/113159,3,2,5
mobile,/archives/113952,2,2,2
mobile,/archives/114810,2,2,2
mobile,/archives/11700,2,2,2
mobile,/archives/14188,2,2,2
mobile,/archives/17876,2,2,2
mobile,/archives/23352,2,2,2
mobile,/archives/32685,2,2,3
mobile,/archives/50898,2,2,2
mobile,/archives/57901,2,2,2
mobile,/archives/65154,2,2,2
mobile,/archives/67904,2,2,2
mobile,/archives/72104,2,2,2
mobile,/archives/76541,2,2,2
mobile,/archives/8355,2,2,2
mobile,/archives/8422,2,2,2
mobile,/archives/8448,2,2,2
mobile,/archives/84588,2,2,4
mobile,/archives/95432,2,2,2
mobile,/archives/96864,2,2,3
mobile,/archives/97463,2,2,2
mobile,/archives/97638,2,2,2
mobile,/archives/9782,2,2,2
mobile,/archives/98991,2,2,2
tablet,/archives/107142,2,2,2
tablet,/archives/32828,2,2,2
tablet,/archives/48881,2,2,2
tablet,/archives/57901,2,2,3
tablet,/archives/60291,2,2,2
tablet,/archives/98215,2,2,2
desktop,/archives/100327,1,1,1
desktop,/archives/100723,1,1,1
desktop,/archives/100739,1,1,1
desktop,/archives/100759,1,1,1
desktop,/archives/101026,1,1,1
desktop,/archives/101143,2,1,2
desktop,/archives/101202,1,1,1
desktop,/archives/101213,1,1,1
desktop,/archives/101258,1,1,1
desktop,/archives/101315,1,1,1
desktop,/archives/101342,1,1,1
desktop,/archives/101509,1,1,1
desktop,/archives/101589,2,1,2
desktop,/archives/101604,1,1,1
desktop,/archives/10179,1,1,1
desktop,/archives/102329,1,1,1
desktop,/archives/102910,1,1,1
desktop,/archives/10330,1,1,2
desktop,/archives/103336,2,1,2
desktop,/archives/103500,1,1,1
desktop,/archives/103989,2,1,2
desktop,/archives/104136,2,1,2
desktop,/archives/104151,1,1,1
desktop,/archives/104533,2,1,2
desktop,/archives/104596,1,1,1
desktop,/archives/105115,1,1,1
desktop,/archives/105362,1,1,1
desktop,/archives/105449,3,1,4
desktop,/archives/105461,1,1,1
desktop,/archives/105902,1,1,1
desktop,/archives/106307,1,1,1
desktop,/archives/107845,1,1,2
desktop,/archives/107857,1,1,1
desktop,/archives/108569,1,1,1
desktop,/archives/108755,6,1,9
desktop,/archives/108815,1,1,1
desktop,/archives/109462,2,1,2
desktop,/archives/109543,1,1,1
desktop,/archives/10963,2,1,2
desktop,/archives/109962,1,1,1
desktop,/archives/109977,1,1,1
desktop,/archives/110055,3,1,3
desktop,/archives/110323,5,1,5
desktop,/archives/110768,1,1,1
desktop,/archives/110819,2,1,2
desktop,/archives/110975,1,1,1
desktop,/archives/111245,1,1,2
desktop,/archives/111373,1,1,1
desktop,/archives/111406,2,1,2
desktop,/archives/111421,1,1,1
desktop,/archives/111466,2,1,2
desktop,/archives/111652,1,1,1
desktop,/archives/111914,1,1,1
desktop,/archives/112024,1,1,1
desktop,/archives/112279,1,1,2
desktop,/archives/112418,2,1,2
desktop,/archives/112487,1,1,1
desktop,/archives/112709,1,1,1
desktop,/archives/112771,1,1,1
desktop,/archives/112815,1,1,1
desktop,/archives/112956,1,1,1
desktop,/archives/113197,3,1,3
desktop,/archives/113289,1,1,1
desktop,/archives/113632,1,1,2
desktop,/archives/113855,1,1,1
desktop,/archives/113952,2,1,2
desktop,/archives/114172,3,1,2
desktop,/archives/114221,3,1,3
desktop,/archives/114336,1,1,1
desktop,/archives/114483,6,1,8
desktop,/archives/114616,1,1,1
desktop,/archives/114632,3,1,3
desktop,/archives/115020,1,1,1
desktop,/archives/11700,1,1,1
desktop,/archives/11761,1,1,1
desktop,/archives/11848,1,1,1
desktop,/archives/12513,1,1,1
desktop,/archives/14875,1,1,2
desktop,/archives/15974,1,1,1
desktop,/archives/17256,1,1,1
desktop,/archives/17876,1,1,1
desktop,/archives/18662,1,1,1
desktop,/archives/18778,1,1,1
desktop,/archives/19039,1,1,1
desktop,/archives/19961,1,1,1
desktop,/archives/20287,1,1,1
desktop,/archives/20706,1,1,1
desktop,/archives/20723,1,1,1
desktop,/archives/20855,1,1,1
desktop,/archives/20948,2,1,2
desktop,/archives/21035,1,1,1
desktop,/archives/22252,1,1,1
desktop,/archives/23662,1,1,1
desktop,/archives/24435,1,1,2
desktop,/archives/24588,1,1,1
desktop,/archives/24660,1,1,1
desktop,/archives/25903,1,1,1
desktop,/archives/26728,1,1,1
desktop,/archives/27576,1,1,1
desktop,/archives/28109,1,1,1
desktop,/archives/29254,1,1,1
desktop,/archives/30434,1,1,1
desktop,/archives/30647,1,1,1
desktop,/archives/31699,1,1,1
desktop,/archives/31789,1,1,1
desktop,/archives/32337,1,1,1
desktop,/archives/32681,1,1,1
desktop,/archives/3293,1,1,1
desktop,/archives/33139,1,1,1
desktop,/archives/33788,1,1,1
desktop,/archives/34060,1,1,1
desktop,/archives/34578,1,1,1
desktop,/archives/35757,1,1,1
desktop,/archives/36237,2,1,2
desktop,/archives/36616,1,1,1
desktop,/archives/37348,1,1,1
desktop,/archives/38114,1,1,1
desktop,/archives/45977,1,1,1
desktop,/archives/46487,1,1,2
desktop,/archives/47218,3,1,4
desktop,/archives/4735,1,1,1
desktop,/archives/48690,1,1,1
desktop,/archives/48939,1,1,1
desktop,/archives/50688,1,1,1
desktop,/archives/51077,3,1,2
desktop,/archives/51614,1,1,1
desktop,/archives/52070,1,1,1
desktop,/archives/53272,1,1,1
desktop,/archives/55939,1,1,1
desktop,/archives/56657,1,1,3
desktop,/archives/57359,2,1,2
desktop,/archives/57650,1,1,1
desktop,/archives/59030,1,1,1
desktop,/archives/59945,1,1,1
desktop,/archives/60611,1,1,1
desktop,/archives/60780,1,1,1
desktop,/archives/60917,1,1,2
desktop,/archives/61057,1,1,1
desktop,/archives/61876,1,1,1
desktop,/archives/62298,1,1,1
desktop,/archives/62694,1,1,1
desktop,/archives/63622,2,1,2
desktop,/archives/64114,3,1,5
desktop,/archives/64364,2,1,2
desktop,/archives/64414,2,1,2
desktop,/archives/6688,1,1,1
desktop,/archives/67660,1,1,1
desktop,/archives/6811,1,1,1
desktop,/archives/68608,2,1,2
desktop,/archives/68805,1,1,1
desktop,/archives/69357,1,1,1
desktop,/archives/70214,1,1,1
desktop,/archives/70664,1,1,1
desktop,/archives/71038,3,1,4
desktop,/archives/71614,1,1,1
desktop,/archives/72250,2,1,1
desktop,/archives/73127,1,1,1
desktop,/archives/73339,1,1,1
desktop,/archives/73541,1,1,1
desktop,/archives/73965,1,1,1
desktop,/archives/75150,1,1,1
desktop,/archives/7577,1,1,1
desktop,/archives/76541,1,1,1
desktop,/archives/77070,1,1,1
desktop,/archives/77408,1,1,1
desktop,/archives/77592,1,1,1
desktop,/archives/78457,3,1,3
desktop,/archives/78553,1,1,1
desktop,/archives/78753,1,1,1
desktop,/archives/7918,1,1,1
desktop,/archives/81367,1,1,1
desktop,/archives/81490,1,1,1
desktop,/archives/82140,1,1,1
desktop,/archives/82172,1,1,3
desktop,/archives/82596,1,1,1
desktop,/archives/83065,1,1,1
desktop,/archives/83166,1,1,1
desktop,/archives/8422,1,1,1
desktop,/archives/84762,2,1,2
desktop,/archives/85055,1,1,1
desktop,/archives/85278,1,1,1
desktop,/archives/85894,1,1,1
desktop,/archives/86006,2,1,3
desktop,/archives/86086,1,1,1
desktop,/archives/86732,2,1,2
desktop,/archives/87527,1,1,1
desktop,/archives/87685,1,1,1
desktop,/archives/88135,1,1,1
desktop,/archives/88319,1,1,1
desktop,/archives/8856,2,1,2
desktop,/archives/89066,1,1,1
desktop,/archives/89099,1,1,1
desktop,/archives/90355,2,1,3
desktop,/archives/90440,2,1,2
desktop,/archives/90543,2,1,2
desktop,/archives/91679,1,1,1
desktop,/archives/92448,1,1,1
desktop,/archives/9249,1,1,1
desktop,/archives/92800,1,1,1
desktop,/archives/92917,1,1,1
desktop,/archives/92988,2,1,3
desktop,/archives/93034,1,1,1
desktop,/archives/93206,1,1,1
desktop,/archives/93276,1,1,1
desktop,/archives/93529,1,1,4
desktop,/archives/9370,1,1,1
desktop,/archives/93757,1,1,1
desktop,/archives/94030,2,1,2
desktop,/archives/94311,2,1,2
desktop,/archives/94397,2,1,4
desktop,/archives/94616,1,1,1
desktop,/archives/95134,1,1,1
desktop,/archives/95432,1,1,1
desktop,/archives/95661,1,1,1
desktop,/archives/95732,1,1,1
desktop,/archives/95813,1,1,1
desktop,/archives/96097,2,1,2
desktop,/archives/96145,1,1,1
desktop,/archives/96592,1,1,1
desktop,/archives/96759,3,1,4
desktop,/archives/96768,1,1,1
desktop,/archives/97391,1,1,1
desktop,/archives/97463,1,1,1
desktop,/archives/97705,1,1,1
desktop,/archives/98610,3,1,3
desktop,/archives/98731,3,1,3
desktop,/archives/99281,1,1,1
desktop,/archives/99525,1,1,1
desktop,/archives/category/business/sk-enmove,2,1,3
desktop,/archives/category/field-news/inno-field/seosan-jeungpyeong,1,1,1
desktop,/archives/category/press/press-release,12,1,18
desktop,/archives/tag/ca100,1,1,2
desktop,/archives/tag/dt,1,1,1
desktop,/archives/tag/lsfo,1,1,2
desktop,/archives/tag/sk루브리컨츠,1,1,1
desktop,/archives/tag/sk지크,1,1,2
desktop,/archives/tag/개방형-혁신,1,1,1
desktop,/archives/tag/국제자연보전연맹,1,1,1
desktop,/archives/tag/글렌코어,1,1,1
desktop,/archives/tag/놀이과학교실,1,1,1
desktop,/archives/tag/대한적십자사-유공표창,1,1,1
desktop,/archives/tag/도시유전,1,1,1
desktop,/archives/tag/마린이노베이션,1,1,1
desktop,/archives/tag/미래과학자들의-화학축제,1,1,1
desktop,/archives/tag/사회공헌-공모전,1,1,1
desktop,/archives/tag/세대공감-clan,1,1,3
desktop,/archives/tag/액침냉각,1,1,2
desktop,/archives/tag/업사이클링,1,1,1
desktop,/archives/tag/열분해유,1,1,1
desktop,/archives/tag/오픈하우스,1,1,1
desktop,/archives/tag/이반차,1,1,1
desktop,/archives/tag/인재육성,1,1,1
desktop,/archives/tag/일방혁,1,1,1
desktop,/archives/tag/조지아주,1,1,1
desktop,/archives/tag/증권사-리포트,1,1,1
desktop,/archives/tag/탄소중립,2,1,2
desktop,/archives/tag/파라자일렌,2,1,2
desktop,/archives/tag/파이낸셜-스토리,2,1,2
desktop,/archives/tag/폐플라스틱-업사이클링,1,1,1
desktop,/archives/tag/포드,1,1,3
desktop,/archives/tag/하이이노베이션,1,1,1
desktop,/archives/tag/행복-커뮤니티-센터,1,1,1
desktop,/privacy20210908,1,1,1
mobile,/archives/10019,1,1,1
mobile,/archives/100641,1,1,1
mobile,/archives/100667,1,1,1
mobile,/archives/10112,1,1,1
mobile,/archives/101342,1,1,1
mobile,/archives/102275,1,1,1
mobile,/archives/102756,1,1,1
mobile,/archives/103400,1,1,2
mobile,/archives/103947,1,1,1
mobile,/archives/104261,1,1,1
mobile,/archives/104421,1,1,1
mobile,/archives/104439,1,1,1
mobile,/archives/105258,1,1,1
mobile,/archives/10557,1,1,1
mobile,/archives/105651,1,1,1
mobile,/archives/105741,1,1,1
mobile,/archives/105883,1,1,1
mobile,/archives/105945/230510_장미축제홍보카드뉴스_메인-2,1,1,1
mobile,/archives/106868,1,1,1
mobile,/archives/107506,1,1,1
mobile,/archives/107594,1,1,2
mobile,/archives/107887,1,1,1
mobile,/archives/110003,1,1,1
mobile,/archives/110120,1,1,1
mobile,/archives/110323,1,1,1
mobile,/archives/11127,1,1,1
mobile,/archives/111387,1,1,1
mobile,/archives/111606,1,1,1
mobile,/archives/111929,1,1,1
mobile,/archives/111978,1,1,1
mobile,/archives/112156,1,1,1
mobile,/archives/112418,2,1,3
mobile,/archives/113031,1,1,1
mobile,/archives/113289,1,1,1
mobile,/archives/113680,1,1,1
mobile,/archives/113998,1,1,1
mobile,/archives/114094,1,1,1
mobile,/archives/114430,1,1,1
mobile,/archives/114688,1,1,1
mobile,/archives/114931,1,1,1
mobile,/archives/115074,1,1,1
mobile,/archives/12513,1,1,1
mobile,/archives/19881,1,1,2
mobile,/archives/21573,1,1,1
mobile,/archives/22421,1,1,1
mobile,/archives/24686,1,1,1
mobile,/archives/25383,1,1,1
mobile,/archives/25579,1,1,1
mobile,/archives/25596,2,1,2
mobile,/archives/25623,1,1,1
mobile,/archives/25903,1,1,1
mobile,/archives/28520,1,1,1
mobile,/archives/29155,1,1,1
mobile,/archives/30101,1,1,1
mobile,/archives/32006,1,1,1
mobile,/archives/32157,1,1,1
mobile,/archives/32839,1,1,2
mobile,/archives/34426,1,1,1
mobile,/archives/36237,2,1,2
mobile,/archives/37693,1,1,1
mobile,/archives/37795,1,1,1
mobile,/archives/38114,1,1,1
mobile,/archives/4482,1,1,1
mobile,/archives/50461,1,1,1
mobile,/archives/51077,1,1,1
mobile,/archives/52642,1,1,1
mobile,/archives/53291,1,1,3
mobile,/archives/53520,1,1,1
mobile,/archives/55675,1,1,1
mobile,/archives/57140,1,1,1
mobile,/archives/58321,1,1,1
mobile,/archives/63622,1,1,1
mobile,/archives/64837,1,1,1
mobile,/archives/6811,1,1,1
mobile,/archives/69107,1,1,1
mobile,/archives/73718,1,1,1
mobile,/archives/7696,1,1,1
mobile,/archives/78449,1,1,1
mobile,/archives/78457,1,1,1
mobile,/archives/78753,1,1,1
mobile,/archives/78785,1,1,2
mobile,/archives/8171,1,1,1
mobile,/archives/87503,1,1,1
mobile,/archives/88042,1,1,3
mobile,/archives/88198,1,1,1
mobile,/archives/88552,1,1,1
mobile,/archives/8856,1,1,1
mobile,/archives/88816,1,1,1
mobile,/archives/8935,1,1,3
mobile,/archives/89977,1,1,1
mobile,/archives/9049,1,1,1
mobile,/archives/91215,1,1,1
mobile,/archives/9192,1,1,2
mobile,/archives/93491,1,1,2
mobile,/archives/93813,1,1,1
mobile,/archives/96274,1,1,2
mobile,/archives/96879,1,1,1
mobile,/archives/9705,1,1,1
mobile,/archives/97264,1,1,1
mobile,/archives/97661,1,1,1
mobile,/archives/98107,1,1,1
mobile,/archives/99298,1,1,1
mobile,/archives/99361,1,1,1
mobile,/archives/category/business/sk-energy,2,1,2
mobile,/archives/category/business/sk-enterm,1,1,3
mobile,/archives/category/business/sk-tradinginternational,1,1,1
mobile,/archives/category/field-news/inno-field/seosan-jeungpyeong,1,1,2
mobile,/archives/tag/3천포인트특권,1,1,1
mobile,/archives/tag/sk-supex추구협의회,1,1,1
mobile,/archives/tag/sk지크,1,1,1
mobile,/archives/tag/관공서알바,1,1,1
mobile,/archives/tag/대용량방사포,1,1,2
mobile,/archives/tag/빙하학자,1,1,1
mobile,/archives/tag/스키노맨,1,1,1
mobile,/archives/tag/신입연수,1,1,1
mobile,/archives/tag/양극재,1,1,1
mobile,/archives/tag/엘니뇨,1,1,1
mobile,/archives/tag/열분해유,1,1,2
mobile,/archives/tag/울산대공원-장미축제,1,1,2
mobile,/archives/tag/웹서밋,1,1,1
mobile,/archives/tag/하트하트재단,1,1,1
mobile,/archives/tag/행복-cc,1,1,8
mobile,/archives/tag/행복-커뮤니티-센터,2,1,2
mobile,/newsroom-guide,1,1,1
tablet,/archives/103163,1,1,1
tablet,/archives/110919,1,1,1
tablet,/archives/112815,1,1,1
tablet,/archives/113159,1,1,1
tablet,/archives/115057,1,1,1
tablet,/archives/21277,1,1,1
tablet,/archives/22283,1,1,1
tablet,/archives/36237,1,1,2
tablet,/archives/48028,1,1,1
tablet,/archives/50898,1,1,2
tablet,/archives/59820,1,1,1
tablet,/archives/62644,1,1,1
tablet,/archives/70521,1,1,1
tablet,/archives/8034,1,1,1
tablet,/archives/93206,1,1,1
tablet,/archives/93813,1,1,1
tablet,/archives/95134,1,1,1
tablet,/archives/97077,1,1,1
desktop,/archives/100001,1,0,1
desktop,/archives/100041,1,0,1
desktop,/archives/100207,3,0,3
desktop,/archives/100222,2,0,6
desktop,/archives/100303,1,0,1
desktop,/archives/100500,1,0,1
desktop,/archives/100515,1,0,3
desktop,/archives/100554,1,0,1
desktop,/archives/100695,1,0,1
desktop,/archives/100840,1,0,1
desktop,/archives/100916,1,0,1
desktop,/archives/101177,1,0,1
desktop,/archives/101441,1,0,1
desktop,/archives/101730,1,0,1
desktop,/archives/102043,1,0,1
desktop,/archives/102075,1,0,1
desktop,/archives/102095,1,0,1
desktop,/archives/102176,1,0,1
desktop,/archives/102285,1,0,1
desktop,/archives/102328,1,0,1
desktop,/archives/102419,1,0,1
desktop,/archives/102531,1,0,1
desktop,/archives/103287,1,0,1
desktop,/archives/103349,3,0,2
desktop,/archives/103372,2,0,5
desktop,/archives/103818,1,0,1
desktop,/archives/103830,1,0,1
desktop,/archives/104049,1,0,1
desktop,/archives/104187,3,0,3
desktop,/archives/104695,1,0,1
desktop,/archives/104721,1,0,1
desktop,/archives/104985,1,0,1
desktop,/archives/105048,1,0,1
desktop,/archives/105313,1,0,1
desktop,/archives/105440,1,0,1
desktop,/archives/105458,1,0,1
desktop,/archives/105532,1,0,0
desktop,/archives/105645,1,0,1
desktop,/archives/105691,1,0,1
desktop,/archives/105707,2,0,2
desktop,/archives/105770,1,0,1
desktop,/archives/105803,1,0,1
desktop,/archives/105883,1,0,1
desktop,/archives/106126,1,0,0
desktop,/archives/106172,1,0,2
desktop,/archives/106297,1,0,2
desktop,/archives/106345,1,0,2
desktop,/archives/106701,1,0,1
desktop,/archives/107261,1,0,1
desktop,/archives/107328,1,0,1
desktop,/archives/107388,1,0,1
desktop,/archives/107822,1,0,1
desktop,/archives/107925,1,0,1
desktop,/archives/108156,1,0,1
desktop,/archives/108461,1,0,1
desktop,/archives/108874,2,0,2
desktop,/archives/109118,1,0,1
desktop,/archives/109630,1,0,1
desktop,/archives/110015,1,0,1
desktop,/archives/110120,1,0,1
desktop,/archives/110144,1,0,1
desktop,/archives/110446,1,0,1
desktop,/archives/110458,2,0,1
desktop,/archives/110560,1,0,2
desktop,/archives/110681,1,0,1
desktop,/archives/110919,1,0,1
desktop,/archives/111394,1,0,1
desktop,/archives/111843,1,0,1
desktop,/archives/111929,2,0,1
desktop,/archives/112053,1,0,1
desktop,/archives/112142,1,0,1
desktop,/archives/112210,1,0,1
desktop,/archives/11223,1,0,1
desktop,/archives/112239,1,0,1
desktop,/archives/112318,1,0,2
desktop,/archives/112331,1,0,1
desktop,/archives/112411,1,0,1
desktop,/archives/112480,2,0,2
desktop,/archives/112513,1,0,1
desktop,/archives/112761,1,0,1
desktop,/archives/112776,2,0,2
desktop,/archives/112908,1,0,1
desktop,/archives/112989,1,0,1
desktop,/archives/112995,1,0,1
desktop,/archives/113121,1,0,2
desktop,/archives/113149,1,0,1
desktop,/archives/113419,1,0,1
desktop,/archives/113475/4-sk이노베이션_ces2024_sk원더랜드_sk-wonderland_판타스틱아일랜드_2,1,0,1
desktop,/archives/113520,2,0,3
desktop,/archives/113565,1,0,1
desktop,/archives/113680,4,0,5
desktop,/archives/114014,3,0,3
desktop,/archives/114052,1,0,1
desktop,/archives/114084,1,0,1
desktop,/archives/114118,2,0,2
desktop,/archives/114138,5,0,5
desktop,/archives/114278,2,0,2
desktop,/archives/114327,1,0,1
desktop,/archives/114354,3,0,3
desktop,/archives/114407,1,0,1
desktop,/archives/114430,1,0,1
desktop,/archives/114522,1,0,1
desktop,/archives/114530,1,0,1
desktop,/archives/114610,1,0,1
desktop,/archives/114681,1,0,1
desktop,/archives/114688,1,0,1
desktop,/archives/114689,1,0,2
desktop,/archives/114751,1,0,1
desktop,/archives/114801,3,0,3
desktop,/archives/114810,2,0,2
desktop,/archives/114931,4,0,4
desktop,/archives/114993,2,0,2
desktop,/archives/114999,4,0,3
desktop,/archives/115074,3,0,3
desktop,/archives/115113,1,0,1
desktop,/archives/11993,2,0,2
desktop,/archives/14136,1,0,0
desktop,/archives/15214,1,0,0
desktop,/archives/17730,1,0,1
desktop,/archives/18648,1,0,1
desktop,/archives/21543,1,0,1
desktop,/archives/25596,1,0,5
desktop,/archives/25711,1,0,1
desktop,/archives/25965,1,0,1
desktop,/archives/26393,1,0,1
desktop,/archives/28157,1,0,3
desktop,/archives/31890,1,0,1
desktop,/archives/31937,1,0,1
desktop,/archives/32713,1,0,1
desktop,/archives/33862,1,0,1
desktop,/archives/33912,1,0,0
desktop,/archives/34021,1,0,1
desktop,/archives/34140,1,0,1
desktop,/archives/34190,1,0,2
desktop,/archives/34403,1,0,1
desktop,/archives/34624,1,0,1
desktop,/archives/35678,1,0,1
desktop,/archives/36348,1,0,2
desktop,/archives/37693,1,0,1
desktop,/archives/48110,1,0,1
desktop,/archives/50204,1,0,1
desktop,/archives/51079,1,0,0
desktop,/archives/54580,1,0,1
desktop,/archives/57233,1,0,1
desktop,/archives/58337,1,0,0
desktop,/archives/61771,1,0,0
desktop,/archives/63220,1,0,1
desktop,/archives/63586,2,0,1
desktop,/archives/67231,1,0,7
desktop,/archives/67506,1,0,1
desktop,/archives/67904,2,0,2
desktop,/archives/68188,1,0,1
desktop,/archives/6947,1,0,1
desktop,/archives/7103,1,0,1
desktop,/archives/71937,1,0,1
desktop,/archives/7359,1,0,1
desktop,/archives/7475,1,0,2
desktop,/archives/77306,1,0,1
desktop,/archives/78657,1,0,1
desktop,/archives/78699,1,0,1
desktop,/archives/80603,1,0,1
desktop,/archives/81931,1,0,0
desktop,/archives/81946,1,0,1
desktop,/archives/8217,1,0,1
desktop,/archives/82496,1,0,1
desktop,/archives/83181,1,0,1
desktop,/archives/83477,1,0,2
desktop,/archives/84572,1,0,1
desktop,/archives/8489,1,0,1
desktop,/archives/84900,1,0,1
desktop,/archives/87448,1,0,1
desktop,/archives/87887,1,0,2
desktop,/archives/88291,1,0,1
desktop,/archives/88552,1,0,1
desktop,/archives/88930,1,0,3
desktop,/archives/89459,1,0,3
desktop,/archives/89467,1,0,2
desktop,/archives/89732,1,0,1
desktop,/archives/90131,1,0,1
desktop,/archives/90326,1,0,1
desktop,/archives/90538,1,0,1
desktop,/archives/91072,1,0,1
desktop,/archives/91414,1,0,1
desktop,/archives/92023,1,0,1
desktop,/archives/92217,1,0,1
desktop,/archives/92534,1,0,1
desktop,/archives/93157,2,0,1
desktop,/archives/93460,1,0,1
desktop,/archives/93574,1,0,1
desktop,/archives/93867,1,0,2
desktop,/archives/93880,1,0,1
desktop,/archives/93954,1,0,1
desktop,/archives/94009,1,0,1
desktop,/archives/94318,1,0,1
desktop,/archives/94488,1,0,0
desktop,/archives/94923,1,0,1
desktop,/archives/95282,1,0,1
desktop,/archives/95466,1,0,1
desktop,/archives/95617,1,0,1
desktop,/archives/95988,2,0,2
desktop,/archives/96050,1,0,1
desktop,/archives/96322,1,0,1
desktop,/archives/96339,1,0,1
desktop,/archives/96454,2,0,2
desktop,/archives/96535,1,0,1
desktop,/archives/96846,1,0,0
desktop,/archives/96953,1,0,1
desktop,/archives/97151,1,0,1
desktop,/archives/97325,1,0,1
desktop,/archives/97843,1,0,1
desktop,/archives/98023,1,0,1
desktop,/archives/98087,1,0,1
desktop,/archives/98253,1,0,1
desktop,/archives/98363,1,0,1
desktop,/archives/98404,1,0,1
desktop,/archives/98444,1,0,1
desktop,/archives/98605,1,0,1
desktop,/archives/98767,2,0,2
desktop,/archives/98991,1,0,1
desktop,/archives/99441,1,0,1
desktop,/archives/99547,1,0,1
desktop,/archives/99699,1,0,2
desktop,/archives/99949,1,0,1
desktop,/archives/category/business,7,0,7
desktop,/archives/category/business/sk-earthon,1,0,1
desktop,/archives/category/business/sk-geo-centric,5,0,10
desktop,/archives/category/business/sk-ietechnology,2,0,5
desktop,/archives/category/business/sk-incheonpetrochem,4,0,8
desktop,/archives/category/business/sk-innovation,12,0,13
desktop,/archives/category/business/sk-tradinginternational,2,0,2
desktop,/archives/category/field-news,3,0,4
desktop,/archives/category/field-news/inno-field,3,0,3
desktop,/archives/category/field-news/inno-people,1,0,1
desktop,/archives/category/industry-and-insight/basics,9,0,15
desktop,/archives/category/industry-and-insight/inno-column,6,0,8
desktop,/archives/category/press,4,0,6
desktop,/archives/category/press/archive,3,0,6
desktop,/archives/category/press/notice,1,0,2
desktop,/archives/tag/sk그룹,1,0,1
desktop,/archives/tag/대덕-기술혁신연구원,1,0,2
desktop,/archives/tag/리뉴얼-이벤트,1,0,0
desktop,/archives/tag/리튬금속전지,1,0,1
desktop,/archives/tag/버킷리스트-양식,1,0,1
desktop,/archives/tag/서린빌딩,1,0,2
desktop,/archives/tag/세대공감,1,0,1
desktop,/archives/tag/우시산,1,0,1
desktop,/archives/tag/원유,1,0,2
desktop,/archives/tag/원유수입국,1,0,1
desktop,/archives/tag/원통형배터리,1,0,1
desktop,/archives/tag/웹서밋,1,0,1
desktop,/archives/tag/유조선,1,0,1
desktop,/archives/tag/전기차-배터리,1,0,5
desktop,/archives/tag/중한석화,1,0,1
desktop,/archives/tag/축차연신,1,0,2
desktop,/archives/tag/친환경,1,0,1
desktop,/archives/tag/트럼프,1,0,1
desktop,/newsroom-guide,1,0,1
mobile,/archives/102329,1,0,1
mobile,/archives/106126,1,0,1
mobile,/archives/106172,1,0,1
mobile,/archives/106307,1,0,3
mobile,/archives/107328,1,0,1
mobile,/archives/107523,1,0,1
mobile,/archives/109462,1,0,1
mobile,/archives/113197,1,0,1
mobile,/archives/114364,1,0,1
mobile,/archives/114632,2,0,2
mobile,/archives/114773,1,0,2
mobile,/archives/114789,1,0,1
mobile,/archives/114973,1,0,1
mobile,/archives/18606,1,0,1
mobile,/archives/27556,1,0,1
mobile,/archives/30647,1,0,1
mobile,/archives/48028,1,0,1
mobile,/archives/48382,1,0,1
mobile,/archives/63456,1,0,2
mobile,/archives/64439,1,0,1
mobile,/archives/67302,1,0,1
mobile,/archives/77093,1,0,1
mobile,/archives/79028,1,0,1
mobile,/archives/83571,1,0,1
mobile,/archives/88849,1,0,1
mobile,/archives/89108,1,0,1
mobile,/archives/90112,1,0,1
mobile,/archives/92338,1,0,1
mobile,/archives/95467,1,0,1
mobile,/archives/95863,1,0,7
mobile,/archives/96768,1,0,1
mobile,/archives/97113,1,0,1
mobile,/archives/97724,1,0,2
mobile,/archives/99949,2,0,2
mobile,/archives/category/business,1,0,2
mobile,/archives/category/business/sk-geo-centric,1,0,3
mobile,/archives/category/business/sk-innovation,2,0,4
mobile,/archives/category/field-news,2,0,4
mobile,/archives/category/field-news/inno-field,1,0,2
mobile,/archives/category/field-news/inno-field/ulsan,1,0,1
mobile,/archives/category/field-news/inno-people,1,0,1
mobile,/archives/category/field-news/management,1,0,3
mobile,/archives/category/industry-and-insight/basics,2,0,2
mobile,/archives/category/press,1,0,1
mobile,/archives/tag/슈퍼-엘니뇨,1,0,1
mobile,/archives/tag/우와쏭,1,0,1
mobile,/archives/tag/증평-공장,1,0,1
mobile,/archives/tag/환경과학기술원,1,0,3
tablet,/archives/103044,1,0,1
tablet,/archives/12929,1,0,1
tablet,/archives/18414,1,0,1
tablet,/archives/53520,1,0,1