# ----------------------------------------
# 보고서 CSV 내보내기
# 계정: SK이노베이션(한글)
# 속성: SK이노베이션 - GA4
# ----------------------------------------
# 
# 모든 사용자
# 시작일: 20240529
# 종료일: 20240529
기기 카테고리,페이지 경로 및 화면 클래스,총 사용자,새 사용자 수,조회수
desktop,/,104,44,190
desktop,/archives/113797,45,34,50
mobile,/archives/32828,27,26,34
desktop,/archives/107142,31,25,33
desktop,/archives/84588,23,18,26
mobile,/archives/113797,15,15,17
desktop,/archives/104002,14,11,15
mobile,/archives/115214,13,10,13
desktop,/archives/111831,10,9,12
mobile,/archives/84588,9,9,11
desktop,/archives/63622,8,8,8
desktop,/archives/96864,10,8,12
mobile,/archives/16295,8,8,8
desktop,/archives/48028,9,7,11
desktop,/archives/78457,9,7,11
desktop,/archives/category/business/sk-on,18,7,30
desktop,/archives/103947,12,6,14
desktop,/archives/114973,10,6,17
desktop,/archives/8448,7,6,9
desktop,/archives/85278,6,6,7
desktop,/posts,17,6,25
mobile,/,15,6,21
mobile,/archives/96864,6,6,6
tablet,/archives/48881,6,6,6
desktop,/archives/114094,6,5,6
desktop,/archives/114138,8,5,9
desktop,/archives/48279,9,5,11
desktop,/archives/92880,5,5,7
desktop,/archives/98444,5,5,6
desktop,/archives/99361,6,5,10
mobile,/archives/103947,5,5,5
desktop,/archives/107411,5,4,5
desktop,/archives/10963,4,4,5
desktop,/archives/112580,7,4,7
desktop,/archives/112956,5,4,6
desktop,/archives/113998,5,4,7
desktop,/archives/32828,5,4,9
desktop,/archives/34678,6,4,5
desktop,/archives/49884,5,4,6
desktop,/archives/50898,4,4,7
desktop,/archives/85006,6,4,7
desktop,/archives/category/business/sk-enterm,6,4,14
mobile,/archives/115057,4,4,4
mobile,/archives/45433,6,4,11
mobile,/archives/49884,4,4,5
mobile,/archives/category/business/sk-on,4,4,5
desktop,/archives/100303,4,3,5
desktop,/archives/100327,3,3,3
desktop,/archives/104136,4,3,4
desktop,/archives/107289,3,3,3
desktop,/archives/108755,5,3,5
desktop,/archives/110323,8,3,8
desktop,/archives/111540,6,3,8
desktop,/archives/111978,5,3,8
desktop,/archives/113680,5,3,7
desktop,/archives/114065,6,3,10
desktop,/archives/114118,5,3,5
desktop,/archives/114688,4,3,7
desktop,/archives/115057,4,3,5
desktop,/archives/12929,3,3,4
desktop,/archives/48881,6,3,9
desktop,/archives/51614,3,3,3
desktop,/archives/53520,3,3,3
desktop,/archives/60780,3,3,3
desktop,/archives/98107,5,3,6
desktop,/archives/tag/sk이노베이션-울산complex,4,3,6
mobile,/archives/104002,3,3,3
mobile,/archives/10815,3,3,3
mobile,/archives/113855,4,3,4
mobile,/archives/114094,3,3,3
mobile,/archives/24686,3,3,3
mobile,/archives/25596,3,3,5
mobile,/archives/25903,4,3,4
mobile,/archives/28782,3,3,3
mobile,/archives/60291,3,3,3
mobile,/archives/72623,3,3,3
mobile,/archives/8355,3,3,3
mobile,/archives/category/business/sk-enterm,3,3,4
desktop,/archives/100197,2,2,2
desktop,/archives/100222,2,2,2
desktop,/archives/101604,4,2,6
desktop,/archives/103803,3,2,3
desktop,/archives/10557,4,2,5
desktop,/archives/107738,2,2,3
desktop,/archives/10815,2,2,2
desktop,/archives/108874,3,2,3
desktop,/archives/109090,2,2,2
desktop,/archives/109888,3,2,4
desktop,/archives/110382,4,2,5
desktop,/archives/111387,3,2,5
desktop,/archives/111929,3,2,3
desktop,/archives/112418,3,2,3
desktop,/archives/112487,3,2,3
desktop,/archives/112776,5,2,6
desktop,/archives/113159,5,2,7
desktop,/archives/11371,2,2,4
desktop,/archives/113952,5,2,7
desktop,/archives/114773,3,2,3
desktop,/archives/114999,3,2,3
desktop,/archives/16295,3,2,4
desktop,/archives/22283,2,2,2
desktop,/archives/24686,3,2,6
desktop,/archives/25903,7,2,8
desktop,/archives/28782,2,2,3
desktop,/archives/34355,2,2,2
desktop,/archives/35104,2,2,2
desktop,/archives/36237,2,2,2
desktop,/archives/38114,2,2,2
desktop,/archives/47000,2,2,2
desktop,/archives/5506,2,2,3
desktop,/archives/57901,2,2,2
desktop,/archives/59030,2,2,2
desktop,/archives/60291,2,2,2
desktop,/archives/63128,2,2,2
desktop,/archives/78785,3,2,3
desktop,/archives/81784,2,2,4
desktop,/archives/83065,3,2,5
desktop,/archives/8355,3,2,4
desktop,/archives/8369,2,2,2
desktop,/archives/83720,3,2,3
desktop,/archives/84762,3,2,3
desktop,/archives/8482,3,2,3
desktop,/archives/8502,3,2,4
desktop,/archives/88269,2,2,2
desktop,/archives/93770,2,2,2
desktop,/archives/94081,2,2,2
desktop,/archives/94616,2,2,2
desktop,/archives/97077,3,2,3
desktop,/archives/97264,2,2,2
desktop,/archives/98215,3,2,4
desktop,/archives/98605,2,2,2
desktop,/archives/98731,3,2,4
desktop,/archives/category/business/sk-energy,6,2,8
desktop,/archives/category/business/sk-tradinginternational,3,2,3
desktop,/archives/tag/safety-golden-rule,2,2,4
desktop,/archives/tag/스마트플랜트,2,2,2
desktop,/archives/tag/열분해유,5,2,7
mobile,/archives/100667,2,2,6
mobile,/archives/106345,2,2,2
mobile,/archives/107142,2,2,2
mobile,/archives/107411,2,2,2
mobile,/archives/10963,2,2,2
mobile,/archives/110323,2,2,2
mobile,/archives/110846,2,2,2
mobile,/archives/111387,2,2,2
mobile,/archives/111540,4,2,4
mobile,/archives/111978,2,2,2
mobile,/archives/113159,4,2,6
mobile,/archives/113680,3,2,3
mobile,/archives/114999,2,2,2
mobile,/archives/14117,2,2,2
mobile,/archives/23283,2,2,2
mobile,/archives/34678,2,2,3
mobile,/archives/48028,3,2,5
mobile,/archives/48279,2,2,3
mobile,/archives/70300,2,2,3
mobile,/archives/78457,2,2,4
mobile,/archives/8422,2,2,2
mobile,/archives/85006,2,2,3
mobile,/archives/8502,3,2,5
mobile,/archives/85187,2,2,2
mobile,/archives/9439,2,2,3
mobile,/archives/category/business/sk-energy,3,2,6
mobile,/archives/category/business/sk-enmove,3,2,3
tablet,/archives/107142,2,2,2
tablet,/archives/10963,2,2,2
tablet,/archives/22283,2,2,2
tablet,/archives/57901,2,2,2
tablet,/archives/69621,2,2,2
tablet,/archives/tag/열분해유,2,2,5
desktop,/archives/100041,1,1,2
desktop,/archives/100073,1,1,1
desktop,/archives/100159,1,1,1
desktop,/archives/100667,3,1,2
desktop,/archives/100759,2,1,2
desktop,/archives/100892,3,1,3
desktop,/archives/10112,1,1,1
desktop,/archives/102075,1,1,1
desktop,/archives/103287,1,1,2
desktop,/archives/103302,1,1,2
desktop,/archives/103349,3,1,4
desktop,/archives/103372,1,1,1
desktop,/archives/104439,2,1,3
desktop,/archives/104459,1,1,1
desktop,/archives/104638,1,1,1
desktop,/archives/104769,1,1,1
desktop,/archives/104956,1,1,1
desktop,/archives/105048,2,1,3
desktop,/archives/105091,1,1,1
desktop,/archives/105331,1,1,1
desktop,/archives/105362,1,1,1
desktop,/archives/105461,1,1,1
desktop,/archives/105499,2,1,2
desktop,/archives/105641,1,1,1
desktop,/archives/106126,1,1,1
desktop,/archives/106168,1,1,1
desktop,/archives/107388,1,1,1
desktop,/archives/107557,1,1,1
desktop,/archives/107717,1,1,1
desktop,/archives/108889,1,1,1
desktop,/archives/109282,1,1,1
desktop,/archives/109462,1,1,1
desktop,/archives/109761,1,1,1
desktop,/archives/110015,1,1,1
desktop,/archives/110055,2,1,2
desktop,/archives/110120,1,1,1
desktop,/archives/110469,1,1,1
desktop,/archives/110471,1,1,1
desktop,/archives/111394,2,1,2
desktop,/archives/111667,1,1,1
desktop,/archives/112024,1,1,2
desktop,/archives/112156,2,1,2
desktop,/archives/112239,2,1,2
desktop,/archives/112544,1,1,1
desktop,/archives/112815,1,1,1
desktop,/archives/112908,3,1,2
desktop,/archives/113565,3,1,3
desktop,/archives/113855,2,1,2
desktop,/archives/114052,1,1,1
desktop,/archives/114153,4,1,3
desktop,/archives/114172,2,1,3
desktop,/archives/114208,5,1,6
desktop,/archives/114278,6,1,7
desktop,/archives/114309,1,1,1
desktop,/archives/114474,1,1,1
desktop,/archives/114483,3,1,4
desktop,/archives/114522,2,1,3
desktop,/archives/114608,1,1,1
desktop,/archives/114616,1,1,1
desktop,/archives/114632,3,1,3
desktop,/archives/114801,2,1,2
desktop,/archives/115020,1,1,1
desktop,/archives/115043,2,1,2
desktop,/archives/115209,4,1,4
desktop,/archives/115214,5,1,5
desktop,/archives/11737,1,1,1
desktop,/archives/11848,1,1,1
desktop,/archives/11993,1,1,2
desktop,/archives/13682,2,1,2
desktop,/archives/15214,1,1,1
desktop,/archives/15233,1,1,1
desktop,/archives/17256,1,1,1
desktop,/archives/20723,1,1,2
desktop,/archives/20948,3,1,2
desktop,/archives/21215,1,1,1
desktop,/archives/21295,2,1,2
desktop,/archives/21543,1,1,1
desktop,/archives/21592,2,1,2
desktop,/archives/22870,1,1,1
desktop,/archives/23957,1,1,1
desktop,/archives/24005,1,1,1
desktop,/archives/24435,1,1,1
desktop,/archives/24737,1,1,1
desktop,/archives/25623,1,1,1
desktop,/archives/25711,5,1,4
desktop,/archives/25855,1,1,1
desktop,/archives/26114,1,1,1
desktop,/archives/26278,1,1,1
desktop,/archives/26321,1,1,1
desktop,/archives/26728,1,1,1
desktop,/archives/27289,1,1,1
desktop,/archives/28157,2,1,3
desktop,/archives/29155,1,1,1
desktop,/archives/29789,1,1,1
desktop,/archives/32247,1,1,2
desktop,/archives/32713,1,1,1
desktop,/archives/33788,1,1,1
desktop,/archives/33937,1,1,1
desktop,/archives/34305,1,1,1
desktop,/archives/34578,1,1,1
desktop,/archives/34612,1,1,1
desktop,/archives/34905,1,1,1
desktop,/archives/35023,1,1,1
desktop,/archives/36253,1,1,1
desktop,/archives/36348,1,1,2
desktop,/archives/36747,1,1,1
desktop,/archives/36754,1,1,1
desktop,/archives/37693,1,1,1
desktop,/archives/38098,1,1,1
desktop,/archives/4482,1,1,1
desktop,/archives/45061,1,1,1
desktop,/archives/4521,1,1,1
desktop,/archives/45364,1,1,2
desktop,/archives/45601,1,1,1
desktop,/archives/47192,1,1,1
desktop,/archives/47218,1,1,1
desktop,/archives/47699,1,1,1
desktop,/archives/47741,1,1,1
desktop,/archives/49054,1,1,1
desktop,/archives/49626,1,1,1
desktop,/archives/49759,1,1,1
desktop,/archives/50461,1,1,1
desktop,/archives/51077,3,1,2
desktop,/archives/52417,2,1,2
desktop,/archives/55376,1,1,1
desktop,/archives/56073,1,1,1
desktop,/archives/57706,1,1,1
desktop,/archives/57820,1,1,1
desktop,/archives/59136,1,1,1
desktop,/archives/59623,1,1,1
desktop,/archives/60327,1,1,3
desktop,/archives/61110,2,1,2
desktop,/archives/61743,1,1,1
desktop,/archives/62178,1,1,1
desktop,/archives/62310,1,1,1
desktop,/archives/62987,1,1,2
desktop,/archives/63220,1,1,1
desktop,/archives/65154,1,1,1
desktop,/archives/6654,1,1,1
desktop,/archives/66701,1,1,1
desktop,/archives/6688,1,1,1
desktop,/archives/67879,1,1,1
desktop,/archives/67904,2,1,2
desktop,/archives/67997,1,1,1
desktop,/archives/69621,1,1,1
desktop,/archives/70300,1,1,1
desktop,/archives/70521,2,1,2
desktop,/archives/70782,1,1,1
desktop,/archives/71038,1,1,1
desktop,/archives/71636,1,1,1
desktop,/archives/71937,1,1,2
desktop,/archives/72552,2,1,2
desktop,/archives/72713,1,1,2
desktop,/archives/72972,1,1,5
desktop,/archives/73127,1,1,1
desktop,/archives/73326,1,1,1
desktop,/archives/7348,1,1,1
desktop,/archives/74339,1,1,1
desktop,/archives/74464,1,1,1
desktop,/archives/74727,1,1,1
desktop,/archives/75805,3,1,3
desktop,/archives/76541,1,1,1
desktop,/archives/76643,1,1,1
desktop,/archives/78466,1,1,1
desktop,/archives/79213,1,1,1
desktop,/archives/79287,1,1,1
desktop,/archives/79812,1,1,1
desktop,/archives/79918,1,1,1
desktop,/archives/79927,1,1,1
desktop,/archives/80603,1,1,2
desktop,/archives/80912,1,1,1
desktop,/archives/81289,1,1,1
desktop,/archives/8227,1,1,1
desktop,/archives/8269,1,1,1
desktop,/archives/8289,1,1,1
desktop,/archives/83166,1,1,1
desktop,/archives/83181,2,1,2
desktop,/archives/83537,1,1,1
desktop,/archives/83571,1,1,1
desktop,/archives/84500,1,1,1
desktop,/archives/85075,1,1,1
desktop,/archives/85187,1,1,1
desktop,/archives/8544,1,1,1
desktop,/archives/85853,1,1,2
desktop,/archives/85894,1,1,1
desktop,/archives/86230,1,1,1
desktop,/archives/86766,2,1,2
desktop,/archives/86834,1,1,1
desktop,/archives/88198,1,1,1
desktop,/archives/8935,2,1,3
desktop,/archives/89476,1,1,1
desktop,/archives/89828,1,1,1
desktop,/archives/89977,1,1,1
desktop,/archives/90112,2,1,2
desktop,/archives/90522,1,1,3
desktop,/archives/90963,1,1,1
desktop,/archives/91050,1,1,1
desktop,/archives/91287,1,1,2
desktop,/archives/91695,1,1,1
desktop,/archives/92534,1,1,1
desktop,/archives/92745,1,1,1
desktop,/archives/93130,1,1,2
desktop,/archives/93491,2,1,2
desktop,/archives/93757,1,1,1
desktop,/archives/93799,1,1,1
desktop,/archives/94311,2,1,4
desktop,/archives/9439,2,1,2
desktop,/archives/9512,1,1,1
desktop,/archives/95466,1,1,1
desktop,/archives/96309,1,1,1
desktop,/archives/96475,1,1,1
desktop,/archives/96759,1,1,1
desktop,/archives/96879,1,1,1
desktop,/archives/97151,1,1,1
desktop,/archives/97391,2,1,2
desktop,/archives/97463,1,1,1
desktop,/archives/97638,1,1,1
desktop,/archives/97693,1,1,1
desktop,/archives/97776,1,1,1
desktop,/archives/9807,2,1,1
desktop,/archives/98182,1,1,1
desktop,/archives/98253,1,1,1
desktop,/archives/category/field-news,9,1,12
desktop,/archives/category/social-news,2,1,2
desktop,/archives/tag/scale-건축사무소,1,1,1
desktop,/archives/tag/she,1,1,1
desktop,/archives/tag/sk-battery-america,1,1,1
desktop,/archives/tag/sk-ie-technology,1,1,1
desktop,/archives/tag/국내유가,1,1,1
desktop,/archives/tag/도시유전,1,1,1
desktop,/archives/tag/세계-환경의-날,1,1,1
desktop,/archives/tag/세대공감-clan,1,1,1
desktop,/archives/tag/시노펙,1,1,1
desktop,/archives/tag/업사이클링,1,1,2
desktop,/archives/tag/오픈하우스,1,1,1
desktop,/archives/tag/작업안전가이드,1,1,1
desktop,/archives/tag/조직문화,1,1,1
desktop,/archives/tag/해외여행-준비물-체크리스트,1,1,2
desktop,/archives/tag/행복-도시락,1,1,1
desktop,/archives/tag/행복추구,1,1,1
desktop,/newsletter_agreement,1,1,1
desktop,/privacy20210908,1,1,1
mobile,/archives/100553,1,1,1
mobile,/archives/100759,1,1,1
mobile,/archives/100892,1,1,1
mobile,/archives/100999,1,1,1
mobile,/archives/10112,1,1,1
mobile,/archives/101604,1,1,1
mobile,/archives/102419,1,1,1
mobile,/archives/103372,1,1,1
mobile,/archives/103594,1,1,1
mobile,/archives/103830,1,1,1
mobile,/archives/104596,1,1,1
mobile,/archives/104964,1,1,1
mobile,/archives/106626,1,1,1
mobile,/archives/107289,1,1,1
mobile,/archives/107557,1,1,1
mobile,/archives/107618,1,1,1
mobile,/archives/109462,1,1,1
mobile,/archives/112580,1,1,1
mobile,/archives/112815,1,1,1
mobile,/archives/112908,1,1,2
mobile,/archives/112995,1,1,1
mobile,/archives/113149,1,1,1
mobile,/archives/113952,1,1,1
mobile,/archives/114221,3,1,3
mobile,/archives/114773,1,1,1
mobile,/archives/114973,2,1,2
mobile,/archives/12929,1,1,1
mobile,/archives/13264,1,1,1
mobile,/archives/14136,1,1,1
mobile,/archives/14875,1,1,1
mobile,/archives/14965,1,1,1
mobile,/archives/15233,1,1,1
mobile,/archives/15974,1,1,1
mobile,/archives/18414,1,1,1
mobile,/archives/19881,1,1,2
mobile,/archives/21573,1,1,1
mobile,/archives/22283,1,1,1
mobile,/archives/22734,1,1,3
mobile,/archives/23134,1,1,1
mobile,/archives/23352,1,1,1
mobile,/archives/24588,1,1,1
mobile,/archives/24874,1,1,1
mobile,/archives/25579,1,1,1
mobile,/archives/25648,1,1,1
mobile,/archives/26114,1,1,1
mobile,/archives/26926,1,1,1
mobile,/archives/28157,1,1,1
mobile,/archives/29138,1,1,1
mobile,/archives/30101,1,1,1
mobile,/archives/32311,1,1,1
mobile,/archives/32681,1,1,1
mobile,/archives/33788,1,1,1
mobile,/archives/34140,1,1,1
mobile,/archives/34669,1,1,1
mobile,/archives/37645,1,1,2
mobile,/archives/37693,1,1,1
mobile,/archives/4735,1,1,1
mobile,/archives/47994,1,1,1
mobile,/archives/48881,1,1,1
mobile,/archives/53520,1,1,1
mobile,/archives/56046,1,1,1
mobile,/archives/58337,1,1,1
mobile,/archives/59030,2,1,2
mobile,/archives/63101,1,1,1
mobile,/archives/63622,1,1,1
mobile,/archives/68240,1,1,1
mobile,/archives/68858,1,1,1
mobile,/archives/69357,1,1,2
mobile,/archives/71038,1,1,1
mobile,/archives/71803,1,1,1
mobile,/archives/72120,1,1,1
mobile,/archives/73392,1,1,1
mobile,/archives/74611,1,1,1
mobile,/archives/75805,1,1,1
mobile,/archives/7636,1,1,1
mobile,/archives/77093,1,1,1
mobile,/archives/77515,1,1,1
mobile,/archives/78785,1,1,1
mobile,/archives/80568,1,1,1
mobile,/archives/81525,1,1,1
mobile,/archives/81784,1,1,1
mobile,/archives/8306,1,1,4
mobile,/archives/83720,3,1,3
mobile,/archives/8482,1,1,1
mobile,/archives/86272,1,1,1
mobile,/archives/88269,1,1,1
mobile,/archives/8935,1,1,1
mobile,/archives/90811,1,1,1
mobile,/archives/92880,1,1,1
mobile,/archives/9299,2,1,2
mobile,/archives/93096,1,1,1
mobile,/archives/93591,1,1,1
mobile,/archives/93652,1,1,1
mobile,/archives/93770,1,1,1
mobile,/archives/94030,1,1,1
mobile,/archives/95110,1,1,1
mobile,/archives/9512,1,1,1
mobile,/archives/96309,1,1,1
mobile,/archives/96339,1,1,1
mobile,/archives/96489,1,1,1
mobile,/archives/9670,1,1,1
mobile,/archives/96879,1,1,1
mobile,/archives/97461,1,1,2
mobile,/archives/9782,1,1,1
mobile,/archives/98107,1,1,2
mobile,/archives/98182,1,1,1
mobile,/archives/98215,1,1,1
mobile,/archives/98444,1,1,1
mobile,/archives/tag/ai,1,1,1
mobile,/archives/tag/bmr,1,1,1
mobile,/archives/tag/sk-battery-america,1,1,1
mobile,/archives/tag/sk경영경제연구소,1,1,1
mobile,/archives/tag/기업문화,1,1,2
mobile,/archives/tag/내트럭하우스,1,1,1
mobile,/archives/tag/스타트업,1,1,1
mobile,/archives/tag/최인규,1,1,1
mobile,/archives/tag/친환경,1,1,2
mobile,/archives/tag/탄소중립,1,1,1
tablet,/archives/101641,1,1,1
tablet,/archives/102756,1,1,1
tablet,/archives/104002,1,1,1
tablet,/archives/110323,1,1,1
tablet,/archives/111978,1,1,1
tablet,/archives/113159,1,1,1
tablet,/archives/113797,1,1,1
tablet,/archives/113952,1,1,1
tablet,/archives/113998,1,1,1
tablet,/archives/114094,1,1,1
tablet,/archives/114973,3,1,3
tablet,/archives/34355,1,1,1
tablet,/archives/36237,1,1,1
tablet,/archives/48028,1,1,1
tablet,/archives/50898,1,1,1
tablet,/archives/58745,1,1,1
tablet,/archives/68188,1,1,1
tablet,/archives/68805,1,1,1
tablet,/archives/70071,1,1,1
tablet,/archives/75713,1,1,1
tablet,/archives/8502,1,1,3
tablet,/archives/8935,1,1,1
tablet,/archives/91050,1,1,1
tablet,/archives/92880,1,1,1
tablet,/archives/tag/취미,1,1,1
desktop,/404,1,0,1
desktop,/archives/10070,1,0,0
desktop,/archives/100739,1,0,2
desktop,/archives/100964,1,0,1
desktop,/archives/101108,1,0,1
desktop,/archives/102043,1,0,1
desktop,/archives/102531,1,0,1
desktop,/archives/102756,1,0,1
desktop,/archives/102896,1,0,2
desktop,/archives/103076,1,0,1
desktop,/archives/103092,1,0,1
desktop,/archives/103336,1,0,0
desktop,/archives/103830,1,0,1
desktop,/archives/103989,2,0,2
desktop,/archives/104187,1,0,4
desktop,/archives/104261,1,0,1
desktop,/archives/104721,1,0,1
desktop,/archives/105676,1,0,1
desktop,/archives/105770,1,0,1
desktop,/archives/106172,1,0,1
desktop,/archives/106254,1,0,4
desktop,/archives/106307,1,0,1
desktop,/archives/106626,1,0,2
desktop,/archives/107506,1,0,1
desktop,/archives/107594,1,0,1
desktop,/archives/107618,1,0,1
desktop,/archives/107660,1,0,0
desktop,/archives/107701,1,0,1
desktop,/archives/107793,1,0,1
desktop,/archives/107822,1,0,1
desktop,/archives/108585,1,0,1
desktop,/archives/109216,1,0,2
desktop,/archives/110003,1,0,2
desktop,/archives/110144,3,0,3
desktop,/archives/110237,1,0,0
desktop,/archives/110328,1,0,1
desktop,/archives/110536,1,0,1
desktop,/archives/110819,2,0,2
desktop,/archives/111373,1,0,1
desktop,/archives/111406,1,0,1
desktop,/archives/112053,1,0,1
desktop,/archives/112183,1,0,1
desktop,/archives/112250,2,0,2
desktop,/archives/112655,1,0,1
desktop,/archives/112724,1,0,1
desktop,/archives/113197,1,0,2
desktop,/archives/113226,1,0,1
desktop,/archives/113289,3,0,3
desktop,/archives/113390,1,0,1
desktop,/archives/113432,1,0,1
desktop,/archives/113632,1,0,1
desktop,/archives/113663,2,0,2
desktop,/archives/114199,1,0,1
desktop,/archives/114221,1,0,1
desktop,/archives/114354,1,0,1
desktop,/archives/114407,2,0,1
desktop,/archives/114430,2,0,2
desktop,/archives/114530,1,0,1
desktop,/archives/114751,1,0,1
desktop,/archives/114789,1,0,1
desktop,/archives/114810,1,0,1
desktop,/archives/114931,2,0,3
desktop,/archives/114993,1,0,1
desktop,/archives/115099,1,0,1
desktop,/archives/115113,1,0,1
desktop,/archives/115249,2,0,3
desktop,/archives/115258,7,0,6
desktop,/archives/115300,1,0,1
desktop,/archives/115324,3,0,3
desktop,/archives/115337,16,0,20
desktop,/archives/11812,1,0,1
desktop,/archives/15974,3,0,5
desktop,/archives/17479,1,0,2
desktop,/archives/18414,1,0,0
desktop,/archives/19881,1,0,0
desktop,/archives/21233,1,0,1
desktop,/archives/21354,1,0,1
desktop,/archives/21366,1,0,1
desktop,/archives/21558,1,0,1
desktop,/archives/21634,2,0,2
desktop,/archives/22022,1,0,2
desktop,/archives/22712,1,0,1
desktop,/archives/23283,1,0,1
desktop,/archives/23352,1,0,1
desktop,/archives/24588,1,0,1
desktop,/archives/25030,1,0,1
desktop,/archives/25596,2,0,3
desktop,/archives/26393,1,0,1
desktop,/archives/26620,1,0,1
desktop,/archives/27347,1,0,1
desktop,/archives/2875,1,0,1
desktop,/archives/30153,1,0,1
desktop,/archives/3160,1,0,1
desktop,/archives/31909,1,0,1
desktop,/archives/34624,1,0,1
desktop,/archives/45433,2,0,1
desktop,/archives/46959,1,0,1
desktop,/archives/47014,1,0,1
desktop,/archives/47188,1,0,0
desktop,/archives/4735,1,0,1
desktop,/archives/48802,1,0,1
desktop,/archives/54002,1,0,1
desktop,/archives/54273,1,0,1
desktop,/archives/55965,1,0,1
desktop,/archives/57233,2,0,2
desktop,/archives/57650,1,0,1
desktop,/archives/59917,1,0,1
desktop,/archives/60629,1,0,1
desktop,/archives/61117,1,0,1
desktop,/archives/61356,1,0,1
desktop,/archives/61876,1,0,1
desktop,/archives/62012,1,0,1
desktop,/archives/62211,1,0,2
desktop,/archives/64305,1,0,1
desktop,/archives/6811,3,0,2
desktop,/archives/69528,1,0,1
desktop,/archives/69864,1,0,1
desktop,/archives/70139,1,0,1
desktop,/archives/73031,1,0,1
desktop,/archives/73355,1,0,1
desktop,/archives/74611,1,0,0
desktop,/archives/75513,1,0,1
desktop,/archives/7762,1,0,1
desktop,/archives/77996,1,0,2
desktop,/archives/8008,1,0,1
desktop,/archives/82172,1,0,1
desktop,/archives/82496,1,0,1
desktop,/archives/8254,1,0,1
desktop,/archives/84007,1,0,1
desktop,/archives/84748,1,0,1
desktop,/archives/84900,1,0,1
desktop,/archives/87015,1,0,1
desktop,/archives/87474,1,0,1
desktop,/archives/8754,1,0,1
desktop,/archives/87660,1,0,1
desktop,/archives/90219,1,0,0
desktop,/archives/90239,1,0,1
desktop,/archives/91535,1,0,1
desktop,/archives/91695웰다잉만큼 중요한 ‘웰바잉’으로 펫로스 극복 돕는다. 강남구 강남이슈,1,0,2
desktop,/archives/9299,1,0,1
desktop,/archives/93249,1,0,1
desktop,/archives/93938,1,0,1
desktop,/archives/93954,1,0,1
desktop,/archives/94030,2,0,2
desktop,/archives/94067,1,0,1
desktop,/archives/94397,1,0,1
desktop,/archives/94594,1,0,1
desktop,/archives/95110,1,0,2
desktop,/archives/95637,1,0,1
desktop,/archives/96006,1,0,1
desktop,/archives/96443,1,0,0
desktop,/archives/96454,1,0,1
desktop,/archives/96953,1,0,1
desktop,/archives/97593,1,0,1
desktop,/archives/97843,1,0,0
desktop,/archives/98404,1,0,1
desktop,/archives/98610,4,0,5
desktop,/archives/99547,1,0,1
desktop,/archives/99699,1,0,1
desktop,/archives/category/business,7,0,10
desktop,/archives/category/business/sk-earthon,3,0,5
desktop,/archives/category/business/sk-enmove,6,0,9
desktop,/archives/category/business/sk-geo-centric,5,0,7
desktop,/archives/category/business/sk-incheonpetrochem,1,0,1
desktop,/archives/category/business/sk-innovation,12,0,18
desktop,/archives/category/field-news/inno-field,5,0,6
desktop,/archives/category/field-news/inno-field/ulsan,1,0,2
desktop,/archives/category/field-news/inno-people,5,0,6
desktop,/archives/category/field-news/management,1,0,1
desktop,/archives/category/industry-and-insight,7,0,27
desktop,/archives/category/industry-and-insight/basics,4,0,9
desktop,/archives/category/industry-and-insight/inno-column,2,0,3
desktop,/archives/category/press,6,0,8
desktop,/archives/category/press/notice,1,0,1
desktop,/archives/category/press/press-release,14,0,32
desktop,/archives/tag/carbon-to-green,1,0,2
desktop,/archives/tag/ccs,1,0,1
desktop,/archives/tag/csr활동,1,0,1
desktop,/archives/tag/libs,1,0,1
desktop,/archives/tag/no-1-fcc생산1-unit,1,0,1
desktop,/archives/tag/sk-행복도시락,1,0,1
desktop,/archives/tag/sk이노베이션봉사활동,1,0,1
desktop,/archives/tag/라이온켐텍,1,0,1
desktop,/archives/tag/리튬배터리-분리막,1,0,1
desktop,/archives/tag/스키노맨,1,0,1
desktop,/archives/tag/울산대공원-장미축제,1,0,1
desktop,/archives/tag/장미축제,1,0,2
desktop,/archives/tag/직무소개,1,0,1
desktop,/archives/tag/채용,1,0,1
desktop,/archives/tag/친환경-접착제,1,0,1
desktop,/archives/tag/카본-투-그린,1,0,1
desktop,/archives/tag/파트라sk,1,0,1
desktop,/archives/tag/팩트체크해유,1,0,1
desktop,/archives/tag/해외여행-준비물-리스트,1,0,1
desktop,/archives/tag/행복협의회,1,0,1
desktop,/archives/tag/행코,1,0,1
desktop,/sigini,1,0,1
desktop,/signini,1,0,1
mobile,/archives/101248,2,0,2
mobile,/archives/10330,1,0,1
mobile,/archives/103449,1,0,1
mobile,/archives/103989,1,0,1
mobile,/archives/109888,1,0,1
mobile,/archives/110819,1,0,1
mobile,/archives/113663,1,0,2
mobile,/archives/113998,1,0,1
mobile,/archives/114118,1,0,1
mobile,/archives/114138,1,0,1
mobile,/archives/114483,1,0,1
mobile,/archives/114931,1,0,1
mobile,/archives/115113,1,0,1
mobile,/archives/115209,2,0,2
mobile,/archives/115302,1,0,1
mobile,/archives/115337,1,0,1
mobile,/archives/21973,1,0,1
mobile,/archives/25882,1,0,1
mobile,/archives/59917,1,0,1
mobile,/archives/6988,1,0,2
mobile,/archives/93757,1,0,1
mobile,/archives/95380,1,0,1
mobile,/archives/96768,1,0,0
mobile,/archives/98610,1,0,1
mobile,/archives/category/business/sk-geo-centric,1,0,1
mobile,/archives/category/business/sk-innovation,3,0,3
mobile,/archives/category/field-news,1,0,1
mobile,/archives/category/press/notice,1,0,1
mobile,/archives/tag/사회적기업,1,0,1
mobile,/archives/tag/우와쏭,1,0,1
mobile,/archives/tag/플렉서블-커버-윈도우,1,0,1
mobile,/archives/tag/환경과학기술원,1,0,1
mobile,/newsroom-guide,1,0,1
mobile,/posts,2,0,3
tablet,/archives/48279,1,0,3
tablet,/archives/60291,1,0,1
tablet,/archives/90112,1,0,1
tablet,/archives/90543,1,0,1
tablet,/archives/95110,1,0,1
tablet,/archives/99361,1,0,1