# ----------------------------------------
# 보고서 CSV 내보내기
# 계정: SK이노베이션(한글)
# 속성: SK이노베이션 - GA4
# ----------------------------------------
# 
# 모든 사용자
# 시작일: 20240604
# 종료일: 20240604
기기 카테고리,페이지 경로 및 화면 클래스,총 사용자,새 사용자 수,조회수
desktop,/archives/category/press/press-release,59,47,62
desktop,/,102,36,195
desktop,/archives/107142,36,30,39
mobile,/archives/115057,26,26,30
desktop,/archives/18301,24,22,23
desktop,/archives/115057,24,21,26
desktop,/archives/84588,21,18,22
mobile,/archives/63622,15,15,16
desktop,/archives/63622,14,13,18
mobile,/,21,13,37
desktop,/archives/113797,20,12,22
mobile,/archives/113952,12,12,14
mobile,/archives/32828,12,12,16
desktop,/archives/104002,14,11,12
mobile,/archives/18301,12,11,12
mobile,/archives/107142,11,10,17
desktop,/archives/113952,9,9,9
mobile,/archives/96864,12,9,12
desktop,/archives/32828,8,8,9
desktop,/archives/49884,8,8,8
desktop,/archives/83720,11,8,11
mobile,/archives/9807,9,8,10
desktop,/archives/103947,9,7,11
desktop,/archives/114973,13,7,13
desktop,/archives/107411,7,6,7
desktop,/archives/25579,6,6,6
desktop,/archives/98107,7,6,7
desktop,/posts,14,6,26
mobile,/archives/115214,10,6,11
mobile,/archives/category/business/sk-on,7,6,9
desktop,/archives/37693,5,5,5
desktop,/archives/48881,5,5,7
desktop,/archives/61743,8,5,7
desktop,/archives/8502,5,5,6
desktop,/archives/9807,5,5,5
desktop,/archives/98182,5,5,12
mobile,/archives/113797,5,5,6
mobile,/archives/61743,5,5,5
mobile,/archives/83720,5,5,5
desktop,/archives/111831,4,4,4
desktop,/archives/21277,5,4,6
desktop,/archives/34355,4,4,6
desktop,/archives/45433,7,4,6
desktop,/archives/56046,4,4,6
desktop,/archives/83571,5,4,5
desktop,/archives/96879,6,4,5
desktop,/archives/category/business/sk-energy,18,4,36
desktop,/archives/category/social-news,4,4,6
mobile,/archives/107411,4,4,4
mobile,/archives/49884,5,4,5
mobile,/archives/8935,5,4,5
desktop,/archives/100159,3,3,3
desktop,/archives/100667,4,3,4
desktop,/archives/105499,3,3,4
desktop,/archives/111387,3,3,4
desktop,/archives/112480,4,3,4
desktop,/archives/114094,3,3,3
desktop,/archives/114632,4,3,4
desktop,/archives/115214,12,3,15
desktop,/archives/115371,14,3,17
desktop,/archives/12929,3,3,4
desktop,/archives/13682,3,3,3
desktop,/archives/48279,3,3,4
desktop,/archives/70521,3,3,3
desktop,/archives/71038,3,3,3
desktop,/archives/84762,4,3,4
desktop,/archives/8482,4,3,4
desktop,/archives/85278,3,3,3
desktop,/archives/96864,4,3,4
desktop,/archives/category/business/sk-on,17,3,28
desktop,/newsletter_agreement,4,3,7
mobile,/archives/10963,3,3,3
mobile,/archives/113998,3,3,3
mobile,/archives/114094,4,3,5
mobile,/archives/114118,4,3,4
mobile,/archives/11700,3,3,4
mobile,/archives/25596,3,3,3
mobile,/archives/34678,3,3,3
mobile,/archives/38936,4,3,4
mobile,/archives/45433,3,3,3
mobile,/archives/84762,3,3,3
desktop,/archives/100303,3,2,3
desktop,/archives/105770,2,2,2
desktop,/archives/109462,2,2,2
desktop,/archives/10953,2,2,3
desktop,/archives/110144,4,2,4
desktop,/archives/110382,3,2,3
desktop,/archives/111406,5,2,8
desktop,/archives/112418,4,2,4
desktop,/archives/112487,4,2,4
desktop,/archives/113998,3,2,4
desktop,/archives/114065,3,2,3
desktop,/archives/114773,3,2,4
desktop,/archives/115353,17,2,19
desktop,/archives/11993,2,2,2
desktop,/archives/21617,2,2,2
desktop,/archives/25711,2,2,2
desktop,/archives/25903,5,2,4
desktop,/archives/26620,2,2,2
desktop,/archives/3095,2,2,2
desktop,/archives/32685,2,2,2
desktop,/archives/34678,3,2,2
desktop,/archives/38114,3,2,3
desktop,/archives/48028,4,2,6
desktop,/archives/48690,2,2,2
desktop,/archives/49396,2,2,2
desktop,/archives/51614,3,2,2
desktop,/archives/53520,2,2,4
desktop,/archives/55181,3,2,3
desktop,/archives/59442,2,2,2
desktop,/archives/59623,2,2,3
desktop,/archives/65154,2,2,2
desktop,/archives/69621,2,2,2
desktop,/archives/7636,2,2,2
desktop,/archives/83065,2,2,2
desktop,/archives/8355,2,2,2
desktop,/archives/8432,2,2,3
desktop,/archives/8448,2,2,2
desktop,/archives/88198,3,2,3
desktop,/archives/88269,2,2,2
desktop,/archives/8935,3,2,3
desktop,/archives/91050,4,2,5
desktop,/archives/9299,2,2,2
desktop,/archives/94081,2,2,2
desktop,/archives/97077,2,2,2
desktop,/archives/category/industry-and-insight,7,2,8
mobile,/archives/111831,2,2,2
mobile,/archives/112487,2,2,2
mobile,/archives/112724,2,2,2
mobile,/archives/114999,3,2,3
mobile,/archives/15214,2,2,2
mobile,/archives/16295,2,2,2
mobile,/archives/21277,2,2,2
mobile,/archives/22734,2,2,2
mobile,/archives/25903,2,2,2
mobile,/archives/34162,2,2,2
mobile,/archives/47000,2,2,2
mobile,/archives/56046,2,2,2
mobile,/archives/60291,2,2,2
mobile,/archives/74848,2,2,2
mobile,/archives/7636,2,2,2
mobile,/archives/84588,2,2,2
mobile,/archives/92534,2,2,2
mobile,/archives/94081,2,2,2
mobile,/archives/9439,2,2,2
mobile,/archives/95110,2,2,2
mobile,/archives/96879,2,2,2
mobile,/archives/98215,2,2,3
mobile,/archives/category/business/sk-energy,4,2,23
tablet,/,3,2,5
tablet,/archives/107142,2,2,9
desktop,/archives/100207,1,1,1
desktop,/archives/100553,1,1,1
desktop,/archives/100739,1,1,2
desktop,/archives/100759,1,1,1
desktop,/archives/100892,1,1,1
desktop,/archives/101315,1,1,2
desktop,/archives/101342,1,1,1
desktop,/archives/101469,1,1,1
desktop,/archives/101589,2,1,1
desktop,/archives/101604,1,1,1
desktop,/archives/103054,1,1,1
desktop,/archives/103989,1,1,2
desktop,/archives/104136,3,1,3
desktop,/archives/104151,1,1,1
desktop,/archives/104187,1,1,1
desktop,/archives/105449,2,1,3
desktop,/archives/10557,1,1,1
desktop,/archives/105651,1,1,1
desktop,/archives/105803,1,1,1
desktop,/archives/105821,1,1,1
desktop,/archives/105883,1,1,1
desktop,/archives/106172,2,1,2
desktop,/archives/106345,1,1,1
desktop,/archives/107394,1,1,1
desktop,/archives/108755,2,1,2
desktop,/archives/108874,1,1,1
desktop,/archives/109090,1,1,1
desktop,/archives/109515,1,1,1
desktop,/archives/109571,2,1,2
desktop,/archives/110003,1,1,1
desktop,/archives/110055,2,1,2
desktop,/archives/110156,1,1,1
desktop,/archives/110323,2,1,2
desktop,/archives/110489,1,1,2
desktop,/archives/110919,1,1,1
desktop,/archives/111155,1,1,2
desktop,/archives/111283,1,1,1
desktop,/archives/111394,3,1,3
desktop,/archives/111540,3,1,7
desktop,/archives/112279,1,1,1
desktop,/archives/112580,1,1,1
desktop,/archives/112724,1,1,1
desktop,/archives/112776,1,1,1
desktop,/archives/112908,2,1,3
desktop,/archives/113268,1,1,1
desktop,/archives/113632,3,1,2
desktop,/archives/114138,3,1,4
desktop,/archives/114153,3,1,5
desktop,/archives/114309,2,1,2
desktop,/archives/114364,2,1,2
desktop,/archives/114751,2,1,2
desktop,/archives/114810,3,1,3
desktop,/archives/115258,6,1,6
desktop,/archives/11700,2,1,1
desktop,/archives/11761,1,1,1
desktop,/archives/12657,1,1,1
desktop,/archives/13104,1,1,1
desktop,/archives/14636,1,1,1
desktop,/archives/14893,1,1,1
desktop,/archives/14965,1,1,1
desktop,/archives/15602,1,1,1
desktop,/archives/18648,2,1,2
desktop,/archives/19293,1,1,1
desktop,/archives/20287,2,1,1
desktop,/archives/22283,2,1,2
desktop,/archives/23352,1,1,1
desktop,/archives/23851,1,1,2
desktop,/archives/2410,1,1,1
desktop,/archives/24588,1,1,1
desktop,/archives/24737,1,1,1
desktop,/archives/25648,1,1,1
desktop,/archives/26127,1,1,1
desktop,/archives/26186,1,1,1
desktop,/archives/26195,1,1,1
desktop,/archives/27289,1,1,1
desktop,/archives/27556,1,1,1
desktop,/archives/27610,1,1,1
desktop,/archives/27747,1,1,1
desktop,/archives/27825,1,1,1
desktop,/archives/29138,1,1,1
desktop,/archives/30212,1,1,1
desktop,/archives/3160,2,1,2
desktop,/archives/31746,1,1,1
desktop,/archives/31846,1,1,1
desktop,/archives/32681,1,1,1
desktop,/archives/3293,1,1,1
desktop,/archives/34651,1,1,1
desktop,/archives/35646,1,1,1
desktop,/archives/35678,2,1,2
desktop,/archives/36253,1,1,1
desktop,/archives/36780,1,1,1
desktop,/archives/37759,1,1,1
desktop,/archives/37795,1,1,1
desktop,/archives/38490,1,1,1
desktop,/archives/45061,1,1,1
desktop,/archives/45237,1,1,1
desktop,/archives/45977,1,1,1
desktop,/archives/47000,1,1,1
desktop,/archives/47699,2,1,2
desktop,/archives/47741,1,1,1
desktop,/archives/47895,1,1,1
desktop,/archives/50461,2,1,2
desktop,/archives/50688,1,1,1
desktop,/archives/51077,1,1,2
desktop,/archives/51746,1,1,1
desktop,/archives/53167,1,1,1
desktop,/archives/54273,1,1,1
desktop,/archives/57534,1,1,1
desktop,/archives/57650,1,1,1
desktop,/archives/57901,1,1,1
desktop,/archives/58337,1,1,1
desktop,/archives/58666,1,1,1
desktop,/archives/58745,1,1,1
desktop,/archives/58841,1,1,1
desktop,/archives/60780,1,1,1
desktop,/archives/61117,1,1,1
desktop,/archives/6811,1,1,1
desktop,/archives/68973,1,1,1
desktop,/archives/69107,4,1,4
desktop,/archives/69310,1,1,1
desktop,/archives/69357,1,1,1
desktop,/archives/70639,1,1,2
desktop,/archives/71505,1,1,1
desktop,/archives/71524,1,1,4
desktop,/archives/72104,2,1,3
desktop,/archives/72162,1,1,1
desktop,/archives/73127,1,1,2
desktop,/archives/7348,1,1,1
desktop,/archives/75805,2,1,3
desktop,/archives/76210,1,1,1
desktop,/archives/76541,1,1,1
desktop,/archives/7660,1,1,1
desktop,/archives/77232,1,1,1
desktop,/archives/77515,1,1,1
desktop,/archives/77996,2,1,2
desktop,/archives/78094,1,1,1
desktop,/archives/78457,1,1,1
desktop,/archives/78553,1,1,1
desktop,/archives/78753,1,1,1
desktop,/archives/79533,1,1,1
desktop,/archives/79887,1,1,1
desktop,/archives/79895,1,1,1
desktop,/archives/80192,1,1,1
desktop,/archives/80233,1,1,1
desktop,/archives/80568,1,1,1
desktop,/archives/80603,1,1,1
desktop,/archives/81000,1,1,1
desktop,/archives/8171,1,1,1
desktop,/archives/81784,1,1,1
desktop,/archives/81839,1,1,1
desktop,/archives/81946,1,1,1
desktop,/archives/82120,1,1,1
desktop,/archives/82704,1,1,1
desktop,/archives/83028,1,1,1
desktop,/archives/83217,1,1,1
desktop,/archives/83997,1,1,1
desktop,/archives/84173,1,1,1
desktop,/archives/84284,1,1,1
desktop,/archives/84653,1,1,1
desktop,/archives/85006,1,1,1
desktop,/archives/8544,1,1,1
desktop,/archives/85896,1,1,1
desktop,/archives/86313,1,1,1
desktop,/archives/86834,1,1,2
desktop,/archives/86916,1,1,1
desktop,/archives/87839,1,1,1
desktop,/archives/88849,1,1,1
desktop,/archives/88917,1,1,1
desktop,/archives/88930,1,1,2
desktop,/archives/89053,1,1,1
desktop,/archives/89977,1,1,1
desktop,/archives/90120,1,1,1
desktop,/archives/90340,2,1,2
desktop,/archives/9049,1,1,1
desktop,/archives/90543,1,1,1
desktop,/archives/90997,1,1,1
desktop,/archives/91072,1,1,1
desktop,/archives/91753,1,1,1
desktop,/archives/92277,1,1,2
desktop,/archives/9249,1,1,1
desktop,/archives/92880,1,1,1
desktop,/archives/93096,1,1,1
desktop,/archives/93130,1,1,1
desktop,/archives/93757,2,1,3
desktop,/archives/93780,2,1,2
desktop,/archives/93867,3,1,3
desktop,/archives/93954,1,1,1
desktop,/archives/94030,2,1,2
desktop,/archives/94375,1,1,1
desktop,/archives/9439,1,1,1
desktop,/archives/9463,1,1,1
desktop,/archives/94778,2,1,3
desktop,/archives/94822,1,1,1
desktop,/archives/95380,1,1,1
desktop,/archives/95432,1,1,1
desktop,/archives/96097,1,1,1
desktop,/archives/96145,1,1,1
desktop,/archives/96339,1,1,1
desktop,/archives/96489,1,1,1
desktop,/archives/97067,1,1,1
desktop,/archives/97113,1,1,1
desktop,/archives/97301,1,1,1
desktop,/archives/97418,1,1,1
desktop,/archives/97705,1,1,2
desktop,/archives/97804,2,1,3
desktop,/archives/98610,1,1,1
desktop,/archives/98731,2,1,2
desktop,/archives/98767,1,1,1
desktop,/archives/98889,1,1,2
desktop,/archives/99361,4,1,4
desktop,/archives/99547,4,1,5
desktop,/archives/99636,1,1,1
desktop,/archives/99678,1,1,1
desktop,/archives/99832,1,1,1
desktop,/archives/category/business/sk-enmove,4,1,6
desktop,/archives/category/field-news,3,1,3
desktop,/archives/category/field-news/inno-people,11,1,15
desktop,/archives/category/social-news/csr,3,1,4
desktop,/archives/tag/ceo와의-대화,1,1,2
desktop,/archives/tag/k리그,1,1,1
desktop,/archives/tag/sk-battery-hungary,1,1,1
desktop,/archives/tag/sk경영경제연구소,1,1,1
desktop,/archives/tag/글렌코어,1,1,2
desktop,/archives/tag/글로벌포럼,1,1,1
desktop,/archives/tag/노벨화학상,1,1,1
desktop,/archives/tag/매트릭스교육제도,1,1,2
desktop,/archives/tag/모어댄,1,1,1
desktop,/archives/tag/사내문화,1,1,1
desktop,/archives/tag/서린빌딩,1,1,2
desktop,/archives/tag/섬유,1,1,1
desktop,/archives/tag/소셜벤처,1,1,1
desktop,/archives/tag/스마트플랜트,2,1,2
desktop,/archives/tag/스포츠,1,1,2
desktop,/archives/tag/열분해유,4,1,6
desktop,/archives/tag/울산clx,1,1,1
desktop,/archives/tag/윤활유,1,1,1
desktop,/archives/tag/일을-통한-육성,1,1,1
desktop,/archives/tag/일하는-방식의-혁신,2,1,2
desktop,/archives/tag/조지아주,1,1,1
desktop,/archives/tag/창립기념일,1,1,1
desktop,/archives/tag/커피찌꺼기,1,1,1
desktop,/archives/tag/코마롬,1,1,1
desktop,/archives/tag/페트로넷,1,1,1
desktop,/archives/tag/폐배터리,1,1,1
desktop,/archives/tag/폐플라스틱,1,1,2
desktop,/archives/tag/행복키움,1,1,1
mobile,/archives/100007,1,1,1
mobile,/archives/10019,1,1,1
mobile,/archives/100515,1,1,1
mobile,/archives/10179,3,1,3
mobile,/archives/102285,1,1,1
mobile,/archives/103092,1,1,1
mobile,/archives/103287,1,1,1
mobile,/archives/10330,1,1,1
mobile,/archives/103947,1,1,2
mobile,/archives/104002,2,1,4
mobile,/archives/10421,1,1,1
mobile,/archives/104261,1,1,1
mobile,/archives/104439,1,1,1
mobile,/archives/10512,1,1,1
mobile,/archives/105726,1,1,1
mobile,/archives/105883,1,1,2
mobile,/archives/106205,1,1,1
mobile,/archives/106235,1,1,1
mobile,/archives/106469,1,1,1
mobile,/archives/107523,1,1,1
mobile,/archives/107610,1,1,1
mobile,/archives/107887,2,1,2
mobile,/archives/10815,2,1,3
mobile,/archives/108874,1,1,1
mobile,/archives/110055,1,1,1
mobile,/archives/110144,1,1,1
mobile,/archives/110458,1,1,1
mobile,/archives/110626,1,1,1
mobile,/archives/111406,1,1,1
mobile,/archives/111435,1,1,1
mobile,/archives/11223,1,1,1
mobile,/archives/112418,2,1,3
mobile,/archives/112603,1,1,1
mobile,/archives/112655,1,1,1
mobile,/archives/113289,1,1,1
mobile,/archives/114138,1,1,3
mobile,/archives/114309,1,1,1
mobile,/archives/114810,2,1,4
mobile,/archives/114931,1,1,1
mobile,/archives/11737,1,1,2
mobile,/archives/11761,1,1,1
mobile,/archives/11793,1,1,3
mobile,/archives/14636,1,1,1
mobile,/archives/18414,1,1,1
mobile,/archives/20948,1,1,1
mobile,/archives/21354,1,1,1
mobile,/archives/21617,1,1,1
mobile,/archives/22283,1,1,1
mobile,/archives/22310,1,1,2
mobile,/archives/22805,1,1,1
mobile,/archives/23978,1,1,1
mobile,/archives/24686,1,1,1
mobile,/archives/25258,1,1,2
mobile,/archives/25579,1,1,1
mobile,/archives/25711,1,1,1
mobile,/archives/25882,1,1,1
mobile,/archives/29138,1,1,1
mobile,/archives/31526,1,1,1
mobile,/archives/32255,1,1,1
mobile,/archives/33788,1,1,1
mobile,/archives/35195,1,1,1
mobile,/archives/36253,1,1,1
mobile,/archives/36348,1,1,1
mobile,/archives/36846,1,1,1
mobile,/archives/38114,1,1,2
mobile,/archives/48028,2,1,6
mobile,/archives/51614,1,1,1
mobile,/archives/55833,1,1,1
mobile,/archives/59442,1,1,1
mobile,/archives/59457,1,1,1
mobile,/archives/60611,1,1,1
mobile,/archives/62623,1,1,1
mobile,/archives/62987,1,1,1
mobile,/archives/63456,1,1,1
mobile,/archives/67904,1,1,1
mobile,/archives/69357,1,1,1
mobile,/archives/71614,1,1,1
mobile,/archives/7348,1,1,1
mobile,/archives/74130,1,1,1
mobile,/archives/77144,1,1,1
mobile,/archives/78506,1,1,1
mobile,/archives/8247,1,1,1
mobile,/archives/83065,1,1,1
mobile,/archives/83097,1,1,1
mobile,/archives/8355,1,1,1
mobile,/archives/83624,1,1,1
mobile,/archives/8369,1,1,1
mobile,/archives/85006,1,1,1
mobile,/archives/8544,1,1,1
mobile,/archives/86834,1,1,1
mobile,/archives/86866,1,1,1
mobile,/archives/87278,1,1,1
mobile,/archives/87921,1,1,1
mobile,/archives/88930,1,1,1
mobile,/archives/9049,1,1,2
mobile,/archives/91844,1,1,1
mobile,/archives/9318,1,1,1
mobile,/archives/93353,1,1,1
mobile,/archives/93799,1,1,1
mobile,/archives/93813,1,1,1
mobile,/archives/94030,1,1,1
mobile,/archives/94822,1,1,1
mobile,/archives/95609,1,1,1
mobile,/archives/9562,1,1,1
mobile,/archives/96339,1,1,1
mobile,/archives/96443,1,1,1
mobile,/archives/96759,1,1,1
mobile,/archives/97693,1,1,1
mobile,/archives/9782,1,1,1
mobile,/archives/98107,1,1,1
mobile,/archives/9860,1,1,1
mobile,/archives/category/business/sk-innovation,1,1,1
mobile,/archives/category/business/today-report,1,1,2
mobile,/archives/tag/sk-energy-international,1,1,1
mobile,/archives/tag/sk-울산clx,1,1,1
mobile,/archives/tag/글로벌포럼,1,1,2
mobile,/archives/tag/기증,1,1,1
mobile,/archives/tag/대한상공회의소,1,1,1
mobile,/archives/tag/독거노인-지원사업,1,1,1
mobile,/archives/tag/맹그로브숲,1,1,1
mobile,/archives/tag/시추전문가,1,1,1
mobile,/archives/tag/에너지-트랜지션,1,1,2
mobile,/archives/tag/자동차-수신호,1,1,1
mobile,/archives/tag/전기차-배터리,1,1,1
mobile,/archives/tag/항공권-싸게-사는-법,1,1,1
mobile,/newsroom-guide,1,1,1
mobile,/skadm,1,1,4
tablet,/archives/10019,1,1,1
tablet,/archives/102543,1,1,1
tablet,/archives/11223,1,1,1
tablet,/archives/113797,1,1,1
tablet,/archives/113998,1,1,1
tablet,/archives/114094,1,1,1
tablet,/archives/14136,1,1,1
tablet,/archives/21233,1,1,1
tablet,/archives/21277,1,1,1
tablet,/archives/22283,1,1,1
tablet,/archives/22310,1,1,1
tablet,/archives/28149,1,1,1
tablet,/archives/34355,1,1,1
tablet,/archives/45433,1,1,1
tablet,/archives/47000,1,1,1
tablet,/archives/59768,1,1,1
tablet,/archives/83065,1,1,1
tablet,/archives/8502,1,1,1
tablet,/archives/92880,1,1,1
tablet,/archives/96759,1,1,1
tablet,/archives/tag/신년사,1,1,1
desktop,/archives/100001,1,0,2
desktop,/archives/100041,1,0,1
desktop,/archives/100222,1,0,1
desktop,/archives/100916,1,0,1
desktop,/archives/101258,1,0,1
desktop,/archives/101462,1,0,3
desktop,/archives/101730,1,0,1
desktop,/archives/10179,1,0,1
desktop,/archives/102075,1,0,1
desktop,/archives/103349,1,0,1
desktop,/archives/103372,1,0,1
desktop,/archives/103803,2,0,3
desktop,/archives/103830,1,0,1
desktop,/archives/104517,2,0,2
desktop,/archives/104596,1,0,1
desktop,/archives/105131,1,0,1
desktop,/archives/105208,1,0,1
desktop,/archives/105676,1,0,1
desktop,/archives/105707,1,0,1
desktop,/archives/10572,1,0,2
desktop,/archives/105914,1,0,1
desktop,/archives/106297,1,0,1
desktop,/archives/107289,1,0,2
desktop,/archives/107557,2,0,2
desktop,/archives/107887,1,0,1
desktop,/archives/108461,1,0,1
desktop,/archives/108569,1,0,1
desktop,/archives/108889,2,0,4
desktop,/archives/109386,1,0,1
desktop,/archives/109888,1,0,1
desktop,/archives/110206,1,0,1
desktop,/archives/110237,1,0,1
desktop,/archives/110328,1,0,1
desktop,/archives/110458,1,0,1
desktop,/archives/110471,1,0,1
desktop,/archives/110743,1,0,1
desktop,/archives/110801,1,0,1
desktop,/archives/110819,5,0,5
desktop,/archives/111159,1,0,1
desktop,/archives/111245,1,0,1
desktop,/archives/111435,1,0,1
desktop,/archives/111748,1,0,1
desktop,/archives/111978,1,0,2
desktop,/archives/112036,1,0,1
desktop,/archives/112239,1,0,1
desktop,/archives/112250,1,0,1
desktop,/archives/112331,2,0,2
desktop,/archives/112411,1,0,3
desktop,/archives/112428,1,0,2
desktop,/archives/112544,2,0,2
desktop,/archives/112603,1,0,1
desktop,/archives/112754,1,0,2
desktop,/archives/112771,1,0,3
desktop,/archives/112867,1,0,1
desktop,/archives/112882,1,0,1
desktop,/archives/113041,1,0,1
desktop,/archives/113149,1,0,1
desktop,/archives/113159,1,0,1
desktop,/archives/113218,1,0,1
desktop,/archives/113289,2,0,2
desktop,/archives/113462,1,0,1
desktop,/archives/113475,1,0,1
desktop,/archives/113520,4,0,4
desktop,/archives/113680,2,0,3
desktop,/archives/113855,3,0,2
desktop,/archives/113881,1,0,1
desktop,/archives/113925,1,0,0
desktop,/archives/114014,1,0,1
desktop,/archives/114052,2,0,2
desktop,/archives/114084,1,0,1
desktop,/archives/114118,3,0,3
desktop,/archives/114172,2,0,5
desktop,/archives/114208,4,0,5
desktop,/archives/114221,2,0,3
desktop,/archives/114278,1,0,1
desktop,/archives/114336,1,0,1
desktop,/archives/114407,3,0,4
desktop,/archives/114474,1,0,1
desktop,/archives/114483,4,0,6
desktop,/archives/114522,1,0,1
desktop,/archives/114616,1,0,2
desktop,/archives/114688,1,0,1
desktop,/archives/114789,1,0,1
desktop,/archives/114801,2,0,2
desktop,/archives/114931,3,0,3
desktop,/archives/114999,3,0,3
desktop,/archives/115020,1,0,1
desktop,/archives/115043,1,0,0
desktop,/archives/115074,1,0,1
desktop,/archives/115101,1,0,2
desktop,/archives/115113,3,0,6
desktop,/archives/115209,1,0,1
desktop,/archives/115249,1,0,1
desktop,/archives/115302,1,0,1
desktop,/archives/115324,1,0,1
desktop,/archives/115351,4,0,4
desktop,/archives/11848,1,0,1
desktop,/archives/14040,1,0,1
desktop,/archives/16183,1,0,1
desktop,/archives/18073,1,0,1
desktop,/archives/19825,1,0,1
desktop,/archives/20706,2,0,2
desktop,/archives/20948,1,0,0
desktop,/archives/21295,1,0,1
desktop,/archives/21314,1,0,1
desktop,/archives/21354,1,0,1
desktop,/archives/21558,1,0,1
desktop,/archives/22185,1,0,1
desktop,/archives/22483,1,0,0
desktop,/archives/22942,1,0,1
desktop,/archives/23283,2,0,2
desktop,/archives/25466,1,0,1
desktop,/archives/25521,1,0,1
desktop,/archives/25623,1,0,1
desktop,/archives/26042,1,0,1
desktop,/archives/27324,1,0,2
desktop,/archives/27907,1,0,1
desktop,/archives/28520,1,0,1
desktop,/archives/29155,1,0,1
desktop,/archives/31968,1,0,1
desktop,/archives/34403,1,0,2
desktop,/archives/34624,1,0,1
desktop,/archives/35643,1,0,1
desktop,/archives/38098,2,0,1
desktop,/archives/47645,1,0,1
desktop,/archives/48802,1,0,0
desktop,/archives/49234,1,0,1
desktop,/archives/5026,1,0,1
desktop,/archives/51964,1,0,1
desktop,/archives/54002,1,0,1
desktop,/archives/55833,1,0,1
desktop,/archives/55965,1,0,1
desktop,/archives/59917,1,0,1
desktop,/archives/63080,1,0,1
desktop,/archives/64250,1,0,1
desktop,/archives/6688,1,0,0
desktop,/archives/67318,2,0,2
desktop,/archives/70759,1,0,2
desktop,/archives/70782,1,0,1
desktop,/archives/7268,2,0,1
desktop,/archives/7380,1,0,1
desktop,/archives/74130,1,0,1
desktop,/archives/74339,1,0,1
desktop,/archives/74464,1,0,0
desktop,/archives/75079,1,0,1
desktop,/archives/76261,1,0,1
desktop,/archives/76980,1,0,1
desktop,/archives/77093,1,0,1
desktop,/archives/77539,1,0,1
desktop,/archives/78785,1,0,1
desktop,/archives/80136,1,0,1
desktop,/archives/80564,2,0,2
desktop,/archives/81735,2,0,2
desktop,/archives/81931,1,0,1
desktop,/archives/84900,1,0,1
desktop,/archives/85785,1,0,1
desktop,/archives/85805,1,0,1
desktop,/archives/86199,1,0,1
desktop,/archives/86384,1,0,1
desktop,/archives/87254,1,0,1
desktop,/archives/87660,1,0,1
desktop,/archives/88430,1,0,1
desktop,/archives/8957,1,0,1
desktop,/archives/90239,1,0,1
desktop,/archives/90963,1,0,1
desktop,/archives/91230,2,0,2
desktop,/archives/92988,1,0,1
desktop,/archives/92989,1,0,1
desktop,/archives/93770,1,0,1
desktop,/archives/93962,1,0,1
desktop,/archives/94311,1,0,0
desktop,/archives/94318,1,0,1
desktop,/archives/94631,1,0,1
desktop,/archives/94923,2,0,2
desktop,/archives/95110,4,0,4
desktop,/archives/96322,1,0,1
desktop,/archives/96759,1,0,1
desktop,/archives/97264,1,0,1
desktop,/archives/97593,1,0,1
desktop,/archives/97638,1,0,1
desktop,/archives/98253,1,0,2
desktop,/archives/98363,1,0,2
desktop,/archives/98444,1,0,1
desktop,/archives/98605,2,0,1
desktop,/archives/99932,2,0,2
desktop,/archives/category/business,15,0,22
desktop,/archives/category/business/sk-earthon,3,0,4
desktop,/archives/category/business/sk-enterm,2,0,3
desktop,/archives/category/business/sk-geo-centric,5,0,5
desktop,/archives/category/business/sk-ietechnology,3,0,3
desktop,/archives/category/business/sk-innovation,8,0,13
desktop,/archives/category/field-news/inno-field,11,0,13
desktop,/archives/category/field-news/management,4,0,7
desktop,/archives/category/industry-and-insight/basics,5,0,6
desktop,/archives/category/industry-and-insight/inno-column,3,0,4
desktop,/archives/category/press,2,0,2
desktop,/archives/category/press/archive,4,0,4
desktop,/archives/category/press/notice,2,0,5
desktop,/archives/category/social-news/social-company,1,0,1
desktop,/archives/tag/diy만들기,1,0,2
desktop,/archives/tag/dt,1,0,7
desktop,/archives/tag/no-1-fcc생산1-unit,1,0,1
desktop,/archives/tag/ocean-h,1,0,1
desktop,/archives/tag/sk-battery-america,2,0,1
desktop,/archives/tag/sk에너지-사회공헌활동,1,0,1
desktop,/archives/tag/sk이노베이션-사회공헌,1,0,1
desktop,/archives/tag/sk주유소,2,0,1
desktop,/archives/tag/그린밸런스-2030,1,0,1
desktop,/archives/tag/음식-보관법,1,0,3
desktop,/archives/tag/정보보호의-날,1,0,2
desktop,/archives/tag/직무소개,1,0,2
desktop,/archives/tag/파라자일렌,1,0,1
desktop,/archives/tag/플로깅,1,0,2
desktop,/archives/tag/한국pr대상,1,0,0
desktop,/archives/tag/행복믿음,1,0,1
desktop,/newsroom-guide,3,0,3
desktop,/privacy-policy,1,0,3
desktop,/sign,1,0,1
desktop,/signs,1,0,2
mobile,/archives/100892,1,0,1
mobile,/archives/101342,1,0,1
mobile,/archives/102756,1,0,1
mobile,/archives/103126,1,0,1
mobile,/archives/103424,1,0,1
mobile,/archives/103500,1,0,1
mobile,/archives/104136,1,0,1
mobile,/archives/107738,1,0,1
mobile,/archives/108416,1,0,1
mobile,/archives/109888,2,0,3
mobile,/archives/110015,1,0,1
mobile,/archives/110819,1,0,2
mobile,/archives/111480,1,0,1
mobile,/archives/111495,1,0,1
mobile,/archives/112210,1,0,1
mobile,/archives/112250,1,0,1
mobile,/archives/112908,1,0,1
mobile,/archives/112956,1,0,1
mobile,/archives/113663,1,0,1
mobile,/archives/114221,1,0,1
mobile,/archives/114483,1,0,1
mobile,/archives/114773,1,0,1
mobile,/archives/115113,1,0,1
mobile,/archives/115209,1,0,1
mobile,/archives/115353,3,0,4
mobile,/archives/115371,2,0,6
mobile,/archives/23851,1,0,1
mobile,/archives/28149,1,0,1
mobile,/archives/4396,1,0,1
mobile,/archives/55290,1,0,1
mobile,/archives/7268,1,0,1
mobile,/archives/7288,1,0,1
mobile,/archives/7359,1,0,2
mobile,/archives/75417,1,0,2
mobile,/archives/82567,1,0,1
mobile,/archives/8289,1,0,1
mobile,/archives/87448,1,0,1
mobile,/archives/88849,1,0,1
mobile,/archives/89651,1,0,1
mobile,/archives/89908,2,0,2
mobile,/archives/96251,1,0,2
mobile,/archives/96274,1,0,1
mobile,/archives/99361,1,0,1
mobile,/archives/category/business,1,0,1
mobile,/archives/category/press/press-release,1,0,1
mobile,/archives/tag/flare-stack,1,0,2
mobile,/archives/tag/skbmc,1,0,2
mobile,/archives/tag/맹그로브-숲-복원,1,0,1
mobile,/archives/tag/몽세누,1,0,1
mobile,/archives/tag/싱가포르-복합-정제마진,1,0,1
mobile,/archives/tag/우와쏭,1,0,1
mobile,/archives/tag/원유하역시설,1,0,1
mobile,/posts,2,0,2
tablet,/archives/111540,1,0,2
tablet,/archives/113289,1,0,1
tablet,/archives/114973,1,0,0
tablet,/archives/115258,1,0,1
tablet,/archives/115371,1,0,1
tablet,/archives/32828,1,0,1
tablet,/archives/95850,1,0,1
tablet,/archives/category/business/sk-innovation,1,0,2