# ----------------------------------------
# 보고서 CSV 내보내기
# 계정: skinno global
# 속성: skinno 글로벌 - GA4
# ----------------------------------------
# 
# 모든 사용자
# 시작일: 20240826
# 종료일: 20240901
페이지 경로 및 화면 클래스,기기 카테고리,조회수,세션수,활성 사용자,활성 사용자당 조회수,활성 사용자당 평균 참여 시간,이벤트 수,주요 이벤트,총 수익
/global/,desktop,200,156,135,1.4814814814814814,15.814814814814815,830,0,0
/global/archives/18770,desktop,140,143,104,1.3461538461538463,34.25961538461539,598,0,0
/global/archives/18546,desktop,120,141,90,1.3333333333333333,35.522222222222226,539,0,0
/global/latestnews,desktop,120,129,98,1.2244897959183674,23,462,0,0
/global/archives/category/press-room/financial-results,desktop,83,40,30,2.7666666666666666,41.3,324,0,0
/global/archives/18770,mobile,66,63,56,1.1785714285714286,17.321428571428573,277,0,0
/global/archives/18608,desktop,62,48,33,1.878787878787879,42.24242424242424,248,0,0
/global/archives/category/press-room/press-release,desktop,59,55,35,1.6857142857142857,21.02857142857143,238,0,0
/global/archives/18753,desktop,57,52,39,1.4615384615384615,31.58974358974359,224,0,0
/global/archives/17426,desktop,51,46,35,1.457142857142857,66.31428571428572,220,0,0
/global/archives/15490,desktop,37,38,22,1.6818181818181819,46.13636363636363,152,0,0
/global/archives/18743,desktop,34,35,27,1.2592592592592593,18.037037037037038,125,0,0
/global/archives/category/press-room,desktop,34,27,22,1.5454545454545454,19.272727272727273,131,0,0
/global/archives/16060,desktop,27,28,19,1.4210526315789473,29.31578947368421,128,0,0
/global/archives/18783,desktop,25,21,20,1.25,4.7,95,0,0
/global/archives/6216,desktop,23,26,19,1.2105263157894737,68.3157894736842,112,0,0
/global/archives/18659,mobile,22,19,7,3.142857142857143,34.42857142857143,66,0,0
/global/archives/category/corporates,desktop,22,14,13,1.6923076923076923,15.153846153846153,84,0,0
/global/archives/category/corporates/sk-innovation,desktop,22,20,17,1.2941176470588236,15.705882352941176,88,0,0
/global/archives/category/corporates/sk-on,desktop,21,16,14,1.5,78.07142857142857,81,0,0
/global/archives/17216,desktop,20,20,16,1.25,24.4375,90,0,0
/global/archives/18107,mobile,20,18,15,1.3333333333333333,116.53333333333333,94,0,0
/global/archives/18546,mobile,20,20,18,1.1111111111111112,20.27777777777778,83,0,0
/global/archives/489,desktop,20,14,9,2.2222222222222223,217.22222222222223,82,0,0
/global/archives/15374,desktop,19,22,18,1.0555555555555556,13.944444444444445,87,0,0
/global/archives/18065,desktop,19,19,15,1.2666666666666666,34.8,70,0,0
/global/archives/9910,mobile,19,20,17,1.1176470588235294,40.94117647058823,82,0,0
/global/archives/13780,desktop,18,19,15,1.2,33.266666666666666,73,0,0
/global/archives/12106,desktop,17,16,11,1.5454545454545454,14.363636363636363,64,0,0
/global/archives/18283,desktop,17,17,16,1.0625,14.8125,77,0,0
/global/archives/18659,desktop,16,16,13,1.2307692307692308,19.615384615384617,60,0,0
/global/archives/category/insight/trend_report,desktop,16,13,13,1.2307692307692308,20.923076923076923,57,0,0
/global/archives/18107,desktop,15,16,15,1,143.6,71,0,0
/global/archives/18783,mobile,15,14,11,1.3636363636363635,7.909090909090909,53,0,0
/global/,mobile,14,11,9,1.5555555555555556,11.333333333333334,56,0,0
/global/archives/17569,desktop,14,14,10,1.4,50.2,60,0,0
/global/archives/17623,desktop,14,16,13,1.0769230769230769,42.84615384615385,70,0,0
/global/archives/category/people,desktop,13,11,11,1.1818181818181819,11.090909090909092,55,0,0
/global/archives/11807,desktop,12,10,8,1.5,40.625,48,0,0
/global/archives/12022,desktop,12,13,11,1.0909090909090908,13.818181818181818,56,0,0
/global/archives/16532,desktop,12,9,7,1.7142857142857142,22.571428571428573,49,0,0
/global/archives/17476,mobile,12,12,9,1.3333333333333333,26.22222222222222,49,0,0
/global/archives/18361,desktop,12,12,10,1.2,30.1,45,0,0
/global/archives/category/insight,desktop,12,14,14,0.8571428571428571,10.5,49,0,0
/global/archives/category/people/inno-people,desktop,12,9,8,1.5,9.75,41,0,0
/global/archives/15374,mobile,11,10,10,1.1,4.3,44,0,0
/global/archives/16286,desktop,11,11,10,1.1,6.4,42,0,0
/global/archives/16463,desktop,11,13,11,1,10.454545454545455,56,0,0
/global/archives/17595,desktop,11,7,6,1.8333333333333333,186.66666666666666,45,0,0
/global/archives/category/corporates/sk-energy,desktop,11,9,6,1.8333333333333333,32.5,40,0,0
/global/archives/13595,desktop,10,8,7,1.4285714285714286,49.142857142857146,44,0,0
/global/archives/14491,desktop,10,11,9,1.1111111111111112,57.22222222222222,39,0,0
/global/archives/7445,desktop,10,11,8,1.25,49.125,45,0,0
/global/archives/9951,desktop,10,8,5,2,68,40,0,0
/global/archives/category/corporates/sk-ie-technology,desktop,10,6,6,1.6666666666666667,41.666666666666664,35,0,0
/global/archives/tag/sko,desktop,10,3,3,3.3333333333333335,29.666666666666668,40,0,0
/global/archives/15462,desktop,9,11,9,1,21.333333333333332,45,0,0
/global/archives/15664,desktop,9,11,8,1.125,5.25,40,0,0
/global/archives/17737,desktop,9,10,8,1.125,56.625,44,0,0
/global/archives/18436,desktop,9,9,8,1.125,103,37,0,0
/global/archives/category/press-room/issue-fact,desktop,9,11,7,1.2857142857142858,20.714285714285715,35,0,0
/global/archives/10774,desktop,8,10,8,1,51,39,0,0
/global/archives/10939,desktop,8,6,5,1.6,20.6,31,0,0
/global/archives/13521,desktop,8,8,7,1.1428571428571428,8.571428571428571,38,0,0
/global/archives/15259,desktop,8,7,7,1.1428571428571428,8.571428571428571,30,0,0
/global/archives/15687,desktop,8,8,6,1.3333333333333333,43.333333333333336,32,0,0
/global/archives/16834,desktop,8,11,8,1,15.25,40,0,0
/global/archives/17499,desktop,8,10,8,1,25.375,40,0,0
/global/archives/18374,desktop,8,8,6,1.3333333333333333,22.833333333333332,32,0,0
/global/archives/10610,desktop,7,4,3,2.3333333333333335,73,28,0,0
/global/archives/14634,desktop,7,10,8,0.875,34.875,38,0,0
/global/archives/16154,desktop,7,7,4,1.75,47.25,29,0,0
/global/archives/17169,desktop,7,5,4,1.75,11.75,29,0,0
/global/archives/17313,desktop,7,7,6,1.1666666666666667,53.166666666666664,26,0,0
/global/archives/18690,desktop,7,10,7,1,70.57142857142857,36,0,0
/global/archives/3820,desktop,7,8,7,1,7.428571428571429,32,0,0
/global/archives/7245,desktop,7,7,6,1.1666666666666667,12.333333333333334,28,0,0
/global/archives/9493,desktop,7,5,3,2.3333333333333335,34.333333333333336,31,0,0
/global/archives/9910,desktop,7,7,6,1.1666666666666667,80.33333333333333,34,0,0
/global/archives/category/corporates/sk-earthon,desktop,7,5,5,1.4,13.8,32,0,0
/global/archives/10835,desktop,6,6,6,1,6.5,26,0,0
/global/archives/12190,desktop,6,7,5,1.2,19.4,27,0,0
/global/archives/12274/skee,desktop,6,6,5,1.2,28.6,31,0,0
/global/archives/16463,mobile,6,5,5,1.2,15.2,20,0,0
/global/archives/16970,desktop,6,4,4,1.5,32.25,24,0,0
/global/archives/17569,mobile,6,6,3,2,7.666666666666667,22,0,0
/global/archives/17965,desktop,6,4,3,2,16.333333333333332,23,0,0
/global/archives/18388,desktop,6,5,5,1.2,131.2,26,0,0
/global/archives/18445,desktop,6,7,6,1,62,27,0,0
/global/archives/18608,mobile,6,6,4,1.5,61,23,0,0
/global/archives/18743,mobile,6,6,6,1,23.833333333333332,27,0,0
/global/archives/4921,mobile,6,5,5,1.2,17.6,27,0,0
/global/archives/category/press-room/financial-results,mobile,6,3,2,3,35.5,23,0,0
/global/archives/tag/pouch-type-battery,desktop,6,6,4,1.5,15.5,30,0,0
/global/archives/tag/sk-gc-americas,desktop,6,4,4,1.5,8,29,0,0
/global/404,desktop,5,2,2,2.5,4.5,21,0,0
/global/archives/11161,desktop,5,5,5,1,259.4,24,0,0
/global/archives/11512,desktop,5,6,5,1,11,23,0,0
/global/archives/14243,mobile,5,3,3,1.6666666666666667,52.666666666666664,22,0,0
/global/archives/14766,desktop,5,5,5,1,39.4,20,0,0
/global/archives/15204,desktop,5,5,5,1,41,23,0,0
/global/archives/15760,desktop,5,4,3,1.6666666666666667,39.333333333333336,23,0,0
/global/archives/15840,desktop,5,5,5,1,75.6,26,0,0
/global/archives/15937,desktop,5,6,3,1.6666666666666667,25.333333333333332,22,0,0
/global/archives/17356,desktop,5,5,3,1.6666666666666667,61.333333333333336,23,0,0
/global/archives/18140,desktop,5,5,5,1,72.6,22,0,0
/global/archives/18478,desktop,5,5,5,1,36.2,22,0,0
/global/archives/7078,desktop,5,1,1,5,8,16,0,0
/global/archives/7633,desktop,5,5,2,2.5,52,19,0,0
/global/archives/9668,desktop,5,5,5,1,49.2,27,0,0
/global/archives/9740,desktop,5,5,4,1.25,42.75,21,0,0
/global/archives/category/corporate/sk-enmove,desktop,5,5,4,1.25,8.5,18,0,0
/global/archives/category/corporates/sk-enterm,desktop,5,5,4,1.25,7.5,24,0,0
/global/archives/tag/pbat,desktop,5,3,3,1.6666666666666667,30,21,0,0
/global/archives/tag/turkey,mobile,5,4,4,1.25,31,21,0,0
/global/404,mobile,4,4,1,4,0,16,0,0
/global/archives/10913,desktop,4,4,4,1,41.25,18,0,0
/global/archives/10939,mobile,4,4,2,2,13.5,15,0,0
/global/archives/11087,desktop,4,4,3,1.3333333333333333,31.333333333333332,18,0,0
/global/archives/12147,desktop,4,5,4,1,5.5,18,0,0
/global/archives/12306,desktop,4,3,3,1.3333333333333333,156.66666666666666,17,0,0
/global/archives/13130,desktop,4,2,2,2,33,14,0,0
/global/archives/13313,desktop,4,1,1,4,8,16,0,0
/global/archives/13595,mobile,4,4,3,1.3333333333333333,8.666666666666666,15,0,0
/global/archives/1399,desktop,4,4,3,1.3333333333333333,16.666666666666668,19,0,0
/global/archives/14065,desktop,4,4,2,2,10,14,0,0
/global/archives/14078,desktop,4,4,4,1,16,15,0,0
/global/archives/14193,desktop,4,5,4,1,78.5,22,0,0
/global/archives/14226,desktop,4,3,2,2,5.5,15,0,0
/global/archives/16448,desktop,4,5,4,1,14,17,0,0
/global/archives/16939,desktop,4,4,4,1,9.25,19,0,0
/global/archives/17216,mobile,4,4,4,1,0,14,0,0
/global/archives/17950,desktop,4,5,4,1,11.25,18,0,0
/global/archives/17965,mobile,4,3,3,1.3333333333333333,65,16,0,0
/global/archives/18022,mobile,4,4,3,1.3333333333333333,21,17,0,0
/global/archives/18065,mobile,4,4,4,1,93.75,17,0,0
/global/archives/18332,mobile,4,3,3,1.3333333333333333,220.66666666666666,16,0,0
/global/archives/3709,desktop,4,2,2,2,29,13,0,0
/global/archives/3962,desktop,4,3,3,1.3333333333333333,76,19,0,0
/global/archives/4776,desktop,4,4,3,1.3333333333333333,70.33333333333333,20,0,0
/global/archives/5339,desktop,4,3,2,2,32.5,17,0,0
/global/archives/6150,desktop,4,4,2,2,71,15,0,0
/global/archives/6216,mobile,4,2,2,2,281,17,0,0
/global/archives/6807,desktop,4,4,4,1,19.75,18,0,0
/global/archives/6824,desktop,4,4,3,1.3333333333333333,52.333333333333336,17,0,0
/global/archives/8400,desktop,4,6,4,1,0,19,0,0
/global/archives/9096,desktop,4,6,3,1.3333333333333333,28.666666666666668,18,0,0
/global/archives/9548,desktop,4,2,2,2,94,15,0,0
/global/archives/9668,mobile,4,4,4,1,36,19,0,0
/global/archives/category/corporates/sk-incheon-petrochem,desktop,4,3,3,1.3333333333333333,9.666666666666666,17,0,0
/global/archives/tag/skeo,desktop,4,3,3,1.3333333333333333,11.666666666666666,19,0,0
/global/archives/tag/solid-power,desktop,4,4,4,1,9.5,21,0,0
/global/archives/tag/turkey,desktop,4,3,3,1.3333333333333333,4.666666666666667,13,0,0
/global/privacy-policy,desktop,4,4,3,1.3333333333333333,1.3333333333333333,15,0,0
/global/who-we-are,desktop,4,4,3,1.3333333333333333,49.666666666666664,18,0,0
/global/archives/10767,desktop,3,4,3,1,31,10,0,0
/global/archives/10774,mobile,3,3,3,1,161.66666666666666,15,0,0
/global/archives/10985,desktop,3,2,2,1.5,28.5,13,0,0
/global/archives/10985,mobile,3,4,3,1,2.6666666666666665,15,0,0
/global/archives/11004,desktop,3,3,3,1,69,15,0,0
/global/archives/12022,mobile,3,3,3,1,14.666666666666666,14,0,0
/global/archives/12072,desktop,3,4,2,1.5,0,12,0,0
/global/archives/12106,mobile,3,3,3,1,12.333333333333334,13,0,0
/global/archives/12147,mobile,3,3,3,1,33.333333333333336,14,0,0
/global/archives/13780,mobile,3,3,3,1,17.666666666666668,9,0,0
/global/archives/13804,desktop,3,2,2,1.5,21,13,0,0
/global/archives/14309,desktop,3,3,3,1,11.666666666666666,12,0,0
/global/archives/14634,mobile,3,3,3,1,118.66666666666667,13,0,0
/global/archives/14770,desktop,3,2,1,3,47,11,0,0
/global/archives/15353,desktop,3,4,3,1,2.6666666666666665,15,0,0
/global/archives/15574,desktop,3,4,3,1,10.333333333333334,15,0,0
/global/archives/15687,mobile,3,3,3,1,2,13,0,0
/global/archives/15937,mobile,3,3,2,1.5,2.5,12,0,0
/global/archives/15985,desktop,3,1,1,3,208,12,0,0
/global/archives/16493,desktop,3,3,3,1,10.333333333333334,13,0,0
/global/archives/17047,desktop,3,3,3,1,63.666666666666664,13,0,0
/global/archives/17446,desktop,3,4,4,0.75,2,14,0,0
/global/archives/17476,desktop,3,4,3,1,28,17,0,0
/global/archives/17978,desktop,3,2,2,1.5,30,12,0,0
/global/archives/18065,tablet,3,2,2,1.5,38.5,11,0,0
/global/archives/18301,mobile,3,3,3,1,45,14,0,0
/global/archives/18361,mobile,3,3,3,1,12.333333333333334,15,0,0
/global/archives/18436,mobile,3,5,2,1.5,98.5,16,0,0
/global/archives/18445,mobile,3,3,2,1.5,20.5,13,0,0
/global/archives/18690,mobile,3,2,2,1.5,0,11,0,0
/global/archives/18753,mobile,3,3,3,1,29,11,0,0
/global/archives/18879,mobile,3,3,2,1.5,2,14,0,0
/global/archives/4612,desktop,3,4,3,1,62,16,0,0
/global/archives/4793,desktop,3,3,3,1,5.333333333333333,13,0,0
/global/archives/5129,desktop,3,2,1,3,58,12,0,0
/global/archives/6313,desktop,3,3,2,1.5,21.5,13,0,0
/global/archives/6710,desktop,3,4,3,1,21,16,0,0
/global/archives/7292,desktop,3,3,3,1,42.333333333333336,13,0,0
/global/archives/7906,desktop,3,3,3,1,17.666666666666668,14,0,0
/global/archives/7919,mobile,3,3,3,1,2.6666666666666665,14,0,0
/global/archives/8350,desktop,3,3,3,1,20,12,0,0
/global/archives/9079,desktop,3,1,1,3,162,11,0,0
/global/archives/9509,desktop,3,3,3,1,18.333333333333332,14,0,0
/global/archives/category/corporate/sk-ie-technology,desktop,3,2,2,1.5,35.5,14,0,0
/global/archives/category/corporates/sk-rading-international,desktop,3,3,3,1,5.333333333333333,11,0,0
/global/archives/tag/ford,desktop,3,2,2,1.5,89.5,13,0,0
/global/archives/tag/poe,desktop,3,3,3,1,10.333333333333334,15,0,0
/global/archives/tag/separator,mobile,3,1,1,3,8,9,0,0
/global/archives/tag/sk-block-427,desktop,3,1,1,3,102,13,0,0
/global/archives/tag/sk-on,desktop,3,3,1,3,303,10,0,0
/global/archives/tag/skgc-japan,desktop,3,3,3,1,6.333333333333333,17,0,0
/global/archives/tag/ulsan-complex,desktop,3,2,2,1.5,13,14,0,0
/global/archives/tag/vwbe,mobile,3,2,2,1.5,29,16,0,0
/global/archives/tag/z-folding,desktop,3,1,1,3,33,11,0,0
/global/sustainability-report,desktop,3,3,3,1,12.666666666666666,16,0,0
/global/archives/10133,mobile,2,1,1,2,7,9,0,0
/global/archives/10159,desktop,2,2,2,1,30.5,10,0,0
/global/archives/10460,desktop,2,3,2,1,26.5,11,0,0
/global/archives/10511,desktop,2,2,2,1,3.5,9,0,0
/global/archives/10535,desktop,2,1,1,2,38,8,0,0
/global/archives/1058,desktop,2,3,2,1,4,11,0,0
/global/archives/10802,desktop,2,2,1,2,18,7,0,0
/global/archives/10872,desktop,2,1,1,2,1,8,0,0
/global/archives/10977,desktop,2,4,1,2,0,11,0,0
/global/archives/11037,desktop,2,2,2,1,191.5,10,0,0
/global/archives/11147,desktop,2,2,2,1,32.5,12,0,0
/global/archives/11527,desktop,2,2,2,1,14,9,0,0
/global/archives/11573,mobile,2,1,1,2,66,8,0,0
/global/archives/11807,mobile,2,1,1,2,0,6,0,0
/global/archives/11992,desktop,2,2,2,1,57,10,0,0
/global/archives/12008,desktop,2,2,2,1,11,10,0,0
/global/archives/12008,mobile,2,2,1,2,93,8,0,0
/global/archives/12471,desktop,2,2,2,1,13.5,8,0,0
/global/archives/12667,desktop,2,2,2,1,138.5,9,0,0
/global/archives/12950,desktop,2,2,2,1,16,10,0,0
/global/archives/12950,mobile,2,2,2,1,0,8,0,0
/global/archives/13018,desktop,2,3,2,1,13.5,9,0,0
/global/archives/13103,desktop,2,2,2,1,2,8,0,0
/global/archives/13230,desktop,2,3,2,1,6,9,0,0
/global/archives/13329,desktop,2,4,2,1,0,12,0,0
/global/archives/13795,desktop,2,2,1,2,10,6,0,0
/global/archives/14030,desktop,2,4,2,1,33,8,0,0
/global/archives/14264,mobile,2,2,2,1,11,9,0,0
/global/archives/14333,desktop,2,2,2,1,51,8,0,0
/global/archives/14415,desktop,2,2,2,1,18.5,10,0,0
/global/archives/14615,mobile,2,2,2,1,0,6,0,0
/global/archives/14628,desktop,2,2,2,1,3.5,9,0,0
/global/archives/14766,mobile,2,2,2,1,13,9,0,0
/global/archives/14788,desktop,2,3,2,1,3.5,11,0,0
/global/archives/1493,desktop,2,2,2,1,17,11,0,0
/global/archives/15067,mobile,2,2,2,1,33,11,0,0
/global/archives/15103,desktop,2,2,2,1,103,9,0,0
/global/archives/15204,mobile,2,3,2,1,0,10,0,0
/global/archives/15409,desktop,2,2,2,1,7.5,10,0,0
/global/archives/15490,mobile,2,2,2,1,14,6,0,0
/global/archives/15865,desktop,2,2,2,1,91,8,0,0
/global/archives/15925,desktop,2,1,1,2,7,8,0,0
/global/archives/16060,mobile,2,2,2,1,0,8,0,0
/global/archives/16169,desktop,2,3,2,1,0,8,0,0
/global/archives/16308,desktop,2,2,2,1,36.5,9,0,0
/global/archives/16334,desktop,2,2,2,1,29,9,0,0
/global/archives/16448,mobile,2,3,2,1,0,10,0,0
/global/archives/16613,mobile,2,2,2,1,0,8,0,0
/global/archives/16719,desktop,2,2,2,1,92.5,8,0,0
/global/archives/16738,desktop,2,2,2,1,4,8,0,0
/global/archives/17022,desktop,2,2,2,1,18,11,0,0
/global/archives/17047/4-sk이노베이션_ces2024_sk원더랜드_sk-wonderland_판타스틱아일랜드_1,desktop,2,2,1,2,78,9,0,0
/global/archives/17386,mobile,2,2,2,1,56.5,10,0,0
/global/archives/17426,mobile,2,2,2,1,92.5,10,0,0
/global/archives/17499,mobile,2,2,1,2,0,7,0,0
/global/archives/17514,desktop,2,3,2,1,68.5,12,0,0
/global/archives/17623,mobile,2,3,3,0.6666666666666666,8.666666666666666,9,0,0
/global/archives/17796,mobile,2,2,2,1,39,8,0,0
/global/archives/17817,desktop,2,2,2,1,7.5,9,0,0
/global/archives/17844,desktop,2,3,2,1,51.5,12,0,0
/global/archives/17893,desktop,2,2,2,1,46.5,8,0,0
/global/archives/17978,mobile,2,2,1,2,0,7,0,0
/global/archives/17990,desktop,2,2,2,1,5,7,0,0
/global/archives/18022,desktop,2,2,1,2,0,7,0,0
/global/archives/18421,desktop,2,2,2,1,13.5,10,0,0
/global/archives/18478,mobile,2,2,1,2,1,8,0,0
/global/archives/18500,desktop,2,4,1,2,0,10,0,0
/global/archives/2448,desktop,2,2,2,1,0,7,0,0
/global/archives/2490,desktop,2,1,1,2,115,7,0,0
/global/archives/255,desktop,2,1,1,2,38,8,0,0
/global/archives/311,desktop,2,1,1,2,90,8,0,0
/global/archives/3674,desktop,2,3,2,1,6.5,10,0,0
/global/archives/3820,mobile,2,2,2,1,3,9,0,0
/global/archives/4110,desktop,2,2,2,1,7,9,0,0
/global/archives/4499,desktop,2,2,2,1,30.5,8,0,0
/global/archives/4518,desktop,2,2,2,1,16,9,0,0
/global/archives/4751,desktop,2,3,2,1,47.5,8,0,0
/global/archives/4921,desktop,2,3,1,2,7,10,0,0
/global/archives/5016,desktop,2,3,2,1,5,12,0,0
/global/archives/564,desktop,2,2,2,1,50,10,0,0
/global/archives/6014,desktop,2,2,1,2,426,9,0,0
/global/archives/6253,mobile,2,2,2,1,1.5,7,0,0
/global/archives/7031,desktop,2,2,1,2,1,8,0,0
/global/archives/7043,desktop,2,1,1,2,0,6,0,0
/global/archives/7445,mobile,2,2,2,1,0,7,0,0
/global/archives/7476,desktop,2,5,3,0.6666666666666666,39.333333333333336,12,0,0
/global/archives/7710,desktop,2,3,2,1,23,11,0,0
/global/archives/7740,desktop,2,2,2,1,73.5,9,0,0
/global/archives/7961,desktop,2,2,2,1,35,10,0,0
/global/archives/8046,desktop,2,2,2,1,11,10,0,0
/global/archives/8327,desktop,2,2,2,1,67,11,0,0
/global/archives/8360,desktop,2,2,2,1,7,8,0,0
/global/archives/8463,desktop,2,2,2,1,22.5,12,0,0
/global/archives/9709,desktop,2,2,2,1,18.5,10,0,0
/global/archives/9756,desktop,2,2,2,1,0,8,0,0
/global/archives/category/corporate/sk-energy,desktop,2,2,2,1,23.5,8,0,0
/global/archives/category/corporate/sk-on,desktop,2,2,1,2,8,6,0,0
/global/archives/category/corporates,mobile,2,2,2,1,0,6,0,0
/global/archives/category/corporates/sk-energy,mobile,2,1,1,2,192,8,0,0
/global/archives/category/corporates/sk-enmove,desktop,2,2,2,1,0,7,0,0
/global/archives/category/corporates/sk-geo-centric,desktop,2,3,2,1,3.5,8,0,0
/global/archives/category/people,mobile,2,1,1,2,26,8,0,0
/global/archives/category/press-room,mobile,2,2,1,2,118,7,0,0
/global/archives/category/social-value/csr-program,desktop,2,2,1,2,8,9,0,0
/global/archives/tag/bayu-undan-ccs-project,desktop,2,1,1,2,3,9,0,0
/global/archives/tag/board-of-directors,desktop,2,2,2,1,10.5,10,0,0
/global/archives/tag/cathode-active-materials,desktop,2,1,1,2,7,7,0,0
/global/archives/tag/ecopro,desktop,2,1,1,2,3,7,0,0
/global/archives/tag/grc,desktop,2,2,2,1,11,10,0,0
/global/archives/tag/investment,desktop,2,1,1,2,31,7,0,0
/global/archives/tag/lithium-ion-battery,mobile,2,2,2,1,7,8,0,0
/global/archives/tag/nickel,desktop,2,2,1,2,0,7,0,0
/global/archives/tag/sk-battery-america,mobile,2,1,1,2,46,8,0,0
/global/archives/tag/sk-global-chemical-americas,desktop,2,1,1,2,3,7,0,0
/global/archives/tag/sk-hi-tech-battery-materials-poland,mobile,2,2,2,1,0.5,7,0,0
/global/archives/tag/sk-liquor-store,desktop,2,2,2,1,14,8,0,0
/global/archives/tag/skbmp,desktop,2,3,2,1,0,8,0,0
/global/archives/tag/skei-singapore,desktop,2,2,1,2,8,8,0,0
/global/archives/tag/skei-singapore,mobile,2,1,1,2,20,8,0,0
/global/archives/tag/sustainable-aviation-fuel,desktop,2,1,1,2,31,8,0,0
/global/archives/tag/tesla,desktop,2,1,1,2,60,8,0,0
/global/archives/tag/电池租赁,desktop,2,1,1,2,14,8,0,0
/global/terms-and-conditions,desktop,2,2,2,1,7,8,0,0
/global/archives/10103,desktop,1,1,1,1,21,5,0,0
/global/archives/1043,mobile,1,1,1,1,5,5,0,0
/global/archives/1058,mobile,1,1,1,1,77,5,0,0
/global/archives/10654,mobile,1,1,1,1,56,5,0,0
/global/archives/10697,desktop,1,1,1,1,0,4,0,0
"/global/archives/10774EcoPro BM Co., Ltd",desktop,1,1,1,1,0,3,0,0
/global/archives/10842,desktop,1,1,1,1,4,4,0,0
/global/archives/10872,mobile,1,1,1,1,8,5,0,0
/global/archives/11161,mobile,1,1,1,1,241,6,0,0
/global/archives/11180,desktop,1,1,1,1,22,3,0,0
/global/archives/11415,desktop,1,1,1,1,78,3,0,0
/global/archives/11429,desktop,1,1,1,1,8,6,0,0
/global/archives/11537,desktop,1,1,1,1,34,6,0,0
/global/archives/11573,desktop,1,1,1,1,48,5,0,0
/global/archives/11596,desktop,1,2,1,1,202,7,0,0
/global/archives/11596,mobile,1,1,1,1,11,5,0,0
/global/archives/1175,desktop,1,1,1,1,0,4,0,0
/global/archives/11853,desktop,1,2,1,1,0,6,0,0
/global/archives/11889,mobile,1,1,1,1,0,4,0,0
/global/archives/12220,desktop,1,1,1,1,115,5,0,0
/global/archives/12269,desktop,1,1,1,1,49,4,0,0
/global/archives/12274/skee,mobile,1,2,1,1,0,6,0,0
/global/archives/12293,desktop,1,1,1,1,0,3,0,0
/global/archives/12306,mobile,1,1,1,1,29,5,0,0
/global/archives/1257,desktop,1,1,1,1,15,5,0,0
/global/archives/12603,desktop,1,1,1,1,35,6,0,0
/global/archives/12688,desktop,1,2,1,1,109,7,0,0
/global/archives/12692,desktop,1,1,1,1,0,4,0,0
/global/archives/12878,mobile,1,1,0,0,0,2,0,0
/global/archives/12982,mobile,1,1,1,1,9,4,0,0
/global/archives/13036,desktop,1,1,1,1,208,5,0,0
/global/archives/13211,desktop,1,1,1,1,23,5,0,0
/global/archives/13513,mobile,1,1,1,1,0,3,0,0
/global/archives/13521,mobile,1,1,1,1,0,4,0,0
/global/archives/13540,desktop,1,1,1,1,0,4,0,0
/global/archives/13544,desktop,1,1,1,1,28,5,0,0
/global/archives/13879,mobile,1,1,1,1,42,4,0,0
/global/archives/14146,desktop,1,2,1,1,0,6,0,0
/global/archives/14179,desktop,1,2,1,1,0,6,0,0
/global/archives/14193,mobile,1,1,1,1,11,5,0,0
/global/archives/14243,desktop,1,1,1,1,95,4,0,0
/global/archives/1425,mobile,1,1,1,1,0,3,0,0
/global/archives/14493,desktop,1,1,1,1,15,5,0,0
/global/archives/14588,desktop,1,1,1,1,15,4,0,0
/global/archives/14615,desktop,1,1,1,1,7,4,0,0
/global/archives/14668,desktop,1,2,1,1,0,5,0,0
/global/archives/14688,desktop,1,2,1,1,0,6,0,0
/global/archives/1473,desktop,1,1,1,1,11,4,0,0
/global/archives/14740,desktop,1,1,1,1,2,4,0,0
/global/archives/14896,desktop,1,2,1,1,22,7,0,0
/global/archives/14962,desktop,1,1,1,1,8,5,0,0
/global/archives/15007,desktop,1,2,1,1,0,5,0,0
/global/archives/15007,mobile,1,1,1,1,85,6,0,0
/global/archives/15007/1969-개업한-국내-최초-현대식-주유소-서교동-청기와주유,mobile,1,1,1,1,11,5,0,0
/global/archives/15067,desktop,1,1,1,1,5,5,0,0
/global/archives/15153,desktop,1,1,1,1,9,4,0,0
/global/archives/15430,desktop,1,1,1,1,20,5,0,0
/global/archives/15430,mobile,1,1,1,1,14,5,0,0
/global/archives/15574,mobile,1,1,1,1,10,6,0,0
/global/archives/15592,desktop,1,1,1,1,0,3,0,0
/global/archives/15610,desktop,1,1,1,1,5,5,0,0
/global/archives/15610,mobile,1,1,0,0,0,3,0,0
/global/archives/15623,desktop,1,1,1,1,5,4,0,0
/global/archives/15623,mobile,1,1,1,1,0,3,0,0
/global/archives/15654,desktop,1,1,1,1,27,3,0,0
/global/archives/15689,mobile,1,2,1,1,0,6,0,0
/global/archives/15902,desktop,1,1,1,1,20,5,0,0
/global/archives/15964,desktop,1,1,1,1,7,4,0,0
/global/archives/16005,desktop,1,1,1,1,0,5,0,0
/global/archives/16025,desktop,1,1,1,1,8,3,0,0
/global/archives/16073,desktop,1,1,1,1,8,4,0,0
/global/archives/16073,mobile,1,1,1,1,48,5,0,0
/global/archives/16131,desktop,1,1,1,1,0,4,0,0
/global/archives/16131,mobile,1,1,1,1,12,4,0,0
/global/archives/16286,mobile,1,1,1,1,23,4,0,0
/global/archives/16376,desktop,1,1,1,1,51,4,0,0
/global/archives/16376,mobile,1,1,1,1,19,5,0,0
/global/archives/16405,desktop,1,1,1,1,23,4,0,0
/global/archives/16480,desktop,1,1,1,1,58,6,0,0
/global/archives/16532,mobile,1,1,1,1,124,5,0,0
/global/archives/16583,desktop,1,1,1,1,0,2,0,0
/global/archives/16787,desktop,1,1,1,1,22,5,0,0
/global/archives/16810,desktop,1,1,1,1,17,4,0,0
/global/archives/16810,mobile,1,1,1,1,3,2,0,0
/global/archives/16834,mobile,1,1,1,1,41,6,0,0
/global/archives/16881,desktop,1,1,1,1,57,5,0,0
/global/archives/16925,desktop,1,1,1,1,2,4,0,0
/global/archives/16939,mobile,1,1,1,1,3,5,0,0
/global/archives/16952,desktop,1,1,1,1,7,4,0,0
/global/archives/17134,desktop,1,1,1,1,0,3,0,0
/global/archives/17386,desktop,1,1,1,1,59,5,0,0
/global/archives/17386,tablet,1,1,1,1,0,4,0,0
/global/archives/1744,desktop,1,1,1,1,37,3,0,0
/global/archives/17595,mobile,1,1,1,1,120,6,0,0
/global/archives/17697,mobile,1,1,1,1,4,5,0,0
/global/archives/17796,desktop,1,1,1,1,3,4,0,0
/global/archives/17863,desktop,1,1,1,1,78,3,0,0
/global/archives/17989,desktop,1,1,1,1,0,3,0,0
/global/archives/17989,mobile,1,1,1,1,32,5,0,0
/global/archives/18140,mobile,1,1,0,0,0,3,0,0
/global/archives/18167,mobile,1,1,1,1,0,4,0,0
/global/archives/18208,desktop,1,1,1,1,5,6,0,0
/global/archives/18268,desktop,1,1,1,1,11,5,0,0
/global/archives/18301,desktop,1,1,1,1,0,4,0,0
/global/archives/18332,desktop,1,1,1,1,119,5,0,0
/global/archives/18546pavilion,desktop,1,1,1,1,1,4,0,0
/global/archives/18639,desktop,1,1,1,1,7,4,0,0
/global/archives/18708,mobile,1,1,1,1,18,4,0,0
/global/archives/18879,desktop,1,1,1,1,1,5,0,0
/global/archives/2026,mobile,1,1,1,1,12,5,0,0
/global/archives/2212,mobile,1,1,1,1,51,4,0,0
/global/archives/2241,mobile,1,1,1,1,54,5,0,0
/global/archives/2293,desktop,1,1,0,0,0,3,0,0
/global/archives/253,desktop,1,1,1,1,0,3,0,0
/global/archives/2535,desktop,1,1,1,1,5,5,0,0
/global/archives/2576,desktop,1,1,1,1,15,6,0,0
/global/archives/3005,desktop,1,1,1,1,0,4,0,0
/global/archives/3158,desktop,1,1,1,1,132,4,0,0
/global/archives/3269,mobile,1,1,1,1,367,5,0,0
/global/archives/3393,mobile,1,1,1,1,57,5,0,0
/global/archives/349,desktop,1,1,1,1,10,5,0,0
/global/archives/3689,desktop,1,1,1,1,54,4,0,0
/global/archives/3783,mobile,1,1,1,1,0,4,0,0
/global/archives/3786,desktop,1,2,1,1,0,6,0,0
/global/archives/3786,mobile,1,1,1,1,36,5,0,0
/global/archives/3830,desktop,1,1,1,1,10,5,0,0
/global/archives/3873,mobile,1,1,1,1,0,4,0,0
/global/archives/4193,desktop,1,2,1,1,0,6,0,0
/global/archives/4308,desktop,1,1,1,1,3,5,0,0
/global/archives/4360,desktop,1,1,1,1,44,6,0,0
/global/archives/4450,desktop,1,2,1,1,0,6,0,0
/global/archives/4793,mobile,1,1,1,1,0,4,0,0
/global/archives/497,desktop,1,1,1,1,88,5,0,0
/global/archives/5119,mobile,1,1,1,1,4,5,0,0
/global/archives/5234,desktop,1,2,1,1,19,7,0,0
/global/archives/5772,desktop,1,1,1,1,3,5,0,0
/global/archives/5853,desktop,1,1,1,1,3,5,0,0
/global/archives/5892,mobile,1,1,1,1,28,5,0,0
/global/archives/6090,desktop,1,1,1,1,3,4,0,0
/global/archives/6253,desktop,1,1,1,1,0,4,0,0
/global/archives/6313,mobile,1,2,1,1,0,6,0,0
/global/archives/6414,desktop,1,1,1,1,0,3,0,0
/global/archives/6546,mobile,1,1,1,1,3,5,0,0
/global/archives/6559,desktop,1,1,1,1,0,4,0,0
/global/archives/6658,mobile,1,1,1,1,0,4,0,0
/global/archives/6683,mobile,1,1,1,1,15,5,0,0
/global/archives/6760,mobile,1,1,1,1,4,5,0,0
/global/archives/6870,desktop,1,1,1,1,11,3,0,0
/global/archives/7112,mobile,1,1,1,1,0,4,0,0
/global/archives/7177,mobile,1,1,1,1,0,3,0,0
/global/archives/7262,desktop,1,1,1,1,5,5,0,0
/global/archives/7302,desktop,1,1,1,1,10,4,0,0
/global/archives/733,desktop,1,2,1,1,0,5,0,0
/global/archives/7379,desktop,1,1,1,1,22,6,0,0
/global/archives/7555,mobile,1,1,1,1,0,4,0,0
/global/archives/7596,desktop,1,1,1,1,24,5,0,0
/global/archives/7761,desktop,1,1,1,1,13,4,0,0
/global/archives/7784,desktop,1,1,1,1,0,3,0,0
/global/archives/7794,desktop,1,1,1,1,6,4,0,0
/global/archives/7961,mobile,1,1,1,1,167,3,0,0
/global/archives/8067,desktop,1,1,1,1,15,5,0,0
/global/archives/8168,desktop,1,1,1,1,12,5,0,0
/global/archives/822,desktop,1,1,1,1,12,5,0,0
/global/archives/8310,desktop,1,1,1,1,5,5,0,0
/global/archives/8383,desktop,1,1,1,1,0,3,0,0
/global/archives/8599,desktop,1,1,1,1,0,4,0,0
/global/archives/8604,mobile,1,1,1,1,232,5,0,0
/global/archives/8829,desktop,1,1,1,1,22,5,0,0
/global/archives/8914,mobile,1,1,1,1,0,4,0,0
/global/archives/9286,desktop,1,1,1,1,137,4,0,0
/global/archives/9493,mobile,1,1,1,1,19,3,0,0
/global/archives/9616,desktop,1,1,1,1,3,4,0,0
/global/archives/9648,desktop,1,1,1,1,29,4,0,0
/global/archives/9797,desktop,1,1,1,1,52,6,0,0
/global/archives/9893,desktop,1,1,1,1,0,4,0,0
/global/archives/category/corporate/sk-innovation,desktop,1,1,1,1,67,5,0,0
/global/archives/category/corporates/sk-on,mobile,1,1,1,1,0,3,0,0
/global/archives/category/insight,mobile,1,1,1,1,2,3,0,0
/global/archives/category/people/onsite-report,desktop,1,1,1,1,14,4,0,0
/global/archives/category/people/sustainability,desktop,1,1,1,1,1,3,0,0
/global/archives/category/people/sustainability,mobile,1,1,1,1,0,2,0,0
/global/archives/category/press-room/press-release,mobile,1,1,1,1,3,4,0,0
/global/archives/tag/acga,desktop,1,1,1,1,10,6,0,0
/global/archives/tag/airrane,desktop,1,1,1,1,29,6,0,0
/global/archives/tag/all-solid-state-battery,desktop,1,1,1,1,7,3,0,0
/global/archives/tag/annual-performance,desktop,1,1,1,1,12,4,0,0
/global/archives/tag/batteries,desktop,1,1,1,1,19,4,0,0
/global/archives/tag/battery,desktop,1,1,1,1,11,3,0,0
/global/archives/tag/best-oil-company,desktop,1,1,1,1,26,5,0,0
/global/archives/tag/biofuel,desktop,1,1,1,1,5,4,0,0
/global/archives/tag/block-16-2,desktop,1,1,1,1,2,4,0,0
/global/archives/tag/block-17-03,desktop,1,1,1,1,0,3,0,0
/global/archives/tag/blueovalsk,desktop,1,1,1,1,16,5,0,0
/global/archives/tag/carbon-capture,desktop,1,1,1,1,4,4,0,0
/global/archives/tag/ccs,desktop,1,1,1,1,5,3,0,0
/global/archives/tag/continew,mobile,1,1,1,1,0,4,0,0
/global/archives/tag/dac,desktop,1,1,1,1,4,5,0,0
/global/archives/tag/depolymerization,desktop,1,1,1,1,2,5,0,0
/global/archives/tag/e-mobility,desktop,1,1,1,1,7,5,0,0
/global/archives/tag/eaa,desktop,1,1,1,1,11,5,0,0
/global/archives/tag/ecopro-bm,desktop,1,1,1,1,2,4,0,0
/global/archives/tag/energy-super-station,desktop,1,1,1,1,15,5,0,0
/global/archives/tag/europe,desktop,1,1,1,1,4,4,0,0
/global/archives/tag/ev-battery,desktop,1,1,1,1,33,5,0,0
/global/archives/tag/ev-charging,desktop,1,1,1,1,0,5,0,0
/global/archives/tag/event,desktop,1,1,1,1,2,5,0,0
/global/archives/tag/future-energy,desktop,1,1,1,1,26,4,0,0
/global/archives/tag/global-forum,desktop,1,1,1,1,0,4,0,0
/global/archives/tag/green-balance-2030,desktop,1,1,1,1,0,3,0,0
/global/archives/tag/green-bonds,desktop,1,1,1,1,2,4,0,0
/global/archives/tag/hungary,desktop,1,1,1,1,2,5,0,0
/global/archives/tag/hungary,mobile,1,1,1,1,19,6,0,0
/global/archives/tag/infinium,desktop,1,1,1,1,7,5,0,0
/global/archives/tag/inflation-reduction-act,desktop,1,1,1,1,0,3,0,0
/global/archives/tag/inobus,desktop,1,1,1,1,27,5,0,0
/global/archives/tag/institute-of-environmental-science-technology,desktop,1,1,1,1,17,5,0,0
/global/archives/tag/interbattery-2023,desktop,1,1,1,1,7,5,0,0
/global/archives/tag/jee-dong-seob,desktop,1,1,1,1,15,5,0,0
/global/archives/tag/kd-power,desktop,1,1,1,1,1,5,0,0
/global/archives/tag/komarom,desktop,1,1,1,1,18,4,0,0
/global/archives/tag/lfp,desktop,1,1,1,1,15,5,0,0
/global/archives/tag/liquid-cooling,mobile,1,1,1,1,0,4,0,0
/global/archives/tag/lithium-ion-battery,tablet,1,1,1,1,9,5,0,0
/global/archives/tag/myanmart,desktop,1,1,1,1,33,4,0,0
/global/archives/tag/nmc,desktop,1,1,1,1,7,5,0,0
/global/archives/tag/oh-jong-hoon,desktop,1,1,1,1,0,4,0,0
/global/archives/tag/pbt,desktop,1,1,1,1,1,4,0,0
/global/archives/tag/poland,mobile,1,1,1,1,4,5,0,0
/global/archives/tag/polymer-electrolytes,desktop,1,1,1,1,6,4,0,0
/global/archives/tag/revenue,desktop,1,1,1,1,390,4,0,0
/global/archives/tag/rmi,desktop,1,1,1,1,10,5,0,0
/global/archives/tag/roh-jae-sok,mobile,1,1,1,1,5,5,0,0
/global/archives/tag/separator,desktop,1,1,1,1,6,5,0,0
/global/archives/tag/sf-battery,mobile,1,1,1,1,10,4,0,0
/global/archives/tag/sk-energy-americas,desktop,1,1,1,1,3,5,0,0
/global/archives/tag/sk-gc-americas,mobile,1,1,1,1,8,5,0,0
/global/archives/tag/sk-hi-tech-battery-materials-poland,desktop,1,1,1,1,72,7,0,0
/global/archives/tag/sk-seorin-building,desktop,1,1,1,1,8,6,0,0
/global/archives/tag/skba,mobile,1,1,1,1,10,5,0,0
/global/archives/tag/skei,desktop,1,1,1,1,14,6,0,0
/global/archives/tag/sken,desktop,1,1,1,1,10,6,0,0
/global/archives/tag/skgc,desktop,1,1,1,1,3,5,0,0
/global/archives/tag/skgca,desktop,1,1,1,1,10,6,0,0
/global/archives/tag/skipc,desktop,1,1,1,1,9,5,0,0
/global/archives/tag/skoh,desktop,1,1,1,1,4,5,0,0
/global/archives/tag/sk综合化学,desktop,1,1,1,1,59,7,0,0
/global/archives/tag/solid-power,mobile,1,1,1,1,18,5,0,0
/global/archives/tag/sungeel-hitech,desktop,1,1,1,1,13,5,0,0
/global/archives/tag/tech-sensing,desktop,1,1,1,1,0,4,0,0
/global/archives/tag/waste-water-treatment-system,desktop,1,1,1,1,7,6,0,0
/global/archives/tag/winter-pro-lfp-battery,desktop,1,1,1,1,3,5,0,0
/global/terms-and-conditions,mobile,1,1,1,1,131,4,0,0
/global/인터배터리-2024-sk온-부스_05,desktop,1,1,1,1,4,5,0,0
/global/archives/15654,mobile,0,1,0,0,0,1,0,0
/global/archives/tag/sk-battery-hungary,mobile,0,1,1,0,13,2,0,0
/global/archives/www.infiniumco.com,desktop,0,1,1,0,3,1,0,0