# ----------------------------------------
# 보고서 CSV 내보내기
# 계정: skinno global
# 속성: skinno 글로벌 - GA4
# ----------------------------------------
# 
# 모든 사용자
# 시작일: 20240826
# 종료일: 20240901
페이지 경로 및 화면 클래스,세션 소스,조회수,세션수,활성 사용자,활성 사용자당 조회수,활성 사용자당 평균 참여 시간,이벤트 수,주요 이벤트,총 수익
/global/latestnews,(direct),83,83,75,1.1066666666666667,22.213333333333335,319,0,0
/global/archives/18770,(direct),81,78,61,1.3278688524590163,18.34426229508197,336,0,0
/global/archives/category/press-room/financial-results,google,76,35,28,2.7142857142857144,34.92857142857143,296,0,0
/global/,(direct),75,64,58,1.293103448275862,7.758620689655173,314,0,0
/global/,google,70,51,47,1.4893617021276595,23.127659574468087,277,0,0
/global/archives/18546,google,70,82,56,1.25,50.892857142857146,326,0,0
/global/archives/18546,(direct),54,59,40,1.35,9.65,229,0,0
/global/archives/18770,linkedin.com,47,50,43,1.0930232558139534,11.55813953488372,212,0,0
/global/archives/18608,google,42,25,20,2.1,64.6,164,0,0
/global/archives/18770,google,40,39,29,1.3793103448275863,86.41379310344827,171,0,0
/global/,skinnovation.com,33,26,22,1.5,12.090909090909092,144,0,0
/global/archives/17426,google,32,30,26,1.2307692307692308,58.5,144,0,0
/global/archives/18107,google,32,30,26,1.2307692307692308,139.46153846153845,150,0,0
/global/archives/15490,google,29,28,16,1.8125,42.25,115,0,0
/global/archives/category/press-room/press-release,google,28,24,19,1.4736842105263157,22.63157894736842,115,0,0
/global/latestnews,google,28,28,10,2.8,21.1,92,0,0
/global/archives/18659,google,27,27,13,2.076923076923077,18.46153846153846,86,0,0
/global/archives/15374,google,24,25,22,1.0909090909090908,9.909090909090908,103,0,0
/global/archives/9910,google,24,24,20,1.2,48.5,106,0,0
/global/archives/18753,google,22,20,16,1.375,40.75,82,0,0
/global/archives/17216,google,20,21,18,1.1111111111111112,12.88888888888889,87,0,0
/global/archives/18783,(direct),20,21,18,1.1111111111111112,8.333333333333334,79,0,0
/global/archives/13780,google,19,19,15,1.2666666666666666,36.8,76,0,0
/global/archives/16060,google,19,19,11,1.7272727272727273,34,85,0,0
/global/archives/489,google,19,12,8,2.375,244.25,76,0,0
/global/archives/6216,google,19,19,15,1.2666666666666666,90.4,85,0,0
/global/archives/category/press-room/press-release,(direct),19,21,9,2.111111111111111,17.666666666666668,76,0,0
/global/archives/18065,google,18,17,13,1.3846153846153846,57.61538461538461,69,0,0
/global/archives/18753,(direct),17,17,14,1.2142857142857142,22.428571428571427,69,0,0
/global/archives/12106,google,16,15,10,1.6,17.5,61,0,0
/global/archives/16463,google,16,17,15,1.0666666666666667,12.733333333333333,73,0,0
/global/archives/18743,google,16,16,14,1.1428571428571428,35.785714285714285,63,0,0
/global/archives/category/press-room,google,15,11,11,1.3636363636363635,13.636363636363637,54,0,0
/global/archives/13595,google,14,12,10,1.4,37,59,0,0
/global/archives/category/corporates/sk-innovation,google,14,13,10,1.4,9.5,57,0,0
/global/archives/17623,google,13,15,11,1.1818181818181819,44.27272727272727,62,0,0
/global/archives/18361,google,13,11,9,1.4444444444444444,33.77777777777778,51,0,0
/global/archives/18608,(direct),13,18,10,1.3,22.3,57,0,0
/global/archives/18743,(direct),13,13,12,1.0833333333333333,2.6666666666666665,44,0,0
/global/archives/18770,skinnovation.com,13,14,9,1.4444444444444444,19.88888888888889,52,0,0
/global/archives/category/corporates/sk-on,google,13,11,10,1.3,88.8,51,0,0
/global/,linkedin.com,12,9,4,3,14,48,0,0
/global/archives/10939,google,12,10,7,1.7142857142857142,17,44,0,0
/global/archives/17595,google,12,8,7,1.7142857142857142,177.14285714285714,51,0,0
/global/archives/12022,google,11,11,10,1.1,11.1,49,0,0
/global/archives/17426,(direct),11,10,4,2.75,144,42,0,0
/global/archives/17476,google,11,11,8,1.375,22.125,46,0,0
/global/archives/category/people/inno-people,google,11,8,7,1.5714285714285714,10.571428571428571,37,0,0
/global/archives/10774,google,10,12,10,1,61.1,49,0,0
/global/archives/18743,linkedin.com,10,11,6,1.6666666666666667,13,41,0,0
/global/archives/18783,ozmailer.com,10,5,5,2,1.8,31,0,0
/global/archives/tag/sko,google,10,3,3,3.3333333333333335,29.666666666666668,40,0,0
/global/archives/14491,google,9,10,8,1.125,61.875,35,0,0
/global/archives/15687,google,9,8,7,1.2857142857142858,30.142857142857142,37,0,0
/global/archives/16286,(direct),9,9,8,1.125,8,36,0,0
/global/archives/17569,google,9,8,6,1.5,71.5,36,0,0
/global/archives/17965,google,9,6,5,1.8,43.4,35,0,0
/global/archives/18283,(direct),9,10,9,1,1.4444444444444444,41,0,0
/global/archives/18436,google,9,11,7,1.2857142857142858,137.71428571428572,40,0,0
/global/archives/18770,ozmailer.com,9,7,5,1.8,3.8,34,0,0
/global/archives/category/corporates,google,9,7,6,1.5,5.666666666666667,33,0,0
/global/archives/category/people,(direct),9,11,11,0.8181818181818182,9.363636363636363,40,0,0
/global/archives/14634,google,8,8,7,1.1428571428571428,14.571428571428571,36,0,0
/global/archives/15462,google,8,10,8,1,19.75,40,0,0
/global/archives/16532,google,8,8,6,1.3333333333333333,37.833333333333336,34,0,0
/global/archives/17499,google,8,9,7,1.1428571428571428,22,36,0,0
/global/archives/17737,google,8,9,7,1.1428571428571428,64.71428571428571,40,0,0
/global/archives/18608,bing,8,7,6,1.3333333333333333,16.333333333333332,32,0,0
/global/archives/18753,skinnovation.com,8,7,7,1.1428571428571428,20.714285714285715,33,0,0
/global/archives/4921,google,8,8,6,1.3333333333333333,15.833333333333334,37,0,0
/global/archives/category/corporates/sk-ie-technology,google,8,4,4,2,62.5,30,0,0
/global/,bing,7,5,5,1.4,38.6,29,0,0
/global/,eng.skgeocentric.com,7,4,2,3.5,27,27,0,0
/global/404,(direct),7,5,2,3.5,1.5,27,0,0
/global/archives/10610,google,7,4,3,2.3333333333333335,73,28,0,0
/global/archives/11807,google,7,5,4,1.75,54,27,0,0
/global/archives/12147,google,7,8,7,1,17.428571428571427,32,0,0
/global/archives/12274/skee,google,7,8,6,1.1666666666666667,23.833333333333332,37,0,0
/global/archives/15664,google,7,9,6,1.1666666666666667,4.833333333333333,31,0,0
/global/archives/16060,(direct),7,8,7,1,18.285714285714285,35,0,0
/global/archives/16154,google,7,7,4,1.75,47.25,29,0,0
/global/archives/17169,google,7,5,4,1.75,11.75,29,0,0
/global/archives/18283,google,7,6,6,1.1666666666666667,33,31,0,0
/global/archives/18478,google,7,7,6,1.1666666666666667,30.333333333333332,30,0,0
/global/archives/18659,(direct),7,5,4,1.75,61.25,25,0,0
/global/archives/18753,linkedin.com,7,6,4,1.75,26,29,0,0
/global/archives/18770,statics.teams.cdn.office.net,7,6,4,1.75,33.75,29,0,0
/global/archives/9493,google,7,5,3,2.3333333333333335,40.666666666666664,30,0,0
/global/archives/category/insight,(direct),7,9,9,0.7777777777777778,12.333333333333334,29,0,0
/global/archives/tag/sk-gc-americas,google,7,5,5,1.4,8,34,0,0
/global/archives/11807,(direct),6,5,5,1.2,4.6,24,0,0
/global/archives/12190,google,6,7,5,1.2,19.4,27,0,0
/global/archives/14766,google,6,6,6,1,31,26,0,0
/global/archives/15490,(direct),6,6,6,1,22.166666666666668,27,0,0
/global/archives/16834,google,6,8,6,1,9.333333333333334,31,0,0
/global/archives/16970,google,6,4,4,1.5,32.25,24,0,0
/global/archives/17426,bing,6,3,3,2,116,26,0,0
/global/archives/17569,(direct),6,6,2,3,13,24,0,0
/global/archives/7445,google,6,5,4,1.5,55.75,26,0,0
/global/archives/category/insight/trend_report,google,6,4,4,1.5,8.75,18,0,0
/global/archives/category/people,linkedin.com,6,1,1,6,45,23,0,0
/global/archives/tag/turkey,google,6,5,5,1.2,2.8,20,0,0
/global/,eng.sk-on.com,5,4,4,1.25,22,22,0,0
/global/archives/10835,(direct),5,5,5,1,3.6,21,0,0
/global/archives/10985,google,5,5,4,1.25,14,23,0,0
/global/archives/11161,google,5,5,5,1,306.2,26,0,0
/global/archives/12306,google,5,4,4,1.25,124.75,22,0,0
/global/archives/13521,google,5,6,5,1,2.6,24,0,0
/global/archives/14193,google,5,4,4,1.25,76.25,24,0,0
/global/archives/15259,(direct),5,5,5,1,0,20,0,0
/global/archives/15840,google,5,5,5,1,75.6,26,0,0
/global/archives/15937,google,5,5,2,2.5,38,20,0,0
/global/archives/16448,google,5,7,5,1,8.4,23,0,0
/global/archives/16939,google,5,5,5,1,8,24,0,0
/global/archives/17569,skenmove.com,5,6,5,1,14,22,0,0
/global/archives/17978,google,5,4,3,1.6666666666666667,20,19,0,0
/global/archives/18065,(direct),5,5,4,1.25,6.75,17,0,0
/global/archives/18445,google,5,6,4,1.25,10.25,23,0,0
/global/archives/18546,linkedin.com,5,8,4,1.25,32.75,24,0,0
/global/archives/3820,google,5,5,5,1,1.6,23,0,0
/global/archives/6216,(direct),5,5,4,1.25,10.25,21,0,0
/global/archives/7078,chatgpt.com,5,1,1,5,8,16,0,0
/global/archives/7633,google,5,5,2,2.5,52,19,0,0
/global/archives/9668,google,5,5,5,1,56.4,28,0,0
/global/archives/category/corporates,chn.sk-on.com,5,1,1,5,40,20,0,0
/global/archives/category/corporates/sk-earthon,google,5,3,3,1.6666666666666667,18.333333333333332,23,0,0
/global/archives/category/press-room,bing,5,3,3,1.6666666666666667,41,20,0,0
/global/archives/category/press-room,skinnovation.com,5,4,3,1.6666666666666667,45.333333333333336,18,0,0
/global/archives/category/press-room/financial-results,(direct),5,4,2,2.5,46,20,0,0
/global/archives/tag/pbat,google,5,3,3,1.6666666666666667,30,21,0,0
/global/archives/tag/solid-power,google,5,5,5,1,10.8,22,0,0
/global/archives/10913,google,4,4,4,1,41.25,18,0,0
/global/archives/12008,google,4,4,3,1.3333333333333333,38.333333333333336,18,0,0
/global/archives/12106,(direct),4,4,4,1,5,16,0,0
/global/archives/12950,google,4,4,4,1,8,18,0,0
/global/archives/13313,google,4,1,1,4,8,16,0,0
/global/archives/15204,(direct),4,5,4,1,0,18,0,0
/global/archives/16532,bing,4,1,1,4,53,15,0,0
/global/archives/17356,google,4,4,3,1.3333333333333333,48,19,0,0
/global/archives/17386,google,4,4,4,1,43,19,0,0
/global/archives/17476,(direct),4,5,4,1,35.75,20,0,0
/global/archives/17950,google,4,5,4,1,11.25,18,0,0
/global/archives/18022,google,4,4,3,1.3333333333333333,21,15,0,0
/global/archives/18301,google,4,4,4,1,33.75,18,0,0
/global/archives/18546,statics.teams.cdn.office.net,4,5,4,1,22.5,18,0,0
/global/archives/18690,(direct),4,4,3,1.3333333333333333,4,16,0,0
/global/archives/18783,linkedin.com,4,4,3,1.3333333333333333,4,17,0,0
/global/archives/4793,google,4,4,4,1,4,17,0,0
/global/archives/5339,google,4,3,2,2,32.5,17,0,0
/global/archives/6313,google,4,5,3,1.3333333333333333,14.333333333333334,19,0,0
/global/archives/8400,google,4,6,4,1,0,19,0,0
/global/archives/9548,google,4,2,2,2,94,15,0,0
/global/archives/9668,(direct),4,4,4,1,27,18,0,0
/global/archives/9740,google,4,4,3,1.3333333333333333,56.666666666666664,16,0,0
/global/archives/category/corporates/sk-energy,google,4,2,2,2,61,16,0,0
/global/archives/category/corporates/sk-enterm,google,4,4,3,1.3333333333333333,9,20,0,0
/global/archives/category/insight/trend_report,(direct),4,3,3,1.3333333333333333,52.666666666666664,16,0,0
/global/archives/category/press-room,gateway.zscalerthree.net,4,5,1,4,0,15,0,0
/global/archives/category/press-room/issue-fact,google,4,5,4,1,11,17,0,0
/global/archives/category/press-room/press-release,bing,4,2,2,2,36,15,0,0
/global/archives/tag/separator,google,4,2,2,2,7,14,0,0
/global/archives/tag/skei-singapore,google,4,3,2,2,14,16,0,0
/global/archives/tag/skeo,google,4,3,3,1.3333333333333333,11.666666666666666,19,0,0
/global/latestnews,bing,4,1,1,4,98,17,0,0
/global/archives/1058,google,3,4,3,1,28.333333333333332,16,0,0
/global/archives/10872,google,3,2,2,1.5,4.5,13,0,0
/global/archives/11512,sktradinginternational.com,3,4,3,1,13.666666666666666,16,0,0
/global/archives/11573,google,3,2,2,1.5,57,13,0,0
/global/archives/12022,(direct),3,4,3,1,7.333333333333333,15,0,0
/global/archives/12072,google,3,4,2,1.5,0,12,0,0
/global/archives/13130,chatgpt.com,3,1,1,3,54,11,0,0
/global/archives/13804,google,3,2,2,1.5,21,13,0,0
/global/archives/1399,google,3,3,2,1.5,14,14,0,0
/global/archives/14065,google,3,3,2,1.5,10,12,0,0
/global/archives/14243,skenmove.com,3,2,2,1.5,56.5,13,0,0
/global/archives/14770,google,3,2,1,3,47,11,0,0
/global/archives/15353,google,3,4,3,1,2.6666666666666665,15,0,0
/global/archives/15574,google,3,3,3,1,13.666666666666666,15,0,0
/global/archives/15985,google,3,1,1,3,208,12,0,0
/global/archives/16286,google,3,3,3,1,7.666666666666667,10,0,0
/global/archives/17047,google,3,3,3,1,63.666666666666664,13,0,0
/global/archives/17313,(direct),3,3,2,1.5,101.5,11,0,0
/global/archives/17426,chatgpt.com,3,3,3,1,3,14,0,0
/global/archives/17446,google,3,4,4,0.75,2,14,0,0
/global/archives/17623,(direct),3,3,3,1,23.666666666666668,15,0,0
/global/archives/17796,google,3,3,3,1,27,12,0,0
/global/archives/18140,(direct),3,3,2,1.5,0,11,0,0
/global/archives/18332,google,3,2,2,1.5,300.5,12,0,0
/global/archives/18374,chn.sk-on.com,3,3,1,3,20,13,0,0
/global/archives/18374,google,3,3,3,1,39,12,0,0
/global/archives/18388,skinnovation.com,3,2,2,1.5,328,13,0,0
/global/archives/18546,skinnovation.com,3,3,3,1,21,9,0,0
/global/archives/18608,statics.teams.cdn.office.net,3,2,1,3,23,12,0,0
/global/archives/18690,google,3,4,3,1,28.333333333333332,14,0,0
/global/archives/18783,google,3,3,3,1,1.3333333333333333,12,0,0
/global/archives/18879,(direct),3,3,2,1.5,2,14,0,0
/global/archives/3709,google,3,1,1,3,58,9,0,0
/global/archives/3962,google,3,3,3,1,67.66666666666667,15,0,0
/global/archives/6150,google,3,3,1,3,108,9,0,0
/global/archives/6253,google,3,3,3,1,1,11,0,0
/global/archives/6710,google,3,4,3,1,21,16,0,0
/global/archives/7245,(direct),3,3,2,1.5,0,9,0,0
/global/archives/7445,(direct),3,3,3,1,11.666666666666666,12,0,0
/global/archives/7445,bing,3,3,2,1.5,67.5,12,0,0
/global/archives/7919,google,3,3,3,1,2.6666666666666665,14,0,0
/global/archives/7961,google,3,3,3,1,79,13,0,0
/global/archives/8350,google,3,3,3,1,20,12,0,0
/global/archives/9079,google,3,1,1,3,162,11,0,0
/global/archives/9951,google,3,1,1,3,260,10,0,0
/global/archives/9951,mail.google.com,3,3,2,1.5,14.5,13,0,0
/global/archives/category/corporate/sk-enmove,skenmove.com,3,4,3,1,11.333333333333334,15,0,0
/global/archives/category/corporate/sk-ie-technology,eng.skietechnology.com,3,2,2,1.5,35.5,14,0,0
/global/archives/category/corporates/sk-energy,skenergy.com,3,3,1,3,0,9,0,0
/global/archives/category/corporates/sk-innovation,(direct),3,2,2,1.5,11.5,12,0,0
/global/archives/category/corporates/sk-on,eng.sk-on.com,3,1,1,3,143,12,0,0
/global/archives/category/insight,bing,3,3,3,1,7.666666666666667,12,0,0
/global/archives/category/press-room,(direct),3,3,3,1,11.333333333333334,12,0,0
/global/archives/category/press-room/financial-results,bing,3,2,2,1.5,9,11,0,0
/global/archives/category/press-room/financial-results,eng.skgeocentric.com,3,1,1,3,201,12,0,0
/global/archives/category/press-room/issue-fact,(direct),3,4,1,3,53,10,0,0
/global/archives/category/press-room/press-release,sktradinginternational.com,3,3,2,1.5,26.5,13,0,0
/global/archives/tag/ford,google,3,2,2,1.5,89.5,13,0,0
/global/archives/tag/lithium-ion-battery,google,3,3,3,1,7.666666666666667,13,0,0
/global/archives/tag/poe,google,3,3,3,1,10.333333333333334,15,0,0
/global/archives/tag/pouch-type-battery,bing,3,2,1,3,40,13,0,0
/global/archives/tag/pouch-type-battery,google,3,4,3,1,6.333333333333333,16,0,0
/global/archives/tag/sk-block-427,google,3,1,1,3,102,13,0,0
/global/archives/tag/sk-on,chn.sk-on.com,3,3,1,3,303,10,0,0
/global/archives/tag/skgc-japan,google,3,3,3,1,6.333333333333333,17,0,0
/global/archives/tag/turkey,(direct),3,2,2,1.5,62,14,0,0
/global/archives/tag/ulsan-complex,google,3,2,2,1.5,13,14,0,0
/global/archives/tag/z-folding,google,3,1,1,3,33,11,0,0
/global/latestnews,linkedin.com,3,5,2,1.5,20,14,0,0
/global/who-we-are,(direct),3,2,2,1.5,24.5,11,0,0
/global/,naver,2,1,1,2,5,9,0,0
/global/404,google,2,1,1,2,6,8,0,0
/global/archives/10133,panda-search.org,2,1,1,2,7,9,0,0
/global/archives/10159,google,2,2,2,1,30.5,10,0,0
/global/archives/10535,google,2,1,1,2,38,8,0,0
/global/archives/10767,google,2,3,2,1,46.5,7,0,0
/global/archives/10802,cn.bing.com,2,2,1,2,18,7,0,0
/global/archives/10977,google,2,4,1,2,0,11,0,0
/global/archives/11004,google,2,2,2,1,95.5,11,0,0
/global/archives/11087,google,2,1,1,2,3,7,0,0
/global/archives/11147,sktradinginternational.com,2,2,2,1,32.5,12,0,0
/global/archives/11512,(direct),2,2,2,1,7,7,0,0
/global/archives/11527,google,2,2,2,1,14,9,0,0
/global/archives/11596,skenergy.com,2,3,2,1,106.5,12,0,0
/global/archives/12471,google,2,2,2,1,13.5,8,0,0
/global/archives/13018,google,2,3,2,1,13.5,9,0,0
/global/archives/13103,google,2,2,2,1,2,8,0,0
/global/archives/13329,google,2,4,2,1,0,12,0,0
/global/archives/13521,bing,2,2,2,1,11,10,0,0
/global/archives/13521,chatgpt.com,2,1,1,2,25,8,0,0
/global/archives/13780,(direct),2,3,3,0.6666666666666666,0,6,0,0
/global/archives/13795,chatgpt.com,2,2,1,2,10,6,0,0
/global/archives/14078,google,2,2,2,1,32,9,0,0
/global/archives/14226,(direct),2,1,1,2,10,8,0,0
/global/archives/14226,google,2,2,1,2,1,7,0,0
/global/archives/14243,google,2,1,1,2,35,8,0,0
/global/archives/14333,google,2,2,2,1,51,8,0,0
/global/archives/14415,google,2,2,2,1,18.5,10,0,0
/global/archives/14615,baidu,2,2,2,1,0,6,0,0
/global/archives/14628,google,2,2,2,1,3.5,9,0,0
/global/archives/1493,google,2,2,2,1,17,11,0,0
/global/archives/15067,google,2,2,2,1,33,11,0,0
/global/archives/15103,google,2,2,2,1,103,9,0,0
/global/archives/15259,bing,2,1,1,2,20,4,0,0
/global/archives/15374,(direct),2,2,2,1,0,7,0,0
/global/archives/15374,skenergy.com,2,3,3,0.6666666666666666,15.333333333333334,11,0,0
/global/archives/15409,google,2,2,2,1,7.5,10,0,0
/global/archives/15430,google,2,2,2,1,17,10,0,0
/global/archives/15490,linkedin.com,2,3,1,2,225,7,0,0
/global/archives/15760,(direct),2,2,1,2,40,10,0,0
/global/archives/15760,linkedin.com,2,1,1,2,70,8,0,0
/global/archives/15925,linkedin.com,2,1,1,2,7,8,0,0
/global/archives/15937,(direct),2,2,2,1,2.5,8,0,0
/global/archives/16060,sktradinginternational.com,2,2,2,1,16.5,11,0,0
/global/archives/16131,(direct),2,2,2,1,6,8,0,0
/global/archives/16169,google,2,3,2,1,0,8,0,0
/global/archives/16308,google,2,2,2,1,36.5,9,0,0
/global/archives/16334,google,2,2,2,1,29,9,0,0
/global/archives/16493,google,2,2,2,1,15.5,10,0,0
/global/archives/16613,google,2,2,2,1,0,8,0,0
/global/archives/16834,bing,2,3,2,1,42,9,0,0
/global/archives/17022,google,2,2,2,1,18,11,0,0
/global/archives/17047/4-sk이노베이션_ces2024_sk원더랜드_sk-wonderland_판타스틱아일랜드_1,google,2,2,1,2,78,9,0,0
/global/archives/17216,(direct),2,1,1,2,58,9,0,0
/global/archives/17313,google,2,2,2,1,37,6,0,0
/global/archives/17313,skenmove.com,2,2,2,1,21,9,0,0
/global/archives/17817,google,2,2,2,1,7.5,9,0,0
/global/archives/17844,google,2,3,2,1,51.5,12,0,0
/global/archives/17893,google,2,2,2,1,46.5,8,0,0
/global/archives/17989,google,2,2,2,1,16,8,0,0
/global/archives/18022,(direct),2,2,1,2,0,7,0,0
/global/archives/18065,bing,2,2,2,1,26,6,0,0
/global/archives/18361,(direct),2,4,4,0.5,8.5,9,0,0
/global/archives/18388,(direct),2,2,2,1,0,8,0,0
/global/archives/18436,skinnovation.com,2,2,2,1,27.5,9,0,0
/global/archives/18445,skinnovation.com,2,2,2,1,111,9,0,0
/global/archives/18546,bing,2,2,2,1,15,8,0,0
/global/archives/18659,bing,2,1,1,2,11,8,0,0
/global/archives/18690,linkedin.com,2,2,2,1,183,10,0,0
/global/archives/18753,eng.skgeocentric.com,2,2,1,2,20,8,0,0
/global/archives/18753,statics.teams.cdn.office.net,2,1,1,2,57,7,0,0
/global/archives/18770,chatgpt.com,2,2,1,2,0,6,0,0
/global/archives/2448,(direct),2,2,2,1,0,7,0,0
/global/archives/2490,google,2,1,1,2,115,7,0,0
/global/archives/255,google,2,1,1,2,38,8,0,0
/global/archives/311,google,2,1,1,2,90,8,0,0
/global/archives/3674,google,2,3,2,1,6.5,10,0,0
/global/archives/3786,google,2,3,2,1,18,11,0,0
/global/archives/3820,chatgpt.com,2,2,2,1,15,8,0,0
/global/archives/4499,google,2,2,2,1,30.5,8,0,0
/global/archives/4612,google,2,2,2,1,24.5,9,0,0
/global/archives/4751,google,2,3,2,1,47.5,8,0,0
/global/archives/4776,cn.bing.com,2,3,2,1,57,12,0,0
/global/archives/4776,skinnovation.com,2,1,1,2,97,8,0,0
/global/archives/5016,google,2,3,2,1,5,12,0,0
/global/archives/5129,google,2,1,1,2,36,8,0,0
/global/archives/564,google,2,2,2,1,50,10,0,0
/global/archives/6014,google,2,2,1,2,426,9,0,0
/global/archives/6216,gemini.google.com,2,3,1,2,41,10,0,0
/global/archives/6824,cn.bing.com,2,2,1,2,6,7,0,0
/global/archives/7031,google,2,2,1,2,1,8,0,0
/global/archives/7292,google,2,2,2,1,62,8,0,0
/global/archives/7710,google,2,3,2,1,23,11,0,0
/global/archives/7740,bing,2,2,2,1,73.5,9,0,0
/global/archives/7906,google,2,2,2,1,17,8,0,0
/global/archives/9096,google,2,3,2,1,0,8,0,0
/global/archives/9509,google,2,2,2,1,27.5,11,0,0
/global/archives/9709,google,2,2,2,1,18.5,10,0,0
/global/archives/9756,(direct),2,2,2,1,0,8,0,0
/global/archives/9910,(direct),2,2,1,2,25,7,0,0
/global/archives/9951,(direct),2,2,2,1,12.5,9,0,0
/global/archives/9951,statics.teams.cdn.office.net,2,2,1,2,26,8,0,0
/global/archives/category/corporate/sk-enmove,google,2,1,1,2,0,3,0,0
/global/archives/category/corporates,(direct),2,2,2,1,19.5,8,0,0
/global/archives/category/corporates,baidu,2,2,2,1,0,6,0,0
/global/archives/category/corporates,eng.sk-on.com,2,1,1,2,54,8,0,0
/global/archives/category/corporates,eng.skgeocentric.com,2,1,1,2,3,7,0,0
/global/archives/category/corporates/sk-energy,(direct),2,2,1,2,46,7,0,0
/global/archives/category/corporates/sk-energy,skinnovation.com,2,1,1,2,192,8,0,0
/global/archives/category/corporates/sk-incheon-petrochem,google,2,1,1,2,11,9,0,0
/global/archives/category/corporates/sk-innovation,(not set),2,2,2,1,27.5,7,0,0
/global/archives/category/corporates/sk-on,chn.sk-on.com,2,1,1,2,40,8,0,0
/global/archives/category/insight,google,2,3,3,0.6666666666666666,3.3333333333333335,9,0,0
/global/archives/category/insight/trend_report,bing,2,2,2,1,16,8,0,0
/global/archives/category/press-room,eng.skgeocentric.com,2,1,1,2,10,8,0,0
/global/archives/category/press-room/financial-results,statics.teams.cdn.office.net,2,1,1,2,21,8,0,0
/global/archives/category/press-room/issue-fact,bing,2,2,2,1,24,8,0,0
/global/archives/category/press-room/press-release,eng.skgeocentric.com,2,1,1,2,7,7,0,0
/global/archives/category/press-room/press-release,skinnovation.com,2,2,2,1,2,8,0,0
/global/archives/category/social-value/csr-program,linkedin.com,2,2,1,2,8,9,0,0
/global/archives/tag/bayu-undan-ccs-project,google,2,1,1,2,3,9,0,0
/global/archives/tag/board-of-directors,google,2,2,2,1,10.5,10,0,0
/global/archives/tag/cathode-active-materials,chatgpt.com,2,1,1,2,7,7,0,0
/global/archives/tag/ecopro,google,2,1,1,2,3,7,0,0
/global/archives/tag/grc,google,2,2,2,1,11,10,0,0
/global/archives/tag/hungary,google,2,2,2,1,1,8,0,0
/global/archives/tag/investment,google,2,1,1,2,31,7,0,0
/global/archives/tag/nickel,google,2,2,1,2,0,7,0,0
/global/archives/tag/sk-battery-america,google,2,1,1,2,46,8,0,0
/global/archives/tag/sk-global-chemical-americas,google,2,1,1,2,3,7,0,0
/global/archives/tag/sk-hi-tech-battery-materials-poland,google,2,2,2,1,36.5,11,0,0
/global/archives/tag/sustainable-aviation-fuel,google,2,1,1,2,31,8,0,0
/global/archives/tag/tesla,google,2,1,1,2,60,8,0,0
/global/archives/tag/vwbe,(direct),2,1,1,2,22,10,0,0
/global/archives/tag/电池租赁,google,2,1,1,2,14,8,0,0
/global/latestnews,euc-excel.officeapps.live.com,2,2,2,1,16.5,9,0,0
/global/privacy-policy,(direct),2,2,2,1,0.5,6,0,0
/global/privacy-policy,linkedin.com,2,1,1,2,3,7,0,0
/global/sustainability-report,google,2,2,2,1,14.5,11,0,0
/global/terms-and-conditions,linkedin.com,2,2,2,1,7,8,0,0
/global/,chatgpt.com,1,1,1,1,2,4,0,0
/global/,chn.sk-on.com,1,1,1,1,24,5,0,0
/global/,mail.google.com,1,1,1,1,6,3,0,0
/global/archives/10103,google,1,1,1,1,21,5,0,0
/global/archives/1043,google,1,1,1,1,5,5,0,0
/global/archives/10460,(direct),1,1,1,1,53,5,0,0
/global/archives/10460,bing,1,2,1,1,0,6,0,0
/global/archives/10511,google,1,1,1,1,7,5,0,0
/global/archives/10511,yahoo,1,1,1,1,0,4,0,0
/global/archives/10654,google,1,1,1,1,56,5,0,0
/global/archives/10697,google,1,1,1,1,0,4,0,0
/global/archives/10767,(direct),1,1,1,1,0,3,0,0
/global/archives/10774,(direct),1,1,1,1,16,3,0,0
"/global/archives/10774EcoPro BM Co., Ltd",google,1,1,1,1,0,3,0,0
/global/archives/10835,google,1,1,1,1,21,5,0,0
/global/archives/10842,google,1,1,1,1,4,4,0,0
/global/archives/10985,bing,1,1,1,1,9,5,0,0
/global/archives/11004,bing,1,1,1,1,16,4,0,0
/global/archives/11037,(not set),1,1,1,1,48,5,0,0
/global/archives/11037,google,1,1,1,1,335,5,0,0
/global/archives/11087,(not set),1,1,1,1,63,4,0,0
/global/archives/11087,skenergy.com,1,1,1,1,28,5,0,0
/global/archives/11161,ssnc-nexlene.com,1,1,1,1,7,4,0,0
/global/archives/11180,google,1,1,1,1,22,3,0,0
/global/archives/11415,google,1,1,1,1,78,3,0,0
/global/archives/11429,google,1,1,1,1,8,6,0,0
/global/archives/11537,(direct),1,1,1,1,34,6,0,0
/global/archives/1175,(direct),1,1,1,1,0,4,0,0
/global/archives/11807,yahoo,1,1,1,1,86,3,0,0
/global/archives/11853,google,1,2,1,1,0,6,0,0
/global/archives/11889,(direct),1,1,1,1,0,4,0,0
/global/archives/11992,(direct),1,1,1,1,97,5,0,0
/global/archives/11992,google,1,1,1,1,17,5,0,0
/global/archives/12022,skenmove.com,1,1,1,1,24,4,0,0
/global/archives/12220,bing,1,1,1,1,115,5,0,0
/global/archives/12269,google,1,1,1,1,49,4,0,0
/global/archives/12293,google,1,1,1,1,0,3,0,0
/global/archives/1257,google,1,1,1,1,15,5,0,0
/global/archives/12603,(direct),1,1,1,1,35,6,0,0
/global/archives/12667,forums.automobile-propre.com,1,1,1,1,8,5,0,0
/global/archives/12667,google,1,1,1,1,269,4,0,0
/global/archives/12688,(direct),1,2,1,1,109,7,0,0
/global/archives/12692,google,1,1,1,1,0,4,0,0
/global/archives/12878,google,1,1,0,0,0,2,0,0
/global/archives/12982,google,1,1,1,1,9,4,0,0
/global/archives/13036,google,1,1,1,1,208,5,0,0
/global/archives/13130,(direct),1,1,1,1,12,3,0,0
/global/archives/13211,google,1,1,1,1,23,5,0,0
/global/archives/13230,(direct),1,2,1,1,0,4,0,0
/global/archives/13230,google,1,1,1,1,12,5,0,0
/global/archives/13513,google,1,1,1,1,0,3,0,0
/global/archives/13540,google,1,1,1,1,0,4,0,0
/global/archives/13544,yahoo,1,1,1,1,28,5,0,0
/global/archives/13879,google,1,1,1,1,42,4,0,0
/global/archives/1399,bing,1,1,1,1,22,5,0,0
/global/archives/14030,link.naver.com,1,2,1,1,66,3,0,0
/global/archives/14030,linkedin.com,1,2,1,1,0,5,0,0
/global/archives/14065,linkedin.com,1,1,0,0,0,2,0,0
/global/archives/14078,(direct),1,1,1,1,0,3,0,0
/global/archives/14078,bing,1,1,1,1,0,3,0,0
/global/archives/14146,google,1,2,1,1,0,6,0,0
/global/archives/14179,google,1,2,1,1,0,6,0,0
/global/archives/14243,bing,1,1,1,1,105,5,0,0
/global/archives/1425,google,1,1,1,1,0,3,0,0
/global/archives/14264,google,1,1,1,1,22,5,0,0
/global/archives/14264,linkedin.com,1,1,1,1,0,4,0,0
/global/archives/14309,(direct),1,1,1,1,0,4,0,0
/global/archives/14309,bing,1,1,1,1,8,2,0,0
/global/archives/14309,chatgpt.com,1,1,1,1,27,6,0,0
/global/archives/14491,(direct),1,1,1,1,20,4,0,0
/global/archives/14493,(direct),1,1,1,1,15,5,0,0
/global/archives/14588,linkedin.com,1,1,1,1,15,4,0,0
/global/archives/14615,google,1,1,1,1,7,4,0,0
/global/archives/14634,gemini.google.com,1,2,1,1,87,7,0,0
/global/archives/14634,skinnovation.com,1,1,1,1,47,3,0,0
/global/archives/14668,link.naver.com,1,2,1,1,0,5,0,0
/global/archives/14688,(direct),1,2,1,1,0,6,0,0
/global/archives/1473,google,1,1,1,1,11,4,0,0
/global/archives/14740,google,1,1,1,1,2,4,0,0
/global/archives/14766,(direct),1,1,1,1,37,3,0,0
/global/archives/14788,chatgpt.com,1,2,1,1,0,5,0,0
/global/archives/14788,google,1,1,1,1,7,6,0,0
/global/archives/14896,google,1,2,1,1,22,7,0,0
/global/archives/14962,google,1,1,1,1,8,5,0,0
/global/archives/15007,google,1,2,1,1,0,5,0,0
/global/archives/15007,skenergy.com,1,1,1,1,85,6,0,0
/global/archives/15007/1969-개업한-국내-최초-현대식-주유소-서교동-청기와주유,google,1,1,1,1,11,5,0,0
/global/archives/15067,chatgpt.com,1,1,1,1,5,5,0,0
/global/archives/15153,google,1,1,1,1,9,4,0,0
/global/archives/15204,bing,1,1,1,1,35,5,0,0
/global/archives/15204,google,1,1,1,1,15,5,0,0
/global/archives/15204,statics.teams.cdn.office.net,1,1,1,1,155,5,0,0
/global/archives/15259,google,1,1,1,1,40,6,0,0
/global/archives/15374,bing,1,1,1,1,13,5,0,0
/global/archives/15374,yahoo,1,1,1,1,17,5,0,0
/global/archives/15462,(direct),1,1,1,1,34,5,0,0
/global/archives/15490,(not set),1,1,1,1,9,3,0,0
/global/archives/15490,bing,1,2,1,1,0,6,0,0
/global/archives/15574,bing,1,2,1,1,0,6,0,0
/global/archives/15592,google,1,1,1,1,0,3,0,0
/global/archives/15610,chatgpt.com,1,1,1,1,5,5,0,0
/global/archives/15610,google,1,1,0,0,0,3,0,0
/global/archives/15623,baidu,1,1,1,1,0,3,0,0
/global/archives/15623,cn.bing.com,1,1,1,1,5,4,0,0
/global/archives/15654,google,1,1,1,1,27,3,0,0
/global/archives/15664,(direct),1,1,1,1,12,5,0,0
/global/archives/15664,statics.teams.cdn.office.net,1,1,1,1,1,4,0,0
/global/archives/15687,bing,1,1,1,1,0,3,0,0
/global/archives/15687,skenmove.com,1,2,1,1,17,4,0,0
/global/archives/15689,google,1,2,1,1,0,6,0,0
/global/archives/15760,chatgpt.com,1,1,1,1,8,5,0,0
/global/archives/15865,eng.skietechnology.com,1,1,1,1,27,4,0,0
/global/archives/15865,link.naver.com,1,1,1,1,155,4,0,0
/global/archives/15902,google,1,1,0,0,0,3,0,0
/global/archives/15937,linkedin.com,1,2,1,1,0,6,0,0
/global/archives/15964,linkedin.com,1,1,1,1,7,4,0,0
/global/archives/16005,google,1,1,1,1,0,5,0,0
/global/archives/16025,google,1,1,1,1,8,3,0,0
/global/archives/16060,chatgpt.com,1,1,1,1,22,5,0,0
/global/archives/16073,google,1,1,1,1,48,5,0,0
/global/archives/16073,linkedin.com,1,1,1,1,8,4,0,0
/global/archives/16376,(direct),1,1,1,1,51,4,0,0
/global/archives/16376,google,1,1,1,1,19,5,0,0
/global/archives/16405,linkedin.com,1,1,1,1,23,4,0,0
/global/archives/16448,(direct),1,1,1,1,14,4,0,0
/global/archives/16463,(direct),1,1,1,1,0,3,0,0
/global/archives/16480,google,1,1,1,1,58,6,0,0
/global/archives/16493,(direct),1,1,1,1,0,3,0,0
/global/archives/16532,yahoo,1,1,1,1,2,5,0,0
/global/archives/16583,google,1,1,1,1,0,2,0,0
/global/archives/16719,(direct),1,1,1,1,0,4,0,0
/global/archives/16719,link.naver.com,1,1,1,1,185,4,0,0
/global/archives/16738,google,1,1,1,1,0,4,0,0
/global/archives/16738,linkedin.com,1,1,1,1,8,4,0,0
/global/archives/16787,(direct),1,1,1,1,22,5,0,0
/global/archives/16810,(direct),1,1,1,1,3,2,0,0
/global/archives/16810,linkedin.com,1,1,1,1,17,4,0,0
/global/archives/16834,chatgpt.com,1,1,1,1,23,6,0,0
/global/archives/16881,google,1,1,1,1,57,5,0,0
/global/archives/16925,google,1,1,1,1,2,4,0,0
/global/archives/16952,google,1,1,1,1,7,4,0,0
/global/archives/17134,(direct),1,1,1,1,0,3,0,0
/global/archives/17216,linkedin.com,1,1,1,1,0,4,0,0
/global/archives/17216,rankred.com,1,1,1,1,32,3,0,0
/global/archives/17356,skenmove.com,1,1,1,1,40,4,0,0
/global/archives/17426,linkedin.com,1,2,1,1,52,4,0,0
/global/archives/1744,(not set),1,1,1,1,37,3,0,0
/global/archives/17499,(direct),1,1,1,1,34,5,0,0
/global/archives/17499,gemini.google.com,1,1,1,1,15,5,0,0
/global/archives/17514,(direct),1,2,1,1,1,6,0,0
/global/archives/17514,google,1,1,1,1,136,6,0,0
/global/archives/17697,google,1,1,1,1,4,5,0,0
/global/archives/17737,(direct),1,1,1,1,0,4,0,0
/global/archives/17863,skinnovation.com,1,1,1,1,78,3,0,0
/global/archives/17965,(direct),1,1,1,1,27,4,0,0
/global/archives/17990,google,1,1,1,1,10,5,0,0
/global/archives/17990,ssnc-nexlene.com,1,1,1,1,0,2,0,0
/global/archives/18065,baidu,1,1,1,1,0,3,0,0
/global/archives/18107,(direct),1,1,1,1,270,5,0,0
/global/archives/18107,facebook.com,1,1,1,1,0,4,0,0
/global/archives/18107,linkedin.com,1,1,1,1,6,4,0,0
/global/archives/18140,google,1,1,1,1,15,6,0,0
/global/archives/18140,link.naver.com,1,1,1,1,331,4,0,0
/global/archives/18140,sktradinginternational.com,1,1,1,1,17,4,0,0
/global/archives/18167,(direct),1,1,1,1,0,4,0,0
/global/archives/18208,google,1,1,1,1,5,6,0,0
/global/archives/18268,google,1,1,1,1,11,5,0,0
/global/archives/18283,linkedin.com,1,1,1,1,26,5,0,0
/global/archives/18332,(direct),1,1,1,1,0,3,0,0
/global/archives/18332,m.facebook.com,1,1,1,1,0,4,0,0
/global/archives/18374,(direct),1,1,1,1,0,3,0,0
/global/archives/18374,skinnovation.com,1,1,1,1,0,4,0,0
/global/archives/18388,google,1,1,1,1,0,5,0,0
/global/archives/18421,(direct),1,1,1,1,10,5,0,0
/global/archives/18421,google,1,1,1,1,17,5,0,0
/global/archives/18436,(direct),1,1,1,1,2,4,0,0
/global/archives/18445,(direct),1,1,1,1,12,4,0,0
/global/archives/18445,statics.teams.cdn.office.net,1,1,1,1,138,4,0,0
/global/archives/18500,link.naver.com,1,2,0,0,0,5,0,0
/global/archives/18500,linkedin.com,1,2,1,1,0,5,0,0
/global/archives/18546,publishing.gs.com,1,1,0,0,0,3,0,0
/global/archives/18546,skincheonpetrochem.com,1,1,1,1,12,5,0,0
/global/archives/18546pavilion,google,1,1,1,1,1,4,0,0
/global/archives/18608,chatgpt.com,1,1,1,1,2,3,0,0
/global/archives/18608,skinnovation.com,1,1,1,1,0,3,0,0
/global/archives/18639,(direct),1,1,1,1,7,4,0,0
/global/archives/18659,janus.co.jp,1,1,1,1,0,4,0,0
/global/archives/18659,skinnovation.com,1,1,1,1,0,2,0,0
/global/archives/18690,chatgpt.com,1,2,1,1,31,7,0,0
/global/archives/18708,(direct),1,1,1,1,18,4,0,0
/global/archives/18743,skinnovation.com,1,1,1,1,19,4,0,0
/global/archives/18753,bing,1,1,1,1,4,3,0,0
/global/archives/18753,eng.sk-on.com,1,1,1,1,23,4,0,0
/global/archives/18770,battery-tech.net,1,1,1,1,6,5,0,0
/global/archives/18770,bing,1,2,1,1,0,5,0,0
/global/archives/18770,eng.skgeocentric.com,1,1,1,1,2,4,0,0
/global/archives/18770,news.google.com,1,1,1,1,0,4,0,0
/global/archives/18770,skenmove.com,1,1,1,1,70,3,0,0
/global/archives/18770,teams.microsoft.com,1,2,1,1,0,6,0,0
/global/archives/18770,zalo,1,1,1,1,0,5,0,0
/global/archives/18783,(not set),1,1,1,1,0,2,0,0
/global/archives/18783,eng.skgeocentric.com,1,1,1,1,0,3,0,0
/global/archives/18783,m193.mailplug.com,1,1,1,1,6,4,0,0
/global/archives/18879,google,1,1,1,1,1,5,0,0
/global/archives/2026,google,1,1,1,1,12,5,0,0
/global/archives/2212,google,1,1,1,1,51,4,0,0
/global/archives/2241,google,1,1,1,1,54,5,0,0
/global/archives/2293,google,1,1,0,0,0,3,0,0
/global/archives/253,google,1,1,1,1,0,3,0,0
/global/archives/2535,google,1,1,1,1,5,5,0,0
/global/archives/2576,google,1,1,1,1,15,6,0,0
/global/archives/3005,(direct),1,1,1,1,0,4,0,0
/global/archives/3158,google,1,1,1,1,132,4,0,0
/global/archives/3269,google,1,1,1,1,367,5,0,0
/global/archives/3393,google,1,1,1,1,57,5,0,0
/global/archives/349,google,1,1,1,1,10,5,0,0
/global/archives/3689,google,1,1,1,1,54,4,0,0
/global/archives/3709,chatgpt.com,1,1,1,1,0,4,0,0
/global/archives/3783,google,1,1,1,1,0,4,0,0
/global/archives/3820,bing,1,2,1,1,0,6,0,0
/global/archives/3820,eng.sk-on.com,1,1,1,1,20,4,0,0
/global/archives/3830,chatgpt.com,1,1,1,1,10,5,0,0
/global/archives/3873,google,1,1,1,1,0,4,0,0
/global/archives/3962,(not set),1,1,1,1,25,4,0,0
/global/archives/4110,(direct),1,1,1,1,0,3,0,0
/global/archives/4110,google,1,1,1,1,14,6,0,0
/global/archives/4193,google,1,2,1,1,0,6,0,0
/global/archives/4308,chatgpt.com,1,1,1,1,3,5,0,0
/global/archives/4360,google,1,1,1,1,44,6,0,0
/global/archives/4450,google,1,2,1,1,0,6,0,0
/global/archives/4518,bing,1,1,1,1,30,5,0,0
/global/archives/4518,google,1,1,1,1,2,4,0,0
/global/archives/4612,bing,1,2,1,1,137,7,0,0
/global/archives/489,(direct),1,2,1,1,1,6,0,0
/global/archives/497,google,1,1,1,1,88,5,0,0
/global/archives/5119,google,1,1,1,1,4,5,0,0
/global/archives/5129,(direct),1,1,1,1,22,4,0,0
/global/archives/5234,google,1,2,1,1,19,7,0,0
/global/archives/5772,lens.google.com,1,1,1,1,3,5,0,0
/global/archives/5853,chatgpt.com,1,1,1,1,3,5,0,0
/global/archives/5892,duckduckgo,1,1,1,1,28,5,0,0
/global/archives/6090,google,1,1,1,1,3,4,0,0
/global/archives/6150,(direct),1,1,1,1,34,6,0,0
/global/archives/6216,duckduckgo,1,1,1,1,119,6,0,0
/global/archives/6414,(direct),1,1,1,1,0,3,0,0
/global/archives/6546,google,1,1,1,1,3,5,0,0
/global/archives/6559,google,1,1,1,1,0,4,0,0
/global/archives/6658,(direct),1,1,1,1,0,4,0,0
/global/archives/6683,google,1,1,1,1,15,5,0,0
/global/archives/6760,google,1,1,1,1,4,5,0,0
/global/archives/6807,(direct),1,1,1,1,0,4,0,0
/global/archives/6807,bing,1,1,1,1,40,6,0,0
/global/archives/6807,chatgpt.com,1,1,1,1,0,3,0,0
/global/archives/6807,google,1,1,1,1,39,5,0,0
/global/archives/6824,google,1,1,1,1,3,4,0,0
/global/archives/6824,kimi.moonshot.cn,1,1,1,1,148,6,0,0
/global/archives/6870,google,1,1,1,1,11,3,0,0
/global/archives/7043,(not set),1,1,1,1,0,2,0,0
/global/archives/7043,google,1,1,0,0,0,4,0,0
/global/archives/7112,google,1,1,1,1,0,4,0,0
/global/archives/7177,(direct),1,1,1,1,0,3,0,0
/global/archives/7245,bing,1,1,1,1,22,5,0,0
/global/archives/7245,google,1,1,1,1,17,5,0,0
/global/archives/7245,projectscms.progressivedigitalmedia.com,1,1,1,1,31,5,0,0
/global/archives/7245,skinnovation.com,1,1,1,1,4,4,0,0
/global/archives/7262,onet,1,1,1,1,5,5,0,0
/global/archives/7292,chatgpt.com,1,1,1,1,3,5,0,0
/global/archives/7302,google,1,1,1,1,10,4,0,0
/global/archives/733,google,1,2,1,1,0,5,0,0
/global/archives/7379,(direct),1,1,1,1,22,6,0,0
/global/archives/7476,(direct),1,2,1,1,0,6,0,0
/global/archives/7476,google,1,2,1,1,0,4,0,0
/global/archives/7555,(direct),1,1,1,1,0,4,0,0
/global/archives/7596,google,1,1,1,1,24,5,0,0
/global/archives/7761,google,1,1,1,1,13,4,0,0
/global/archives/7784,(direct),1,1,1,1,0,3,0,0
/global/archives/7794,google,1,1,1,1,6,4,0,0
/global/archives/7906,bing,1,1,1,1,19,6,0,0
/global/archives/8046,(direct),1,1,1,1,19,6,0,0
/global/archives/8046,chatgpt.com,1,1,1,1,3,4,0,0
/global/archives/8067,google,1,1,1,1,15,5,0,0
/global/archives/8168,google,1,1,1,1,12,5,0,0
/global/archives/822,google,1,1,1,1,12,5,0,0
/global/archives/8310,naver,1,1,1,1,5,5,0,0
/global/archives/8327,bing,1,1,1,1,127,6,0,0
/global/archives/8327,google,1,1,1,1,7,5,0,0
/global/archives/8360,(direct),1,1,1,1,0,3,0,0
/global/archives/8360,google,1,1,1,1,14,5,0,0
/global/archives/8383,google,1,1,1,1,0,3,0,0
/global/archives/8463,(direct),1,1,1,1,27,6,0,0
/global/archives/8463,skincheonpetrochem.com,1,1,1,1,18,6,0,0
/global/archives/8599,google,1,1,1,1,0,4,0,0
/global/archives/8604,google,1,1,1,1,232,5,0,0
/global/archives/8829,google,1,1,1,1,22,5,0,0
/global/archives/8914,google,1,1,1,1,0,4,0,0
/global/archives/9096,(direct),1,1,1,1,26,4,0,0
/global/archives/9096,chatgpt.com,1,2,1,1,60,6,0,0
/global/archives/9286,google,1,1,1,1,137,4,0,0
/global/archives/9493,(direct),1,1,1,1,0,4,0,0
/global/archives/9509,chatgpt.com,1,1,1,1,0,3,0,0
/global/archives/9616,google,1,1,1,1,3,4,0,0
/global/archives/9648,(not set),1,1,1,1,29,4,0,0
/global/archives/9740,(direct),1,1,1,1,1,5,0,0
/global/archives/9797,google,1,1,1,1,52,6,0,0
/global/archives/9893,google,1,1,1,1,0,4,0,0
/global/archives/category/corporate/sk-energy,bing,1,1,1,1,17,4,0,0
/global/archives/category/corporate/sk-energy,google,1,1,1,1,30,4,0,0
/global/archives/category/corporate/sk-innovation,google,1,1,1,1,67,5,0,0
/global/archives/category/corporate/sk-on,(direct),1,1,0,0,0,2,0,0
/global/archives/category/corporate/sk-on,skinnovation.com,1,1,1,1,8,4,0,0
/global/archives/category/corporates,bing,1,1,1,1,20,4,0,0
/global/archives/category/corporates,cn.bing.com,1,1,1,1,7,4,0,0
/global/archives/category/corporates/sk-earthon,bing,1,1,1,1,13,4,0,0
/global/archives/category/corporates/sk-earthon,eng.skgeocentric.com,1,1,1,1,1,5,0,0
/global/archives/category/corporates/sk-energy,bing,1,1,1,1,10,4,0,0
/global/archives/category/corporates/sk-energy,sktradinginternational.com,1,1,1,1,17,4,0,0
/global/archives/category/corporates/sk-enmove,eng.skgeocentric.com,1,1,1,1,0,4,0,0
/global/archives/category/corporates/sk-enmove,google,1,1,1,1,0,3,0,0
/global/archives/category/corporates/sk-enterm,eng.skgeocentric.com,1,1,1,1,3,4,0,0
/global/archives/category/corporates/sk-geo-centric,google,1,1,1,1,5,4,0,0
/global/archives/category/corporates/sk-geo-centric,kimi.moonshot.cn,1,2,1,1,2,4,0,0
/global/archives/category/corporates/sk-ie-technology,eng.skgeocentric.com,1,1,1,1,0,2,0,0
/global/archives/category/corporates/sk-ie-technology,eng.skietechnology.com,1,1,1,1,0,3,0,0
/global/archives/category/corporates/sk-incheon-petrochem,cn.bing.com,1,1,1,1,17,4,0,0
/global/archives/category/corporates/sk-incheon-petrochem,eng.skgeocentric.com,1,1,1,1,1,4,0,0
/global/archives/category/corporates/sk-innovation,bing,1,1,1,1,15,4,0,0
/global/archives/category/corporates/sk-innovation,chn.sk-on.com,1,1,1,1,22,4,0,0
/global/archives/category/corporates/sk-innovation,skinnovation.com,1,1,1,1,57,4,0,0
/global/archives/category/corporates/sk-on,eng.skgeocentric.com,1,1,1,1,1,4,0,0
/global/archives/category/corporates/sk-on,linkedin.com,1,1,1,1,0,2,0,0
/global/archives/category/corporates/sk-on,naver.com,1,1,1,1,0,3,0,0
/global/archives/category/corporates/sk-on,skinnovation.com,1,1,1,1,21,4,0,0
/global/archives/category/corporates/sk-rading-international,eng.skgeocentric.com,1,1,1,1,0,3,0,0
/global/archives/category/corporates/sk-rading-international,google,1,1,1,1,5,4,0,0
/global/archives/category/corporates/sk-rading-international,sktradinginternational.com,1,1,1,1,11,4,0,0
/global/archives/category/insight,(not set),1,1,1,1,5,2,0,0
/global/archives/category/insight/trend_report,(not set),1,1,1,1,21,3,0,0
/global/archives/category/insight/trend_report,eng.skietechnology.com,1,1,1,1,4,4,0,0
/global/archives/category/insight/trend_report,linkedin.com,1,1,1,1,4,4,0,0
/global/archives/category/insight/trend_report,statics.teams.cdn.office.net,1,1,1,1,18,4,0,0
/global/archives/category/people/inno-people,bing,1,1,1,1,4,4,0,0
/global/archives/category/people/onsite-report,bing,1,1,1,1,14,4,0,0
/global/archives/category/people/sustainability,(direct),1,1,1,1,0,2,0,0
/global/archives/category/people/sustainability,linkedin.com,1,1,1,1,1,3,0,0
/global/archives/category/press-room,eng.sk-on.com,1,1,1,1,53,4,0,0
/global/archives/category/press-room,skenmove.com,1,1,1,1,19,4,0,0
/global/archives/category/press-room/press-release,(not set),1,1,1,1,0,2,0,0
/global/archives/category/press-room/press-release,skenmove.com,1,1,1,1,14,4,0,0
/global/archives/tag/acga,google,1,1,1,1,10,6,0,0
/global/archives/tag/airrane,google,1,1,1,1,29,6,0,0
/global/archives/tag/all-solid-state-battery,google,1,1,1,1,7,3,0,0
/global/archives/tag/annual-performance,google,1,1,1,1,12,4,0,0
/global/archives/tag/batteries,chn.sk-on.com,1,1,1,1,19,4,0,0
/global/archives/tag/battery,google,1,1,1,1,11,3,0,0
/global/archives/tag/best-oil-company,google,1,1,1,1,26,5,0,0
/global/archives/tag/biofuel,google,1,1,1,1,5,4,0,0
/global/archives/tag/block-16-2,google,1,1,1,1,2,4,0,0
/global/archives/tag/block-17-03,google,1,1,1,1,0,3,0,0
/global/archives/tag/blueovalsk,google,1,1,1,1,16,5,0,0
/global/archives/tag/carbon-capture,google,1,1,1,1,0,2,0,0
/global/archives/tag/ccs,skinnovation.com,1,1,1,1,5,3,0,0
/global/archives/tag/continew,google,1,1,0,0,0,3,0,0
/global/archives/tag/dac,google,1,1,1,1,4,5,0,0
/global/archives/tag/depolymerization,google,1,1,1,1,2,5,0,0
/global/archives/tag/e-mobility,google,1,1,1,1,7,5,0,0
/global/archives/tag/eaa,google,1,1,1,1,11,5,0,0
/global/archives/tag/ecopro-bm,(direct),1,1,1,1,2,4,0,0
/global/archives/tag/energy-super-station,google,1,1,1,1,15,5,0,0
/global/archives/tag/europe,google,1,1,1,1,4,4,0,0
/global/archives/tag/ev-battery,google,1,1,1,1,33,5,0,0
/global/archives/tag/ev-charging,google,1,1,1,1,0,5,0,0
/global/archives/tag/event,google,1,1,1,1,2,5,0,0
/global/archives/tag/future-energy,google,1,1,1,1,26,4,0,0
/global/archives/tag/global-forum,google,1,1,1,1,0,4,0,0
/global/archives/tag/green-balance-2030,google,1,1,1,1,0,3,0,0
/global/archives/tag/green-bonds,google,1,1,1,1,2,4,0,0
/global/archives/tag/infinium,(direct),1,1,1,1,7,5,0,0
/global/archives/tag/inflation-reduction-act,google,1,1,1,1,0,3,0,0
/global/archives/tag/inobus,google,1,1,1,1,27,5,0,0
/global/archives/tag/institute-of-environmental-science-technology,chatgpt.com,1,1,1,1,0,3,0,0
/global/archives/tag/interbattery-2023,google,1,1,1,1,7,5,0,0
/global/archives/tag/jee-dong-seob,google,1,1,1,1,15,5,0,0
/global/archives/tag/kd-power,google,1,1,1,1,1,5,0,0
/global/archives/tag/komarom,google,1,1,1,1,18,4,0,0
/global/archives/tag/lfp,google,1,1,1,1,15,5,0,0
/global/archives/tag/liquid-cooling,google,1,1,1,1,0,4,0,0
/global/archives/tag/myanmart,google,1,1,1,1,33,4,0,0
/global/archives/tag/nmc,(direct),1,1,1,1,7,5,0,0
/global/archives/tag/oh-jong-hoon,google,1,1,1,1,0,4,0,0
/global/archives/tag/pbt,google,1,1,1,1,1,4,0,0
/global/archives/tag/poland,google,1,1,1,1,4,5,0,0
/global/archives/tag/polymer-electrolytes,google,1,1,1,1,6,4,0,0
/global/archives/tag/revenue,(direct),1,1,1,1,390,4,0,0
/global/archives/tag/rmi,(direct),1,1,1,1,10,5,0,0
/global/archives/tag/roh-jae-sok,google,1,1,1,1,5,5,0,0
/global/archives/tag/sf-battery,google,1,1,1,1,10,4,0,0
/global/archives/tag/sk-energy-americas,google,1,1,1,1,3,5,0,0
/global/archives/tag/sk-hi-tech-battery-materials-poland,baidu,1,1,1,1,0,3,0,0
/global/archives/tag/sk-liquor-store,(direct),1,1,1,1,15,3,0,0
/global/archives/tag/sk-liquor-store,google,1,1,1,1,13,5,0,0
/global/archives/tag/sk-seorin-building,google,1,1,1,1,8,6,0,0
/global/archives/tag/skba,google,1,1,1,1,10,5,0,0
/global/archives/tag/skbmp,google,1,2,1,1,0,6,0,0
/global/archives/tag/skbmp,onet,1,1,1,1,0,2,0,0
/global/archives/tag/skei,google,1,1,1,1,14,6,0,0
/global/archives/tag/sken,google,1,1,1,1,10,6,0,0
/global/archives/tag/skgc,google,1,1,1,1,3,5,0,0
/global/archives/tag/skgca,google,1,1,1,1,10,6,0,0
/global/archives/tag/skipc,google,1,1,1,1,9,5,0,0
/global/archives/tag/skoh,google,1,1,1,1,4,5,0,0
/global/archives/tag/sk综合化学,cn.bing.com,1,1,1,1,59,7,0,0
/global/archives/tag/sungeel-hitech,google,1,1,1,1,13,5,0,0
/global/archives/tag/tech-sensing,google,1,1,1,1,0,4,0,0
/global/archives/tag/vwbe,google,1,1,1,1,36,6,0,0
/global/archives/tag/waste-water-treatment-system,google,1,1,1,1,7,6,0,0
/global/archives/tag/winter-pro-lfp-battery,google,1,1,1,1,3,5,0,0
/global/sustainability-report,bing,1,1,1,1,9,5,0,0
/global/terms-and-conditions,skinnovation.com,1,1,1,1,131,4,0,0
/global/who-we-are,google,1,2,2,0.5,50,7,0,0
/global/인터배터리-2024-sk온-부스_05,google,1,1,1,1,4,5,0,0
/global/,(not set),0,2,2,0,3,4,0,0
/global/404,(not set),0,1,0,0,0,2,0,0
/global/archives/10774,(not set),0,1,1,0,266,2,0,0
/global/archives/10939,(not set),0,1,1,0,11,2,0,0
/global/archives/11087,(direct),0,1,0,0,0,2,0,0
/global/archives/12022,(not set),0,1,1,0,39,2,0,0
/global/archives/14193,(direct),0,1,1,0,0,2,0,0
/global/archives/14193,(not set),0,1,1,0,20,1,0,0
/global/archives/14634,(direct),0,1,1,0,0,2,0,0
/global/archives/14634,(not set),0,2,2,0,199.5,3,0,0
/global/archives/15654,(not set),0,1,0,0,0,1,0,0
/global/archives/15687,(not set),0,1,1,0,38,1,0,0
/global/archives/15902,(not set),0,1,1,0,20,2,0,0
/global/archives/17216,(not set),0,1,1,0,69,1,0,0
/global/archives/17499,(not set),0,1,0,0,0,1,0,0
/global/archives/17623,(not set),0,2,2,0,12.5,2,0,0
/global/archives/18022,(not set),0,2,1,0,0,2,0,0
/global/archives/18065,(not set),0,1,1,0,146,3,0,0
/global/archives/18107,(not set),0,2,2,0,0,2,0,0
/global/archives/18332,(not set),0,1,1,0,180,2,0,0
/global/archives/18659,(not set),0,1,1,0,0,1,0,0
/global/archives/18770,(not set),0,2,2,0,0,3,0,0
/global/archives/6216,(not set),0,2,2,0,151.5,7,0,0
/global/archives/7445,eng.skietechnology.com,0,1,0,0,0,2,0,0
/global/archives/7476,(not set),0,1,1,0,118,2,0,0
/global/archives/9910,(not set),0,2,2,0,91.5,3,0,0
/global/archives/category/press-room,(not set),0,1,1,0,17,3,0,0
/global/archives/category/press-room/press-release,eng.skearthon.com,0,1,1,0,0,2,0,0
/global/archives/tag/carbon-capture,(not set),0,1,1,0,4,2,0,0
/global/archives/tag/continew,(not set),0,1,1,0,0,1,0,0
/global/archives/tag/hungary,(not set),0,1,1,0,19,3,0,0
/global/archives/tag/institute-of-environmental-science-technology,(not set),0,1,1,0,17,2,0,0
/global/archives/tag/pouch-type-battery,(not set),0,1,1,0,3,1,0,0
/global/archives/tag/sk-battery-hungary,(not set),0,1,1,0,0,1,0,0
/global/archives/tag/sk-battery-hungary,google,0,1,1,0,13,1,0,0
/global/archives/tag/solid-power,(not set),0,1,1,0,2,4,0,0
/global/archives/www.infiniumco.com,sktradinginternational.com,0,1,1,0,3,1,0,0
/global/latestnews,(not set),0,11,11,0,18.727272727272727,11,0,0
/global/privacy-policy,google,0,1,0,0,0,2,0,0