# ----------------------------------------
# 보고서 CSV 내보내기
# 계정: skinno global
# 속성: skinno 글로벌 - GA4
# ----------------------------------------
# 
# 모든 사용자
# 시작일: 20240826
# 종료일: 20240901
페이지 경로 및 화면 클래스,국가,조회수,세션수,활성 사용자,활성 사용자당 조회수,활성 사용자당 평균 참여 시간,이벤트 수,주요 이벤트,총 수익
/global/,South Korea,77,58,47,1.6382978723404256,12,318,0,0
/global/latestnews,China,71,80,77,0.922077922077922,21.38961038961039,281,0,0
/global/archives/18770,United States,53,51,45,1.1777777777777778,24.355555555555554,230,0,0
/global/archives/18770,South Korea,44,41,31,1.4193548387096775,14.67741935483871,181,0,0
/global/archives/18546,Singapore,35,38,26,1.3461538461538463,24.46153846153846,159,0,0
/global/archives/18546,South Korea,35,37,23,1.5217391304347827,42.78260869565217,140,0,0
/global/archives/18783,South Korea,28,22,18,1.5555555555555556,4.944444444444445,97,0,0
/global/,United Kingdom,27,27,27,1,0.4444444444444444,107,0,0
/global/archives/18770,Singapore,22,23,21,1.0476190476190477,13.285714285714286,96,0,0
/global/archives/9910,Malaysia,20,21,19,1.0526315789473684,40.26315789473684,90,0,0
/global/,India,19,14,11,1.7272727272727273,25.09090909090909,77,0,0
/global/archives/18743,South Korea,18,19,11,1.6363636363636365,23.636363636363637,69,0,0
/global/archives/18770,India,18,20,12,1.5,22.666666666666668,78,0,0
/global/archives/18659,Malaysia,17,15,4,4.25,0,47,0,0
/global/archives/18107,United States,16,14,12,1.3333333333333333,122.16666666666667,74,0,0
/global/latestnews,Germany,16,16,1,16,10,46,0,0
/global/archives/18608,Singapore,15,8,7,2.142857142857143,98.28571428571429,64,0,0
/global/archives/category/press-room/financial-results,United States,15,6,4,3.75,71,61,0,0
/global/archives/18546,India,14,13,11,1.2727272727272727,55.63636363636363,54,0,0
/global/archives/18546,United States,14,19,13,1.0769230769230769,21.076923076923077,68,0,0
/global/archives/18770,Australia,14,14,10,1.4,19.8,58,0,0
/global/,United States,13,10,9,1.4444444444444444,24.11111111111111,53,0,0
/global/archives/category/press-room/financial-results,India,13,7,4,3.25,36,51,0,0
/global/archives/17569,South Korea,12,11,8,1.5,48.375,49,0,0
/global/archives/18753,Singapore,12,9,8,1.5,38.5,53,0,0
/global/,Japan,11,7,7,1.5714285714285714,19.714285714285715,47,0,0
/global/,Singapore,11,7,7,1.5714285714285714,17.571428571428573,47,0,0
/global/archives/15374,Singapore,11,12,11,1,6.636363636363637,48,0,0
/global/archives/15490,Canada,11,13,8,1.375,25.75,52,0,0
/global/archives/16463,United States,11,12,10,1.1,12.6,47,0,0
/global/archives/17476,South Korea,11,11,8,1.375,22.125,46,0,0
/global/archives/18770,Indonesia,11,10,6,1.8333333333333333,3.6666666666666665,43,0,0
/global/archives/category/press-room/financial-results,Singapore,11,5,4,2.75,26.75,41,0,0
/global/archives/category/press-room/press-release,India,11,12,6,1.8333333333333333,21.166666666666668,43,0,0
/global/archives/17623,South Korea,10,12,10,1,50.3,52,0,0
/global/archives/18770,United Kingdom,10,12,8,1.25,59.75,46,0,0
/global/archives/6216,United States,10,9,9,1.1111111111111112,91.66666666666667,45,0,0
/global/archives/category/people,South Korea,10,7,7,1.4285714285714286,17.285714285714285,43,0,0
/global/archives/tag/sko,South Korea,10,3,3,3.3333333333333335,29.666666666666668,40,0,0
/global/latestnews,South Korea,10,13,7,1.4285714285714286,9.285714285714286,39,0,0
/global/,China,9,8,6,1.5,6.666666666666667,32,0,0
/global/404,South Korea,9,6,3,3,3,37,0,0
/global/archives/11807,Japan,9,7,6,1.5,23.833333333333332,34,0,0
/global/archives/17216,South Korea,9,10,8,1.125,8.5,40,0,0
/global/archives/18546,Japan,9,9,8,1.125,7.875,38,0,0
/global/archives/18753,India,9,10,6,1.5,21.166666666666668,30,0,0
/global/archives/category/press-room/press-release,Japan,9,8,3,3,26,34,0,0
/global/archives/15490,Singapore,8,5,1,8,0,21,0,0
/global/archives/17426,South Korea,8,7,6,1.3333333333333333,31,35,0,0
/global/archives/18753,South Korea,8,8,3,2.6666666666666665,73.33333333333333,30,0,0
/global/archives/4921,United States,8,8,6,1.3333333333333333,15.833333333333334,37,0,0
/global/archives/9951,South Korea,8,6,3,2.6666666666666665,103,31,0,0
/global/archives/category/press-room,Singapore,8,7,3,2.6666666666666665,33.333333333333336,31,0,0
/global/,Germany,7,6,6,1.1666666666666667,10.833333333333334,30,0,0
/global/,Thailand,7,2,2,3.5,126,33,0,0
/global/archives/10774,United States,7,8,7,1,84.71428571428571,36,0,0
/global/archives/12274/skee,South Korea,7,8,6,1.1666666666666667,23.833333333333332,37,0,0
/global/archives/15374,South Korea,7,8,6,1.1666666666666667,6.166666666666667,31,0,0
/global/archives/16060,India,7,7,5,1.4,27.6,30,0,0
/global/archives/16060,United States,7,7,3,2.3333333333333335,15.333333333333334,34,0,0
/global/archives/17216,United States,7,7,6,1.1666666666666667,21.333333333333332,28,0,0
/global/archives/17426,Taiwan,7,7,1,7,561,28,0,0
/global/archives/18546,Australia,7,9,5,1.4,85.6,35,0,0
/global/archives/18743,United States,7,7,7,1,3.2857142857142856,26,0,0
/global/archives/category/corporates/sk-innovation,Australia,7,3,3,2.3333333333333335,16.666666666666668,27,0,0
/global/archives/category/press-room/financial-results,United Arab Emirates,7,2,2,3.5,29,27,0,0
/global/archives/category/press-room/press-release,Australia,7,4,3,2.3333333333333335,7.666666666666667,26,0,0
/global/latestnews,India,7,8,5,1.4,8.8,31,0,0
/global/latestnews,Singapore,7,3,3,2.3333333333333335,74,29,0,0
/global/,Taiwan,6,5,3,2,41.666666666666664,29,0,0
/global/archives/12106,United States,6,6,5,1.2,10.6,26,0,0
/global/archives/15204,United Kingdom,6,7,6,1,31.666666666666668,28,0,0
/global/archives/15490,South Korea,6,7,4,1.5,60,24,0,0
/global/archives/16060,Japan,6,7,6,1,22.666666666666668,32,0,0
/global/archives/16286,United States,6,6,5,1.2,0,24,0,0
/global/archives/16532,Singapore,6,3,2,3,26.5,23,0,0
/global/archives/17426,United Kingdom,6,3,3,2,145.33333333333334,28,0,0
/global/archives/17426,United States,6,5,5,1.2,23.8,25,0,0
/global/archives/18065,United States,6,7,5,1.2,67,25,0,0
/global/archives/18436,South Korea,6,8,4,1.5,229.75,28,0,0
/global/archives/18608,Taiwan,6,9,2,3,7.5,27,0,0
/global/archives/18608,Ukraine,6,1,1,6,36,20,0,0
/global/archives/18659,Japan,6,6,4,1.5,0,20,0,0
/global/archives/18753,Australia,6,3,3,2,51.666666666666664,22,0,0
/global/archives/18770,Japan,6,6,5,1.2,37,25,0,0
/global/archives/489,Singapore,6,4,3,2,304.3333333333333,23,0,0
/global/archives/489,Thailand,6,2,1,6,800,25,0,0
/global/archives/category/corporates,Taiwan,6,2,2,3,36.5,24,0,0
/global/archives/category/press-room/financial-results,Germany,6,4,3,2,35,25,0,0
/global/archives/category/press-room/financial-results,Hong Kong,6,2,2,3,22,20,0,0
/global/archives/category/press-room/press-release,United States,6,4,4,1.5,11.5,25,0,0
/global/archives/tag/sk-gc-americas,United States,6,4,4,1.5,6.75,28,0,0
/global/,Australia,5,4,4,1.25,9.75,19,0,0
/global/archives/10835,United States,5,5,5,1,3.6,21,0,0
/global/archives/10939,India,5,3,2,2.5,34.5,20,0,0
/global/archives/10939,Malaysia,5,5,3,1.6666666666666667,12.666666666666666,20,0,0
/global/archives/15760,South Korea,5,4,3,1.6666666666666667,39.333333333333336,23,0,0
/global/archives/17737,South Korea,5,6,5,1,72.6,26,0,0
/global/archives/18283,United States,5,6,5,1,0.4,22,0,0
/global/archives/18361,India,5,5,4,1.25,61.5,18,0,0
/global/archives/18445,South Korea,5,6,4,1.25,9.75,23,0,0
/global/archives/18546,Hong Kong,5,7,4,1.25,0.25,24,0,0
/global/archives/18608,Hong Kong,5,2,2,2.5,18.5,17,0,0
/global/archives/18608,Japan,5,4,3,1.6666666666666667,15,20,0,0
/global/archives/18608,South Korea,5,6,4,1.25,50,22,0,0
/global/archives/18659,South Korea,5,3,3,1.6666666666666667,87,18,0,0
/global/archives/18753,United Kingdom,5,6,6,0.8333333333333334,17.666666666666668,20,0,0
/global/archives/18753,United States,5,5,4,1.25,17.75,22,0,0
/global/archives/7078,South Korea,5,1,1,5,8,16,0,0
/global/archives/category/corporates,China,5,4,4,1.25,6.25,18,0,0
/global/archives/category/corporates/sk-on,Japan,5,2,2,2.5,76,20,0,0
/global/archives/category/corporates/sk-on,South Korea,5,4,4,1.25,8.5,16,0,0
/global/archives/category/insight,South Korea,5,6,6,0.8333333333333334,10.166666666666666,19,0,0
/global/archives/category/insight/trend_report,South Korea,5,4,4,1.25,38.5,20,0,0
/global/archives/category/people,United States,5,5,5,1,5.4,20,0,0
/global/archives/category/press-room,France,5,2,2,2.5,36.5,18,0,0
/global/archives/category/press-room/financial-results,South Korea,5,3,2,2.5,23.5,19,0,0
/global/archives/category/press-room/financial-results,Taiwan,5,4,1,5,93,21,0,0
/global/archives/category/press-room/financial-results,United Kingdom,5,2,2,2.5,28,20,0,0
/global/archives/category/press-room/financial-results,Vietnam,5,1,1,5,57,18,0,0
/global/archives/category/press-room/press-release,Singapore,5,5,3,1.6666666666666667,15,21,0,0
/global/latestnews,United States,5,5,2,2.5,76.5,20,0,0
/global/,Indonesia,4,3,2,2,21,18,0,0
/global/archives/10985,Vietnam,4,3,3,1.3333333333333333,21.666666666666668,18,0,0
/global/archives/12022,United States,4,4,4,1,14.25,19,0,0
/global/archives/13313,South Korea,4,1,1,4,8,16,0,0
/global/archives/13521,South Korea,4,3,3,1.3333333333333333,12.666666666666666,19,0,0
/global/archives/13595,United States,4,4,4,1,8.25,19,0,0
/global/archives/13780,India,4,4,3,1.3333333333333333,30.333333333333332,17,0,0
/global/archives/15259,United States,4,4,4,1,0,16,0,0
/global/archives/15374,Malaysia,4,3,3,1.3333333333333333,14.333333333333334,17,0,0
/global/archives/17169,India,4,3,2,2,12.5,17,0,0
/global/archives/17356,United States,4,4,2,2,92,19,0,0
/global/archives/17426,India,4,4,3,1.3333333333333333,27.666666666666668,18,0,0
/global/archives/17623,India,4,5,5,0.8,15.6,20,0,0
/global/archives/17965,Singapore,4,2,1,4,12,13,0,0
/global/archives/18022,Indonesia,4,4,2,2,0,14,0,0
/global/archives/18107,Iran,4,3,2,2,88,18,0,0
/global/archives/18388,United States,4,3,3,1.3333333333333333,218.66666666666666,18,0,0
/global/archives/18478,United States,4,4,3,1.3333333333333333,51,17,0,0
/global/archives/18546,Spain,4,7,3,1.3333333333333333,38.666666666666664,24,0,0
/global/archives/18546,United Kingdom,4,5,4,1,82,19,0,0
/global/archives/18608,India,4,5,4,1,8,15,0,0
/global/archives/18608,United Arab Emirates,4,2,1,4,27,19,0,0
/global/archives/18753,Canada,4,3,2,2,33,16,0,0
/global/archives/18770,Bosnia & Herzegovina,4,3,2,2,118,17,0,0
/global/archives/18770,China,4,5,4,1,12,16,0,0
/global/archives/18770,Spain,4,4,4,1,0,15,0,0
/global/archives/18879,South Korea,4,4,3,1.3333333333333333,1.6666666666666667,19,0,0
/global/archives/4776,China,4,4,3,1.3333333333333333,70.33333333333333,20,0,0
/global/archives/489,Myanmar (Burma),4,3,2,2,101.5,16,0,0
/global/archives/6216,Singapore,4,2,2,2,158,15,0,0
/global/archives/7445,Hong Kong,4,3,2,2,44,16,0,0
/global/archives/category/corporates,Japan,4,2,2,2,28.5,15,0,0
/global/archives/category/corporates/sk-earthon,Singapore,4,2,2,2,17,17,0,0
/global/archives/category/corporates/sk-ie-technology,China,4,1,1,4,89,14,0,0
/global/archives/category/corporates/sk-on,United States,4,4,3,1.3333333333333333,259,16,0,0
/global/archives/category/insight,United States,4,5,5,0.8,11.4,17,0,0
/global/archives/category/press-room,Japan,4,3,3,1.3333333333333333,27.333333333333332,16,0,0
/global/archives/category/press-room,United Arab Emirates,4,3,3,1.3333333333333333,11.666666666666666,16,0,0
/global/archives/category/press-room/press-release,South Korea,4,5,4,1,12.5,17,0,0
/global/archives/tag/pouch-type-battery,Germany,4,3,2,2,25.5,18,0,0
/global/archives/tag/skei-singapore,South Korea,4,3,2,2,14,16,0,0
/global/archives/tag/turkey,Ukraine,4,3,3,1.3333333333333333,41.333333333333336,18,0,0
/global/,Canada,3,2,2,1.5,29.5,15,0,0
/global/,Vietnam,3,3,2,1.5,90,12,0,0
/global/archives/10610,Singapore,3,2,1,3,153,12,0,0
/global/archives/10610,United States,3,1,1,3,66,13,0,0
/global/archives/11807,South Korea,3,2,1,3,0,9,0,0
/global/archives/12022,Russia,3,3,2,1.5,19.5,13,0,0
/global/archives/12106,United Kingdom,3,2,1,3,2,9,0,0
/global/archives/12306,United States,3,2,2,1.5,198,13,0,0
/global/archives/12950,Mexico,3,3,3,1,10,13,0,0
/global/archives/13130,South Korea,3,1,1,3,54,11,0,0
/global/archives/13595,India,3,1,1,3,1,10,0,0
/global/archives/13780,Singapore,3,3,3,1,16.333333333333332,11,0,0
/global/archives/13780,South Korea,3,3,3,1,18,10,0,0
/global/archives/13780,United States,3,4,4,0.75,19.25,14,0,0
/global/archives/14491,India,3,2,2,1.5,61.5,8,0,0
/global/archives/14615,China,3,3,3,1,2.3333333333333335,10,0,0
/global/archives/14634,United States,3,4,3,1,55,15,0,0
/global/archives/14770,Hong Kong,3,2,1,3,47,11,0,0
/global/archives/15374,Japan,3,3,3,1,19.333333333333332,13,0,0
/global/archives/15462,United States,3,4,3,1,37.333333333333336,15,0,0
/global/archives/15490,India,3,4,3,1,17.333333333333332,14,0,0
/global/archives/15490,Taiwan,3,2,2,1.5,227.5,13,0,0
/global/archives/15687,Pakistan,3,2,1,3,110,12,0,0
/global/archives/15937,China,3,3,1,3,76,12,0,0
/global/archives/15985,Canada,3,1,1,3,208,12,0,0
/global/archives/16060,Singapore,3,3,2,1.5,6,12,0,0
/global/archives/16060,South Korea,3,3,3,1,12.333333333333334,14,0,0
/global/archives/16154,India,3,3,2,1.5,19,11,0,0
/global/archives/16463,India,3,3,3,1,11.666666666666666,15,0,0
/global/archives/16532,Vietnam,3,3,3,1,52,14,0,0
/global/archives/16834,United States,3,4,3,1,13.666666666666666,16,0,0
/global/archives/16970,United Kingdom,3,1,1,3,26,13,0,0
/global/archives/17169,United States,3,2,2,1.5,11,12,0,0
/global/archives/17216,India,3,3,2,1.5,49,14,0,0
/global/archives/17216,Japan,3,2,2,1.5,35,13,0,0
/global/archives/17426,Germany,3,3,3,1,189,11,0,0
/global/archives/17426,Singapore,3,3,2,1.5,5,11,0,0
/global/archives/17426,Vietnam,3,3,3,1,56.333333333333336,13,0,0
/global/archives/17499,India,3,3,2,1.5,17,12,0,0
/global/archives/17499,United States,3,3,3,1,44,13,0,0
/global/archives/17569,Ireland,3,3,0,0,0,9,0,0
/global/archives/17595,Japan,3,1,1,3,519,11,0,0
/global/archives/17595,United States,3,2,1,3,24,12,0,0
/global/archives/17950,India,3,4,3,1,13.666666666666666,13,0,0
/global/archives/18065,Hong Kong,3,2,2,1.5,40.5,11,0,0
/global/archives/18065,India,3,3,1,3,174,12,0,0
/global/archives/18283,Germany,3,3,3,1,3.6666666666666665,15,0,0
/global/archives/18283,India,3,2,2,1.5,31.5,12,0,0
/global/archives/18332,Philippines,3,2,2,1.5,241,11,0,0
/global/archives/18361,United States,3,3,3,1,12.333333333333334,15,0,0
/global/archives/18374,Taiwan,3,3,1,3,20,13,0,0
/global/archives/18690,South Korea,3,3,3,1,4,14,0,0
/global/archives/18743,Singapore,3,3,3,1,23.333333333333332,14,0,0
/global/archives/18783,India,3,3,3,1,0.6666666666666666,10,0,0
/global/archives/18783,United Kingdom,3,4,4,0.75,8.5,14,0,0
/global/archives/3709,India,3,1,1,3,58,9,0,0
/global/archives/3820,Singapore,3,3,3,1,0.3333333333333333,13,0,0
/global/archives/5129,United States,3,2,1,3,58,12,0,0
/global/archives/5339,Indonesia,3,2,1,3,65,14,0,0
/global/archives/6150,Singapore,3,3,1,3,108,9,0,0
/global/archives/6216,South Korea,3,5,3,1,8.333333333333334,18,0,0
/global/archives/6824,China,3,3,2,1.5,77,13,0,0
/global/archives/7245,United States,3,3,2,1.5,11,12,0,0
/global/archives/7633,India,3,2,1,3,104,11,0,0
/global/archives/9079,United Arab Emirates,3,1,1,3,162,11,0,0
/global/archives/9493,Taiwan,3,1,1,3,97,12,0,0
/global/archives/9493,United Kingdom,3,3,1,3,6,15,0,0
/global/archives/9548,Taiwan,3,1,1,3,183,10,0,0
/global/archives/9668,Singapore,3,3,3,1,46,14,0,0
/global/archives/9740,Singapore,3,3,2,1.5,7,14,0,0
/global/archives/category/corporate/sk-ie-technology,South Korea,3,2,2,1.5,35.5,14,0,0
/global/archives/category/corporates/sk-energy,Nigeria,3,2,2,1.5,104.5,12,0,0
/global/archives/category/corporates/sk-energy,Thailand,3,1,1,3,115,12,0,0
/global/archives/category/corporates/sk-energy,United Kingdom,3,3,1,3,0,9,0,0
/global/archives/category/corporates/sk-enterm,Singapore,3,2,2,1.5,13.5,14,0,0
/global/archives/category/corporates/sk-innovation,South Korea,3,3,3,1,2.6666666666666665,12,0,0
/global/archives/category/corporates/sk-innovation,United States,3,4,3,1,8.333333333333334,13,0,0
/global/archives/category/corporates/sk-on,Taiwan,3,2,1,3,42,12,0,0
/global/archives/category/insight/trend_report,Ukraine,3,1,1,3,17,7,0,0
/global/archives/category/people/inno-people,India,3,2,2,1.5,4,9,0,0
/global/archives/category/people/inno-people,Singapore,3,2,1,3,10,10,0,0
/global/archives/category/press-room,India,3,2,2,1.5,11,12,0,0
/global/archives/category/press-room/financial-results,Australia,3,2,2,1.5,12.5,12,0,0
/global/archives/category/press-room/financial-results,Japan,3,1,1,3,201,12,0,0
/global/archives/category/press-room/issue-fact,Taiwan,3,4,1,3,53,10,0,0
/global/archives/category/press-room/press-release,Germany,3,2,2,1.5,32,12,0,0
/global/archives/category/press-room/press-release,United Arab Emirates,3,3,2,1.5,27,14,0,0
/global/archives/category/press-room/press-release,United Kingdom,3,3,2,1.5,41.5,13,0,0
/global/archives/tag/separator,South Korea,3,1,1,3,8,9,0,0
/global/archives/tag/sk-block-427,South Korea,3,1,1,3,102,13,0,0
/global/archives/tag/sk-on,Taiwan,3,3,1,3,303,10,0,0
/global/archives/tag/skeo,South Korea,3,2,2,1.5,8.5,14,0,0
/global/archives/tag/skgc-japan,Japan,3,3,3,1,6.333333333333333,17,0,0
/global/archives/tag/vwbe,United States,3,2,2,1.5,29,16,0,0
/global/archives/tag/z-folding,United States,3,1,1,3,33,11,0,0
/global/privacy-policy,South Korea,3,3,2,1.5,2,13,0,0
/global/,Argentina,2,2,1,2,10,7,0,0
/global/,Bosnia & Herzegovina,2,1,1,2,13,6,0,0
/global/,Hong Kong,2,2,2,1,5.5,9,0,0
/global/,Nigeria,2,2,1,2,24,9,0,0
/global/archives/10133,United Kingdom,2,1,1,2,7,9,0,0
/global/archives/10535,South Korea,2,1,1,2,38,8,0,0
/global/archives/10802,China,2,2,1,2,18,7,0,0
/global/archives/10872,Palestine,2,1,1,2,1,8,0,0
/global/archives/10913,India,2,2,2,1,31.5,9,0,0
/global/archives/10977,India,2,4,1,2,0,11,0,0
/global/archives/11087,United Kingdom,2,1,1,2,3,7,0,0
/global/archives/11161,South Korea,2,2,2,1,604,10,0,0
/global/archives/11512,United Arab Emirates,2,3,2,1,17.5,11,0,0
/global/archives/11512,United States,2,2,2,1,7,7,0,0
/global/archives/11527,Singapore,2,2,2,1,14,9,0,0
/global/archives/11573,Singapore,2,1,1,2,66,8,0,0
/global/archives/11596,United States,2,2,2,1,106.5,10,0,0
/global/archives/11992,India,2,2,2,1,57,10,0,0
/global/archives/12008,Denmark,2,2,1,2,93,8,0,0
/global/archives/12022,Greece,2,3,2,1,11,11,0,0
/global/archives/12072,United States,2,3,1,2,0,8,0,0
/global/archives/12106,Indonesia,2,3,1,2,0,8,0,0
/global/archives/12106,Singapore,2,2,1,2,0,7,0,0
/global/archives/12106,South Korea,2,2,2,1,9,8,0,0
/global/archives/12106,United Arab Emirates,2,1,1,2,61,7,0,0
/global/archives/12147,United States,2,2,2,1,7.5,9,0,0
/global/archives/12190,South Korea,2,2,1,2,85,9,0,0
/global/archives/13103,South Korea,2,2,2,1,2,8,0,0
/global/archives/13521,India,2,2,2,1,0,7,0,0
/global/archives/13595,Indonesia,2,2,1,2,0,6,0,0
/global/archives/13595,South Korea,2,1,1,2,262,9,0,0
/global/archives/13780,Taiwan,2,1,1,2,94,7,0,0
/global/archives/13780,United Kingdom,2,2,1,2,11,7,0,0
/global/archives/13795,South Korea,2,2,1,2,10,6,0,0
/global/archives/13804,Germany,2,1,1,2,32,8,0,0
/global/archives/1399,South Korea,2,2,1,2,24,9,0,0
/global/archives/14030,South Korea,2,4,2,1,33,8,0,0
/global/archives/14065,United States,2,1,1,2,20,8,0,0
/global/archives/14193,Canada,2,1,1,2,229,9,0,0
/global/archives/14193,South Korea,2,4,3,0.6666666666666666,29.333333333333332,13,0,0
/global/archives/14226,India,2,1,1,2,10,8,0,0
/global/archives/14243,Hong Kong,2,1,1,2,35,8,0,0
/global/archives/14243,Russia,2,1,1,2,18,9,0,0
/global/archives/14491,Singapore,2,3,2,1,4,7,0,0
/global/archives/14491,United States,2,2,2,1,7.5,9,0,0
/global/archives/14766,India,2,2,2,1,5.5,8,0,0
/global/archives/14788,South Korea,2,3,2,1,3.5,11,0,0
/global/archives/1493,United States,2,2,2,1,17,11,0,0
/global/archives/15103,United States,2,2,2,1,103,9,0,0
/global/archives/15259,China,2,1,1,2,20,4,0,0
/global/archives/15462,India,2,2,2,1,7.5,8,0,0
/global/archives/15490,Japan,2,1,1,2,0,4,0,0
/global/archives/15490,United States,2,3,2,1,6,11,0,0
/global/archives/15574,Japan,2,3,2,1,10,10,0,0
/global/archives/15623,China,2,2,2,1,2.5,7,0,0
/global/archives/15664,India,2,2,1,2,0,7,0,0
/global/archives/15664,Japan,2,2,2,1,6.5,9,0,0
/global/archives/15664,South Korea,2,2,2,1,14,9,0,0
/global/archives/15664,United States,2,3,2,1,0,9,0,0
/global/archives/15687,United States,2,2,2,1,5.5,9,0,0
/global/archives/15840,Malaysia,2,2,2,1,70.5,11,0,0
/global/archives/15865,South Korea,2,2,2,1,91,8,0,0
/global/archives/15925,South Korea,2,1,1,2,7,8,0,0
/global/archives/16060,Taiwan,2,2,1,2,176,9,0,0
/global/archives/16154,United Kingdom,2,2,1,2,86,10,0,0
/global/archives/16334,United States,2,2,2,1,29,9,0,0
/global/archives/16448,Indonesia,2,2,2,1,0,8,0,0
/global/archives/16493,South Korea,2,2,2,1,15.5,10,0,0
/global/archives/16532,Australia,2,2,1,2,69,9,0,0
/global/archives/16834,Australia,2,4,2,1,2.5,10,0,0
/global/archives/16834,Singapore,2,2,2,1,44,10,0,0
/global/archives/16939,India,2,2,2,1,8.5,9,0,0
/global/archives/17047,South Korea,2,2,2,1,95.5,9,0,0
/global/archives/17047/4-sk이노베이션_ces2024_sk원더랜드_sk-wonderland_판타스틱아일랜드_1,South Korea,2,2,1,2,78,9,0,0
/global/archives/17313,Singapore,2,2,1,2,203,9,0,0
/global/archives/17386,United States,2,2,2,1,56.5,10,0,0
/global/archives/17426,Australia,2,2,2,1,17,9,0,0
/global/archives/17426,Canada,2,3,2,1,0,8,0,0
/global/archives/17426,Hong Kong,2,1,1,2,21,10,0,0
/global/archives/17426,Indonesia,2,1,1,2,290,9,0,0
/global/archives/17426,United Arab Emirates,2,2,2,1,7,10,0,0
/global/archives/17446,South Korea,2,2,2,1,3,9,0,0
/global/archives/17476,United States,2,2,2,1,60,9,0,0
/global/archives/17569,Japan,2,2,2,1,12,7,0,0
/global/archives/17595,India,2,1,1,2,0,5,0,0
/global/archives/17965,Bangladesh,2,1,1,2,81,7,0,0
/global/archives/17978,Germany,2,2,1,2,0,7,0,0
/global/archives/17978,South Korea,2,1,1,2,52,7,0,0
/global/archives/18065,China,2,2,2,1,7,5,0,0
/global/archives/18065,Germany,2,1,1,2,90,8,0,0
/global/archives/18065,Singapore,2,2,2,1,44,9,0,0
/global/archives/18107,Australia,2,2,2,1,601,10,0,0
/global/archives/18107,South Korea,2,2,2,1,57.5,10,0,0
/global/archives/18107,United Kingdom,2,2,2,1,122.5,9,0,0
/global/archives/18140,(not set),2,2,2,1,0,8,0,0
/global/archives/18140,South Korea,2,2,2,1,173,10,0,0
/global/archives/18283,(not set),2,2,2,1,0,8,0,0
/global/archives/18283,South Korea,2,2,2,1,18,10,0,0
/global/archives/18361,South Korea,2,2,1,2,0,7,0,0
/global/archives/18361,Taiwan,2,1,1,2,3,8,0,0
/global/archives/18388,(not set),2,2,2,1,0,8,0,0
/global/archives/18421,India,2,2,2,1,13.5,10,0,0
/global/archives/18478,Singapore,2,2,2,1,14,8,0,0
/global/archives/18500,South Korea,2,4,1,2,0,10,0,0
/global/archives/18546,Kuwait,2,2,2,1,34,8,0,0
/global/archives/18546,Netherlands,2,2,2,1,1,8,0,0
/global/archives/18546,Poland,2,2,0,0,0,6,0,0
/global/archives/18608,China,2,2,1,2,22,5,0,0
/global/archives/18608,France,2,1,1,2,223,6,0,0
/global/archives/18608,Germany,2,2,1,2,70,9,0,0
/global/archives/18608,Italy,2,2,2,1,5,8,0,0
/global/archives/18608,Peru,2,1,1,2,208,8,0,0
/global/archives/18608,United States,2,3,2,1,9.5,9,0,0
/global/archives/18659,(not set),2,2,2,1,0,8,0,0
/global/archives/18659,Australia,2,3,2,1,5,10,0,0
/global/archives/18659,Singapore,2,1,1,2,11,8,0,0
/global/archives/18690,France,2,3,2,1,42.5,9,0,0
/global/archives/18690,United States,2,1,1,2,0,6,0,0
/global/archives/18743,Canada,2,2,2,1,0,6,0,0
/global/archives/18743,India,2,2,2,1,12.5,9,0,0
/global/archives/18743,Italy,2,2,2,1,34,7,0,0
/global/archives/18753,Japan,2,2,2,1,39.5,7,0,0
/global/archives/18753,Taiwan,2,1,1,2,41,7,0,0
/global/archives/18770,Argentina,2,2,1,2,66,6,0,0
/global/archives/18770,Russia,2,1,1,2,7,7,0,0
/global/archives/18770,Türkiye,2,1,1,2,52,7,0,0
/global/archives/18770,Vietnam,2,2,2,1,532.5,11,0,0
/global/archives/18783,United States,2,2,2,1,9,9,0,0
/global/archives/2448,Japan,2,2,2,1,0,7,0,0
/global/archives/2490,India,2,1,1,2,115,7,0,0
/global/archives/255,Taiwan,2,1,1,2,38,8,0,0
/global/archives/311,Singapore,2,1,1,2,90,8,0,0
/global/archives/3820,India,2,2,2,1,13.5,9,0,0
/global/archives/3962,Yemen,2,1,1,2,25,8,0,0
/global/archives/4612,India,2,2,2,1,24.5,9,0,0
/global/archives/4793,Russia,2,2,2,1,8,9,0,0
/global/archives/489,Switzerland,2,2,1,2,0,7,0,0
/global/archives/6014,United States,2,2,1,2,426,9,0,0
/global/archives/6216,Canada,2,2,1,2,39,9,0,0
/global/archives/6216,Sweden,2,3,1,2,41,10,0,0
/global/archives/6253,India,2,2,2,1,1.5,7,0,0
/global/archives/6313,Hong Kong,2,2,1,2,37,9,0,0
/global/archives/7031,Belgium,2,2,1,2,1,8,0,0
/global/archives/7043,Romania,2,1,1,2,0,6,0,0
/global/archives/7245,India,2,2,2,1,24,10,0,0
/global/archives/7292,South Korea,2,2,2,1,18.5,9,0,0
/global/archives/7445,India,2,2,2,1,67.5,10,0,0
/global/archives/7445,Singapore,2,2,1,2,25,8,0,0
/global/archives/7445,United States,2,2,2,1,0,7,0,0
/global/archives/7476,South Korea,2,4,2,1,0,10,0,0
/global/archives/7919,Philippines,2,2,2,1,0,8,0,0
/global/archives/8400,India,2,4,2,1,0,12,0,0
/global/archives/9096,United States,2,3,1,2,26,9,0,0
/global/archives/9910,Indonesia,2,2,1,2,15,7,0,0
/global/archives/9910,South Korea,2,1,1,2,286,8,0,0
/global/archives/category/corporate/sk-enmove,Vietnam,2,1,1,2,0,3,0,0
/global/archives/category/corporates,Canada,2,1,1,2,6,7,0,0
/global/archives/category/corporates,United States,2,2,1,2,0,7,0,0
/global/archives/category/corporates/sk-energy,Taiwan,2,2,1,2,46,7,0,0
/global/archives/category/corporates/sk-enmove,India,2,2,2,1,0,7,0,0
/global/archives/category/corporates/sk-ie-technology,Germany,2,1,1,2,152,8,0,0
/global/archives/category/corporates/sk-ie-technology,Japan,2,2,2,1,4.5,8,0,0
/global/archives/category/corporates/sk-incheon-petrochem,Singapore,2,1,1,2,11,9,0,0
/global/archives/category/corporates/sk-innovation,India,2,1,1,2,21,8,0,0
/global/archives/category/corporates/sk-on,India,2,2,2,1,21.5,8,0,0
/global/archives/category/insight,Germany,2,2,2,1,6.5,8,0,0
/global/archives/category/insight/trend_report,Singapore,2,2,2,1,18,8,0,0
/global/archives/category/people/inno-people,Thailand,2,1,1,2,44,8,0,0
/global/archives/category/people/sustainability,South Korea,2,2,2,1,0.5,5,0,0
/global/archives/category/press-room,Canada,2,1,1,2,26,8,0,0
/global/archives/category/press-room,Germany,2,2,2,1,18,9,0,0
/global/archives/category/press-room,Nigeria,2,2,1,2,118,7,0,0
/global/archives/category/press-room,South Korea,2,3,2,1,4,7,0,0
/global/archives/category/press-room/financial-results,Ukraine,2,1,1,2,50,6,0,0
/global/archives/category/press-room/issue-fact,United States,2,2,2,1,11,8,0,0
/global/archives/category/press-room/press-release,Austria,2,2,1,2,11,9,0,0
/global/archives/category/press-room/press-release,Thailand,2,1,1,2,65,8,0,0
/global/archives/category/social-value/csr-program,South Korea,2,2,1,2,8,9,0,0
/global/archives/tag/bayu-undan-ccs-project,South Korea,2,1,1,2,3,9,0,0
/global/archives/tag/cathode-active-materials,India,2,1,1,2,7,7,0,0
/global/archives/tag/ecopro,Singapore,2,1,1,2,3,7,0,0
/global/archives/tag/ford,South Korea,2,1,1,2,141,9,0,0
/global/archives/tag/investment,India,2,1,1,2,31,7,0,0
/global/archives/tag/nickel,United States,2,2,1,2,0,7,0,0
/global/archives/tag/pbat,Hong Kong,2,1,1,2,6,7,0,0
/global/archives/tag/pbat,South Korea,2,1,1,2,73,9,0,0
/global/archives/tag/poe,South Korea,2,2,2,1,6.5,10,0,0
/global/archives/tag/sk-battery-america,United States,2,1,1,2,46,8,0,0
/global/archives/tag/sk-global-chemical-americas,Chile,2,1,1,2,3,7,0,0
/global/archives/tag/sk-hi-tech-battery-materials-poland,China,2,2,2,1,36,10,0,0
/global/archives/tag/solid-power,South Korea,2,2,2,1,12.5,9,0,0
/global/archives/tag/solid-power,United States,2,2,2,1,15.5,13,0,0
/global/archives/tag/sustainable-aviation-fuel,Taiwan,2,1,1,2,31,8,0,0
/global/archives/tag/tesla,China,2,1,1,2,60,8,0,0
/global/archives/tag/turkey,Finland,2,1,1,2,10,7,0,0
/global/archives/tag/ulsan-complex,South Korea,2,1,1,2,25,9,0,0
/global/archives/tag/电池租赁,China,2,1,1,2,14,8,0,0
/global/terms-and-conditions,South Korea,2,2,2,1,7,8,0,0
/global/who-we-are,Taiwan,2,2,1,2,108,7,0,0
/global/,Denmark,1,1,1,1,13,3,0,0
/global/,Portugal,1,1,1,1,15,6,0,0
/global/,Russia,1,1,1,1,11,5,0,0
/global/,United Arab Emirates,1,1,1,1,8,4,0,0
/global/archives/10103,Singapore,1,1,1,1,21,5,0,0
/global/archives/10159,Bangladesh,1,1,1,1,37,5,0,0
/global/archives/10159,United States,1,1,1,1,24,5,0,0
/global/archives/1043,United Kingdom,1,1,1,1,5,5,0,0
/global/archives/10460,Switzerland,1,1,1,1,53,5,0,0
/global/archives/10460,United States,1,2,1,1,0,6,0,0
/global/archives/10511,Japan,1,1,1,1,0,4,0,0
/global/archives/10511,Singapore,1,1,1,1,7,5,0,0
/global/archives/1058,Türkiye,1,1,1,1,8,5,0,0
/global/archives/1058,United States,1,1,1,1,77,5,0,0
/global/archives/1058,Vietnam,1,2,1,1,0,6,0,0
/global/archives/10610,South Korea,1,1,1,1,0,3,0,0
/global/archives/10654,Canada,1,1,1,1,56,5,0,0
/global/archives/10697,South Korea,1,1,1,1,0,4,0,0
/global/archives/10767,Hong Kong,1,1,1,1,88,4,0,0
/global/archives/10767,Singapore,1,2,1,1,5,3,0,0
/global/archives/10767,United States,1,1,1,1,0,3,0,0
/global/archives/10774,Chile,1,1,1,1,9,5,0,0
/global/archives/10774,Indonesia,1,1,1,1,275,5,0,0
/global/archives/10774,Japan,1,1,1,1,16,3,0,0
/global/archives/10774,South Korea,1,2,1,1,0,5,0,0
"/global/archives/10774EcoPro BM Co., Ltd",Chile,1,1,1,1,0,3,0,0
/global/archives/10835,India,1,1,1,1,21,5,0,0
/global/archives/10842,South Korea,1,1,1,1,4,4,0,0
/global/archives/10872,Australia,1,1,1,1,8,5,0,0
/global/archives/10913,Denmark,1,1,1,1,93,5,0,0
/global/archives/10913,Singapore,1,1,1,1,9,4,0,0
/global/archives/10939,Japan,1,1,1,1,23,3,0,0
/global/archives/10939,United States,1,1,1,1,0,3,0,0
/global/archives/10985,Malaysia,1,2,1,1,0,6,0,0
/global/archives/10985,Spain,1,1,1,1,0,4,0,0
/global/archives/11004,China,1,1,1,1,16,4,0,0
/global/archives/11004,United States,1,1,1,1,14,5,0,0
/global/archives/11004,Vietnam,1,1,1,1,177,6,0,0
/global/archives/11037,South Korea,1,1,1,1,335,5,0,0
/global/archives/11037,United Arab Emirates,1,1,1,1,48,5,0,0
/global/archives/11087,India,1,1,1,1,28,5,0,0
/global/archives/11087,United Arab Emirates,1,1,1,1,63,4,0,0
/global/archives/11147,Chile,1,1,1,1,12,6,0,0
/global/archives/11147,Nigeria,1,1,1,1,53,6,0,0
/global/archives/11161,Japan,1,1,1,1,63,5,0,0
/global/archives/11161,Malaysia,1,1,1,1,19,5,0,0
/global/archives/11161,Saudi Arabia,1,1,1,1,7,4,0,0
/global/archives/11161,Singapore,1,1,1,1,241,6,0,0
/global/archives/11180,South Korea,1,1,1,1,22,3,0,0
/global/archives/11415,Singapore,1,1,1,1,78,3,0,0
/global/archives/11429,Thailand,1,1,1,1,8,6,0,0
/global/archives/11512,Chile,1,1,1,1,6,5,0,0
/global/archives/11537,Switzerland,1,1,1,1,34,6,0,0
/global/archives/11573,Hong Kong,1,1,1,1,48,5,0,0
/global/archives/1175,China,1,1,1,1,0,4,0,0
/global/archives/11807,France,1,1,1,1,167,6,0,0
/global/archives/11807,India,1,1,1,1,15,5,0,0
/global/archives/11853,South Korea,1,2,1,1,0,6,0,0
/global/archives/11889,Hong Kong,1,1,1,1,0,4,0,0
/global/archives/12008,France,1,1,1,1,15,5,0,0
/global/archives/12008,Ukraine,1,1,1,1,7,5,0,0
/global/archives/12022,India,1,1,1,1,1,5,0,0
/global/archives/12022,Indonesia,1,1,1,1,35,5,0,0
/global/archives/12022,Panama,1,1,1,1,0,4,0,0
/global/archives/12022,Singapore,1,1,1,1,18,5,0,0
/global/archives/12022,South Korea,1,1,1,1,24,4,0,0
/global/archives/12022,Vietnam,1,1,1,1,0,4,0,0
/global/archives/12072,South Korea,1,1,1,1,0,4,0,0
/global/archives/12106,Germany,1,1,1,1,11,4,0,0
/global/archives/12106,India,1,1,1,1,12,5,0,0
/global/archives/12106,Taiwan,1,1,1,1,38,3,0,0
/global/archives/12147,Germany,1,1,1,1,8,5,0,0
/global/archives/12147,Japan,1,2,1,1,0,6,0,0
/global/archives/12147,Singapore,1,1,1,1,0,2,0,0
/global/archives/12147,South Korea,1,1,1,1,14,5,0,0
/global/archives/12147,Sweden,1,1,1,1,85,5,0,0
/global/archives/12190,Brazil,1,2,1,1,0,6,0,0
/global/archives/12190,India,1,1,1,1,0,3,0,0
/global/archives/12190,Taiwan,1,1,1,1,3,4,0,0
/global/archives/12190,United States,1,1,1,1,9,5,0,0
/global/archives/12220,South Korea,1,1,1,1,115,5,0,0
/global/archives/12269,India,1,1,1,1,49,4,0,0
/global/archives/12293,South Korea,1,1,1,1,0,3,0,0
/global/archives/12306,Belgium,1,1,1,1,103,6,0,0
/global/archives/12306,India,1,1,1,1,0,3,0,0
/global/archives/12471,Australia,1,1,1,1,27,4,0,0
/global/archives/12471,Indonesia,1,1,1,1,0,4,0,0
/global/archives/1257,United Kingdom,1,1,1,1,15,5,0,0
/global/archives/12603,Switzerland,1,1,1,1,35,6,0,0
/global/archives/12667,France,1,1,1,1,8,5,0,0
/global/archives/12667,Japan,1,1,1,1,269,4,0,0
/global/archives/12688,South Korea,1,2,1,1,109,7,0,0
/global/archives/12692,Belgium,1,1,1,1,0,4,0,0
/global/archives/12878,Japan,1,1,0,0,0,2,0,0
/global/archives/12950,India,1,1,1,1,2,5,0,0
/global/archives/12982,United Arab Emirates,1,1,1,1,9,4,0,0
/global/archives/13018,France,1,1,1,1,27,4,0,0
/global/archives/13018,Indonesia,1,2,1,1,0,5,0,0
/global/archives/13036,South Korea,1,1,1,1,208,5,0,0
/global/archives/13130,Taiwan,1,1,1,1,12,3,0,0
/global/archives/13211,South Korea,1,1,1,1,23,5,0,0
/global/archives/13230,South Korea,1,1,1,1,12,5,0,0
/global/archives/13230,United States,1,2,1,1,0,4,0,0
/global/archives/13329,South Korea,1,2,1,1,0,6,0,0
/global/archives/13329,United States,1,2,1,1,0,6,0,0
/global/archives/13513,Somalia,1,1,1,1,0,3,0,0
/global/archives/13521,Germany,1,1,1,1,0,4,0,0
/global/archives/13521,Spain,1,1,1,1,22,6,0,0
/global/archives/13521,Switzerland,1,2,1,1,0,6,0,0
/global/archives/13540,India,1,1,1,1,0,4,0,0
/global/archives/13544,Japan,1,1,1,1,28,5,0,0
/global/archives/13595,Hong Kong,1,1,1,1,5,5,0,0
/global/archives/13595,Poland,1,2,1,1,0,5,0,0
/global/archives/13595,Singapore,1,1,1,1,69,5,0,0
/global/archives/13780,Indonesia,1,2,1,1,164,5,0,0
/global/archives/13780,Japan,1,1,1,1,0,3,0,0
/global/archives/13780,Kenya,1,1,1,1,10,5,0,0
/global/archives/13780,United Arab Emirates,1,1,1,1,2,3,0,0
/global/archives/13804,Taiwan,1,1,1,1,10,5,0,0
/global/archives/13879,Bangladesh,1,1,1,1,42,4,0,0
/global/archives/1399,Singapore,1,1,1,1,22,5,0,0
/global/archives/1399,United States,1,1,1,1,4,5,0,0
/global/archives/14065,Hong Kong,1,1,0,0,0,2,0,0
/global/archives/14065,India,1,2,1,1,0,4,0,0
/global/archives/14078,France,1,1,1,1,34,5,0,0
/global/archives/14078,Hong Kong,1,1,1,1,0,3,0,0
/global/archives/14078,South Korea,1,1,1,1,30,4,0,0
/global/archives/14078,United States,1,1,1,1,0,3,0,0
/global/archives/14146,United Kingdom,1,2,1,1,0,6,0,0
/global/archives/14179,Hong Kong,1,2,1,1,0,6,0,0
/global/archives/14193,Japan,1,1,1,1,8,5,0,0
/global/archives/14226,Singapore,1,1,1,1,1,4,0,0
/global/archives/14226,United Kingdom,1,1,0,0,0,3,0,0
/global/archives/14243,Indonesia,1,1,1,1,105,5,0,0
/global/archives/14243,Netherlands,1,1,1,1,95,4,0,0
/global/archives/1425,Germany,1,1,1,1,0,3,0,0
/global/archives/14264,Germany,1,1,1,1,0,4,0,0
/global/archives/14264,United States,1,1,1,1,22,5,0,0
/global/archives/14309,China,1,1,1,1,8,2,0,0
/global/archives/14309,South Korea,1,1,1,1,27,6,0,0
/global/archives/14309,United States,1,1,1,1,0,4,0,0
/global/archives/14333,South Korea,1,1,1,1,98,4,0,0
/global/archives/14333,United States,1,1,1,1,4,4,0,0
/global/archives/14415,South Korea,1,1,1,1,16,5,0,0
/global/archives/14415,United States,1,1,1,1,21,5,0,0
/global/archives/14491,Hong Kong,1,2,1,1,0,6,0,0
/global/archives/14491,Netherlands,1,1,1,1,20,4,0,0
/global/archives/14491,Saudi Arabia,1,1,1,1,349,5,0,0
/global/archives/14493,United States,1,1,1,1,15,5,0,0
/global/archives/14588,South Korea,1,1,1,1,15,4,0,0
/global/archives/14628,India,1,1,1,1,4,4,0,0
/global/archives/14628,South Korea,1,1,1,1,3,5,0,0
/global/archives/14634,Canada,1,1,1,1,6,5,0,0
/global/archives/14634,Czechia,1,1,1,1,1,4,0,0
/global/archives/14634,India,1,1,1,1,24,5,0,0
/global/archives/14634,Japan,1,1,1,1,17,5,0,0
/global/archives/14634,Romania,1,1,1,1,0,3,0,0
/global/archives/14634,Switzerland,1,1,1,1,350,5,0,0
/global/archives/14634,Taiwan,1,1,1,1,23,6,0,0
/global/archives/14668,South Korea,1,2,1,1,0,5,0,0
/global/archives/14688,United States,1,2,1,1,0,6,0,0
/global/archives/1473,Chile,1,1,1,1,11,4,0,0
/global/archives/14740,Singapore,1,1,1,1,2,4,0,0
/global/archives/14766,Ireland,1,1,1,1,37,3,0,0
/global/archives/14766,South Korea,1,1,1,1,136,4,0,0
/global/archives/14766,Taiwan,1,1,1,1,9,4,0,0
/global/archives/14766,Uganda,1,1,1,1,26,5,0,0
/global/archives/14766,United States,1,1,1,1,4,5,0,0
/global/archives/14896,United Kingdom,1,2,1,1,22,7,0,0
/global/archives/14962,India,1,1,1,1,8,5,0,0
/global/archives/15007,India,1,2,1,1,0,5,0,0
/global/archives/15007,United States,1,1,1,1,85,6,0,0
/global/archives/15007/1969-개업한-국내-최초-현대식-주유소-서교동-청기와주유,South Korea,1,1,1,1,11,5,0,0
/global/archives/15067,Egypt,1,1,1,1,35,5,0,0
/global/archives/15067,Taiwan,1,1,1,1,5,5,0,0
/global/archives/15067,United States,1,1,1,1,31,6,0,0
/global/archives/15153,Indonesia,1,1,1,1,9,4,0,0
/global/archives/15204,South Korea,1,1,1,1,15,5,0,0
/global/archives/15259,Malaysia,1,1,1,1,40,6,0,0
/global/archives/15259,Palestine,1,1,1,1,0,4,0,0
/global/archives/15353,Hong Kong,1,1,1,1,5,4,0,0
/global/archives/15353,Japan,1,2,1,1,0,6,0,0
/global/archives/15353,Kazakhstan,1,1,1,1,3,5,0,0
/global/archives/15374,Australia,1,1,1,1,0,4,0,0
/global/archives/15374,Canada,1,1,1,1,4,5,0,0
/global/archives/15374,Pakistan,1,1,1,1,22,5,0,0
/global/archives/15374,Thailand,1,1,1,1,37,4,0,0
/global/archives/15374,United States,1,2,1,1,20,4,0,0
/global/archives/15409,Singapore,1,1,1,1,4,5,0,0
/global/archives/15409,United States,1,1,1,1,11,5,0,0
/global/archives/15430,South Korea,1,1,1,1,14,5,0,0
/global/archives/15430,United States,1,1,1,1,20,5,0,0
/global/archives/15462,Japan,1,1,1,1,10,5,0,0
/global/archives/15462,Malaysia,1,1,1,1,21,6,0,0
/global/archives/15462,Netherlands,1,1,1,1,34,5,0,0
/global/archives/15462,United Kingdom,1,2,1,1,0,6,0,0
/global/archives/15490,Argentina,1,1,1,1,6,3,0,0
/global/archives/15490,Chile,1,2,1,1,0,6,0,0
/global/archives/15490,Ireland,1,1,1,1,63,5,0,0
/global/archives/15490,Ukraine,1,1,1,1,9,3,0,0
/global/archives/15574,South Korea,1,1,1,1,10,6,0,0
/global/archives/15574,United States,1,1,1,1,11,5,0,0
/global/archives/15592,United Kingdom,1,1,1,1,0,3,0,0
/global/archives/15610,India,1,1,0,0,0,3,0,0
/global/archives/15610,South Korea,1,1,1,1,5,5,0,0
/global/archives/15654,South Korea,1,1,1,1,27,3,0,0
/global/archives/15664,Malaysia,1,2,1,1,1,6,0,0
/global/archives/15687,Libya,1,1,1,1,0,4,0,0
/global/archives/15687,Netherlands,1,2,1,1,17,4,0,0
/global/archives/15687,Singapore,1,1,1,1,0,3,0,0
/global/archives/15687,South Korea,1,1,1,1,38,4,0,0
/global/archives/15687,Thailand,1,1,1,1,90,5,0,0
/global/archives/15687,United Arab Emirates,1,1,1,1,0,4,0,0
/global/archives/15689,Germany,1,2,1,1,0,6,0,0
/global/archives/15840,Australia,1,1,1,1,114,5,0,0
/global/archives/15840,Japan,1,1,1,1,46,5,0,0
/global/archives/15840,Singapore,1,1,1,1,77,5,0,0
/global/archives/15902,Vietnam,1,1,1,1,20,5,0,0
/global/archives/15937,Australia,1,2,1,1,0,6,0,0
/global/archives/15937,Malaysia,1,1,0,0,0,3,0,0
/global/archives/15937,Singapore,1,1,1,1,5,5,0,0
/global/archives/15937,South Korea,1,1,1,1,0,5,0,0
/global/archives/15937,United States,1,1,1,1,0,3,0,0
/global/archives/15964,South Korea,1,1,1,1,7,4,0,0
/global/archives/16005,India,1,1,1,1,0,5,0,0
/global/archives/16025,Singapore,1,1,1,1,8,3,0,0
/global/archives/16060,Ukraine,1,1,1,1,12,5,0,0
/global/archives/16073,Côte d’Ivoire,1,1,1,1,48,5,0,0
/global/archives/16073,South Korea,1,1,1,1,8,4,0,0
/global/archives/16131,Ireland,1,1,1,1,0,4,0,0
/global/archives/16131,United States,1,1,1,1,12,4,0,0
/global/archives/16154,Germany,1,1,0,0,0,3,0,0
/global/archives/16154,South Korea,1,1,1,1,65,5,0,0
/global/archives/16169,India,1,1,1,1,0,3,0,0
/global/archives/16169,South Korea,1,2,1,1,0,5,0,0
/global/archives/16286,Germany,1,1,1,1,0,4,0,0
/global/archives/16286,India,1,1,1,1,23,4,0,0
/global/archives/16286,Italy,1,1,1,1,0,4,0,0
/global/archives/16286,Palestine,1,1,1,1,0,4,0,0
/global/archives/16286,Taiwan,1,1,1,1,64,4,0,0
/global/archives/16286,Vietnam,1,1,1,1,0,2,0,0
/global/archives/16308,India,1,1,1,1,38,5,0,0
/global/archives/16308,Singapore,1,1,1,1,35,4,0,0
/global/archives/16376,Germany,1,1,1,1,51,4,0,0
/global/archives/16376,South Korea,1,1,1,1,19,5,0,0
/global/archives/16405,South Korea,1,1,1,1,23,4,0,0
/global/archives/16448,Kuwait,1,1,1,1,14,4,0,0
/global/archives/16448,Netherlands,1,2,1,1,0,6,0,0
/global/archives/16448,Singapore,1,2,1,1,0,5,0,0
/global/archives/16448,Taiwan,1,1,1,1,42,4,0,0
/global/archives/16463,Canada,1,1,1,1,4,5,0,0
/global/archives/16463,South Korea,1,1,1,1,3,5,0,0
/global/archives/16463,Taiwan,1,1,1,1,23,4,0,0
/global/archives/16480,Malaysia,1,1,1,1,58,6,0,0
/global/archives/16493,United States,1,1,1,1,0,3,0,0
/global/archives/16532,China,1,1,1,1,0,3,0,0
/global/archives/16532,Japan,1,1,1,1,4,5,0,0
/global/archives/16583,China,1,1,1,1,0,2,0,0
/global/archives/16613,Honduras,1,1,1,1,0,4,0,0
/global/archives/16613,Indonesia,1,1,1,1,0,4,0,0
/global/archives/16719,South Korea,1,1,1,1,185,4,0,0
/global/archives/16719,United States,1,1,1,1,0,4,0,0
/global/archives/16738,South Korea,1,1,1,1,8,4,0,0
/global/archives/16738,United States,1,1,1,1,0,4,0,0
/global/archives/16787,Singapore,1,1,1,1,22,5,0,0
/global/archives/16810,South Korea,1,1,1,1,17,4,0,0
/global/archives/16810,Thailand,1,1,1,1,3,2,0,0
/global/archives/16834,South Korea,1,1,1,1,23,6,0,0
/global/archives/16834,United Kingdom,1,1,1,1,6,4,0,0
/global/archives/16881,United Kingdom,1,1,1,1,57,5,0,0
/global/archives/16925,South Korea,1,1,1,1,2,4,0,0
/global/archives/16939,Japan,1,1,1,1,12,5,0,0
/global/archives/16939,Pakistan,1,1,1,1,3,5,0,0
/global/archives/16939,United States,1,1,1,1,8,5,0,0
/global/archives/16952,Singapore,1,1,1,1,7,4,0,0
/global/archives/16970,Hong Kong,1,1,1,1,2,3,0,0
/global/archives/16970,Singapore,1,1,1,1,96,4,0,0
/global/archives/16970,South Korea,1,1,1,1,5,4,0,0
/global/archives/17022,India,1,1,1,1,10,5,0,0
/global/archives/17022,United Kingdom,1,1,1,1,26,6,0,0
/global/archives/17047,United Kingdom,1,1,1,1,0,4,0,0
/global/archives/17134,United States,1,1,1,1,0,3,0,0
/global/archives/17216,Malaysia,1,1,1,1,0,4,0,0
/global/archives/17216,Singapore,1,1,1,1,27,5,0,0
/global/archives/17313,China,1,1,1,1,6,5,0,0
/global/archives/17313,India,1,1,1,1,4,3,0,0
/global/archives/17313,Japan,1,1,1,1,36,4,0,0
/global/archives/17313,South Korea,1,1,1,1,70,3,0,0
/global/archives/17313,United States,1,1,1,1,0,2,0,0
/global/archives/17356,France,1,1,1,1,0,4,0,0
/global/archives/17386,Malaysia,1,1,1,1,0,4,0,0
/global/archives/17386,United Kingdom,1,1,1,1,59,5,0,0
/global/archives/17426,China,1,2,1,1,15,7,0,0
/global/archives/17426,France,1,1,1,1,1,4,0,0
/global/archives/17426,Thailand,1,1,1,1,0,4,0,0
/global/archives/1744,South Korea,1,1,1,1,37,3,0,0
/global/archives/17446,India,1,2,2,0.5,1,5,0,0
/global/archives/17476,Canada,1,2,1,1,23,7,0,0
/global/archives/17476,India,1,1,1,1,0,4,0,0
/global/archives/17499,Ghana,1,1,1,1,12,5,0,0
/global/archives/17499,Peru,1,1,1,1,0,4,0,0
/global/archives/17499,South Korea,1,2,1,1,0,6,0,0
/global/archives/17499,Switzerland,1,1,1,1,25,6,0,0
/global/archives/17514,China,1,2,1,1,1,6,0,0
/global/archives/17514,Japan,1,1,1,1,136,6,0,0
/global/archives/17569,India,1,1,1,1,46,5,0,0
/global/archives/17569,Netherlands,1,2,1,1,46,7,0,0
/global/archives/17569,United States,1,1,1,1,22,5,0,0
/global/archives/17595,Colombia,1,1,1,1,120,6,0,0
/global/archives/17595,Germany,1,1,1,1,10,5,0,0
/global/archives/17595,Indonesia,1,1,1,1,555,6,0,0
/global/archives/17595,South Korea,1,1,1,1,12,6,0,0
/global/archives/17623,Ethiopia,1,1,0,0,0,3,0,0
/global/archives/17623,Germany,1,1,1,1,2,4,0,0
/global/archives/17697,India,1,1,1,1,4,5,0,0
/global/archives/17737,Germany,1,1,1,1,82,6,0,0
/global/archives/17737,Italy,1,1,1,1,0,4,0,0
/global/archives/17737,Japan,1,1,1,1,8,5,0,0
/global/archives/17737,Singapore,1,1,0,0,0,3,0,0
/global/archives/17796,Bangladesh,1,1,1,1,76,3,0,0
/global/archives/17796,Japan,1,1,1,1,3,4,0,0
/global/archives/17796,Nepal,1,1,1,1,2,5,0,0
/global/archives/17817,India,1,1,1,1,6,3,0,0
/global/archives/17817,Ukraine,1,1,1,1,9,6,0,0
/global/archives/17844,India,1,1,1,1,64,6,0,0
/global/archives/17844,United Kingdom,1,1,1,1,39,4,0,0
/global/archives/17863,United States,1,1,1,1,78,3,0,0
/global/archives/17893,Iran,1,1,1,1,0,3,0,0
/global/archives/17893,South Korea,1,1,1,1,93,5,0,0
/global/archives/17950,South Korea,1,1,1,1,4,5,0,0
/global/archives/17965,Hong Kong,1,1,1,1,26,5,0,0
/global/archives/17965,Philippines,1,1,1,1,87,5,0,0
/global/archives/17965,South Korea,1,1,1,1,11,5,0,0
/global/archives/17965,United States,1,1,1,1,27,4,0,0
/global/archives/17978,India,1,1,1,1,8,5,0,0
/global/archives/17989,India,1,1,1,1,0,3,0,0
/global/archives/17989,United States,1,1,1,1,32,5,0,0
/global/archives/17990,Saudi Arabia,1,1,1,1,0,2,0,0
/global/archives/17990,South Korea,1,1,1,1,10,5,0,0
/global/archives/18022,India,1,1,1,1,42,5,0,0
/global/archives/18022,Philippines,1,1,1,1,21,5,0,0
/global/archives/18065,Austria,1,1,1,1,3,4,0,0
/global/archives/18065,Indonesia,1,1,1,1,38,4,0,0
/global/archives/18065,Netherlands,1,1,1,1,20,2,0,0
/global/archives/18065,Peru,1,1,1,1,45,4,0,0
/global/archives/18065,South Korea,1,1,1,1,4,3,0,0
/global/archives/18065,Ukraine,1,1,1,1,64,4,0,0
/global/archives/18065,United Arab Emirates,1,1,1,1,18,3,0,0
/global/archives/18065,United Kingdom,1,1,1,1,0,4,0,0
/global/archives/18107,Argentina,1,1,1,1,60,5,0,0
/global/archives/18107,Canada,1,1,1,1,132,5,0,0
/global/archives/18107,India,1,1,1,1,0,4,0,0
/global/archives/18107,Indonesia,1,1,1,1,0,4,0,0
/global/archives/18107,Iraq,1,1,1,1,59,5,0,0
/global/archives/18107,Luxembourg,1,1,1,1,48,5,0,0
/global/archives/18107,Netherlands,1,2,2,0.5,199.5,7,0,0
/global/archives/18107,Russia,1,1,1,1,0,3,0,0
/global/archives/18107,Singapore,1,1,1,1,0,4,0,0
/global/archives/18140,India,1,1,0,0,0,3,0,0
/global/archives/18140,Nigeria,1,1,1,1,17,4,0,0
/global/archives/18167,New Zealand,1,1,1,1,0,4,0,0
/global/archives/18208,Japan,1,1,1,1,5,6,0,0
/global/archives/18268,Kenya,1,1,1,1,11,5,0,0
/global/archives/18283,New Zealand,1,1,1,1,99,5,0,0
/global/archives/18283,United Kingdom,1,1,1,1,26,5,0,0
/global/archives/18301,Indonesia,1,1,1,1,0,4,0,0
/global/archives/18301,South Korea,1,1,1,1,22,5,0,0
/global/archives/18301,United Arab Emirates,1,1,1,1,0,4,0,0
/global/archives/18301,United States,1,1,1,1,113,5,0,0
/global/archives/18332,United States,1,1,1,1,180,5,0,0
/global/archives/18332,Vietnam,1,1,1,1,119,5,0,0
/global/archives/18361,Austria,1,2,2,0.5,1.5,4,0,0
/global/archives/18361,New Zealand,1,1,1,1,31,5,0,0
/global/archives/18361,Singapore,1,1,1,1,18,3,0,0
/global/archives/18374,Italy,1,1,1,1,0,4,0,0
/global/archives/18374,Japan,1,1,1,1,0,4,0,0
/global/archives/18374,Jordan,1,1,1,1,0,4,0,0
/global/archives/18374,South Korea,1,1,1,1,0,3,0,0
/global/archives/18374,United States,1,1,1,1,117,4,0,0
/global/archives/18436,Australia,1,1,1,1,28,5,0,0
/global/archives/18436,China,1,1,1,1,0,3,0,0
/global/archives/18436,Colombia,1,1,1,1,55,6,0,0
/global/archives/18436,India,1,1,1,1,2,4,0,0
/global/archives/18436,Singapore,1,1,1,1,17,4,0,0
/global/archives/18436,United Arab Emirates,1,1,1,1,0,3,0,0
/global/archives/18445,India,1,1,1,1,14,4,0,0
/global/archives/18445,Romania,1,1,1,1,0,3,0,0
/global/archives/18445,Singapore,1,1,1,1,138,4,0,0
/global/archives/18445,United States,1,1,1,1,222,6,0,0
/global/archives/18478,South Korea,1,1,1,1,1,5,0,0
/global/archives/18546,France,1,1,1,1,16,5,0,0
/global/archives/18546,Ireland,1,1,1,1,0,4,0,0
/global/archives/18546,Portugal,1,1,1,1,0,4,0,0
/global/archives/18546,Saudi Arabia,1,2,1,1,34,7,0,0
/global/archives/18546,Sweden,1,1,1,1,0,4,0,0
/global/archives/18546,Switzerland,1,2,1,1,0,7,0,0
/global/archives/18546,Vietnam,1,3,1,1,0,8,0,0
/global/archives/18546pavilion,Hong Kong,1,1,1,1,1,4,0,0
/global/archives/18608,Australia,1,1,1,1,0,3,0,0
/global/archives/18608,Finland,1,1,1,1,1,4,0,0
/global/archives/18608,Hungary,1,1,0,0,0,2,0,0
/global/archives/18608,Indonesia,1,1,1,1,0,3,0,0
/global/archives/18608,Netherlands,1,1,1,1,2,5,0,0
/global/archives/18608,United Kingdom,1,1,1,1,3,5,0,0
/global/archives/18639,Russia,1,1,1,1,7,4,0,0
/global/archives/18659,China,1,1,1,1,0,2,0,0
/global/archives/18659,France,1,1,1,1,176,4,0,0
/global/archives/18659,Kuwait,1,1,1,1,38,4,0,0
/global/archives/18659,United States,1,2,1,1,0,5,0,0
/global/archives/18690,Japan,1,2,1,1,31,7,0,0
/global/archives/18690,Mexico,1,2,1,1,0,6,0,0
/global/archives/18690,Spain,1,1,1,1,366,5,0,0
/global/archives/18708,Canada,1,1,1,1,18,4,0,0
/global/archives/18743,France,1,1,1,1,139,4,0,0
/global/archives/18743,Hungary,1,1,1,1,0,4,0,0
/global/archives/18743,Kuwait,1,1,1,1,14,3,0,0
/global/archives/18743,United Arab Emirates,1,1,1,1,5,4,0,0
/global/archives/18743,United Kingdom,1,1,1,1,0,3,0,0
/global/archives/18743,Vietnam,1,1,1,1,26,3,0,0
/global/archives/18753,Bosnia & Herzegovina,1,1,1,1,0,3,0,0
/global/archives/18753,France,1,2,1,1,0,5,0,0
/global/archives/18753,Germany,1,1,1,1,23,4,0,0
/global/archives/18753,Hong Kong,1,1,1,1,19,5,0,0
/global/archives/18753,Indonesia,1,1,1,1,47,5,0,0
/global/archives/18753,Italy,1,1,1,1,44,3,0,0
/global/archives/18753,Kuwait,1,1,1,1,13,3,0,0
/global/archives/18770,Brazil,1,1,1,1,0,4,0,0
/global/archives/18770,Canada,1,1,1,1,0,4,0,0
/global/archives/18770,Egypt,1,2,0,0,0,5,0,0
/global/archives/18770,Germany,1,2,1,1,0,5,0,0
/global/archives/18770,Guatemala,1,1,1,1,6,5,0,0
/global/archives/18770,Hong Kong,1,1,1,1,0,4,0,0
/global/archives/18770,Iraq,1,1,1,1,60,6,0,0
/global/archives/18770,Philippines,1,1,1,1,8,4,0,0
/global/archives/18783,Ireland,1,1,1,1,0,4,0,0
/global/archives/18783,Mexico,1,1,1,1,0,4,0,0
/global/archives/18783,Thailand,1,1,1,1,38,6,0,0
/global/archives/18783,Ukraine,1,1,1,1,0,4,0,0
/global/archives/2026,Thailand,1,1,1,1,12,5,0,0
/global/archives/2212,Colombia,1,1,1,1,51,4,0,0
/global/archives/2241,Hong Kong,1,1,1,1,54,5,0,0
/global/archives/2293,Poland,1,1,0,0,0,3,0,0
/global/archives/253,South Korea,1,1,1,1,0,3,0,0
/global/archives/2535,Poland,1,1,1,1,5,5,0,0
/global/archives/2576,South Korea,1,1,1,1,15,6,0,0
/global/archives/3005,Canada,1,1,1,1,0,4,0,0
/global/archives/3158,Thailand,1,1,1,1,132,4,0,0
/global/archives/3269,Singapore,1,1,1,1,367,5,0,0
/global/archives/3393,United Kingdom,1,1,1,1,57,5,0,0
/global/archives/349,Philippines,1,1,1,1,10,5,0,0
/global/archives/3674,South Korea,1,2,1,1,0,5,0,0
/global/archives/3674,United States,1,1,1,1,13,5,0,0
/global/archives/3689,China,1,1,1,1,54,4,0,0
/global/archives/3709,Germany,1,1,1,1,0,4,0,0
/global/archives/3783,South Korea,1,1,1,1,0,4,0,0
/global/archives/3786,South Korea,1,2,1,1,0,6,0,0
/global/archives/3786,United States,1,1,1,1,36,5,0,0
/global/archives/3820,Argentina,1,1,1,1,0,4,0,0
/global/archives/3820,Germany,1,1,1,1,20,4,0,0
/global/archives/3820,South Korea,1,1,1,1,4,4,0,0
/global/archives/3820,Ukraine,1,1,1,1,6,5,0,0
/global/archives/3830,South Korea,1,1,1,1,10,5,0,0
/global/archives/3873,South Korea,1,1,1,1,0,4,0,0
/global/archives/3962,Indonesia,1,1,1,1,135,6,0,0
/global/archives/3962,United States,1,1,1,1,68,5,0,0
/global/archives/4110,Australia,1,1,1,1,0,3,0,0
/global/archives/4110,Singapore,1,1,1,1,14,6,0,0
/global/archives/4193,India,1,1,1,1,0,4,0,0
/global/archives/4308,South Korea,1,1,1,1,3,5,0,0
/global/archives/4360,United States,1,1,1,1,44,6,0,0
/global/archives/4450,South Korea,1,2,1,1,0,6,0,0
/global/archives/4499,Pakistan,1,1,1,1,21,3,0,0
/global/archives/4499,Philippines,1,1,1,1,40,5,0,0
/global/archives/4518,India,1,1,1,1,2,4,0,0
/global/archives/4518,Singapore,1,1,1,1,30,5,0,0
/global/archives/4612,United States,1,1,1,1,137,5,0,0
/global/archives/4751,India,1,2,1,1,56,4,0,0
/global/archives/4751,Japan,1,1,1,1,39,4,0,0
/global/archives/4793,Iraq,1,1,1,1,0,4,0,0
/global/archives/4793,Singapore,1,1,1,1,0,4,0,0
/global/archives/489,Malaysia,1,2,1,1,1,6,0,0
/global/archives/489,United States,1,1,1,1,38,5,0,0
/global/archives/497,Indonesia,1,1,1,1,88,5,0,0
/global/archives/5016,Netherlands,1,1,1,1,9,5,0,0
/global/archives/5016,United States,1,2,1,1,1,7,0,0
/global/archives/5119,South Korea,1,1,1,1,4,5,0,0
/global/archives/5234,South Korea,1,2,1,1,19,7,0,0
/global/archives/5339,France,1,1,1,1,0,3,0,0
/global/archives/564,India,1,1,1,1,46,5,0,0
/global/archives/564,United Kingdom,1,1,1,1,54,5,0,0
/global/archives/5772,Germany,1,1,1,1,3,5,0,0
/global/archives/5853,South Korea,1,1,1,1,3,5,0,0
/global/archives/5892,United States,1,1,1,1,28,5,0,0
/global/archives/6090,India,1,1,1,1,3,4,0,0
/global/archives/6150,Switzerland,1,1,1,1,34,6,0,0
/global/archives/6216,Australia,1,2,1,1,8,7,0,0
/global/archives/6216,Finland,1,1,0,0,0,3,0,0
/global/archives/6216,Indonesia,1,1,1,1,454,6,0,0
/global/archives/6216,Japan,1,1,1,1,119,6,0,0
/global/archives/6216,Netherlands,1,1,1,1,16,5,0,0
/global/archives/6216,Switzerland,1,1,1,1,17,5,0,0
/global/archives/6253,United States,1,1,1,1,0,4,0,0
/global/archives/6313,Macao,1,2,1,1,0,6,0,0
/global/archives/6313,Singapore,1,1,1,1,6,4,0,0
/global/archives/6414,United States,1,1,1,1,0,3,0,0
/global/archives/6546,South Korea,1,1,1,1,3,5,0,0
/global/archives/6559,Australia,1,1,1,1,0,4,0,0
/global/archives/6658,United Kingdom,1,1,1,1,0,4,0,0
/global/archives/6683,Hungary,1,1,1,1,15,5,0,0
/global/archives/6710,Singapore,1,1,1,1,17,4,0,0
/global/archives/6710,South Korea,1,2,1,1,0,6,0,0
/global/archives/6710,United States,1,1,1,1,46,6,0,0
/global/archives/6760,France,1,1,1,1,4,5,0,0
/global/archives/6807,Chile,1,1,1,1,39,5,0,0
/global/archives/6807,Japan,1,1,1,1,40,6,0,0
/global/archives/6807,South Korea,1,1,1,1,0,3,0,0
/global/archives/6807,United States,1,1,1,1,0,4,0,0
/global/archives/6824,Chile,1,1,1,1,3,4,0,0
/global/archives/6870,Singapore,1,1,1,1,11,3,0,0
/global/archives/7112,United States,1,1,1,1,0,4,0,0
/global/archives/7177,United States,1,1,1,1,0,3,0,0
/global/archives/7245,China,1,1,1,1,0,2,0,0
/global/archives/7245,Japan,1,1,1,1,4,4,0,0
/global/archives/7262,South Korea,1,1,1,1,5,5,0,0
/global/archives/7292,Taiwan,1,1,1,1,90,4,0,0
/global/archives/7302,United States,1,1,1,1,10,4,0,0
/global/archives/733,Hong Kong,1,2,1,1,0,5,0,0
/global/archives/7379,Switzerland,1,1,1,1,22,6,0,0
/global/archives/7445,(not set),1,1,1,1,35,5,0,0
/global/archives/7445,Germany,1,1,1,1,110,4,0,0
/global/archives/7555,Taiwan,1,1,1,1,0,4,0,0
/global/archives/7596,United States,1,1,1,1,24,5,0,0
/global/archives/7633,Germany,1,1,1,1,0,3,0,0
/global/archives/7633,Thailand,1,2,1,1,0,5,0,0
/global/archives/7710,Hong Kong,1,1,1,1,0,3,0,0
/global/archives/7710,Taiwan,1,2,1,1,0,6,0,0
/global/archives/7740,Australia,1,1,1,1,49,4,0,0
/global/archives/7740,Singapore,1,1,1,1,98,5,0,0
/global/archives/7761,Czechia,1,1,1,1,13,4,0,0
/global/archives/7784,United States,1,1,1,1,0,3,0,0
/global/archives/7794,Germany,1,1,1,1,6,4,0,0
/global/archives/7906,Netherlands,1,1,1,1,19,6,0,0
/global/archives/7906,South Korea,1,1,1,1,5,3,0,0
/global/archives/7906,United Kingdom,1,1,1,1,29,5,0,0
/global/archives/7919,United Kingdom,1,1,1,1,8,6,0,0
/global/archives/7961,South Korea,1,1,1,1,4,5,0,0
/global/archives/7961,Taiwan,1,1,1,1,66,5,0,0
/global/archives/7961,United States,1,1,1,1,167,3,0,0
/global/archives/8046,South Korea,1,1,1,1,3,4,0,0
/global/archives/8046,Switzerland,1,1,1,1,19,6,0,0
/global/archives/8067,Japan,1,1,1,1,15,5,0,0
/global/archives/8168,United States,1,1,1,1,12,5,0,0
/global/archives/822,South Korea,1,1,1,1,12,5,0,0
/global/archives/8310,South Korea,1,1,1,1,5,5,0,0
/global/archives/8327,China,1,1,1,1,127,6,0,0
/global/archives/8327,South Korea,1,1,1,1,7,5,0,0
/global/archives/8350,Hong Kong,1,1,1,1,30,4,0,0
/global/archives/8350,South Korea,1,1,1,1,11,5,0,0
/global/archives/8350,Thailand,1,1,1,1,19,3,0,0
/global/archives/8360,South Korea,1,1,1,1,14,5,0,0
/global/archives/8360,United States,1,1,1,1,0,3,0,0
/global/archives/8383,United Kingdom,1,1,1,1,0,3,0,0
/global/archives/8400,Australia,1,1,1,1,0,4,0,0
/global/archives/8400,United States,1,1,1,1,0,3,0,0
/global/archives/8463,Japan,1,1,1,1,18,6,0,0
/global/archives/8463,Switzerland,1,1,1,1,27,6,0,0
/global/archives/8599,Taiwan,1,1,1,1,0,4,0,0
/global/archives/8604,Taiwan,1,1,1,1,232,5,0,0
/global/archives/8829,Brazil,1,1,1,1,22,5,0,0
/global/archives/8914,Malaysia,1,1,1,1,0,4,0,0
/global/archives/9096,South Korea,1,2,1,1,60,6,0,0
/global/archives/9096,Vietnam,1,1,1,1,0,3,0,0
/global/archives/9286,Hong Kong,1,1,1,1,137,4,0,0
/global/archives/9493,Japan,1,1,1,1,0,4,0,0
/global/archives/9493,Ukraine,1,1,1,1,19,3,0,0
/global/archives/9509,Canada,1,1,1,1,0,3,0,0
/global/archives/9509,South Korea,1,1,1,1,22,6,0,0
/global/archives/9509,United States,1,1,1,1,33,5,0,0
/global/archives/9548,India,1,1,1,1,5,5,0,0
/global/archives/9616,United States,1,1,1,1,3,4,0,0
/global/archives/9648,United Kingdom,1,1,1,1,29,4,0,0
/global/archives/9668,Finland,1,1,1,1,24,5,0,0
/global/archives/9668,India,1,1,1,1,57,6,0,0
/global/archives/9668,Jordan,1,1,1,1,14,6,0,0
/global/archives/9668,Netherlands,1,1,1,1,2,4,0,0
/global/archives/9668,South Korea,1,1,1,1,149,6,0,0
/global/archives/9668,United States,1,1,1,1,6,5,0,0
/global/archives/9709,Syria,1,1,1,1,11,5,0,0
/global/archives/9709,United Kingdom,1,1,1,1,26,5,0,0
/global/archives/9740,Myanmar (Burma),1,1,1,1,90,3,0,0
/global/archives/9740,United Kingdom,1,1,1,1,67,4,0,0
/global/archives/9756,France,1,1,1,1,0,4,0,0
/global/archives/9756,Netherlands,1,1,1,1,0,4,0,0
/global/archives/9797,Australia,1,1,1,1,52,6,0,0
/global/archives/9893,United Kingdom,1,1,1,1,0,4,0,0
/global/archives/9910,India,1,2,1,1,0,6,0,0
/global/archives/9910,United Kingdom,1,1,1,1,112,5,0,0
/global/archives/9951,Germany,1,1,1,1,2,4,0,0
/global/archives/9951,Vietnam,1,1,1,1,29,5,0,0
/global/archives/category/corporate/sk-energy,Kuwait,1,1,1,1,30,4,0,0
/global/archives/category/corporate/sk-energy,Singapore,1,1,1,1,17,4,0,0
/global/archives/category/corporate/sk-enmove,Japan,1,1,1,1,6,5,0,0
/global/archives/category/corporate/sk-enmove,South Korea,1,1,1,1,8,3,0,0
/global/archives/category/corporate/sk-enmove,Switzerland,1,2,1,1,20,7,0,0
/global/archives/category/corporate/sk-innovation,France,1,1,1,1,67,5,0,0
/global/archives/category/corporate/sk-on,China,1,1,0,0,0,2,0,0
/global/archives/category/corporate/sk-on,Taiwan,1,1,1,1,8,4,0,0
/global/archives/category/corporates,Australia,1,1,1,1,0,3,0,0
/global/archives/category/corporates,Germany,1,1,1,1,20,4,0,0
/global/archives/category/corporates,India,1,1,1,1,1,4,0,0
/global/archives/category/corporates,Singapore,1,1,1,1,9,4,0,0
/global/archives/category/corporates,South Korea,1,1,1,1,6,4,0,0
/global/archives/category/corporates/sk-earthon,China,1,1,1,1,31,5,0,0
/global/archives/category/corporates/sk-earthon,India,1,1,1,1,1,5,0,0
/global/archives/category/corporates/sk-earthon,South Korea,1,1,1,1,3,5,0,0
/global/archives/category/corporates/sk-energy,Singapore,1,1,1,1,7,4,0,0
/global/archives/category/corporates/sk-energy,South Korea,1,1,1,1,10,4,0,0
/global/archives/category/corporates/sk-enterm,India,1,1,1,1,3,4,0,0
/global/archives/category/corporates/sk-enterm,South Korea,1,2,1,1,0,6,0,0
/global/archives/category/corporates/sk-geo-centric,China,1,2,1,1,2,4,0,0
/global/archives/category/corporates/sk-geo-centric,India,1,1,1,1,5,4,0,0
/global/archives/category/corporates/sk-ie-technology,India,1,1,1,1,0,2,0,0
/global/archives/category/corporates/sk-ie-technology,South Korea,1,1,1,1,0,3,0,0
/global/archives/category/corporates/sk-incheon-petrochem,China,1,1,1,1,17,4,0,0
/global/archives/category/corporates/sk-incheon-petrochem,India,1,1,1,1,1,4,0,0
/global/archives/category/corporates/sk-innovation,China,1,1,1,1,57,4,0,0
/global/archives/category/corporates/sk-innovation,Germany,1,1,1,1,15,4,0,0
/global/archives/category/corporates/sk-innovation,Hong Kong,1,1,1,1,6,3,0,0
/global/archives/category/corporates/sk-innovation,Singapore,1,2,1,1,26,5,0,0
/global/archives/category/corporates/sk-innovation,Taiwan,1,1,1,1,22,4,0,0
/global/archives/category/corporates/sk-innovation,United Arab Emirates,1,2,1,1,0,5,0,0
/global/archives/category/corporates/sk-innovation,United Kingdom,1,1,1,1,37,3,0,0
/global/archives/category/corporates/sk-on,Canada,1,1,1,1,20,4,0,0
/global/archives/category/corporates/sk-on,Hong Kong,1,1,1,1,4,4,0,0
/global/archives/category/corporates/sk-on,Netherlands,1,1,1,1,21,4,0,0
/global/archives/category/corporates/sk-rading-international,India,1,1,1,1,0,3,0,0
/global/archives/category/corporates/sk-rading-international,South Korea,1,1,1,1,5,4,0,0
/global/archives/category/corporates/sk-rading-international,United Arab Emirates,1,1,1,1,11,4,0,0
/global/archives/category/insight,Singapore,1,1,1,1,10,4,0,0
/global/archives/category/insight,United Arab Emirates,1,1,1,1,8,4,0,0
/global/archives/category/insight/trend_report,Canada,1,1,1,1,10,4,0,0
/global/archives/category/insight/trend_report,Germany,1,1,1,1,14,4,0,0
/global/archives/category/insight/trend_report,Hong Kong,1,1,1,1,5,3,0,0
/global/archives/category/insight/trend_report,Taiwan,1,1,1,1,12,4,0,0
/global/archives/category/insight/trend_report,United Kingdom,1,1,1,1,21,3,0,0
/global/archives/category/insight/trend_report,United States,1,1,1,1,3,4,0,0
/global/archives/category/people/inno-people,United Arab Emirates,1,1,1,1,4,3,0,0
/global/archives/category/people/inno-people,United Kingdom,1,1,1,1,1,4,0,0
/global/archives/category/people/inno-people,United States,1,1,1,1,7,3,0,0
/global/archives/category/people/inno-people,Vietnam,1,1,1,1,4,4,0,0
/global/archives/category/people/onsite-report,Singapore,1,1,1,1,14,4,0,0
/global/archives/category/press-room,Argentina,1,1,1,1,0,3,0,0
/global/archives/category/press-room,Hong Kong,1,1,1,1,7,3,0,0
/global/archives/category/press-room,United Kingdom,1,1,1,1,18,4,0,0
/global/archives/category/press-room,Yemen,1,1,1,1,17,4,0,0
/global/archives/category/press-room/financial-results,Canada,1,1,1,1,27,5,0,0
/global/archives/category/press-room/financial-results,France,1,1,1,1,2,4,0,0
/global/archives/category/press-room/financial-results,Peru,1,1,1,1,10,5,0,0
/global/archives/category/press-room/issue-fact,Germany,1,1,1,1,41,4,0,0
/global/archives/category/press-room/issue-fact,Singapore,1,1,1,1,7,4,0,0
/global/archives/category/press-room/issue-fact,South Korea,1,2,1,1,0,5,0,0
/global/archives/category/press-room/issue-fact,United Arab Emirates,1,1,1,1,22,4,0,0
/global/archives/category/press-room/press-release,Bosnia & Herzegovina,1,2,1,1,12,4,0,0
/global/archives/category/press-room/press-release,Canada,1,1,1,1,3,4,0,0
/global/archives/category/press-room/press-release,France,1,2,1,1,0,5,0,0
/global/archives/category/press-room/press-release,Kuwait,1,1,1,1,49,3,0,0
/global/archives/category/press-room/press-release,Nigeria,1,1,1,1,29,4,0,0
/global/archives/tag/acga,South Korea,1,1,1,1,10,6,0,0
/global/archives/tag/airrane,South Korea,1,1,1,1,29,6,0,0
/global/archives/tag/all-solid-state-battery,India,1,1,1,1,7,3,0,0
/global/archives/tag/annual-performance,South Korea,1,1,1,1,12,4,0,0
/global/archives/tag/batteries,Taiwan,1,1,1,1,19,4,0,0
/global/archives/tag/battery,Taiwan,1,1,1,1,11,3,0,0
/global/archives/tag/best-oil-company,Singapore,1,1,1,1,26,5,0,0
/global/archives/tag/biofuel,Hong Kong,1,1,1,1,5,4,0,0
/global/archives/tag/block-16-2,Japan,1,1,1,1,2,4,0,0
/global/archives/tag/block-17-03,China,1,1,1,1,0,3,0,0
/global/archives/tag/blueovalsk,Canada,1,1,1,1,16,5,0,0
/global/archives/tag/board-of-directors,Singapore,1,1,1,1,15,5,0,0
/global/archives/tag/board-of-directors,South Korea,1,1,1,1,6,5,0,0
/global/archives/tag/carbon-capture,United States,1,1,1,1,4,4,0,0
/global/archives/tag/ccs,China,1,1,1,1,5,3,0,0
/global/archives/tag/continew,United States,1,1,1,1,0,4,0,0
/global/archives/tag/dac,United States,1,1,1,1,4,5,0,0
/global/archives/tag/depolymerization,South Korea,1,1,1,1,2,5,0,0
/global/archives/tag/e-mobility,Japan,1,1,1,1,7,5,0,0
/global/archives/tag/eaa,South Korea,1,1,1,1,11,5,0,0
/global/archives/tag/ecopro-bm,United States,1,1,1,1,2,4,0,0
/global/archives/tag/energy-super-station,United Kingdom,1,1,1,1,15,5,0,0
/global/archives/tag/europe,Taiwan,1,1,1,1,4,4,0,0
/global/archives/tag/ev-battery,Indonesia,1,1,1,1,33,5,0,0
/global/archives/tag/ev-charging,South Korea,1,1,1,1,0,5,0,0
/global/archives/tag/event,United States,1,1,1,1,2,5,0,0
/global/archives/tag/ford,Taiwan,1,1,1,1,38,4,0,0
/global/archives/tag/future-energy,Thailand,1,1,1,1,26,4,0,0
/global/archives/tag/global-forum,South Korea,1,1,1,1,0,4,0,0
/global/archives/tag/grc,France,1,1,1,1,17,5,0,0
/global/archives/tag/grc,Japan,1,1,1,1,5,5,0,0
/global/archives/tag/green-balance-2030,Singapore,1,1,1,1,0,3,0,0
/global/archives/tag/green-bonds,United Kingdom,1,1,1,1,2,4,0,0
/global/archives/tag/hungary,Hungary,1,1,1,1,19,6,0,0
/global/archives/tag/hungary,United Kingdom,1,1,1,1,2,5,0,0
/global/archives/tag/infinium,United States,1,1,1,1,7,5,0,0
/global/archives/tag/inflation-reduction-act,Australia,1,1,1,1,0,3,0,0
/global/archives/tag/inobus,Saudi Arabia,1,1,1,1,27,5,0,0
/global/archives/tag/institute-of-environmental-science-technology,United Kingdom,1,1,1,1,17,5,0,0
/global/archives/tag/interbattery-2023,South Korea,1,1,1,1,7,5,0,0
/global/archives/tag/jee-dong-seob,Hong Kong,1,1,1,1,15,5,0,0
/global/archives/tag/kd-power,Slovenia,1,1,1,1,1,5,0,0
/global/archives/tag/komarom,Hong Kong,1,1,1,1,18,4,0,0
/global/archives/tag/lfp,Germany,1,1,1,1,15,5,0,0
/global/archives/tag/liquid-cooling,South Korea,1,1,1,1,0,4,0,0
/global/archives/tag/lithium-ion-battery,Greece,1,1,1,1,9,5,0,0
/global/archives/tag/lithium-ion-battery,Norway,1,1,1,1,14,5,0,0
/global/archives/tag/lithium-ion-battery,Romania,1,1,1,1,0,3,0,0
/global/archives/tag/myanmart,Thailand,1,1,1,1,33,4,0,0
/global/archives/tag/nmc,Ukraine,1,1,1,1,7,5,0,0
/global/archives/tag/oh-jong-hoon,India,1,1,1,1,0,4,0,0
/global/archives/tag/pbat,Thailand,1,1,1,1,11,5,0,0
/global/archives/tag/pbt,South Korea,1,1,1,1,1,4,0,0
/global/archives/tag/poe,Iran,1,1,1,1,18,5,0,0
/global/archives/tag/poland,Ukraine,1,1,1,1,4,5,0,0
/global/archives/tag/polymer-electrolytes,India,1,1,1,1,6,4,0,0
/global/archives/tag/pouch-type-battery,South Korea,1,2,1,1,8,7,0,0
/global/archives/tag/pouch-type-battery,Thailand,1,1,1,1,3,5,0,0
/global/archives/tag/revenue,Taiwan,1,1,1,1,390,4,0,0
/global/archives/tag/rmi,United States,1,1,1,1,10,5,0,0
/global/archives/tag/roh-jae-sok,South Korea,1,1,1,1,5,5,0,0
/global/archives/tag/separator,India,1,1,1,1,6,5,0,0
/global/archives/tag/sf-battery,Türkiye,1,1,1,1,10,4,0,0
/global/archives/tag/sk-energy-americas,United States,1,1,1,1,3,5,0,0
/global/archives/tag/sk-gc-americas,Chile,1,1,1,1,13,6,0,0
/global/archives/tag/sk-hi-tech-battery-materials-poland,India,1,1,1,1,1,4,0,0
/global/archives/tag/sk-liquor-store,Germany,1,1,1,1,15,3,0,0
/global/archives/tag/sk-liquor-store,India,1,1,1,1,13,5,0,0
/global/archives/tag/sk-seorin-building,Hong Kong,1,1,1,1,8,6,0,0
/global/archives/tag/skba,United States,1,1,1,1,10,5,0,0
/global/archives/tag/skbmp,Poland,1,1,1,1,0,4,0,0
/global/archives/tag/skbmp,South Korea,1,2,1,1,0,4,0,0
/global/archives/tag/skei,South Korea,1,1,1,1,14,6,0,0
/global/archives/tag/sken,South Korea,1,1,1,1,10,6,0,0
/global/archives/tag/skeo,Malaysia,1,1,1,1,18,5,0,0
/global/archives/tag/skgc,South Korea,1,1,1,1,3,5,0,0
/global/archives/tag/skgca,South Korea,1,1,1,1,10,6,0,0
/global/archives/tag/skipc,South Korea,1,1,1,1,9,5,0,0
/global/archives/tag/skoh,India,1,1,1,1,4,5,0,0
/global/archives/tag/sk综合化学,China,1,1,1,1,59,7,0,0
/global/archives/tag/solid-power,Belgium,1,1,1,1,0,4,0,0
/global/archives/tag/sungeel-hitech,Austria,1,1,1,1,13,5,0,0
/global/archives/tag/tech-sensing,South Korea,1,1,1,1,0,4,0,0
/global/archives/tag/turkey,Qatar,1,1,1,1,0,3,0,0
/global/archives/tag/turkey,Taiwan,1,1,1,1,4,3,0,0
/global/archives/tag/turkey,Türkiye,1,1,1,1,0,3,0,0
/global/archives/tag/ulsan-complex,Hong Kong,1,1,1,1,1,5,0,0
/global/archives/tag/waste-water-treatment-system,South Korea,1,1,1,1,7,6,0,0
/global/archives/tag/winter-pro-lfp-battery,Estonia,1,1,1,1,3,5,0,0
/global/latestnews,Australia,1,1,1,1,9,4,0,0
/global/latestnews,Italy,1,1,1,1,88,5,0,0
/global/latestnews,Philippines,1,1,1,1,16,4,0,0
/global/latestnews,Russia,1,1,0,0,0,3,0,0
/global/privacy-policy,China,1,1,1,1,0,2,0,0
/global/sustainability-report,Latvia,1,1,1,1,19,6,0,0
/global/sustainability-report,United Kingdom,1,1,1,1,9,5,0,0
/global/sustainability-report,United States,1,1,1,1,10,5,0,0
/global/terms-and-conditions,Nigeria,1,1,1,1,131,4,0,0
/global/who-we-are,India,1,1,1,1,40,6,0,0
/global/who-we-are,Switzerland,1,1,1,1,1,5,0,0
/global/인터배터리-2024-sk온-부스_05,South Korea,1,1,1,1,4,5,0,0
/global/archives/11087,Germany,0,1,0,0,0,2,0,0
/global/archives/11596,India,0,1,0,0,0,2,0,0
/global/archives/14634,Indonesia,0,2,1,0,49,3,0,0
/global/archives/15490,Germany,0,1,0,0,0,2,0,0
/global/archives/15654,Malaysia,0,1,0,0,0,1,0,0
/global/archives/17499,Japan,0,1,0,0,0,1,0,0
/global/archives/17844,Kuwait,0,1,0,0,0,2,0,0
/global/archives/18107,Czechia,0,1,1,0,0,2,0,0
/global/archives/18770,France,0,1,0,0,0,2,0,0
/global/archives/3820,France,0,1,0,0,0,2,0,0
/global/archives/4193,Singapore,0,1,1,0,0,2,0,0
/global/archives/4612,Italy,0,1,0,0,0,2,0,0
/global/archives/7445,Sweden,0,1,0,0,0,2,0,0
/global/archives/7476,Singapore,0,1,1,0,118,2,0,0
/global/archives/7710,Vietnam,0,1,1,0,46,2,0,0
/global/archives/tag/sk-battery-hungary,Hungary,0,1,1,0,13,2,0,0
/global/archives/www.infiniumco.com,Myanmar (Burma),0,1,1,0,3,1,0,0