# ----------------------------------------
# 보고서 CSV 내보내기
# 계정: skinno global
# 속성: skinno 글로벌 - GA4
# ----------------------------------------
# 
# 모든 사용자
# 시작일: 20240729
# 종료일: 20240804
페이지 경로 및 화면 클래스,기기 카테고리,조회수,세션수,사용자,사용자당 조회수,평균 참여 시간,이벤트 수,주요 이벤트,총 수익
/global/,desktop,256,210,149,1.7181208053691275,18.953020134228186,1057,0,0
/global/archives/18546,desktop,256,253,181,1.4143646408839778,50.52486187845304,1046,0,0
/global/archives/category/press-room/financial-results,desktop,208,102,75,2.7733333333333334,33.12,815,0,0
/global/latestnews,desktop,192,180,131,1.465648854961832,25.114503816793892,731,0,0
/global/archives/18608,desktop,149,131,95,1.568421052631579,54.97894736842105,584,0,0
/global/sustainability-report,desktop,103,94,92,1.1195652173913044,3.510869565217391,387,0,0
/global/archives/category/press-room/press-release,desktop,97,86,62,1.564516129032258,22.85483870967742,384,0,0
/global/archives/18065,desktop,65,63,45,1.4444444444444444,54.22222222222222,280,0,0
/global/archives/17426,desktop,59,54,45,1.3111111111111111,24.488888888888887,256,0,0
/global/archives/18546,mobile,49,46,43,1.1395348837209303,13.186046511627907,190,0,0
/global/archives/category/corporates,desktop,47,37,34,1.3823529411764706,17.176470588235293,183,0,0
/global/archives/category/press-room,desktop,47,37,30,1.5666666666666667,14.066666666666666,182,0,0
/global/archives/category/corporates/sk-on,desktop,43,35,28,1.5357142857142858,33.285714285714285,177,0,0
/global/archives/18608,mobile,39,34,34,1.1470588235294117,5.323529411764706,151,0,0
/global/archives/category/press-room/press-release,mobile,35,35,35,1,1,139,0,0
/global/archives/category/corporates/sk-enterm,desktop,33,24,21,1.5714285714285714,8.952380952380953,131,0,0
/global/archives/18478,desktop,30,31,26,1.1538461538461537,42.96153846153846,129,0,0
/global/archives/category/corporates/sk-innovation,desktop,29,24,24,1.2083333333333333,17.416666666666668,112,0,0
/global/archives/18283,desktop,28,25,19,1.4736842105263157,26.789473684210527,108,0,0
/global/archives/16463,desktop,25,26,21,1.1904761904761905,17.571428571428573,110,0,0
/global/archives/category/corporates/sk-enmove,desktop,25,23,19,1.3157894736842106,34.8421052631579,98,0,0
/global/archives/18571,desktop,24,29,23,1.0434782608695652,54.65217391304348,101,0,0
/global/archives/category/insight,desktop,24,20,20,1.2,9.95,94,0,0
/global/archives/15490,desktop,23,23,22,1.0454545454545454,39.31818181818182,103,0,0
/global/archives/15664,desktop,21,18,17,1.2352941176470589,26.470588235294116,81,0,0
/global/archives/15374,desktop,20,20,16,1.25,80.3125,93,0,0
/global/archives/18421,desktop,20,17,15,1.3333333333333333,19.666666666666668,81,0,0
/global/archives/category/people,desktop,20,18,18,1.1111111111111112,7.5,83,0,0
/global/archives/18388,desktop,19,23,18,1.0555555555555556,19.11111111111111,74,0,0
/global/archives/9910,desktop,19,18,14,1.3571428571428572,25.428571428571427,80,0,0
/global/archives/15687,desktop,18,16,12,1.5,19.916666666666668,73,0,0
/global/archives/category/corporates/sk-energy,desktop,18,14,14,1.2857142857142858,15.857142857142858,73,0,0
/global/archives/category/insight/trend_report,desktop,18,15,11,1.6363636363636365,17.454545454545453,71,0,0
/global/archives/18436,desktop,17,19,14,1.2142857142857142,9.071428571428571,72,0,0
/global/archives/3820,desktop,17,16,15,1.1333333333333333,32,69,0,0
/global/archives/category/corporates/sk-rading-international,desktop,17,14,13,1.3076923076923077,9.307692307692308,64,0,0
/global/archives/16532,desktop,16,20,13,1.2307692307692308,42.46153846153846,67,0,0
/global/archives/6216,desktop,16,17,14,1.1428571428571428,22.714285714285715,75,0,0
/global/archives/9740,desktop,16,12,9,1.7777777777777777,295.77777777777777,68,0,0
/global/terms-and-conditions,desktop,16,12,7,2.2857142857142856,79.85714285714286,63,0,0
/global/archives/14491,desktop,15,18,14,1.0714285714285714,43.214285714285715,67,0,0
/global/archives/18140,mobile,15,13,4,3.75,0,44,0,0
/global/archives/18361,desktop,15,13,12,1.25,43.416666666666664,60,0,0
/global/,mobile,14,12,10,1.4,11.5,56,0,0
/global/archives/15259,desktop,14,13,9,1.5555555555555556,41.111111111111114,60,0,0
/global/archives/16834,desktop,14,14,12,1.1666666666666667,17.333333333333332,67,0,0
/global/archives/17499,desktop,14,15,12,1.1666666666666667,65.91666666666667,72,0,0
/global/archives/9910,mobile,14,15,13,1.0769230769230769,42.30769230769231,63,0,0
/global/archives/category/press-room/issue-fact,desktop,14,14,12,1.1666666666666667,11.25,58,0,0
/global/archives/18445,desktop,13,14,12,1.0833333333333333,70,61,0,0
/global/archives/9548,mobile,13,13,13,1,4.538461538461538,54,0,0
/global/archives/category/corporates/sk-incheon-petrochem,desktop,13,12,11,1.1818181818181819,4.545454545454546,55,0,0
/global/archives/category/people/inno-people,desktop,13,12,12,1.0833333333333333,21.5,52,0,0
/global/archives/10774,desktop,12,12,10,1.2,24.6,48,0,0
/global/archives/12022,desktop,12,13,12,1,11.333333333333334,57,0,0
/global/archives/18332,desktop,12,13,7,1.7142857142857142,47.42857142857143,54,0,0
/global/archives/822,desktop,12,11,9,1.3333333333333333,87.22222222222223,50,0,0
/global/archives/category/corporates/sk-geo-centric,desktop,12,11,10,1.2,18.1,46,0,0
/global/archives/category/press-room/financial-results,mobile,12,7,6,2,26.333333333333332,39,0,0
/global/latestnews,mobile,12,7,6,2,27.666666666666668,43,0,0
/global/archives/13780,desktop,11,12,11,1,16.818181818181817,51,0,0
/global/archives/17216,desktop,11,13,10,1.1,77.3,55,0,0
/global/archives/17313,desktop,11,11,10,1.1,22.8,44,0,0
/global/archives/17499,mobile,11,11,8,1.375,93.25,43,0,0
/global/archives/7445,desktop,11,10,9,1.2222222222222223,69.33333333333333,46,0,0
/global/archives/9668,desktop,11,10,10,1.1,32.6,44,0,0
/global/privacy-policy,desktop,11,11,8,1.375,23.125,45,0,0
/global/archives/17965,desktop,10,10,6,1.6666666666666667,7.5,32,0,0
/global/archives/6313,desktop,10,10,8,1.25,29.25,39,0,0
/global/archives/14634,desktop,9,11,9,1,57,46,0,0
/global/archives/15462,desktop,9,10,8,1.125,51.125,34,0,0
/global/archives/15937,desktop,9,9,9,1,42.111111111111114,40,0,0
/global/archives/17446,desktop,9,9,6,1.5,37,39,0,0
/global/archives/18107,desktop,9,9,9,1,131.88888888888889,47,0,0
/global/archives/category/corporates/sk-ie-technology,desktop,9,9,8,1.125,1.375,35,0,0
/global/archives/13521,desktop,8,10,8,1,37.375,37,0,0
/global/archives/14243,desktop,8,7,7,1.1428571428571428,28.714285714285715,27,0,0
/global/archives/15374,mobile,8,7,5,1.6,62.4,37,0,0
/global/archives/16060,desktop,8,8,7,1.1428571428571428,29.428571428571427,40,0,0
/global/archives/16787,desktop,8,10,8,1,20.375,36,0,0
/global/archives/16970,desktop,8,8,7,1.1428571428571428,5.142857142857143,35,0,0
/global/archives/17595,desktop,8,7,6,1.3333333333333333,33.833333333333336,28,0,0
/global/archives/17817,desktop,8,8,6,1.3333333333333333,55.833333333333336,38,0,0
/global/archives/18107,mobile,8,7,6,1.3333333333333333,65.83333333333333,38,0,0
/global/archives/18374,desktop,8,9,8,1,105.875,34,0,0
/global/archives/category/corporate/sk-energy,desktop,8,7,7,1.1428571428571428,8.428571428571429,35,0,0
/global/archives/category/corporates/sk-earthon,desktop,8,8,7,1.1428571428571428,1.4285714285714286,32,0,0
/global/archives/11087,desktop,7,9,7,1,17.857142857142858,39,0,0
/global/archives/11853,desktop,7,8,7,1,15.428571428571429,28,0,0
/global/archives/1399,desktop,7,8,6,1.1666666666666667,68.5,32,0,0
/global/archives/14065,desktop,7,3,3,2.3333333333333335,63,29,0,0
/global/archives/14226,desktop,7,7,7,1,56,34,0,0
/global/archives/15574,desktop,7,6,4,1.75,36.5,31,0,0
/global/archives/15985,desktop,7,6,6,1.1666666666666667,18.5,32,0,0
/global/archives/16286,desktop,7,7,4,1.75,13,31,0,0
/global/archives/17047,desktop,7,10,6,1.1666666666666667,16.666666666666668,39,0,0
/global/archives/17356,desktop,7,6,6,1.1666666666666667,28.833333333333332,30,0,0
/global/archives/17569,desktop,7,10,7,1,10,32,0,0
/global/archives/17989,desktop,7,8,7,1,9.428571428571429,28,0,0
/global/archives/18065,mobile,7,5,4,1.75,38.5,23,0,0
/global/archives/3962,desktop,7,8,7,1,42.714285714285715,34,0,0
/global/archives/category/people/onsite-report,desktop,7,7,7,1,14.571428571428571,28,0,0
/global/archives/tag/2024-q2,desktop,7,3,3,2.3333333333333335,6.666666666666667,27,0,0
/global/archives/10133,desktop,6,6,6,1,43.666666666666664,20,0,0
/global/archives/10654,desktop,6,5,5,1.2,1.2,23,0,0
/global/archives/10985,desktop,6,4,4,1.5,129,28,0,0
/global/archives/11807,desktop,6,5,4,1.5,410.5,27,0,0
/global/archives/12008,desktop,6,4,4,1.5,51.25,25,0,0
/global/archives/12106,desktop,6,7,6,1,197.83333333333334,28,0,0
/global/archives/12667,desktop,6,4,3,2,84.66666666666667,26,0,0
/global/archives/13443,mobile,6,1,1,6,148,17,0,0
/global/archives/14219,desktop,6,3,3,2,18.666666666666668,19,0,0
/global/archives/15007,desktop,6,7,4,1.5,81.25,28,0,0
/global/archives/15204,desktop,6,6,6,1,8.666666666666666,23,0,0
/global/archives/16376,desktop,6,7,5,1.2,17.8,25,0,0
/global/archives/17216,mobile,6,7,6,1,45.5,28,0,0
/global/archives/18140,desktop,6,7,6,1,18.666666666666668,26,0,0
/global/archives/18167,desktop,6,7,6,1,24.833333333333332,26,0,0
/global/archives/18500,desktop,6,6,5,1.2,30.8,21,0,0
/global/archives/6343,desktop,6,6,6,1,9,27,0,0
/global/archives/9548,desktop,6,8,6,1,13.333333333333334,34,0,0
/global/archives/category/people/sustainability,desktop,6,6,6,1,7.5,25,0,0
/global/archives/tag/skeo,desktop,6,6,5,1.2,3.6,30,0,0
/global/archives/10835,desktop,5,5,4,1.25,5.75,19,0,0
/global/archives/11004,desktop,5,5,4,1.25,47,25,0,0
/global/archives/11082,desktop,5,5,4,1.25,5.75,19,0,0
/global/archives/11527,desktop,5,6,3,1.6666666666666667,9,20,0,0
/global/archives/12125,desktop,5,6,5,1,0,21,0,0
/global/archives/12274/skee,desktop,5,7,5,1,11,30,0,0
/global/archives/12306,desktop,5,5,4,1.25,35.5,20,0,0
/global/archives/14354,desktop,5,7,3,1.6666666666666667,5.666666666666667,22,0,0
/global/archives/16154,desktop,5,5,2,2.5,13.5,23,0,0
/global/archives/16448,desktop,5,4,4,1.25,46,19,0,0
/global/archives/16532,mobile,5,6,5,1,9.6,23,0,0
/global/archives/17460,mobile,5,5,5,1,15,23,0,0
/global/archives/17844,desktop,5,4,2,2.5,41,19,0,0
/global/archives/18301,mobile,5,5,4,1.25,8.5,19,0,0
/global/archives/253,desktop,5,5,4,1.25,51.75,22,0,0
/global/archives/3123,desktop,5,8,3,1.6666666666666667,0,24,0,0
/global/archives/6462,desktop,5,7,4,1.25,31.75,22,0,0
/global/archives/7319,desktop,5,6,4,1.25,28.5,24,0,0
/global/archives/category/corporates/sk-innovation,mobile,5,4,4,1.25,25.25,14,0,0
/global/archives/category/insight/expert-voice,desktop,5,5,5,1,4.6,19,0,0
/global/archives/1043,desktop,4,4,4,1,9.75,20,0,0
/global/archives/10460,desktop,4,4,2,2,63,15,0,0
/global/archives/1058,desktop,4,4,2,2,0,15,0,0
/global/archives/10939,desktop,4,6,4,1,62.75,16,0,0
/global/archives/13595,desktop,4,3,3,1.3333333333333333,37,18,0,0
/global/archives/14770,desktop,4,2,2,2,36.5,17,0,0
/global/archives/15687,mobile,4,4,3,1.3333333333333333,2.6666666666666665,14,0,0
/global/archives/16118,desktop,4,6,4,1,10.75,20,0,0
/global/archives/16563,desktop,4,4,3,1.3333333333333333,17.666666666666668,19,0,0
/global/archives/16613,mobile,4,4,2,2,3.5,12,0,0
/global/archives/16939,desktop,4,4,4,1,52,20,0,0
/global/archives/17386,desktop,4,4,4,1,23.75,18,0,0
/global/archives/17623,desktop,4,4,4,1,39,19,0,0
/global/archives/17737,desktop,4,4,4,1,84.5,22,0,0
/global/archives/17950,desktop,4,5,4,1,38.5,17,0,0
/global/archives/18022,desktop,4,4,4,1,13.25,20,0,0
/global/archives/18388,mobile,4,4,3,1.3333333333333333,20.666666666666668,16,0,0
/global/archives/18421,mobile,4,3,2,2,0,13,0,0
/global/archives/18478,mobile,4,4,4,1,26.25,13,0,0
/global/archives/2212,desktop,4,5,4,1,32.25,17,0,0
/global/archives/3661,desktop,4,1,1,4,1557,18,0,0
/global/archives/3820,mobile,4,3,3,1.3333333333333333,103.66666666666667,20,0,0
/global/archives/4751,desktop,4,3,2,2,441,17,0,0
/global/archives/564,desktop,4,4,4,1,15.25,17,0,0
/global/archives/6150,desktop,4,4,2,2,193.5,16,0,0
/global/archives/6253,mobile,4,4,4,1,134.75,20,0,0
/global/archives/7906,desktop,4,5,4,1,5.75,21,0,0
/global/archives/category/corporate/sk-enmove,mobile,4,3,3,1.3333333333333333,15.666666666666666,19,0,0
/global/archives/category/corporates/sk-on,mobile,4,4,4,1,26,18,0,0
/global/archives/tag/germany,desktop,4,3,3,1.3333333333333333,18,19,0,0
/global/archives/tag/ncm811,desktop,4,4,3,1.3333333333333333,6.333333333333333,18,0,0
/global/archives/10774,mobile,3,2,2,1.5,126.5,12,0,0
/global/archives/10913,desktop,3,3,2,1.5,11.5,13,0,0
/global/archives/10939,mobile,3,3,3,1,45.666666666666664,15,0,0
/global/archives/11087,mobile,3,1,1,3,56,11,0,0
/global/archives/11596,desktop,3,2,2,1.5,41,13,0,0
/global/archives/12008,mobile,3,3,2,1.5,9,14,0,0
/global/archives/12036,desktop,3,3,3,1,27,13,0,0
/global/archives/13329,desktop,3,4,3,1,4.333333333333333,13,0,0
/global/archives/13329,mobile,3,3,3,1,0,12,0,0
/global/archives/14179,mobile,3,2,2,1.5,24.5,12,0,0
/global/archives/14384,desktop,3,2,2,1.5,8,10,0,0
/global/archives/14493,desktop,3,3,3,1,0,11,0,0
/global/archives/14565,desktop,3,3,3,1,5,12,0,0
/global/archives/14766,desktop,3,3,3,1,26.333333333333332,15,0,0
/global/archives/14962,desktop,3,1,1,3,30,12,0,0
/global/archives/15840,desktop,3,3,2,1.5,14.5,12,0,0
/global/archives/16493,desktop,3,4,3,1,72.66666666666667,13,0,0
/global/archives/16624,desktop,3,4,3,1,28,14,0,0
/global/archives/17169,mobile,3,3,2,1.5,0,11,0,0
/global/archives/17817,mobile,3,3,2,1.5,0,11,0,0
/global/archives/17863,desktop,3,2,2,1.5,16.5,11,0,0
/global/archives/17978,desktop,3,3,3,1,9.666666666666666,12,0,0
/global/archives/17990,desktop,3,3,3,1,14.333333333333334,13,0,0
/global/archives/18208,desktop,3,3,3,1,1,13,0,0
/global/archives/18283,mobile,3,3,2,1.5,146,14,0,0
/global/archives/18301,desktop,3,3,3,1,0,13,0,0
/global/archives/2293,desktop,3,3,3,1,27.666666666666668,13,0,0
/global/archives/2329,desktop,3,4,2,1.5,5,12,0,0
/global/archives/489,desktop,3,3,2,1.5,28.5,15,0,0
/global/archives/4921,desktop,3,3,3,1,34.333333333333336,14,0,0
/global/archives/5129,desktop,3,2,2,1.5,32,14,0,0
/global/archives/5310,desktop,3,2,1,3,15,10,0,0
/global/archives/6216,mobile,3,3,2,1.5,123,13,0,0
/global/archives/6807,desktop,3,5,3,1,45.333333333333336,17,0,0
/global/archives/7043,desktop,3,2,2,1.5,37,11,0,0
/global/archives/7112,desktop,3,4,3,1,4.666666666666667,14,0,0
/global/archives/7262,desktop,3,3,3,1,16.333333333333332,10,0,0
/global/archives/category/corporate/sk-enmove,desktop,3,3,3,1,22.666666666666668,14,0,0
/global/archives/category/corporates/sk-earthon,tablet,3,1,1,3,36,13,0,0
/global/archives/category/corporates/sk-enterm,mobile,3,2,2,1.5,11.5,11,0,0
/global/archives/category/press-room/press-release,tablet,3,3,3,1,1.3333333333333333,12,0,0
/global/archives/category/social-value/csr-program,desktop,3,3,3,1,9.333333333333334,14,0,0
/global/archives/tag/aromatic-polyamide,desktop,3,1,1,3,27,12,0,0
/global/archives/tag/carbon-capture-and-storage,desktop,3,1,1,3,40,11,0,0
/global/archives/tag/f-150-lightning,desktop,3,2,2,1.5,9,13,0,0
/global/archives/tag/financial-results,desktop,3,3,3,1,4,11,0,0
/global/archives/tag/pbt,desktop,3,1,1,3,19,12,0,0
/global/archives/tag/pouch-type-battery,desktop,3,3,3,1,10,16,0,0
/global/archives/tag/pouch-type-battery,mobile,3,2,2,1.5,12.5,15,0,0
/global/archives/tag/sk-innovation,desktop,3,2,2,1.5,4.5,11,0,0
/global/archives/tag/sk-primacor-europe,desktop,3,2,2,1.5,7.5,13,0,0
/global/archives/tag/skei-singapore,desktop,3,2,2,1.5,11.5,14,0,0
/global/archives/tag/sko,desktop,3,3,3,1,33.666666666666664,15,0,0
/global/c3VzdGFpbm,desktop,3,3,3,1,4,16,0,0
/global/family-site-links,desktop,3,3,3,1,0,11,0,0
/global/archives/10310,desktop,2,1,1,2,32,9,0,0
/global/archives/10767,desktop,2,2,2,1,31,8,0,0
/global/archives/10802,desktop,2,2,2,1,24,8,0,0
/global/archives/10897,desktop,2,2,2,1,48.5,10,0,0
/global/archives/11214,desktop,2,2,2,1,13.5,10,0,0
/global/archives/11400,desktop,2,2,2,1,3,8,0,0
/global/archives/11415,desktop,2,3,2,1,10,10,0,0
/global/archives/11537,desktop,2,2,2,1,10,10,0,0
/global/archives/11955,desktop,2,1,1,2,128,8,0,0
/global/archives/11992,desktop,2,3,2,1,0,10,0,0
/global/archives/12022,mobile,2,2,2,1,0,7,0,0
/global/archives/12091,desktop,2,2,2,1,5.5,9,0,0
/global/archives/12147,desktop,2,2,2,1,10,6,0,0
/global/archives/12190,desktop,2,2,2,1,30.5,8,0,0
/global/archives/12220,mobile,2,1,1,2,55,8,0,0
/global/archives/12269,desktop,2,3,2,1,24,10,0,0
/global/archives/12293,desktop,2,3,2,1,0,7,0,0
/global/archives/12306,mobile,2,2,2,1,6.5,10,0,0
/global/archives/12389,desktop,2,2,2,1,13,8,0,0
/global/archives/12878,desktop,2,2,1,2,40,8,0,0
/global/archives/13018,desktop,2,1,1,2,21,8,0,0
/global/archives/13130,desktop,2,3,2,1,30.5,7,0,0
/global/archives/13184,desktop,2,2,2,1,75,9,0,0
/global/archives/13230,desktop,2,2,2,1,15.5,10,0,0
/global/archives/13313,desktop,2,3,1,2,14,10,0,0
/global/archives/13521,mobile,2,2,2,1,12.5,9,0,0
/global/archives/13595/3-5-2,mobile,2,1,1,2,4,8,0,0
/global/archives/13804,desktop,2,3,2,1,16.5,11,0,0
/global/archives/1399,mobile,2,2,2,1,0,8,0,0
/global/archives/14078,desktop,2,2,2,1,12.5,11,0,0
/global/archives/14179,desktop,2,2,2,1,32,9,0,0
/global/archives/14541,desktop,2,2,2,1,31.5,10,0,0
/global/archives/14628,desktop,2,3,2,1,2.5,10,0,0
/global/archives/14634,mobile,2,2,2,1,2.5,9,0,0
/global/archives/14690,desktop,2,2,1,2,9,8,0,0
/global/archives/14740,desktop,2,1,1,2,47,9,0,0
/global/archives/14740,mobile,2,2,2,1,0,8,0,0
/global/archives/14788,desktop,2,2,1,2,0,5,0,0
/global/archives/15153,desktop,2,1,1,2,198,8,0,0
/global/archives/15353,desktop,2,3,3,0.6666666666666666,8.333333333333334,12,0,0
/global/archives/15664,mobile,2,2,2,1,4.5,9,0,0
/global/archives/15760,desktop,2,2,2,1,18,9,0,0
/global/archives/15937,mobile,2,2,2,1,38,9,0,0
/global/archives/16060,mobile,2,2,2,1,11.5,8,0,0
/global/archives/16187,desktop,2,2,2,1,0,7,0,0
/global/archives/16448,mobile,2,2,2,1,27.5,8,0,0
/global/archives/16480,desktop,2,2,2,1,57.5,8,0,0
/global/archives/16493,mobile,2,2,1,2,59,8,0,0
/global/archives/16613,desktop,2,2,1,2,4,7,0,0
/global/archives/16719,desktop,2,2,1,2,1473,9,0,0
/global/archives/16925,desktop,2,2,2,1,7,7,0,0
/global/archives/17010,desktop,2,2,2,1,6.5,8,0,0
/global/archives/17022,mobile,2,2,1,2,0,7,0,0
/global/archives/17134,desktop,2,3,2,1,0,10,0,0
/global/archives/17169,desktop,2,3,2,1,7.5,9,0,0
/global/archives/1722,mobile,2,2,2,1,5.5,11,0,0
/global/archives/17386,mobile,2,2,2,1,5,7,0,0
/global/archives/17460,desktop,2,2,2,1,16,10,0,0
/global/archives/17476,mobile,2,2,2,1,66,9,0,0
/global/archives/17595,mobile,2,2,2,1,8.5,9,0,0
/global/archives/17623,mobile,2,2,2,1,16.5,9,0,0
/global/archives/17697,desktop,2,2,2,1,85,9,0,0
/global/archives/17737,tablet,2,1,1,2,1,7,0,0
/global/archives/17844,mobile,2,1,1,2,66,7,0,0
/global/archives/17978,tablet,2,1,1,2,0,6,0,0
/global/archives/18332,mobile,2,2,2,1,252.5,9,0,0
/global/archives/18388,tablet,2,2,0,0,0,5,0,0
/global/archives/18500,mobile,2,3,2,1,0,10,0,0
/global/archives/18571,mobile,2,2,2,1,0,8,0,0
/global/archives/18608,tablet,2,2,1,2,0,7,0,0
/global/archives/3464,desktop,2,2,2,1,89.5,9,0,0
/global/archives/3962,mobile,2,1,1,2,66,8,0,0
/global/archives/4002,desktop,2,2,2,1,20,8,0,0
/global/archives/4308,desktop,2,2,2,1,4,9,0,0
/global/archives/4309,desktop,2,2,2,1,20,10,0,0
/global/archives/4518,desktop,2,2,2,1,67,9,0,0
/global/archives/4612,desktop,2,1,1,2,35,9,0,0
/global/archives/4776,desktop,2,2,1,2,10,6,0,0
/global/archives/4793,desktop,2,2,2,1,6.5,10,0,0
/global/archives/4812,desktop,2,2,1,2,3,8,0,0
/global/archives/5040,desktop,2,2,2,1,3.5,10,0,0
/global/archives/6014,desktop,2,2,2,1,128,9,0,0
/global/archives/6253,desktop,2,2,2,1,97.5,13,0,0
/global/archives/631,desktop,2,1,1,2,50,10,0,0
/global/archives/6517,desktop,2,3,2,1,4,10,0,0
/global/archives/7168,desktop,2,2,2,1,40,6,0,0
/global/archives/7445,mobile,2,2,2,1,333,10,0,0
/global/archives/7476,desktop,2,2,1,2,0,7,0,0
/global/archives/7761,desktop,2,2,2,1,46.5,8,0,0
/global/archives/7761,mobile,2,2,2,1,71.5,8,0,0
/global/archives/8360,desktop,2,3,2,1,46.5,10,0,0
/global/archives/9191,desktop,2,2,2,1,8.5,9,0,0
/global/archives/9480,desktop,2,3,1,2,0,8,0,0
/global/archives/9709,desktop,2,3,2,1,38,12,0,0
/global/archives/9740,mobile,2,2,2,1,99,12,0,0
/global/archives/9770,desktop,2,1,1,2,7,7,0,0
/global/archives/category/corporates/sk-incheon-petrochem,mobile,2,2,1,2,0,5,0,0
/global/archives/category/people,mobile,2,1,1,2,8,8,0,0
/global/archives/tag/battery,desktop,2,2,2,1,27.5,9,0,0
/global/archives/tag/blueovalsk,mobile,2,1,1,2,42,8,0,0
/global/archives/tag/board-of-directors,desktop,2,1,1,2,34,8,0,0
/global/archives/tag/board-of-directors,mobile,2,2,1,2,0,7,0,0
/global/archives/tag/drive-thru-job-fair,mobile,2,1,1,2,13,7,0,0
/global/archives/tag/energy-super-station,desktop,2,2,1,2,19,9,0,0
/global/archives/tag/georgia,desktop,2,2,2,1,1.5,9,0,0
/global/archives/tag/indeung-mountain,desktop,2,1,1,2,13,9,0,0
/global/archives/tag/lithium-ion-batteries,desktop,2,1,1,2,11,7,0,0
/global/archives/tag/lithium-ion-battery,desktop,2,2,2,1,5.5,9,0,0
/global/archives/tag/military,desktop,2,3,1,2,6,10,0,0
/global/archives/tag/ncm811,mobile,2,1,1,2,2,7,0,0
/global/archives/tag/nmc,desktop,2,1,1,2,5,7,0,0
/global/archives/tag/preliminary-social-enterprises,desktop,2,2,2,1,3.5,10,0,0
/global/archives/tag/rhee-jang-weon,mobile,2,1,1,2,39,10,0,0
/global/archives/tag/russia,desktop,2,1,1,2,8,7,0,0
/global/archives/tag/sk-block-427,desktop,2,2,2,1,1,8,0,0
/global/archives/tag/sk-on,desktop,2,2,2,1,9.5,8,0,0
/global/archives/tag/skba,desktop,2,2,1,2,7,8,0,0
/global/archives/tag/skoh,desktop,2,2,2,1,86.5,10,0,0
/global/archives/tag/ulsan-clx,desktop,2,2,2,1,17,10,0,0
/global/archives/tag/zhejiang-satellite-petrochemical,desktop,2,2,1,2,97,9,0,0
/global/sustainability-report,mobile,2,1,1,2,10,10,0,0
/global/terms-and-conditions,mobile,2,1,1,2,0,6,0,0
/global/**,desktop,1,1,1,1,1,5,0,0
/global/archives,desktop,1,1,1,1,2,6,0,0
/global/archives/10159,desktop,1,2,1,1,312,7,0,0
/global/archives/10206,desktop,1,1,1,1,33,4,0,0
/global/archives/10276,desktop,1,1,1,1,20,4,0,0
/global/archives/10326,desktop,1,1,1,1,28,6,0,0
/global/archives/10445,desktop,1,1,1,1,34,5,0,0
/global/archives/10535,desktop,1,1,1,1,64,5,0,0
/global/archives/10535,mobile,1,1,1,1,49,6,0,0
/global/archives/10697,desktop,1,1,1,1,1,4,0,0
/global/archives/10802,mobile,1,1,1,1,0,3,0,0
/global/archives/10872,desktop,1,2,1,1,33,3,0,0
/global/archives/10897,mobile,1,1,1,1,0,3,0,0
/global/archives/10913,mobile,1,1,1,1,19,5,0,0
/global/archives/10985,mobile,1,1,1,1,12,5,0,0
/global/archives/11037,desktop,1,1,1,1,2,5,0,0
/global/archives/1114,desktop,1,1,1,1,32,3,0,0
/global/archives/1114,mobile,1,1,1,1,30,6,0,0
/global/archives/11342,desktop,1,1,1,1,4,5,0,0
/global/archives/11429,desktop,1,1,1,1,30,5,0,0
/global/archives/11475,desktop,1,1,1,1,8,5,0,0
/global/archives/11623,mobile,1,1,1,1,0,1,0,0
/global/archives/1175,desktop,1,1,1,1,9,5,0,0
/global/archives/11807,tablet,1,1,1,1,21,6,0,0
/global/archives/12106,mobile,1,1,1,1,0,4,0,0
/global/archives/12118,mobile,1,1,1,1,0,3,0,0
/global/archives/12190,mobile,1,1,1,1,0,2,0,0
/global/archives/12220,desktop,1,2,1,1,13,7,0,0
/global/archives/12237,desktop,1,1,1,1,1,2,0,0
/global/archives/1237,desktop,1,1,1,1,25,5,0,0
/global/archives/12373,desktop,1,1,1,1,23,6,0,0
/global/archives/12483,desktop,1,1,1,1,11,5,0,0
/global/archives/12610,desktop,1,1,1,1,54,5,0,0
/global/archives/12692,desktop,1,1,1,1,41,4,0,0
/global/archives/13036,desktop,1,1,1,1,3,5,0,0
/global/archives/13060,desktop,1,1,1,1,7,4,0,0
/global/archives/13103,desktop,1,1,1,1,0,4,0,0
/global/archives/13103,mobile,1,1,1,1,0,4,0,0
/global/archives/13256,desktop,1,1,1,1,20,4,0,0
/global/archives/13374,desktop,1,1,1,1,0,4,0,0
/global/archives/13413,mobile,1,1,1,1,0,1,0,0
/global/archives/13437,desktop,1,2,1,1,0,6,0,0
/global/archives/13437,mobile,1,1,1,1,32,5,0,0
/global/archives/13443,desktop,1,1,1,1,0,4,0,0
/global/archives/13544,desktop,1,1,1,1,6,5,0,0
/global/archives/13748,desktop,1,1,1,1,4,5,0,0
/global/archives/13850,desktop,1,1,1,1,36,4,0,0
/global/archives/13879,desktop,1,1,1,1,6,5,0,0
/global/archives/1398,desktop,1,2,1,1,0,6,0,0
/global/archives/13981,desktop,1,1,1,1,0,4,0,0
/global/archives/14004,desktop,1,1,1,1,7,4,0,0
/global/archives/14193,desktop,1,1,1,1,33,5,0,0
/global/archives/14193,mobile,1,1,1,1,12,5,0,0
/global/archives/14226,mobile,1,1,1,1,0,4,0,0
/global/archives/14264,desktop,1,1,1,1,25,4,0,0
/global/archives/14302,desktop,1,1,1,1,10,4,0,0
/global/archives/14333,desktop,1,2,1,1,0,6,0,0
/global/archives/14491,mobile,1,1,1,1,0,4,0,0
/global/archives/14565,mobile,1,1,1,1,4,5,0,0
/global/archives/14628,mobile,1,1,1,1,49,5,0,0
/global/archives/14688,desktop,1,1,1,1,8,4,0,0
/global/archives/14770,mobile,1,1,1,1,24,5,0,0
/global/archives/14800,desktop,1,1,1,1,12,4,0,0
/global/archives/14800,mobile,1,1,1,1,39,5,0,0
/global/archives/14803,desktop,1,1,1,1,2,4,0,0
/global/archives/1493,desktop,1,1,1,1,20,6,0,0
/global/archives/15067,desktop,1,1,1,1,16,5,0,0
/global/archives/15067,mobile,1,1,1,1,25,5,0,0
/global/archives/15103,mobile,1,1,1,1,0,3,0,0
/global/archives/15204,mobile,1,1,1,1,4,4,0,0
/global/archives/15259,mobile,1,1,1,1,0,4,0,0
/global/archives/15353,mobile,1,1,1,1,0,4,0,0
/global/archives/15490,mobile,1,1,1,1,26,6,0,0
/global/archives/15574,mobile,1,1,1,1,0,4,0,0
/global/archives/15654,desktop,1,1,1,1,41,5,0,0
/global/archives/15937,tablet,1,1,1,1,142,4,0,0
/global/archives/16025,desktop,1,1,1,1,62,5,0,0
/global/archives/16025,mobile,1,1,1,1,0,4,0,0
/global/archives/16118,mobile,1,1,1,1,40,5,0,0
/global/archives/16131,desktop,1,1,1,1,40,5,0,0
/global/archives/16131,mobile,1,1,0,0,0,3,0,0
/global/archives/16131,tablet,1,1,1,1,0,4,0,0
/global/archives/16154,mobile,1,1,1,1,0,4,0,0
/global/archives/16169,desktop,1,1,1,1,0,4,0,0
/global/archives/16334,desktop,1,1,1,1,11,4,0,0
/global/archives/16334,mobile,1,1,1,1,34,6,0,0
/global/archives/16376,mobile,1,1,1,1,10,5,0,0
/global/archives/16463,mobile,1,1,1,1,27,5,0,0
/global/archives/16532,tablet,1,1,1,1,89,4,0,0
/global/archives/16738,mobile,1,1,1,1,164,6,0,0
/global/archives/16834,mobile,1,1,1,1,5,5,0,0
/global/archives/16881,desktop,1,1,1,1,0,4,0,0
/global/archives/16952,desktop,1,1,1,1,0,4,0,0
/global/archives/16980,desktop,1,1,1,1,0,5,0,0
/global/archives/16980,mobile,1,1,1,1,27,5,0,0
/global/archives/17047,mobile,1,1,1,1,26,3,0,0
/global/archives/17134,mobile,1,1,1,1,0,2,0,0
/global/archives/17144,desktop,1,1,1,1,0,4,0,0
/global/archives/1722,desktop,1,1,1,1,0,4,0,0
/global/archives/17292,desktop,1,1,1,1,0,4,0,0
/global/archives/17356,mobile,1,1,1,1,23,5,0,0
/global/archives/17426,mobile,1,1,1,1,0,4,0,0
/global/archives/1744,desktop,1,2,1,1,0,6,0,0
/global/archives/17446,mobile,1,1,1,1,86,3,0,0
/global/archives/17476,desktop,1,1,1,1,17,5,0,0
/global/archives/17514,desktop,1,1,1,1,0,4,0,0
/global/archives/17569,mobile,1,1,1,1,56,5,0,0
/global/archives/1768,desktop,1,1,1,1,75,5,0,0
/global/archives/17893,desktop,1,1,1,1,0,4,0,0
/global/archives/17965,mobile,1,1,1,1,0,4,0,0
/global/archives/18022,mobile,1,1,1,1,0,4,0,0
/global/archives/18076,desktop,1,1,1,1,1,4,0,0
/global/archives/18268,desktop,1,1,1,1,0,5,0,0
/global/archives/18301,tablet,1,1,1,1,136,5,0,0
/global/archives/18374,mobile,1,1,1,1,0,2,0,0
/global/archives/18436,mobile,1,1,1,1,0,3,0,0
/global/archives/18445,mobile,1,1,1,1,0,4,0,0
/global/archives/18546,tablet,1,1,1,1,0,4,0,0
/global/archives/18546/1/010001910e667c2f-78107489-87c5-4626-b322-0310fb177698-000000/_qDNBEWgvReEqSWNfOSiHmurr1Pqj2npPxKUTqlfocM=364,desktop,1,1,1,1,0,4,0,0
/global/archives/18546/1/010001910e669c68-e6cf72fc-fac5-436e-9879-3b2bb0137db9-000000/wx4E2kULopkBO2mBSMiDr9ZizdN1IHbXi0DRGqOzu6Y=364,desktop,1,1,1,1,0,4,0,0
/global/archives/18546/1/010001910e66b59b-b5f39423-8224-4264-93b3-7b0c7d5969f5-000000/HTxpc1LEb1ctrjN0MjGIEUymnHEy7ABJTgbdnTIGr4w=364,desktop,1,1,1,1,0,4,0,0
/global/archives/1960,desktop,1,1,1,1,379,4,0,0
/global/archives/2212,mobile,1,1,1,1,0,4,0,0
/global/archives/2241,desktop,1,1,1,1,7,5,0,0
/global/archives/253,mobile,1,1,1,1,79,5,0,0
/global/archives/255,desktop,1,1,1,1,0,4,0,0
/global/archives/2675,desktop,1,1,1,1,26,5,0,0
/global/archives/2761,desktop,1,1,1,1,10,4,0,0
/global/archives/2837,desktop,1,1,1,1,21,5,0,0
/global/archives/298,desktop,1,1,1,1,16,5,0,0
/global/archives/298,mobile,1,1,1,1,26,5,0,0
/global/archives/3005,desktop,1,1,1,1,44,5,0,0
/global/archives/3032,desktop,1,1,1,1,12,5,0,0
/global/archives/311,desktop,1,1,1,1,42,5,0,0
/global/archives/3393,mobile,1,1,1,1,119,5,0,0
/global/archives/3473,desktop,1,1,1,1,12,4,0,0
/global/archives/349,mobile,1,1,1,1,66,5,0,0
/global/archives/3689,desktop,1,1,1,1,82,6,0,0
/global/archives/3709,desktop,1,2,2,0.5,2.5,6,0,0
/global/archives/3783,desktop,1,2,1,1,0,6,0,0
/global/archives/3786,desktop,1,1,1,1,14,6,0,0
/global/archives/4146,desktop,1,1,1,1,32,5,0,0
/global/archives/4146,mobile,1,1,1,1,148,5,0,0
/global/archives/4482,desktop,1,2,1,1,5,3,0,0
/global/archives/4499,desktop,1,1,1,1,1,4,0,0
/global/archives/4518,mobile,1,1,1,1,23,5,0,0
/global/archives/4776,mobile,1,1,1,1,1,4,0,0
/global/archives/489,mobile,1,1,1,1,23,5,0,0
/global/archives/4921,mobile,1,1,1,1,51,6,0,0
/global/archives/497,desktop,1,1,1,1,127,4,0,0
/global/archives/5016,desktop,1,1,1,1,7,5,0,0
/global/archives/5205,desktop,1,1,1,1,31,5,0,0
/global/archives/5205,mobile,1,1,1,1,0,4,0,0
/global/archives/5234,desktop,1,1,1,1,21,5,0,0
/global/archives/5339,desktop,1,1,0,0,0,4,0,0
/global/archives/5721,desktop,1,1,1,1,3,5,0,0
/global/archives/5772,desktop,1,1,1,1,0,4,0,0
/global/archives/5892,mobile,1,1,1,1,17,4,0,0
/global/archives/596,desktop,1,1,1,1,117,5,0,0
/global/archives/5994,desktop,1,2,1,1,415,5,0,0
/global/archives/6377,mobile,1,1,1,1,60,5,0,0
/global/archives/6436,desktop,1,1,1,1,3,4,0,0
/global/archives/6462,mobile,1,1,1,1,81,5,0,0
/global/archives/648,desktop,1,1,1,1,16,6,0,0
/global/archives/653,mobile,1,1,1,1,65,4,0,0
/global/archives/6683,mobile,1,1,1,1,130,5,0,0
/global/archives/6710,desktop,1,1,1,1,19,5,0,0
/global/archives/6760,desktop,1,1,1,1,25,4,0,0
/global/archives/6824,desktop,1,1,1,1,240,6,0,0
/global/archives/6834,desktop,1,1,1,1,23,5,0,0
/global/archives/6857,desktop,1,1,1,1,58,6,0,0
/global/archives/7245,desktop,1,1,1,1,0,4,0,0
/global/archives/7292,desktop,1,1,1,1,32,5,0,0
/global/archives/7292,tablet,1,1,1,1,0,3,0,0
/global/archives/7302,mobile,1,1,1,1,0,4,0,0
/global/archives/7319,mobile,1,1,1,1,4,5,0,0
/global/archives/733,desktop,1,1,1,1,59,4,0,0
/global/archives/733,mobile,1,1,1,1,11,5,0,0
/global/archives/736,desktop,1,1,1,1,13,3,0,0
/global/archives/7596,mobile,1,1,1,1,18,5,0,0
/global/archives/7633,desktop,1,1,1,1,6,5,0,0
/global/archives/7670,desktop,1,1,1,1,29,3,0,0
/global/archives/7740,desktop,1,1,1,1,45,5,0,0
/global/archives/7740,mobile,1,1,1,1,0,3,0,0
/global/archives/7848,desktop,1,1,1,1,17,6,0,0
/global/archives/7919,desktop,1,1,1,1,0,3,0,0
/global/archives/7961,desktop,1,1,1,1,20,5,0,0
/global/archives/7991,desktop,1,1,1,1,42,4,0,0
/global/archives/8067,desktop,1,2,1,1,0,4,0,0
/global/archives/8087,desktop,1,1,1,1,20,5,0,0
/global/archives/8152,desktop,1,1,1,1,103,4,0,0
/global/archives/8168,desktop,1,2,1,1,0,5,0,0
/global/archives/8230,desktop,1,1,1,1,1,4,0,0
/global/archives/8327,desktop,1,2,1,1,0,6,0,0
/global/archives/8350,desktop,1,1,1,1,11,5,0,0
/global/archives/8360,mobile,1,1,0,0,0,3,0,0
/global/archives/8428,desktop,1,1,1,1,20,5,0,0
/global/archives/8899,desktop,1,2,1,1,0,4,0,0
/global/archives/8914,mobile,1,1,1,1,4,5,0,0
/global/archives/926,desktop,1,1,1,1,13,5,0,0
/global/archives/9286,desktop,1,1,1,1,1401,4,0,0
/global/archives/9493,desktop,1,1,1,1,0,4,0,0
/global/archives/9509,desktop,1,1,1,1,2,5,0,0
/global/archives/9509,mobile,1,1,1,1,27,5,0,0
/global/archives/9616,desktop,1,1,1,1,35,6,0,0
/global/archives/9695,desktop,1,1,1,1,39,5,0,0
/global/archives/9709,mobile,1,1,1,1,34,5,0,0
/global/archives/9837,mobile,1,1,1,1,0,4,0,0
/global/archives/9877,desktop,1,1,1,1,26,5,0,0
/global/archives/9893,desktop,1,2,1,1,0,6,0,0
/global/archives/9893,mobile,1,1,1,1,0,4,0,0
/global/archives/9908,desktop,1,1,1,1,1,5,0,0
/global/archives/9978,desktop,1,1,1,1,0,4,0,0
/global/archives/category/ces/ces-2022-ces-2022,desktop,1,1,1,1,0,4,0,0
/global/archives/category/ces/ces-2023,desktop,1,1,1,1,0,4,0,0
/global/archives/category/ces/ces-2024,desktop,1,1,1,1,18,5,0,0
/global/archives/category/ces/previous,desktop,1,1,1,1,0,4,0,0
/global/archives/category/corporate/sk-on,desktop,1,1,1,1,4,4,0,0
/global/archives/category/corporates,mobile,1,1,1,1,6,4,0,0
/global/archives/category/corporates/sk-earthon,mobile,1,1,1,1,10,3,0,0
/global/archives/category/corporates/sk-enmove,mobile,1,1,1,1,4,4,0,0
/global/archives/category/press-room,mobile,1,1,1,1,0,3,0,0
/global/archives/category/social-value/opinions,desktop,1,1,1,1,0,4,0,0
/global/archives/category/social-value/social-enterprise,desktop,1,1,1,1,0,4,0,0
/global/archives/tag/2024-q1,desktop,1,1,1,1,6,4,0,0
/global/archives/tag/2024gmf,desktop,1,1,1,1,0,4,0,0
/global/archives/tag/3r,desktop,1,1,1,1,5,6,0,0
/global/archives/tag/aa-rating,desktop,1,1,1,1,0,4,0,0
/global/archives/tag/ambassadors-spouses-association-in-seoul,desktop,1,1,1,1,4,5,0,0
/global/archives/tag/anode,desktop,1,1,1,1,0,5,0,0
/global/archives/tag/assb,desktop,1,1,1,1,15,5,0,0
/global/archives/tag/atvm,desktop,1,1,1,1,4,5,0,0
/global/archives/tag/batteries,desktop,1,1,1,1,0,5,0,0
/global/archives/tag/battery,mobile,1,1,1,1,187,4,0,0
/global/archives/tag/block-17-03,desktop,1,1,1,1,7,5,0,0
/global/archives/tag/blood-donation,desktop,1,1,1,1,0,4,0,0
/global/archives/tag/busan-world-expo-2030,desktop,1,1,1,1,3,5,0,0
/global/archives/tag/carbon-to-green,desktop,1,1,1,1,0,4,0,0
/global/archives/tag/cathode,desktop,1,1,1,1,0,4,0,0
/global/archives/tag/ccs,desktop,1,1,1,1,24,5,0,0
/global/archives/tag/ccs-business,desktop,1,1,1,1,6,4,0,0
/global/archives/tag/ceo-park-sang-kyu,desktop,1,1,1,1,0,4,0,0
/global/archives/tag/ces,desktop,1,1,1,1,0,4,0,0
/global/archives/tag/ces-2024,desktop,1,1,1,1,0,4,0,0
/global/archives/tag/csr-program,desktop,1,1,1,1,0,5,0,0
/global/archives/tag/digital-twin,desktop,1,2,2,0.5,0,4,0,0
/global/archives/tag/drilling-technology,desktop,1,1,1,1,0,4,0,0
/global/archives/tag/earnings,desktop,1,1,1,1,3,2,0,0
/global/archives/tag/ecopro-bm,desktop,1,1,1,1,2,4,0,0
/global/archives/tag/electric-vehicle,desktop,1,1,1,1,0,5,0,0
/global/archives/tag/electric-vehicle-industry,desktop,1,1,1,1,0,4,0,0
/global/archives/tag/electrolyte,desktop,1,1,1,1,0,4,0,0
/global/archives/tag/energy-company,desktop,1,1,1,1,0,4,0,0
/global/archives/tag/energy-industry,desktop,1,1,1,1,0,4,0,0
/global/archives/tag/esg,desktop,1,1,1,1,0,4,0,0
/global/archives/tag/ev,desktop,1,1,1,1,0,4,0,0
/global/archives/tag/ev-batteries,desktop,1,1,1,1,0,4,0,0
/global/archives/tag/ev-sales,desktop,1,1,1,1,0,5,0,0
/global/archives/tag/evs,desktop,1,1,1,1,0,4,0,0
/global/archives/tag/ferrari,desktop,1,1,1,1,0,4,0,0
/global/archives/tag/future-energy,desktop,1,1,1,1,0,5,0,0
/global/archives/tag/global-forum,desktop,1,1,1,1,0,4,0,0
/global/archives/tag/gmf,desktop,1,1,1,1,0,5,0,0
/global/archives/tag/great-music-festival,desktop,1,1,1,1,0,4,0,0
/global/archives/tag/green-bonds,mobile,1,1,1,1,0,5,0,0
/global/archives/tag/hungary,desktop,1,1,1,1,10,5,0,0
/global/archives/tag/hybrid-electric-vehicle,desktop,1,1,1,1,0,5,0,0
/global/archives/tag/hyundai-mobis,desktop,1,2,1,1,0,6,0,0
/global/archives/tag/indeung,desktop,1,1,1,1,5,4,0,0
/global/archives/tag/inobus,mobile,1,1,1,1,0,4,0,0
/global/archives/tag/ioniq-5,desktop,1,1,1,1,4,4,0,0
/global/archives/tag/iscc,desktop,1,1,1,1,7,6,0,0
/global/archives/tag/ivancsa,mobile,1,1,1,1,6,3,0,0
/global/archives/tag/jee-dong-seob,desktop,1,1,1,1,3,5,0,0
/global/archives/tag/jva,desktop,1,1,1,1,4,5,0,0
/global/archives/tag/kentucky,desktop,1,1,1,1,13,5,0,0
/global/archives/tag/kleannara,desktop,1,1,1,1,7,6,0,0
/global/archives/tag/kolon,desktop,1,1,1,1,37,6,0,0
/global/archives/tag/korea-entrepreneurship-foundation,desktop,1,1,1,1,2,5,0,0
/global/archives/tag/korea-hydro-nuclear-power,desktop,1,1,1,1,42,7,0,0
/global/archives/tag/las-vegas,mobile,1,1,1,1,8,6,0,0
/global/archives/tag/lfp,desktop,1,1,1,1,0,4,0,0
/global/archives/tag/libs,desktop,1,1,1,1,0,5,0,0
/global/archives/tag/lubricants,desktop,1,1,1,1,1,5,0,0
/global/archives/tag/malaysia,mobile,1,1,1,1,26,4,0,0
/global/archives/tag/market-kurly,desktop,1,3,2,0.5,3.5,5,0,0
/global/archives/tag/meal-sharing,desktop,1,1,1,1,0,4,0,0
/global/archives/tag/morgan-stanley-capital-international,desktop,1,1,1,1,0,5,0,0
/global/archives/tag/msci,desktop,1,1,1,1,0,4,0,0
/global/archives/tag/ncm9,desktop,1,1,1,1,0,5,0,0
/global/archives/tag/oil,desktop,1,1,1,1,0,5,0,0
/global/archives/tag/oil-drilling,desktop,1,1,1,1,0,4,0,0
/global/archives/tag/paint,desktop,1,1,1,1,0,5,0,0
/global/archives/tag/petrochemical,desktop,1,1,1,1,0,5,0,0
/global/archives/tag/petroleum,desktop,1,1,1,1,0,4,0,0
/global/archives/tag/plastics-recycling,desktop,1,1,1,1,0,4,0,0
/global/archives/tag/plogging,desktop,1,1,1,1,0,4,0,0
/global/archives/tag/podio-ferrari,desktop,1,1,1,1,0,4,0,0
/global/archives/tag/poland,desktop,1,1,1,1,16,6,0,0
/global/archives/tag/polyester,desktop,1,1,1,1,0,4,0,0
/global/archives/tag/polyester-fiber,desktop,1,1,1,1,0,5,0,0
/global/archives/tag/polyurethane,desktop,1,1,1,1,0,5,0,0
/global/archives/tag/portfolio,desktop,1,1,1,1,0,4,0,0
/global/archives/tag/pro-bono,desktop,1,1,1,1,0,4,0,0
/global/archives/tag/refining-margin,desktop,1,1,1,1,0,4,0,0
/global/archives/tag/separator,desktop,1,1,1,1,9,5,0,0
/global/archives/tag/siemens,desktop,1,1,1,1,0,4,0,0
/global/archives/tag/sinopec-sk-wuhan-petrochemical,desktop,1,1,1,1,4,4,0,0
/global/archives/tag/sk-bakmi-gas-station,desktop,1,1,1,1,10,5,0,0
/global/archives/tag/sk-battery-america,mobile,1,1,1,1,1,5,0,0
/global/archives/tag/sk-earthon-kuala-lumpur,desktop,1,1,1,1,4,5,0,0
/global/archives/tag/sk-geo-centric,desktop,1,1,1,1,0,4,0,0
/global/archives/tag/sk-green,desktop,1,1,1,1,15,5,0,0
/global/archives/tag/sk-innovation-young-ambassador,desktop,1,1,1,1,0,4,0,0
/global/archives/tag/sk-probono,desktop,1,1,1,1,0,4,0,0
/global/archives/tag/sk-seorin-building,desktop,1,1,1,1,16,5,0,0
/global/archives/tag/sk-supex-council,desktop,1,1,1,1,4,5,0,0
/global/archives/tag/sk-tank-terminal,desktop,1,1,1,1,0,4,0,0
/global/archives/tag/skbh,desktop,1,1,1,1,10,5,0,0
/global/archives/tag/skbmp,mobile,1,1,1,1,1,5,0,0
/global/archives/tag/skeo,mobile,1,1,1,1,11,5,0,0
/global/archives/tag/skgc,desktop,1,1,1,1,0,5,0,0
/global/archives/tag/skgca,desktop,1,1,1,1,20,6,0,0
/global/archives/tag/skoh,mobile,1,1,1,1,1,5,0,0
/global/archives/tag/skti,mobile,1,1,1,1,0,3,0,0
/global/archives/tag/sk综合化学,desktop,1,1,1,1,21,5,0,0
/global/archives/tag/sk综合化学上海,mobile,1,1,1,1,6,5,0,0
/global/archives/tag/smr,desktop,1,1,1,1,0,4,0,0
/global/archives/tag/social-enterprises,desktop,1,1,1,1,0,5,0,0
/global/archives/tag/solid-power,mobile,1,1,1,1,24,5,0,0
/global/archives/tag/sports,desktop,1,1,1,1,0,4,0,0
/global/archives/tag/sports-event,desktop,1,1,1,1,0,4,0,0
/global/archives/tag/sports-gear,desktop,1,1,1,1,0,5,0,0
/global/archives/tag/steam-purge,desktop,1,1,1,1,0,3,0,0
/global/archives/tag/supply-chain,desktop,1,1,1,1,0,4,0,0
/global/archives/tag/tesla,desktop,1,1,1,1,10,5,0,0
/global/archives/tag/urethane,desktop,1,1,1,1,0,4,0,0
/global/archives/tag/vwbe,desktop,1,1,1,1,1,5,0,0
/global/archives/tag/weixing-chemical,mobile,1,1,1,1,0,3,0,0
/global/archives/tag/yubase,desktop,1,1,1,1,1,5,0,0
/global/archives/tag/zhejiang-satellite-petrochemical,mobile,1,1,1,1,24,6,0,0
/global/who-we-are,desktop,1,1,1,1,10,5,0,0
/global/archives/9682,desktop,0,1,1,0,2,1,0,0