# ----------------------------------------
# 보고서 CSV 내보내기
# 계정: skinno global
# 속성: skinno 글로벌 - GA4
# ----------------------------------------
# 
# 모든 사용자
# 시작일: 20240729
# 종료일: 20240804
페이지 경로 및 화면 클래스,세션 소스,조회수,세션수,사용자,사용자당 조회수,평균 참여 시간,이벤트 수,주요 이벤트,총 수익
/global/latestnews,(direct),140,124,103,1.3592233009708738,23.49514563106796,548,0,0
/global/archives/category/press-room/financial-results,google,133,67,53,2.509433962264151,35.113207547169814,533,0,0
/global/archives/18546,google,128,132,89,1.4382022471910112,56.1123595505618,533,0,0
/global/archives/18546,(direct),108,101,88,1.2272727272727273,24.90909090909091,426,0,0
/global/,google,92,77,45,2.0444444444444443,15.733333333333333,374,0,0
/global/archives/category/press-room/press-release,(direct),90,87,70,1.2857142857142858,6.228571428571429,360,0,0
/global/sustainability-report,(direct),87,82,82,1.0609756097560976,1.3902439024390243,318,0,0
/global/,(direct),80,77,64,1.25,9.9375,333,0,0
/global/archives/18608,(direct),69,67,53,1.3018867924528301,46.60377358490566,265,0,0
/global/archives/18608,google,55,39,27,2.037037037037037,61.22222222222222,204,0,0
/global/archives/category/press-room/financial-results,(direct),52,31,18,2.888888888888889,23.666666666666668,195,0,0
/global/latestnews,google,50,41,13,3.8461538461538463,36.38461538461539,161,0,0
/global/,skinnovation.com,45,27,20,2.25,42.95,192,0,0
/global/archives/18065,google,44,44,32,1.375,51.40625,184,0,0
/global/archives/17426,google,35,36,32,1.09375,26,167,0,0
/global/archives/category/press-room/press-release,google,28,26,22,1.2727272727272727,28.954545454545453,110,0,0
/global/archives/18608,linkedin.com,27,28,27,1,23.296296296296298,120,0,0
/global/archives/category/press-room/financial-results,eng.sk-on.com,26,4,4,6.5,63.5,93,0,0
/global/,eng.sk-on.com,25,15,11,2.272727272727273,35.09090909090909,97,0,0
/global/archives/9910,google,23,24,20,1.15,35.3,103,0,0
/global/archives/category/corporates,google,23,17,16,1.4375,15.6875,90,0,0
/global/archives/category/corporates/sk-on,google,23,21,17,1.3529411764705883,40.64705882352941,99,0,0
/global/archives/category/corporates/sk-enterm,google,22,13,12,1.8333333333333333,11.75,91,0,0
/global/archives/15490,google,21,21,20,1.05,41,97,0,0
/global/archives/16463,google,21,21,17,1.2352941176470589,21.823529411764707,92,0,0
/global/archives/15374,google,20,20,16,1.25,79.5625,96,0,0
/global/archives/category/corporates/sk-innovation,google,20,15,15,1.3333333333333333,25.066666666666666,71,0,0
/global/archives/15687,google,19,17,13,1.4615384615384615,12.076923076923077,74,0,0
/global/archives/17426,(direct),18,13,10,1.8,17.6,66,0,0
/global/archives/18065,(direct),18,14,12,1.5,65.16666666666667,77,0,0
/global/archives/18140,google,18,16,7,2.5714285714285716,15.857142857142858,55,0,0
/global/archives/category/press-room,google,18,10,8,2.25,12.875,64,0,0
/global/archives/18421,(direct),17,14,11,1.5454545454545454,18.90909090909091,66,0,0
/global/archives/18546,linkedin.com,17,18,17,1,25.352941176470587,78,0,0
/global/archives/18546,skinnovation.com,17,17,10,1.7,34.1,57,0,0
/global/archives/18283,google,16,16,12,1.3333333333333333,44.083333333333336,67,0,0
/global/archives/18571,(direct),16,18,15,1.0666666666666667,69.26666666666667,67,0,0
/global/archives/18478,(direct),15,16,14,1.0714285714285714,63.42857142857143,60,0,0
/global/archives/6216,google,15,15,12,1.25,44.25,67,0,0
/global/sustainability-report,google,15,10,8,1.875,19.375,61,0,0
/global/archives/15259,google,14,13,9,1.5555555555555556,37.333333333333336,58,0,0
/global/archives/16532,google,14,18,13,1.0769230769230769,37.69230769230769,60,0,0
/global/archives/17216,google,14,16,13,1.0769230769230769,74,70,0,0
/global/archives/17499,google,14,15,13,1.0769230769230769,82.92307692307692,72,0,0
/global/archives/18608,skinnovation.com,14,14,8,1.75,8,50,0,0
/global/archives/3820,google,14,13,12,1.1666666666666667,58.333333333333336,62,0,0
/global/archives/10774,google,13,12,10,1.3,49.9,54,0,0
/global/archives/12022,google,13,14,13,1,10,59,0,0
/global/archives/15664,google,13,13,12,1.0833333333333333,19.75,56,0,0
/global/archives/category/press-room,(direct),13,13,13,1,9.538461538461538,54,0,0
/global/archives/16834,google,12,12,11,1.0909090909090908,18.363636363636363,57,0,0
/global/archives/18107,google,12,13,12,1,127.16666666666667,65,0,0
/global/archives/category/corporates,(direct),12,12,11,1.0909090909090908,6.7272727272727275,50,0,0
/global/archives/category/people,(direct),12,12,12,1,7.833333333333333,52,0,0
/global/archives/14634,google,11,13,11,1,47.09090909090909,55,0,0
/global/archives/15937,google,11,11,11,1,50.90909090909091,50,0,0
/global/archives/17499,(direct),11,11,7,1.5714285714285714,65.57142857142857,43,0,0
/global/archives/18388,(direct),11,15,11,1,3.5454545454545454,46,0,0
/global/archives/category/corporates/sk-enmove,(direct),11,12,11,1,46.18181818181818,45,0,0
/global/archives/category/press-room/issue-fact,google,11,11,9,1.2222222222222223,12,45,0,0
/global/archives/17313,skenmove.com,10,10,9,1.1111111111111112,25.333333333333332,41,0,0
/global/archives/17965,google,10,10,6,1.6666666666666667,7.5,32,0,0
/global/archives/18608,eng.sk-on.com,10,5,4,2.5,122,41,0,0
/global/archives/category/corporates/sk-enmove,google,10,8,7,1.4285714285714286,18.285714285714285,40,0,0
/global/archives/category/corporates/sk-enterm,(direct),10,9,8,1.25,5.125,37,0,0
/global/archives/category/insight,(direct),10,10,10,1,3.5,39,0,0
/global/archives/category/insight/trend_report,google,10,8,5,2,23.4,40,0,0
/global/archives/12008,google,9,7,6,1.5,37.166666666666664,39,0,0
/global/archives/13780,google,9,10,9,1,14.11111111111111,42,0,0
/global/archives/14491,google,9,12,9,1,62.22222222222222,43,0,0
/global/archives/category/corporates/sk-geo-centric,(direct),9,9,8,1.125,8.5,35,0,0
/global/archives/category/corporates/sk-innovation,(direct),9,9,9,1,9.666666666666666,35,0,0
/global/archives/category/corporates/sk-on,eng.sk-on.com,9,3,2,4.5,100,35,0,0
/global/terms-and-conditions,(direct),9,4,4,2.25,96,34,0,0
/global/archives/13521,google,8,10,9,0.8888888888888888,22.88888888888889,37,0,0
/global/archives/17047,google,8,11,7,1.1428571428571428,18,42,0,0
/global/archives/17817,google,8,8,5,1.6,65.4,37,0,0
/global/archives/18283,(direct),8,9,7,1.1428571428571428,16.714285714285715,32,0,0
/global/archives/18436,google,8,9,5,1.6,15.6,32,0,0
/global/archives/18478,google,8,8,7,1.1428571428571428,31.285714285714285,35,0,0
/global/archives/9668,google,8,7,7,1.1428571428571428,35,29,0,0
/global/archives/category/corporates/sk-energy,(direct),8,8,8,1,11.875,35,0,0
/global/archives/category/corporates/sk-energy,google,8,4,4,2,25.25,31,0,0
/global/archives/category/corporates/sk-on,(direct),8,8,8,1,9.625,33,0,0
/global/archives/category/insight,google,8,5,5,1.6,19.8,32,0,0
/global/archives/10939,google,7,9,7,1,55.42857142857143,31,0,0
/global/archives/10985,google,7,5,5,1.4,105.6,33,0,0
/global/archives/1399,google,7,8,6,1.1666666666666667,59.833333333333336,29,0,0
/global/archives/14065,google,7,3,3,2.3333333333333335,63,29,0,0
/global/archives/14226,google,7,7,7,1,52.42857142857143,32,0,0
/global/archives/16970,google,7,7,6,1.1666666666666667,6,31,0,0
/global/archives/17356,google,7,6,6,1.1666666666666667,29.333333333333332,30,0,0
/global/archives/17460,google,7,7,7,1,15.285714285714286,33,0,0
/global/archives/17569,google,7,9,7,1,18,34,0,0
/global/archives/17595,google,7,6,5,1.4,38.4,26,0,0
/global/archives/18332,google,7,5,4,1.75,132.25,32,0,0
/global/archives/18361,google,7,5,5,1.4,24.8,28,0,0
/global/archives/18388,google,7,7,4,1.75,21.25,26,0,0
/global/archives/6313,google,7,6,4,1.75,46.25,30,0,0
/global/archives/822,(direct),7,5,4,1.75,114.75,25,0,0
/global/archives/9548,(direct),7,7,7,1,0,28,0,0
/global/archives/9548,google,7,8,7,1,10,34,0,0
/global/archives/9740,google,7,6,6,1.1666666666666667,130.5,34,0,0
/global/archives/category/corporates/sk-incheon-petrochem,(direct),7,7,7,1,3.4285714285714284,30,0,0
/global/archives/category/corporates/sk-rading-international,(direct),7,7,7,1,9.714285714285714,31,0,0
/global/archives/category/press-room/press-release,bing,7,3,2,3.5,69.5,26,0,0
/global/archives/tag/skeo,google,7,7,6,1.1666666666666667,4.833333333333333,35,0,0
/global/archives/10654,google,6,5,5,1.2,1.2,23,0,0
/global/archives/11087,google,6,5,4,1.5,32.5,28,0,0
/global/archives/13443,google,6,1,1,6,148,17,0,0
/global/archives/15374,skenergy.com,6,5,3,2,103.33333333333333,28,0,0
/global/archives/15985,google,6,5,5,1.2,21,28,0,0
/global/archives/16154,google,6,6,3,2,9,27,0,0
/global/archives/16448,google,6,5,5,1.2,14.4,23,0,0
/global/archives/16532,(direct),6,7,5,1.2,13,27,0,0
/global/archives/16613,google,6,6,3,2,3.6666666666666665,19,0,0
/global/archives/17844,google,6,4,2,3,74,21,0,0
/global/archives/18065,eng.sk-on.com,6,4,4,1.5,39.75,22,0,0
/global/archives/18301,google,6,6,5,1.2,34,25,0,0
/global/archives/18436,(direct),6,7,6,1,4.333333333333333,26,0,0
/global/archives/18445,skinnovation.com,6,5,5,1.2,72,30,0,0
/global/archives/18546,bing,6,9,6,1,27.5,30,0,0
/global/archives/18546,translate.google.com,6,1,1,6,991,22,0,0
/global/archives/18608,ozmailer.com,6,4,4,1.5,7,22,0,0
/global/archives/253,google,6,6,5,1.2,57.2,27,0,0
/global/archives/3962,google,6,6,5,1.2,25.6,27,0,0
/global/archives/6253,google,6,6,6,1,122.33333333333333,33,0,0
/global/archives/6462,google,6,8,5,1.2,41.6,27,0,0
/global/archives/9740,skenergy.com,6,4,4,1.5,456.5,29,0,0
/global/archives/9910,(direct),6,5,5,1.2,39.4,25,0,0
/global/archives/category/corporate/sk-energy,skenergy.com,6,5,5,1.2,11,29,0,0
/global/archives/category/corporates/sk-ie-technology,(direct),6,6,6,1,1,24,0,0
/global/archives/tag/pouch-type-battery,google,6,5,5,1.2,11,31,0,0
/global/latestnews,skinnovation.com,6,5,5,1.2,32.4,24,0,0
/global/privacy-policy,(direct),6,5,4,1.5,8.5,26,0,0
/global/terms-and-conditions,google,6,7,2,3,74.5,25,0,0
/global/archives/10133,google,5,5,5,1,35,16,0,0
/global/archives/11004,google,5,5,4,1.25,47,25,0,0
/global/archives/12106,google,5,6,5,1,234.6,23,0,0
/global/archives/12125,(direct),5,6,5,1,0,21,0,0
/global/archives/12274/skee,google,5,7,5,1,11,30,0,0
/global/archives/12306,google,5,5,5,1,19,23,0,0
/global/archives/12667,google,5,3,2,2.5,89.5,21,0,0
/global/archives/14243,google,5,4,4,1.25,43,18,0,0
/global/archives/14491,(direct),5,5,5,1,4.2,20,0,0
/global/archives/14770,google,5,3,3,1.6666666666666667,32.333333333333336,22,0,0
/global/archives/15007,google,5,6,3,1.6666666666666667,44.666666666666664,23,0,0
/global/archives/15204,google,5,5,5,1,7.8,19,0,0
/global/archives/15462,google,5,5,4,1.25,87.25,20,0,0
/global/archives/15574,google,5,5,3,1.6666666666666667,39.666666666666664,21,0,0
/global/archives/16060,google,5,5,4,1.25,30.5,24,0,0
/global/archives/16118,google,5,7,5,1,16.6,25,0,0
/global/archives/16286,google,5,5,3,1.6666666666666667,16,21,0,0
/global/archives/17386,google,5,5,5,1,21,21,0,0
/global/archives/17446,google,5,5,3,1.6666666666666667,89.66666666666667,21,0,0
/global/archives/17737,google,5,4,4,1.25,84.75,24,0,0
/global/archives/18107,(direct),5,3,3,1.6666666666666667,18.666666666666668,20,0,0
/global/archives/18283,skinnovation.com,5,1,1,5,137,17,0,0
/global/archives/18332,(direct),5,7,4,1.25,0,22,0,0
/global/archives/18374,google,5,6,5,1,80.4,22,0,0
/global/archives/18546,eng.sk-on.com,5,4,3,1.6666666666666667,136.66666666666666,20,0,0
/global/archives/18546,mail.google.com,5,1,1,5,0,14,0,0
/global/archives/18608,bing,5,4,3,1.6666666666666667,14.666666666666666,22,0,0
/global/archives/7319,google,5,6,4,1.25,28.5,24,0,0
/global/archives/7445,google,5,4,4,1.25,196.5,24,0,0
/global/archives/9740,bing,5,4,2,2.5,125.5,17,0,0
/global/archives/category/corporate/sk-enmove,skenmove.com,5,5,5,1,20.4,26,0,0
/global/archives/category/corporates,skenmove.com,5,2,2,2.5,12.5,16,0,0
/global/archives/category/corporates/sk-earthon,google,5,3,3,1.6666666666666667,13.333333333333334,21,0,0
/global/archives/category/press-room,skenmove.com,5,2,2,2.5,51,22,0,0
/global/archives/category/press-room/financial-results,skinnovation.com,5,3,3,1.6666666666666667,17.666666666666668,19,0,0
/global/archives/tag/ncm811,google,5,4,3,1.6666666666666667,4.666666666666667,22,0,0
/global/archives/10460,google,4,4,2,2,63,15,0,0
/global/archives/1058,google,4,4,2,2,0,15,0,0
/global/archives/11082,(direct),4,4,3,1.3333333333333333,0,15,0,0
/global/archives/11087,skenergy.com,4,5,4,1,12.75,22,0,0
/global/archives/11853,(direct),4,4,4,1,12.5,16,0,0
/global/archives/13595,google,4,3,3,1.3333333333333333,37,18,0,0
/global/archives/14219,cn.bing.com,4,1,1,4,44,12,0,0
/global/archives/14354,google,4,6,2,2,8.5,18,0,0
/global/archives/16060,sktradinginternational.com,4,4,4,1,26.75,21,0,0
/global/archives/16493,google,4,4,3,1.3333333333333333,35.666666666666664,17,0,0
/global/archives/16563,google,4,4,3,1.3333333333333333,17.666666666666668,19,0,0
/global/archives/16787,(direct),4,6,4,1,22.25,20,0,0
/global/archives/16939,google,4,4,4,1,52,20,0,0
/global/archives/17426,bing,4,4,4,1,12,17,0,0
/global/archives/17623,google,4,4,4,1,47.25,21,0,0
/global/archives/18445,google,4,5,4,1,68.25,19,0,0
/global/archives/18500,(direct),4,5,4,1,32.25,17,0,0
/global/archives/18546,skenergy.com,4,6,2,2,0,15,0,0
/global/archives/2212,(direct),4,4,4,1,3.75,15,0,0
/global/archives/3661,google,4,1,1,4,1557,18,0,0
/global/archives/3820,(direct),4,5,5,0.8,2.4,15,0,0
/global/archives/489,google,4,4,3,1.3333333333333333,26.666666666666668,20,0,0
/global/archives/4921,google,4,4,4,1,38.5,20,0,0
/global/archives/564,google,4,4,4,1,15.25,17,0,0
/global/archives/7445,bing,4,3,3,1.3333333333333333,168,14,0,0
/global/archives/7761,google,4,4,4,1,59,16,0,0
/global/archives/7906,google,4,5,4,1,5.75,21,0,0
/global/archives/822,google,4,4,4,1,60.5,18,0,0
/global/archives/category/corporates/sk-earthon,(direct),4,4,4,1,0,16,0,0
/global/archives/category/corporates/sk-incheon-petrochem,google,4,3,3,1.3333333333333333,7.666666666666667,17,0,0
/global/archives/category/corporates/sk-innovation,eng.sk-on.com,4,3,3,1.3333333333333333,14,16,0,0
/global/archives/category/people/inno-people,(direct),4,4,4,1,0,16,0,0
/global/archives/category/people/onsite-report,(direct),4,4,4,1,0,16,0,0
/global/archives/category/people/sustainability,(direct),4,4,4,1,0,17,0,0
/global/archives/category/press-room,gateway.zscalerthree.net,4,4,1,4,0,14,0,0
/global/archives/category/press-room/press-release,skinnovation.com,4,3,3,1.3333333333333333,43,16,0,0
/global/archives/tag/2024-q2,eng.sk-on.com,4,1,1,4,11,16,0,0
/global/archives/tag/germany,google,4,3,3,1.3333333333333333,18,19,0,0
/global/,baidu,3,3,3,1,0,9,0,0
/global/,bing,3,4,3,1,18.666666666666668,15,0,0
/global/,cn.bing.com,3,2,2,1.5,22,11,0,0
/global/,newsletter,3,2,2,1.5,2.5,11,0,0
/global/archives/1043,google,3,3,3,1,9.666666666666666,15,0,0
/global/archives/10835,google,3,3,3,1,7.666666666666667,12,0,0
/global/archives/10897,google,3,3,3,1,32.333333333333336,13,0,0
/global/archives/11527,google,3,5,2,1.5,8.5,14,0,0
/global/archives/11596,skenergy.com,3,2,2,1.5,41,13,0,0
/global/archives/11807,bing,3,2,1,3,1588,13,0,0
/global/archives/11807,google,3,3,3,1,11.666666666666666,15,0,0
/global/archives/12220,google,3,2,2,1.5,34,13,0,0
/global/archives/13329,(direct),3,3,3,1,0,12,0,0
/global/archives/13329,google,3,4,3,1,4.333333333333333,13,0,0
/global/archives/14243,(direct),3,3,3,1,9.666666666666666,9,0,0
/global/archives/14565,google,3,3,3,1,4,14,0,0
/global/archives/14628,google,3,4,3,1,18,15,0,0
/global/archives/14962,google,3,1,1,3,30,12,0,0
/global/archives/15353,google,3,3,3,1,8.333333333333334,14,0,0
/global/archives/15462,(direct),3,4,4,0.75,7.25,11,0,0
/global/archives/15664,(direct),3,2,2,1.5,0,8,0,0
/global/archives/15664,bing,3,3,3,1,10,13,0,0
/global/archives/15664,skinnovation.com,3,1,1,3,175,9,0,0
/global/archives/15840,google,3,3,2,1.5,14.5,12,0,0
/global/archives/16131,google,3,3,2,1.5,20,12,0,0
/global/archives/16376,google,3,4,2,1.5,5,13,0,0
/global/archives/16463,(direct),3,4,3,1,4.333333333333333,16,0,0
/global/archives/16624,google,3,4,3,1,28,14,0,0
/global/archives/16787,google,3,3,3,1,15.333333333333334,12,0,0
/global/archives/17169,google,3,3,2,1.5,0,11,0,0
/global/archives/17426,eng.sk-on.com,3,2,2,1.5,23,10,0,0
/global/archives/17476,google,3,3,3,1,49.666666666666664,14,0,0
/global/archives/18065,bing,3,5,2,1.5,2,17,0,0
/global/archives/18140,(direct),3,3,3,1,0.3333333333333333,13,0,0
/global/archives/18167,(direct),3,4,3,1,10,13,0,0
/global/archives/18208,(direct),3,3,3,1,1,13,0,0
/global/archives/18301,(direct),3,3,3,1,0,12,0,0
/global/archives/18361,(direct),3,3,3,1,56.333333333333336,11,0,0
/global/archives/18388,linkedin.com,3,3,2,1.5,15,9,0,0
/global/archives/18388,skinnovation.com,3,3,3,1,8.333333333333334,11,0,0
/global/archives/18421,google,3,3,3,1,27.333333333333332,14,0,0
/global/archives/18421,skinnovation.com,3,2,2,1.5,2.5,10,0,0
/global/archives/18436,skinnovation.com,3,3,3,1,3.3333333333333335,14,0,0
/global/archives/18445,(direct),3,3,3,1,66,12,0,0
/global/archives/18478,skenmove.com,3,2,2,1.5,14,11,0,0
/global/archives/18500,google,3,3,3,1,8.333333333333334,12,0,0
/global/archives/18571,google,3,5,3,1,0.6666666666666666,16,0,0
/global/archives/18571,newsletter,3,3,3,1,13,12,0,0
/global/archives/2293,google,3,3,3,1,27.666666666666668,13,0,0
/global/archives/2329,google,3,4,2,1.5,5,12,0,0
/global/archives/3123,(direct),3,4,1,3,0,12,0,0
/global/archives/3820,bing,3,1,1,3,79,12,0,0
/global/archives/4751,google,3,2,1,3,882,13,0,0
/global/archives/4776,cn.bing.com,3,3,2,1.5,5.5,10,0,0
/global/archives/5129,google,3,2,2,1.5,32,14,0,0
/global/archives/5310,(direct),3,2,1,3,15,10,0,0
/global/archives/6150,(direct),3,3,1,3,312,11,0,0
/global/archives/6313,(direct),3,4,4,0.75,12.25,9,0,0
/global/archives/6343,(direct),3,3,3,1,0.6666666666666666,12,0,0
/global/archives/6343,google,3,3,3,1,17.333333333333332,15,0,0
/global/archives/7043,google,3,2,2,1.5,37,11,0,0
/global/archives/7112,google,3,4,3,1,4.666666666666667,14,0,0
/global/archives/7262,google,3,3,3,1,16.333333333333332,10,0,0
/global/archives/7445,(direct),3,3,3,1,0,12,0,0
/global/archives/9668,(direct),3,3,3,1,27,15,0,0
/global/archives/9709,google,3,4,3,1,36.666666666666664,17,0,0
/global/archives/category/corporates/sk-enmove,skenmove.com,3,2,2,1.5,13.5,9,0,0
/global/archives/category/corporates/sk-rading-international,google,3,3,3,1,11,11,0,0
/global/archives/category/corporates/sk-rading-international,skinnovation.com,3,1,1,3,0,7,0,0
/global/archives/category/insight/expert-voice,(direct),3,3,3,1,0,12,0,0
/global/archives/category/insight/trend_report,(direct),3,3,3,1,0,12,0,0
/global/archives/category/insight/trend_report,skinnovation.com,3,3,3,1,23.666666666666668,11,0,0
/global/archives/category/people,google,3,2,2,1.5,5.5,12,0,0
/global/archives/category/people/inno-people,google,3,2,2,1.5,13.5,11,0,0
/global/archives/category/press-room,skinnovation.com,3,3,3,1,20.333333333333332,11,0,0
/global/archives/category/press-room/issue-fact,(direct),3,3,3,1,9,13,0,0
/global/archives/category/press-room/press-release,marklines.com,3,1,1,3,95,11,0,0
/global/archives/category/social-value/csr-program,(direct),3,3,3,1,9.333333333333334,14,0,0
/global/archives/tag/aromatic-polyamide,google,3,1,1,3,27,12,0,0
/global/archives/tag/carbon-capture-and-storage,google,3,1,1,3,40,11,0,0
/global/archives/tag/f-150-lightning,google,3,2,2,1.5,9,13,0,0
/global/archives/tag/pbt,google,3,1,1,3,19,12,0,0
/global/archives/tag/sk-innovation,(direct),3,2,2,1.5,4.5,11,0,0
/global/archives/tag/sk-primacor-europe,google,3,2,2,1.5,7.5,13,0,0
/global/archives/tag/skei-singapore,google,3,2,2,1.5,11.5,14,0,0
/global/archives/tag/sko,google,3,3,3,1,33.666666666666664,15,0,0
/global/archives/tag/skoh,google,3,3,3,1,58,15,0,0
/global/archives/tag/zhejiang-satellite-petrochemical,google,3,3,2,1.5,60.5,15,0,0
/global/c3VzdGFpbm,(direct),3,3,3,1,4,16,0,0
/global/family-site-links,(direct),3,3,3,1,0,11,0,0
/global/latestnews,skenmove.com,3,1,1,3,48,10,0,0
/global/privacy-policy,google,3,3,2,1.5,74,11,0,0
/global/,chn.skgeocentric.com,2,1,1,2,51,8,0,0
/global/,eng.skearthon.com,2,1,1,2,48,9,0,0
/global/,linkedin.com,2,2,1,2,2,8,0,0
/global/,skenmove.com,2,2,2,1,19.5,9,0,0
/global/,usc-excel.officeapps.live.com,2,3,1,2,5,10,0,0
/global/archives/10310,google,2,1,1,2,32,9,0,0
/global/archives/10767,google,2,2,2,1,31,8,0,0
/global/archives/10774,(direct),2,2,2,1,0,6,0,0
/global/archives/10802,(direct),2,2,2,1,0,6,0,0
/global/archives/10835,bing,2,2,1,2,0,7,0,0
/global/archives/10913,(direct),2,2,1,2,1,9,0,0
/global/archives/10913,google,2,2,2,1,20.5,9,0,0
/global/archives/1114,google,2,2,2,1,31,9,0,0
/global/archives/11214,google,2,2,2,1,13.5,10,0,0
/global/archives/11527,usc-excel.officeapps.live.com,2,1,1,2,10,6,0,0
/global/archives/11537,google,2,2,2,1,10,10,0,0
/global/archives/11853,google,2,3,2,1,17,8,0,0
/global/archives/11955,google,2,1,1,2,128,8,0,0
/global/archives/12036,google,2,2,2,1,40.5,9,0,0
/global/archives/12091,google,2,2,2,1,5.5,9,0,0
/global/archives/12106,(direct),2,2,2,1,7,9,0,0
/global/archives/12190,google,2,2,2,1,15.5,6,0,0
/global/archives/12269,google,2,3,2,1,24,10,0,0
/global/archives/12293,google,2,3,2,1,0,7,0,0
/global/archives/12306,(direct),2,2,1,2,60,7,0,0
/global/archives/12389,google,2,2,2,1,13,8,0,0
/global/archives/13018,google,2,1,1,2,21,8,0,0
/global/archives/13103,google,2,2,2,1,0,8,0,0
/global/archives/13184,google,2,2,2,1,75,9,0,0
/global/archives/13313,(direct),2,3,1,2,14,10,0,0
/global/archives/13437,google,2,3,2,1,16,11,0,0
/global/archives/13595/3-5-2,lens.google.com,2,1,1,2,4,8,0,0
/global/archives/13780,(direct),2,2,2,1,29,9,0,0
/global/archives/13804,google,2,3,2,1,16.5,11,0,0
/global/archives/14078,google,2,2,2,1,12.5,11,0,0
/global/archives/14179,(direct),2,1,1,2,27,7,0,0
/global/archives/14179,google,2,2,2,1,35,10,0,0
/global/archives/14219,(direct),2,2,2,1,6,7,0,0
/global/archives/14384,google,2,1,1,2,16,8,0,0
/global/archives/14493,google,2,2,2,1,0,8,0,0
/global/archives/14541,google,2,2,2,1,31.5,10,0,0
/global/archives/14690,google,2,2,1,2,9,8,0,0
/global/archives/14740,bing,2,1,1,2,47,9,0,0
/global/archives/14766,google,2,2,2,1,19.5,9,0,0
/global/archives/14788,(direct),2,2,1,2,0,5,0,0
/global/archives/15153,google,2,1,1,2,198,8,0,0
/global/archives/15490,(direct),2,2,2,1,23,8,0,0
/global/archives/15574,(direct),2,1,1,2,10,8,0,0
/global/archives/15687,(direct),2,2,2,1,26.5,8,0,0
/global/archives/15760,google,2,2,2,1,18,9,0,0
/global/archives/16025,google,2,2,2,1,31,9,0,0
/global/archives/16187,google,2,2,2,1,0,7,0,0
/global/archives/16286,(direct),2,2,1,2,4,10,0,0
/global/archives/16334,google,2,2,2,1,22.5,10,0,0
/global/archives/16376,bing,2,2,2,1,25.5,10,0,0
/global/archives/16719,(direct),2,2,1,2,1473,9,0,0
/global/archives/16834,bing,2,1,1,2,11,9,0,0
/global/archives/16925,google,2,2,2,1,7,7,0,0
/global/archives/17022,google,2,2,1,2,0,7,0,0
/global/archives/17134,(direct),2,3,2,1,0,10,0,0
/global/archives/17216,(direct),2,3,2,1,36,9,0,0
/global/archives/1722,google,2,2,2,1,4,9,0,0
/global/archives/17446,(direct),2,3,2,1,5,10,0,0
/global/archives/17446,skinnovation.com,2,1,1,2,21,7,0,0
/global/archives/17623,(direct),2,2,2,1,0,7,0,0
/global/archives/17817,bing,2,2,2,1,0,8,0,0
/global/archives/17863,google,2,1,1,2,32,7,0,0
/global/archives/17950,google,2,2,2,1,68,8,0,0
/global/archives/17978,google,2,1,1,2,0,6,0,0
/global/archives/17978,news.google.com,2,2,2,1,0,8,0,0
/global/archives/17989,google,2,2,2,1,13,8,0,0
/global/archives/17990,google,2,2,2,1,15.5,9,0,0
/global/archives/18022,(direct),2,2,2,1,0.5,9,0,0
/global/archives/18022,google,2,2,2,1,15,9,0,0
/global/archives/18361,skinnovation.com,2,1,1,2,23,7,0,0
/global/archives/18374,(direct),2,2,2,1,183.5,8,0,0
/global/archives/18546,m.facebook.com,2,2,2,1,0,9,0,0
/global/archives/18546,relay.gir.services.gs.com,2,2,1,2,10,9,0,0
/global/archives/18546,skenmove.com,2,2,2,1,12,7,0,0
/global/archives/298,google,2,2,2,1,21,10,0,0
/global/archives/3123,google,2,4,2,1,0,12,0,0
/global/archives/3464,google,2,2,2,1,89.5,9,0,0
/global/archives/3962,bing,2,2,2,1,23.5,9,0,0
/global/archives/4146,google,2,2,2,1,90,10,0,0
/global/archives/4308,google,2,2,2,1,4,9,0,0
/global/archives/4309,cn.bing.com,2,2,2,1,20,10,0,0
/global/archives/4612,google,2,1,1,2,35,9,0,0
/global/archives/4812,google,2,2,1,2,3,8,0,0
/global/archives/5040,google,2,2,2,1,3.5,10,0,0
/global/archives/6014,google,2,2,2,1,128,9,0,0
/global/archives/6216,dropbox.com,2,3,2,1,4.5,11,0,0
/global/archives/631,google,2,1,1,2,50,10,0,0
/global/archives/6517,google,2,3,2,1,4,10,0,0
/global/archives/6807,bing,2,2,2,1,68,10,0,0
/global/archives/7168,google,2,2,2,1,40,6,0,0
/global/archives/7292,(direct),2,2,2,1,16,8,0,0
/global/archives/733,google,2,2,2,1,35,9,0,0
/global/archives/7476,google,2,2,1,2,0,7,0,0
/global/archives/9480,google,2,3,1,2,0,8,0,0
/global/archives/9548,cafe.naver.com,2,3,2,1,5,12,0,0
/global/archives/9548,m.cafe.naver.com,2,2,2,1,3,9,0,0
/global/archives/9770,google,2,1,1,2,7,7,0,0
/global/archives/9910,l.instagram.com,2,2,1,2,0,7,0,0
/global/archives/category/corporate/sk-enmove,google,2,1,1,2,13,7,0,0
/global/archives/category/corporates,eng.sk-on.com,2,2,2,1,69,8,0,0
/global/archives/category/corporates,skenergy.com,2,2,2,1,29.5,8,0,0
/global/archives/category/corporates,skinnovation.com,2,2,2,1,20.5,7,0,0
/global/archives/category/corporates,usc-excel.officeapps.live.com,2,1,1,2,2,8,0,0
/global/archives/category/corporates/sk-earthon,eng.skgeocentric.com,2,2,1,2,6,8,0,0
/global/archives/category/corporates/sk-enmove,eng.skgeocentric.com,2,2,1,2,3,8,0,0
/global/archives/category/corporates/sk-enterm,eng.skgeocentric.com,2,2,1,2,7,7,0,0
/global/archives/category/corporates/sk-geo-centric,eng.skglobalchemical.com,2,1,1,2,109,8,0,0
/global/archives/category/corporates/sk-ie-technology,eng.skgeocentric.com,2,2,1,2,5,8,0,0
/global/archives/category/corporates/sk-incheon-petrochem,eng.skgeocentric.com,2,2,1,2,3,8,0,0
/global/archives/category/corporates/sk-incheon-petrochem,sktradinginternational.com,2,2,1,2,0,5,0,0
/global/archives/category/corporates/sk-on,eng.skgeocentric.com,2,2,1,2,4,8,0,0
/global/archives/category/corporates/sk-on,linkedin.com,2,2,2,1,21,7,0,0
/global/archives/category/corporates/sk-rading-international,eng.skgeocentric.com,2,2,1,2,4,9,0,0
/global/archives/category/corporates/sk-rading-international,uk.search.yahoo.com,2,1,1,2,16,6,0,0
/global/archives/category/insight,chn.skgeocentric.com,2,1,1,2,28,8,0,0
/global/archives/category/insight,skenmove.com,2,2,2,1,9.5,8,0,0
/global/archives/category/insight/expert-voice,google,2,2,2,1,11.5,7,0,0
/global/archives/category/insight/trend_report,linkedin.com,2,1,1,2,4,8,0,0
/global/archives/category/people,skenmove.com,2,2,2,1,7,8,0,0
/global/archives/category/people,skinnovation.com,2,1,1,2,13,8,0,0
/global/archives/category/people,usc-excel.officeapps.live.com,2,1,1,2,5,7,0,0
/global/archives/category/people/inno-people,skinnovation.com,2,2,2,1,11.5,8,0,0
/global/archives/category/people/onsite-report,google,2,2,2,1,11,8,0,0
/global/archives/category/press-room,sktradinginternational.com,2,2,1,2,4,9,0,0
/global/archives/category/press-room/financial-results,bing,2,2,2,1,15,7,0,0
/global/archives/tag/2024-q2,google,2,1,1,2,4,8,0,0
/global/archives/tag/battery,google,2,2,2,1,121,8,0,0
/global/archives/tag/blueovalsk,google,2,1,1,2,42,8,0,0
/global/archives/tag/board-of-directors,(direct),2,2,1,2,0,7,0,0
/global/archives/tag/board-of-directors,google,2,1,1,2,34,8,0,0
/global/archives/tag/drive-thru-job-fair,google,2,1,1,2,13,7,0,0
/global/archives/tag/financial-results,google,2,2,2,1,4,8,0,0
/global/archives/tag/indeung-mountain,google,2,1,1,2,13,9,0,0
/global/archives/tag/lithium-ion-batteries,google,2,1,1,2,11,7,0,0
/global/archives/tag/lithium-ion-battery,google,2,2,2,1,5.5,9,0,0
/global/archives/tag/military,google,2,3,1,2,6,10,0,0
/global/archives/tag/nmc,google,2,1,1,2,5,7,0,0
/global/archives/tag/rhee-jang-weon,google,2,1,1,2,39,10,0,0
/global/archives/tag/russia,(direct),2,1,1,2,8,7,0,0
/global/archives/tag/sk-block-427,google,2,2,2,1,1,8,0,0
/global/archives/tag/skba,google,2,2,1,2,7,8,0,0
/global/archives/tag/ulsan-clx,google,2,2,2,1,17,10,0,0
/global/terms-and-conditions,marklines.com,2,1,1,2,17,7,0,0
/global/,chn.sk-on.com,1,1,1,1,35,6,0,0
/global/,electrive.net,1,1,1,1,3,3,0,0
/global/,eng.skgeocentric.com,1,1,1,1,30,5,0,0
/global/,eng.skglobalchemical.com,1,1,1,1,20,5,0,0
/global/,eng.skietechnology.com,1,1,1,1,0,4,0,0
/global/,translate.google.com,1,1,1,1,12,4,0,0
/global/**,notion.so,1,1,1,1,1,5,0,0
/global/archives,(direct),1,1,1,1,2,6,0,0
/global/archives/10133,(direct),1,1,1,1,87,4,0,0
/global/archives/10159,google,1,2,1,1,312,7,0,0
/global/archives/10206,google,1,1,1,1,33,4,0,0
/global/archives/10276,google,1,1,1,1,20,4,0,0
/global/archives/10326,google,1,1,1,1,28,6,0,0
/global/archives/1043,bing,1,1,1,1,10,5,0,0
/global/archives/10445,google,1,1,1,1,34,5,0,0
/global/archives/10535,bing,1,1,1,1,64,5,0,0
/global/archives/10535,google,1,1,1,1,49,6,0,0
/global/archives/10697,(direct),1,1,1,1,1,4,0,0
/global/archives/10802,bing,1,1,1,1,48,5,0,0
/global/archives/10872,google,1,2,1,1,33,3,0,0
/global/archives/11037,google,1,1,1,1,2,5,0,0
/global/archives/11082,google,1,1,1,1,23,4,0,0
/global/archives/11342,google,1,1,1,1,4,5,0,0
/global/archives/11400,ecosia.org,1,1,1,1,2,3,0,0
/global/archives/11400,google,1,1,1,1,4,5,0,0
/global/archives/11415,google,1,1,1,1,14,4,0,0
/global/archives/11415,usc-excel.officeapps.live.com,1,2,1,1,6,6,0,0
/global/archives/11429,google,1,1,1,1,30,5,0,0
/global/archives/11475,google,1,1,1,1,8,5,0,0
/global/archives/11623,(direct),1,1,1,1,0,1,0,0
/global/archives/1175,google,1,1,1,1,9,5,0,0
/global/archives/11807,cn.bing.com,1,1,1,1,40,5,0,0
/global/archives/11853,usc-excel.officeapps.live.com,1,1,1,1,24,4,0,0
/global/archives/11992,(direct),1,1,1,1,0,4,0,0
/global/archives/11992,google,1,2,1,1,0,6,0,0
/global/archives/12022,bing,1,1,1,1,6,5,0,0
/global/archives/12036,(direct),1,1,1,1,0,4,0,0
/global/archives/12118,(direct),1,1,1,1,0,3,0,0
/global/archives/12147,google,1,1,1,1,4,3,0,0
/global/archives/12147,usc-excel.officeapps.live.com,1,1,1,1,16,3,0,0
/global/archives/12190,usc-excel.officeapps.live.com,1,1,1,1,30,4,0,0
/global/archives/12237,google,1,1,1,1,1,2,0,0
/global/archives/1237,google,1,1,1,1,25,5,0,0
/global/archives/12373,google,1,1,1,1,23,6,0,0
/global/archives/12483,google,1,1,1,1,11,5,0,0
/global/archives/12610,google,1,1,1,1,54,5,0,0
/global/archives/12667,(direct),1,1,1,1,75,5,0,0
/global/archives/12692,google,1,1,1,1,41,4,0,0
/global/archives/12878,bing,1,1,1,1,33,4,0,0
/global/archives/12878,google,1,1,1,1,7,4,0,0
/global/archives/13036,google,1,1,1,1,3,5,0,0
/global/archives/13060,google,1,1,1,1,7,4,0,0
/global/archives/13130,(direct),1,1,1,1,0,3,0,0
/global/archives/13130,google,1,2,2,0.5,30.5,4,0,0
/global/archives/13230,bing,1,1,1,1,31,6,0,0
/global/archives/13230,google,1,1,1,1,0,4,0,0
/global/archives/13256,google,1,1,1,1,20,4,0,0
/global/archives/13374,google,1,1,1,1,0,4,0,0
/global/archives/13413,google,1,1,1,1,0,1,0,0
/global/archives/13443,(direct),1,1,1,1,0,4,0,0
/global/archives/13521,azureford.sharepoint.com,1,1,1,1,118,6,0,0
/global/archives/13521,bing,1,1,0,0,0,3,0,0
/global/archives/13544,google,1,1,1,1,6,5,0,0
/global/archives/13748,google,1,1,1,1,4,5,0,0
/global/archives/13850,google,1,1,1,1,36,4,0,0
/global/archives/13879,google,1,1,1,1,6,5,0,0
/global/archives/1398,google,1,2,1,1,0,6,0,0
/global/archives/13981,google,1,1,1,1,0,4,0,0
/global/archives/1399,(direct),1,1,1,1,33,5,0,0
/global/archives/1399,bing,1,1,1,1,19,6,0,0
/global/archives/14004,google,1,1,1,1,7,4,0,0
/global/archives/14179,usc-excel.officeapps.live.com,1,1,1,1,16,4,0,0
/global/archives/14193,chatgpt.com,1,1,1,1,33,5,0,0
/global/archives/14193,google,1,1,1,1,12,5,0,0
/global/archives/14226,(direct),1,1,1,1,25,6,0,0
/global/archives/14264,google,1,1,1,1,25,4,0,0
/global/archives/14302,usc-excel.officeapps.live.com,1,1,1,1,10,4,0,0
/global/archives/14333,google,1,2,1,1,0,6,0,0
/global/archives/14354,(direct),1,1,1,1,0,4,0,0
/global/archives/14384,bing,1,1,1,1,0,2,0,0
/global/archives/14491,bing,1,1,1,1,24,5,0,0
/global/archives/14491,eng.sk-on.com,1,1,1,1,0,3,0,0
/global/archives/14493,(direct),1,1,1,1,0,3,0,0
/global/archives/14565,usc-excel.officeapps.live.com,1,1,1,1,7,3,0,0
/global/archives/14688,google,1,1,1,1,8,4,0,0
/global/archives/14740,google,1,1,1,1,0,3,0,0
/global/archives/14740,linkedin.com,1,1,1,1,0,5,0,0
/global/archives/14766,(direct),1,1,1,1,40,6,0,0
/global/archives/14800,google,1,1,1,1,39,5,0,0
/global/archives/14800,newsletter,1,1,1,1,12,4,0,0
/global/archives/14803,newsletter,1,1,1,1,2,4,0,0
/global/archives/1493,google,1,1,1,1,20,6,0,0
/global/archives/15007,skenergy.com,1,1,1,1,191,5,0,0
/global/archives/15067,bing,1,1,1,1,25,5,0,0
/global/archives/15067,google,1,1,1,1,16,5,0,0
/global/archives/15103,google,1,1,1,1,0,3,0,0
/global/archives/15204,bing,1,1,1,1,5,4,0,0
/global/archives/15204,usc-excel.officeapps.live.com,1,1,1,1,12,4,0,0
/global/archives/15259,(direct),1,1,1,1,34,6,0,0
/global/archives/15374,(direct),1,1,1,1,0,2,0,0
/global/archives/15374,skinnovation.com,1,1,1,1,14,4,0,0
/global/archives/15462,eng.sk-on.com,1,1,1,1,31,3,0,0
/global/archives/15490,usc-excel.officeapps.live.com,1,1,1,1,25,4,0,0
/global/archives/15574,skenmove.com,1,1,1,1,17,6,0,0
/global/archives/15654,google,1,1,1,1,41,5,0,0
/global/archives/15664,usc-excel.officeapps.live.com,1,1,1,1,17,4,0,0
/global/archives/15687,skenmove.com,1,1,1,1,37,5,0,0
/global/archives/15937,(direct),1,1,1,1,37,3,0,0
/global/archives/15985,usc-excel.officeapps.live.com,1,1,1,1,6,4,0,0
/global/archives/16060,baidu,1,1,1,1,0,3,0,0
/global/archives/16169,google,1,1,1,1,0,4,0,0
/global/archives/16376,skinnovation.com,1,1,1,1,23,3,0,0
/global/archives/16376,usc-excel.officeapps.live.com,1,1,1,1,15,4,0,0
/global/archives/16448,(direct),1,1,1,1,167,4,0,0
/global/archives/16463,bing,1,1,1,1,8,4,0,0
/global/archives/16463,usc-excel.officeapps.live.com,1,1,1,1,4,3,0,0
/global/archives/16480,google,1,1,1,1,104,4,0,0
/global/archives/16480,usc-excel.officeapps.live.com,1,1,1,1,11,4,0,0
/global/archives/16493,(direct),1,2,1,1,170,4,0,0
/global/archives/16532,bing,1,1,1,1,102,4,0,0
/global/archives/16532,skenergy.com,1,1,1,1,32,3,0,0
/global/archives/16738,google,1,1,1,1,164,6,0,0
/global/archives/16787,ecosia.org,1,1,1,1,28,4,0,0
/global/archives/16834,(direct),1,2,1,1,0,6,0,0
/global/archives/16881,(direct),1,1,1,1,0,4,0,0
/global/archives/16952,(direct),1,1,1,1,0,4,0,0
/global/archives/16970,(direct),1,1,1,1,0,4,0,0
/global/archives/16980,(direct),1,1,1,1,0,5,0,0
/global/archives/16980,google,1,1,1,1,27,5,0,0
/global/archives/17010,google,1,1,1,1,4,4,0,0
/global/archives/17010,usc-excel.officeapps.live.com,1,1,1,1,9,4,0,0
/global/archives/17134,google,1,1,1,1,0,2,0,0
/global/archives/17144,(direct),1,1,1,1,0,4,0,0
/global/archives/17169,bing,1,2,1,1,0,6,0,0
/global/archives/17169,usc-excel.officeapps.live.com,1,1,1,1,15,3,0,0
/global/archives/17216,usc-excel.officeapps.live.com,1,1,1,1,12,4,0,0
/global/archives/1722,(direct),1,1,1,1,3,6,0,0
/global/archives/17292,google,1,1,1,1,0,4,0,0
/global/archives/17313,google,1,1,1,1,0,3,0,0
/global/archives/17356,(direct),1,1,1,1,20,5,0,0
/global/archives/17386,(direct),1,1,1,1,0,4,0,0
/global/archives/1744,google,1,2,1,1,0,6,0,0
/global/archives/17446,usc-excel.officeapps.live.com,1,1,1,1,8,4,0,0
/global/archives/17514,news.google.com,1,1,1,1,0,4,0,0
/global/archives/17569,(direct),1,2,1,1,0,3,0,0
/global/archives/17595,electrive.net,1,1,1,1,27,6,0,0
/global/archives/17595,skinnovation.com,1,1,1,1,1,3,0,0
/global/archives/17595,usc-excel.officeapps.live.com,1,1,1,1,0,2,0,0
/global/archives/1768,google,1,1,1,1,75,5,0,0
/global/archives/17697,(direct),1,1,1,1,0,4,0,0
/global/archives/17697,google,1,1,1,1,170,5,0,0
/global/archives/17737,(direct),1,1,1,1,0,5,0,0
/global/archives/17817,usc-excel.officeapps.live.com,1,1,1,1,8,4,0,0
/global/archives/17844,(direct),1,1,1,1,0,5,0,0
/global/archives/17863,(direct),1,1,1,1,1,4,0,0
/global/archives/17893,(direct),1,1,1,1,0,4,0,0
/global/archives/17950,bing,1,1,1,1,18,4,0,0
/global/archives/17950,usc-excel.officeapps.live.com,1,2,1,1,0,5,0,0
/global/archives/17965,(direct),1,1,1,1,0,4,0,0
/global/archives/17978,eng.skglobalchemical.com,1,1,1,1,29,4,0,0
/global/archives/17989,(direct),1,1,1,1,22,4,0,0
/global/archives/17989,eng.sk-on.com,1,1,1,1,6,4,0,0
/global/archives/17989,linkedin.com,1,2,1,1,0,5,0,0
/global/archives/17989,news.google.com,1,1,1,1,0,3,0,0
/global/archives/17989,usc-excel.officeapps.live.com,1,1,1,1,12,4,0,0
/global/archives/17990,bing,1,1,1,1,12,4,0,0
/global/archives/18022,skinnovation.com,1,1,1,1,22,6,0,0
/global/archives/18065,skinnovation.com,1,1,1,1,4,3,0,0
/global/archives/18076,(direct),1,1,1,1,1,4,0,0
/global/archives/18167,google,1,1,1,1,10,4,0,0
/global/archives/18167,link.naver.com,1,1,1,1,108,5,0,0
/global/archives/18167,linkedin.com,1,1,1,1,1,4,0,0
/global/archives/18268,(direct),1,1,1,1,0,5,0,0
/global/archives/18283,eng.sk-on.com,1,1,1,1,18,3,0,0
/global/archives/18283,pushevs.com,1,1,1,1,0,3,0,0
/global/archives/18332,link.naver.com,1,1,1,1,308,4,0,0
/global/archives/18332,linkedin.com,1,2,1,1,0,5,0,0
/global/archives/18361,bing,1,1,1,1,21,4,0,0
/global/archives/18361,eng.sk-on.com,1,1,1,1,149,4,0,0
/global/archives/18361,skenmove.com,1,2,1,1,35,6,0,0
/global/archives/18374,eng.sk-on.com,1,1,1,1,78,4,0,0
/global/archives/18374,linkedin.com,1,1,1,1,0,2,0,0
/global/archives/18388,eng.sk-on.com,1,1,1,1,227,3,0,0
/global/archives/18421,notion.so,1,1,1,1,0,4,0,0
/global/archives/18436,cn.bing.com,1,1,1,1,13,3,0,0
/global/archives/18445,eng.sk-on.com,1,1,1,1,0,3,0,0
/global/archives/18478,bing,1,1,1,1,4,4,0,0
/global/archives/18478,cn.bing.com,1,1,1,1,38,4,0,0
/global/archives/18478,eng.sk-on.com,1,1,1,1,0,3,0,0
/global/archives/18478,linkedin.com,1,1,0,0,0,3,0,0
/global/archives/18478,naver,1,1,1,1,8,5,0,0
/global/archives/18478,newsletter,1,1,1,1,6,4,0,0
/global/archives/18478,skinnovation.com,1,1,1,1,22,6,0,0
/global/archives/18478,teslarati.com,1,1,1,1,9,5,0,0
/global/archives/18500,skinnovation.com,1,1,0,0,0,2,0,0
/global/archives/18546,chn.sk-on.com,1,1,1,1,67,4,0,0
/global/archives/18546,lnkd.in,1,2,1,1,1,7,0,0
/global/archives/18546,newsletter,1,1,1,1,2,4,0,0
/global/archives/18546,publishing.gs.com,1,1,1,1,84,5,0,0
/global/archives/18546/1/010001910e667c2f-78107489-87c5-4626-b322-0310fb177698-000000/_qDNBEWgvReEqSWNfOSiHmurr1Pqj2npPxKUTqlfocM=364,(direct),1,1,1,1,0,4,0,0
/global/archives/18546/1/010001910e669c68-e6cf72fc-fac5-436e-9879-3b2bb0137db9-000000/wx4E2kULopkBO2mBSMiDr9ZizdN1IHbXi0DRGqOzu6Y=364,(direct),1,1,1,1,0,4,0,0
/global/archives/18546/1/010001910e66b59b-b5f39423-8224-4264-93b3-7b0c7d5969f5-000000/HTxpc1LEb1ctrjN0MjGIEUymnHEy7ABJTgbdnTIGr4w=364,(direct),1,1,1,1,0,4,0,0
/global/archives/18571,(not set),1,1,1,1,36,2,0,0
/global/archives/18571,linkedin.com,1,1,1,1,0,4,0,0
/global/archives/18571,news.google.com,1,1,1,1,0,4,0,0
/global/archives/18571,skinnovation.com,1,2,1,1,141,4,0,0
/global/archives/18608,baidu,1,1,1,1,0,3,0,0
/global/archives/18608,cn.bing.com,1,2,1,1,14,6,0,0
/global/archives/18608,newsletter,1,2,1,1,0,5,0,0
/global/archives/18608,sktradinginternational.com,1,1,1,1,14,4,0,0
/global/archives/1960,google,1,1,1,1,379,4,0,0
/global/archives/2212,google,1,2,1,1,114,6,0,0
/global/archives/2241,google,1,1,1,1,7,5,0,0
/global/archives/255,google,1,1,1,1,0,4,0,0
/global/archives/2675,bing,1,1,1,1,26,5,0,0
/global/archives/2761,google,1,1,1,1,10,4,0,0
/global/archives/2837,google,1,1,1,1,21,5,0,0
/global/archives/3005,google,1,1,1,1,44,5,0,0
/global/archives/3032,google,1,1,1,1,12,5,0,0
/global/archives/311,google,1,1,1,1,42,5,0,0
/global/archives/3393,google,1,1,1,1,119,5,0,0
/global/archives/3473,google,1,1,1,1,12,4,0,0
/global/archives/349,google,1,1,1,1,66,5,0,0
/global/archives/3689,google,1,1,1,1,82,6,0,0
/global/archives/3709,google,1,2,2,0.5,2.5,6,0,0
/global/archives/3783,google,1,2,1,1,0,6,0,0
/global/archives/3786,google,1,1,1,1,14,6,0,0
/global/archives/3962,uk.search.yahoo.com,1,1,1,1,190,6,0,0
/global/archives/4002,google,1,1,1,1,9,5,0,0
/global/archives/4002,uk.search.yahoo.com,1,1,1,1,31,3,0,0
/global/archives/4482,google,1,2,1,1,5,3,0,0
/global/archives/4499,(direct),1,1,1,1,1,4,0,0
/global/archives/4518,duckduckgo,1,1,1,1,0,4,0,0
/global/archives/4518,google,1,1,1,1,23,5,0,0
/global/archives/4518,marklines.com,1,1,1,1,134,5,0,0
/global/archives/4751,news.google.com,1,1,1,1,0,4,0,0
/global/archives/4793,(direct),1,1,1,1,4,5,0,0
/global/archives/4793,google,1,1,1,1,9,5,0,0
/global/archives/497,google,1,1,1,1,127,4,0,0
/global/archives/5016,google,1,1,1,1,7,5,0,0
/global/archives/5205,(direct),1,1,1,1,0,4,0,0
/global/archives/5205,lens.google.com,1,1,1,1,31,5,0,0
/global/archives/5234,google,1,1,1,1,21,5,0,0
/global/archives/5339,google,1,1,0,0,0,4,0,0
/global/archives/5721,(direct),1,1,1,1,3,5,0,0
/global/archives/5772,google,1,1,1,1,0,4,0,0
/global/archives/5892,google,1,1,1,1,17,4,0,0
/global/archives/596,(direct),1,1,1,1,117,5,0,0
/global/archives/5994,(direct),1,2,1,1,415,5,0,0
/global/archives/6150,google,1,1,1,1,75,5,0,0
/global/archives/6216,(direct),1,1,1,1,24,5,0,0
/global/archives/6216,gerdoo.me,1,1,1,1,0,5,0,0
/global/archives/6377,google,1,1,1,1,60,5,0,0
/global/archives/6436,bing,1,1,1,1,3,4,0,0
/global/archives/648,google,1,1,1,1,16,6,0,0
/global/archives/653,google,1,1,1,1,65,4,0,0
/global/archives/6683,google,1,1,1,1,130,5,0,0
/global/archives/6710,google,1,1,1,1,19,5,0,0
/global/archives/6760,bing,1,1,1,1,25,4,0,0
/global/archives/6807,google,1,3,1,1,0,7,0,0
/global/archives/6824,cn.bing.com,1,1,1,1,240,6,0,0
/global/archives/6834,google,1,1,1,1,23,5,0,0
/global/archives/6857,google,1,1,1,1,58,6,0,0
/global/archives/7245,(direct),1,1,1,1,0,4,0,0
/global/archives/7302,google,1,1,1,1,0,4,0,0
/global/archives/7319,(direct),1,1,1,1,4,5,0,0
/global/archives/736,google,1,1,1,1,13,3,0,0
/global/archives/7445,copilot.microsoft.com,1,2,1,1,0,6,0,0
/global/archives/7596,google,1,1,1,1,18,5,0,0
/global/archives/7633,(direct),1,1,1,1,6,5,0,0
/global/archives/7670,google,1,1,1,1,29,3,0,0
/global/archives/7740,bing,1,1,1,1,45,5,0,0
/global/archives/7740,google,1,1,1,1,0,3,0,0
/global/archives/7848,google,1,1,1,1,17,6,0,0
/global/archives/7919,(direct),1,1,1,1,0,3,0,0
/global/archives/7961,google,1,1,1,1,20,5,0,0
/global/archives/7991,google,1,1,1,1,42,4,0,0
/global/archives/8067,google,1,2,1,1,0,4,0,0
/global/archives/8087,google,1,1,1,1,20,5,0,0
/global/archives/8152,google,1,1,1,1,103,4,0,0
/global/archives/8168,google,1,2,1,1,0,5,0,0
/global/archives/822,docs.qq.com,1,2,1,1,84,7,0,0
/global/archives/8230,google,1,1,1,1,1,4,0,0
/global/archives/8327,google,1,2,1,1,0,6,0,0
/global/archives/8350,google,1,1,1,1,11,5,0,0
/global/archives/8360,(direct),1,1,0,0,0,3,0,0
/global/archives/8360,gemini.google.com,1,1,1,1,93,4,0,0
/global/archives/8360,google,1,2,1,1,0,6,0,0
/global/archives/8428,google,1,1,1,1,20,5,0,0
/global/archives/8899,google,1,2,1,1,0,4,0,0
/global/archives/8914,google,1,1,1,1,4,5,0,0
/global/archives/9191,(direct),1,1,1,1,0,4,0,0
/global/archives/9191,google,1,1,1,1,17,5,0,0
/global/archives/926,google,1,1,1,1,13,5,0,0
/global/archives/9286,google,1,1,1,1,1401,4,0,0
/global/archives/9493,(direct),1,1,1,1,0,4,0,0
/global/archives/9509,(direct),1,1,1,1,2,5,0,0
/global/archives/9509,google,1,1,1,1,27,5,0,0
/global/archives/9548,naver.com,1,1,1,1,53,5,0,0
/global/archives/9616,sktradinginternational.com,1,1,1,1,35,6,0,0
/global/archives/9695,google,1,1,1,1,39,5,0,0
/global/archives/9837,google,1,1,1,1,0,4,0,0
/global/archives/9877,google,1,1,1,1,26,5,0,0
/global/archives/9893,(direct),1,1,1,1,0,4,0,0
/global/archives/9893,google,1,2,1,1,0,6,0,0
/global/archives/9908,google,1,1,1,1,1,5,0,0
/global/archives/9910,bing,1,1,1,1,3,5,0,0
/global/archives/9910,malaysia.search.yahoo.com,1,1,0,0,0,3,0,0
/global/archives/9978,google,1,1,1,1,0,4,0,0
/global/archives/category/ces/ces-2022-ces-2022,(direct),1,1,1,1,0,4,0,0
/global/archives/category/ces/ces-2023,(direct),1,1,1,1,0,4,0,0
/global/archives/category/ces/ces-2024,(direct),1,1,1,1,18,5,0,0
/global/archives/category/ces/previous,(direct),1,1,1,1,0,4,0,0
/global/archives/category/corporate/sk-energy,(direct),1,1,1,1,4,4,0,0
/global/archives/category/corporate/sk-energy,electrive.net,1,1,1,1,0,2,0,0
/global/archives/category/corporate/sk-on,skinnovation.com,1,1,1,1,4,4,0,0
/global/archives/category/corporates/sk-earthon,sktradinginternational.com,1,1,1,1,10,3,0,0
/global/archives/category/corporates/sk-energy,bing,1,1,1,1,12,4,0,0
/global/archives/category/corporates/sk-energy,skenmove.com,1,1,1,1,14,3,0,0
/global/archives/category/corporates/sk-enterm,eng.sk-on.com,1,1,1,1,13,3,0,0
/global/archives/category/corporates/sk-enterm,sktradinginternational.com,1,1,1,1,9,4,0,0
/global/archives/category/corporates/sk-geo-centric,skenmove.com,1,1,1,1,4,3,0,0
/global/archives/category/corporates/sk-ie-technology,google,1,1,1,1,0,3,0,0
/global/archives/category/corporates/sk-innovation,skenergy.com,1,1,1,1,14,4,0,0
/global/archives/category/corporates/sk-on,bing,1,1,1,1,15,4,0,0
/global/archives/category/corporates/sk-on,naver,1,1,1,1,1,5,0,0
/global/archives/category/corporates/sk-on,usc-excel.officeapps.live.com,1,1,1,1,6,4,0,0
/global/archives/category/insight,eng.sk-on.com,1,1,1,1,3,3,0,0
/global/archives/category/insight,skinnovation.com,1,1,1,1,15,4,0,0
/global/archives/category/people,chn.skgeocentric.com,1,1,1,1,6,4,0,0
/global/archives/category/people/inno-people,bing,1,1,1,1,40,5,0,0
/global/archives/category/people/inno-people,eng.skearthon.com,1,1,1,1,43,4,0,0
/global/archives/category/people/inno-people,skenmove.com,1,1,1,1,19,4,0,0
/global/archives/category/people/inno-people,sktradinginternational.com,1,1,1,1,106,4,0,0
/global/archives/category/people/onsite-report,chn.skgeocentric.com,1,1,1,1,80,4,0,0
/global/archives/category/people/sustainability,cn.bing.com,1,1,1,1,39,4,0,0
/global/archives/category/people/sustainability,google,1,1,1,1,6,4,0,0
/global/archives/category/press-room,baidu,1,1,1,1,0,3,0,0
/global/archives/category/press-room,eng.sk-on.com,1,1,1,1,28,4,0,0
/global/archives/category/press-room,usc-excel.officeapps.live.com,1,2,1,1,0,4,0,0
/global/archives/category/press-room/financial-results,chn.skgeocentric.com,1,1,1,1,17,4,0,0
/global/archives/category/press-room/financial-results,skenergy.com,1,1,1,1,1,3,0,0
/global/archives/category/press-room/press-release,chn.skgeocentric.com,1,1,1,1,20,4,0,0
/global/archives/category/press-room/press-release,eng.sk-on.com,1,2,1,1,0,5,0,0
/global/archives/category/press-room/press-release,skenergy.com,1,1,1,1,0,3,0,0
/global/archives/category/social-value/opinions,(direct),1,1,1,1,0,4,0,0
/global/archives/category/social-value/social-enterprise,(direct),1,1,1,1,0,4,0,0
/global/archives/tag/2024-q1,google,1,1,1,1,6,4,0,0
/global/archives/tag/2024-q2,(direct),1,1,1,1,5,3,0,0
/global/archives/tag/2024gmf,(direct),1,1,1,1,0,4,0,0
/global/archives/tag/3r,google,1,1,1,1,5,6,0,0
/global/archives/tag/aa-rating,(direct),1,1,1,1,0,4,0,0
/global/archives/tag/ambassadors-spouses-association-in-seoul,google,1,1,1,1,4,5,0,0
/global/archives/tag/anode,(direct),1,1,1,1,0,5,0,0
/global/archives/tag/assb,(direct),1,1,1,1,15,5,0,0
/global/archives/tag/atvm,google,1,1,1,1,4,5,0,0
/global/archives/tag/batteries,(direct),1,1,1,1,0,5,0,0
/global/archives/tag/battery,(direct),1,1,1,1,0,5,0,0
/global/archives/tag/block-17-03,google,1,1,1,1,7,5,0,0
/global/archives/tag/blood-donation,(direct),1,1,1,1,0,4,0,0
/global/archives/tag/busan-world-expo-2030,google,1,1,1,1,3,5,0,0
/global/archives/tag/carbon-to-green,(direct),1,1,1,1,0,4,0,0
/global/archives/tag/cathode,(direct),1,1,1,1,0,4,0,0
/global/archives/tag/ccs,google,1,1,1,1,24,5,0,0
/global/archives/tag/ccs-business,google,1,1,1,1,6,4,0,0
/global/archives/tag/ceo-park-sang-kyu,(direct),1,1,1,1,0,4,0,0
/global/archives/tag/ces,(direct),1,1,1,1,0,4,0,0
/global/archives/tag/ces-2024,(direct),1,1,1,1,0,4,0,0
/global/archives/tag/csr-program,(direct),1,1,1,1,0,5,0,0
/global/archives/tag/digital-twin,(direct),1,2,2,0.5,0,4,0,0
/global/archives/tag/drilling-technology,(direct),1,1,1,1,0,4,0,0
/global/archives/tag/earnings,(direct),1,1,1,1,3,2,0,0
/global/archives/tag/ecopro-bm,(direct),1,1,1,1,2,4,0,0
/global/archives/tag/electric-vehicle,(direct),1,1,1,1,0,5,0,0
/global/archives/tag/electric-vehicle-industry,(direct),1,1,1,1,0,4,0,0
/global/archives/tag/electrolyte,(direct),1,1,1,1,0,4,0,0
/global/archives/tag/energy-company,(direct),1,1,1,1,0,4,0,0
/global/archives/tag/energy-industry,(direct),1,1,1,1,0,4,0,0
/global/archives/tag/energy-super-station,bing,1,1,1,1,11,4,0,0
/global/archives/tag/energy-super-station,google,1,1,1,1,8,5,0,0
/global/archives/tag/esg,(direct),1,1,1,1,0,4,0,0
/global/archives/tag/ev,(direct),1,1,1,1,0,4,0,0
/global/archives/tag/ev-batteries,(direct),1,1,1,1,0,4,0,0
/global/archives/tag/ev-sales,(direct),1,1,1,1,0,5,0,0
/global/archives/tag/evs,(direct),1,1,1,1,0,4,0,0
/global/archives/tag/ferrari,(direct),1,1,1,1,0,4,0,0
/global/archives/tag/financial-results,(direct),1,1,1,1,4,3,0,0
/global/archives/tag/future-energy,(direct),1,1,1,1,0,5,0,0
/global/archives/tag/georgia,(direct),1,1,1,1,0,4,0,0
/global/archives/tag/georgia,google,1,1,1,1,3,5,0,0
/global/archives/tag/global-forum,(direct),1,1,1,1,0,4,0,0
/global/archives/tag/gmf,(direct),1,1,1,1,0,5,0,0
/global/archives/tag/great-music-festival,(direct),1,1,1,1,0,4,0,0
/global/archives/tag/green-bonds,(direct),1,1,1,1,0,5,0,0
/global/archives/tag/hungary,google,1,1,1,1,10,5,0,0
/global/archives/tag/hybrid-electric-vehicle,(direct),1,1,1,1,0,5,0,0
/global/archives/tag/hyundai-mobis,google,1,2,1,1,0,6,0,0
/global/archives/tag/indeung,google,1,1,1,1,5,4,0,0
/global/archives/tag/inobus,google,1,1,1,1,0,4,0,0
/global/archives/tag/ioniq-5,google,1,1,1,1,4,4,0,0
/global/archives/tag/iscc,google,1,1,1,1,7,6,0,0
/global/archives/tag/ivancsa,google,1,1,1,1,6,3,0,0
/global/archives/tag/jee-dong-seob,google,1,1,1,1,3,5,0,0
/global/archives/tag/jva,google,1,1,1,1,4,5,0,0
/global/archives/tag/kentucky,google,1,1,1,1,13,5,0,0
/global/archives/tag/kleannara,google,1,1,1,1,7,6,0,0
/global/archives/tag/kolon,google,1,1,1,1,37,6,0,0
/global/archives/tag/korea-entrepreneurship-foundation,google,1,1,1,1,2,5,0,0
/global/archives/tag/korea-hydro-nuclear-power,google,1,1,1,1,42,7,0,0
/global/archives/tag/las-vegas,google,1,1,1,1,8,6,0,0
/global/archives/tag/lfp,(direct),1,1,1,1,0,4,0,0
/global/archives/tag/libs,(direct),1,1,1,1,0,5,0,0
/global/archives/tag/lubricants,google,1,1,1,1,1,5,0,0
/global/archives/tag/malaysia,skenergy.com,1,1,1,1,26,4,0,0
/global/archives/tag/market-kurly,google,1,3,2,0.5,3.5,5,0,0
/global/archives/tag/meal-sharing,(direct),1,1,1,1,0,4,0,0
/global/archives/tag/morgan-stanley-capital-international,(direct),1,1,1,1,0,5,0,0
/global/archives/tag/msci,(direct),1,1,1,1,0,4,0,0
/global/archives/tag/ncm811,(direct),1,1,1,1,7,3,0,0
/global/archives/tag/ncm9,(direct),1,1,1,1,0,5,0,0
/global/archives/tag/oil,(direct),1,1,1,1,0,5,0,0
/global/archives/tag/oil-drilling,(direct),1,1,1,1,0,4,0,0
/global/archives/tag/paint,(direct),1,1,1,1,0,5,0,0
/global/archives/tag/petrochemical,(direct),1,1,1,1,0,5,0,0
/global/archives/tag/petroleum,(direct),1,1,1,1,0,4,0,0
/global/archives/tag/plastics-recycling,(direct),1,1,1,1,0,4,0,0
/global/archives/tag/plogging,(direct),1,1,1,1,0,4,0,0
/global/archives/tag/podio-ferrari,(direct),1,1,1,1,0,4,0,0
/global/archives/tag/poland,google,1,1,1,1,16,6,0,0
/global/archives/tag/polyester,(direct),1,1,1,1,0,4,0,0
/global/archives/tag/polyester-fiber,(direct),1,1,1,1,0,5,0,0
/global/archives/tag/polyurethane,(direct),1,1,1,1,0,5,0,0
/global/archives/tag/portfolio,(direct),1,1,1,1,0,4,0,0
/global/archives/tag/preliminary-social-enterprises,(direct),1,1,1,1,0,5,0,0
/global/archives/tag/preliminary-social-enterprises,google,1,1,1,1,7,5,0,0
/global/archives/tag/pro-bono,(direct),1,1,1,1,0,4,0,0
/global/archives/tag/refining-margin,google,1,1,1,1,0,4,0,0
/global/archives/tag/separator,google,1,1,1,1,9,5,0,0
/global/archives/tag/siemens,(direct),1,1,1,1,0,4,0,0
/global/archives/tag/sinopec-sk-wuhan-petrochemical,google,1,1,1,1,4,4,0,0
/global/archives/tag/sk-bakmi-gas-station,google,1,1,1,1,10,5,0,0
/global/archives/tag/sk-battery-america,google,1,1,1,1,1,5,0,0
/global/archives/tag/sk-earthon-kuala-lumpur,google,1,1,1,1,4,5,0,0
/global/archives/tag/sk-geo-centric,(direct),1,1,1,1,0,4,0,0
/global/archives/tag/sk-green,google,1,1,1,1,15,5,0,0
/global/archives/tag/sk-innovation-young-ambassador,(direct),1,1,1,1,0,4,0,0
/global/archives/tag/sk-on,(direct),1,1,1,1,0,4,0,0
/global/archives/tag/sk-on,google,1,1,1,1,19,4,0,0
/global/archives/tag/sk-probono,(direct),1,1,1,1,0,4,0,0
/global/archives/tag/sk-seorin-building,google,1,1,1,1,16,5,0,0
/global/archives/tag/sk-supex-council,bing,1,1,1,1,4,5,0,0
/global/archives/tag/sk-tank-terminal,google,1,1,1,1,0,4,0,0
/global/archives/tag/skbh,google,1,1,1,1,10,5,0,0
/global/archives/tag/skbmp,google,1,1,1,1,1,5,0,0
/global/archives/tag/skgc,(direct),1,1,1,1,0,5,0,0
/global/archives/tag/skgca,google,1,1,1,1,20,6,0,0
/global/archives/tag/skti,(direct),1,1,1,1,0,3,0,0
/global/archives/tag/sk综合化学,google,1,1,1,1,21,5,0,0
/global/archives/tag/sk综合化学上海,google,1,1,1,1,6,5,0,0
/global/archives/tag/smr,google,1,1,1,1,0,4,0,0
/global/archives/tag/social-enterprises,(direct),1,1,1,1,0,5,0,0
/global/archives/tag/solid-power,google,1,1,1,1,24,5,0,0
/global/archives/tag/sports,(direct),1,1,1,1,0,4,0,0
/global/archives/tag/sports-event,(direct),1,1,1,1,0,4,0,0
/global/archives/tag/sports-gear,(direct),1,1,1,1,0,5,0,0
/global/archives/tag/steam-purge,google,1,1,1,1,0,3,0,0
/global/archives/tag/supply-chain,(direct),1,1,1,1,0,4,0,0
/global/archives/tag/tesla,google,1,1,1,1,10,5,0,0
/global/archives/tag/urethane,(direct),1,1,1,1,0,4,0,0
/global/archives/tag/vwbe,google,1,1,1,1,1,5,0,0
/global/archives/tag/weixing-chemical,google,1,1,1,1,0,3,0,0
/global/archives/tag/yubase,google,1,1,1,1,1,5,0,0
/global/latestnews,bing,1,1,1,1,17,4,0,0
/global/latestnews,chn.skgeocentric.com,1,1,1,1,3,4,0,0
/global/latestnews,euc-excel.officeapps.live.com,1,1,1,1,1,3,0,0
/global/latestnews,linkedin.com,1,1,1,1,7,4,0,0
/global/latestnews,skenergy.com,1,1,1,1,13,4,0,0
/global/privacy-policy,skenergy.com,1,1,1,1,3,4,0,0
/global/privacy-policy,usc-excel.officeapps.live.com,1,2,1,1,0,4,0,0
/global/sustainability-report,bing,1,1,1,1,34,7,0,0
/global/sustainability-report,cn.bing.com,1,1,1,1,18,6,0,0
/global/sustainability-report,notion.so,1,1,1,1,12,5,0,0
/global/terms-and-conditions,usc-excel.officeapps.live.com,1,1,1,1,9,3,0,0
/global/who-we-are,google,1,1,1,1,10,5,0,0
/global/archives/12220,bing,0,1,0,0,0,2,0,0
/global/archives/15353,cn.bing.com,0,1,1,0,0,2,0,0
/global/archives/18140,linkedin.com,0,1,1,0,0,2,0,0
/global/archives/18445,chn.sk-on.com,0,1,1,0,9,1,0,0
/global/archives/18478,chn.sk-on.com,0,1,1,0,0,2,0,0
/global/archives/9682,cn.bing.com,0,1,1,0,2,1,0,0
/global/latestnews,(not set),0,11,11,0,28.363636363636363,12,0,0