# ----------------------------------------
# 보고서 CSV 내보내기
# 계정: skinno global
# 속성: skinno 글로벌 - GA4
# ----------------------------------------
# 
# 모든 사용자
# 시작일: 20240805
# 종료일: 20240811
페이지 경로 및 화면 클래스,국가,조회수,세션수,사용자,사용자당 조회수,평균 참여 시간,이벤트 수,주요 이벤트,총 수익
/global/archives/18659,Malaysia,1497,1098,1025,1.4604878048780487,4.661463414634146,5673,0,0
/global/,South Korea,103,80,56,1.8392857142857142,14,417,0,0
/global/archives/18659,Australia,88,76,73,1.2054794520547945,5.767123287671233,316,0,0
/global/archives/category/press-room/press-release,France,57,57,57,1,0.43859649122807015,228,0,0
/global/latestnews,China,50,52,52,0.9615384615384616,20.326923076923077,196,0,0
/global/archives/18546,South Korea,48,42,23,2.0869565217391304,34.30434782608695,175,0,0
/global/archives/18546,United States,43,44,41,1.048780487804878,15.536585365853659,163,0,0
/global/,United States,35,14,13,2.6923076923076925,70.53846153846153,156,0,0
/global/,China,32,21,14,2.2857142857142856,35.642857142857146,115,0,0
/global/,Malaysia,31,12,11,2.8181818181818183,14.181818181818182,121,0,0
/global/archives/18659,(not set),30,30,30,1,0,119,0,0
/global/archives/category/press-room/financial-results,China,30,5,4,7.5,56.25,95,0,0
/global/archives/9548,South Korea,28,25,25,1.12,17.28,121,0,0
/global/,United Kingdom,24,24,24,1,0.5416666666666666,96,0,0
/global/archives/18546,Singapore,23,24,16,1.4375,52,94,0,0
/global/archives/18608,China,23,16,8,2.875,237.5,86,0,0
/global/archives/tag/sko,South Korea,23,23,21,1.0952380952380953,3.4285714285714284,104,0,0
/global/archives/18659,South Korea,22,18,15,1.4666666666666666,48.266666666666666,86,0,0
/global/archives/18608,South Korea,21,17,14,1.5,7,77,0,0
/global/latestnews,Germany,21,20,1,21,14,49,0,0
/global/latestnews,South Korea,21,14,7,3,10.857142857142858,84,0,0
/global/archives/18546,Hong Kong,20,24,14,1.4285714285714286,57,95,0,0
/global/archives/17426,India,19,11,7,2.7142857142857144,62,78,0,0
/global/archives/18608,United States,19,19,14,1.3571428571428572,20.642857142857142,80,0,0
/global/archives/18608,India,18,20,9,2,18.666666666666668,70,0,0
/global/archives/9910,Malaysia,18,20,18,1,78.61111111111111,93,0,0
/global/archives/category/press-room/financial-results,India,18,14,10,1.8,17.5,67,0,0
/global/archives/18546,India,17,16,12,1.4166666666666667,76.58333333333333,70,0,0
/global/archives/18608,Singapore,17,12,11,1.5454545454545454,99.72727272727273,65,0,0
/global/archives/category/corporates/sk-on,South Korea,17,15,9,1.8888888888888888,63.666666666666664,76,0,0
/global/archives/category/press-room/press-release,India,17,12,5,3.4,62.6,65,0,0
/global/,India,15,13,5,3,23.2,58,0,0
/global/archives/18639,South Korea,15,13,10,1.5,16,54,0,0
/global/,Japan,14,12,10,1.4,22.9,59,0,0
/global/archives/17216,United States,13,12,9,1.4444444444444444,26.444444444444443,54,0,0
/global/archives/18140,India,13,12,1,13,0,39,0,0
/global/archives/category/press-room/financial-results,United States,13,11,11,1.1818181818181819,33.18181818181818,57,0,0
/global/archives/17426,Singapore,12,13,8,1.5,20.625,55,0,0
/global/archives/17426,South Korea,12,11,10,1.2,10,45,0,0
/global/archives/18546,Australia,12,15,5,2.4,18,53,0,0
/global/archives/category/press-room/financial-results,Japan,12,6,4,3,18.25,49,0,0
/global/archives/category/press-room/financial-results,Singapore,12,7,7,1.7142857142857142,14.857142857142858,47,0,0
/global/archives/18546,Hungary,11,12,9,1.2222222222222223,7.222222222222222,49,0,0
/global/archives/18546,Poland,11,9,1,11,0,31,0,0
/global/archives/18608,Japan,11,10,5,2.2,81.8,45,0,0
/global/archives/6216,United States,11,6,6,1.8333333333333333,181.83333333333334,49,0,0
/global/archives/category/press-room/press-release,Japan,11,11,4,2.75,29,40,0,0
/pagead/aclk,Australia,11,11,11,1,0,42,0,0
/global/,Singapore,10,8,6,1.6666666666666667,18.666666666666668,38,0,0
/global/archives/10774,United States,10,11,10,1,104.5,47,0,0
/global/archives/16939,United States,10,8,6,1.6666666666666667,6.166666666666667,38,0,0
/global/archives/17216,South Korea,10,10,10,1,19.1,45,0,0
/global/archives/18546,United Kingdom,10,11,5,2,62.4,43,0,0
/global/archives/category/corporates/sk-on,United States,10,8,8,1.25,27.375,41,0,0
/global/archives/tag/ecopro-bm,United States,10,4,3,3.3333333333333335,29,39,0,0
/global/latestnews,United States,10,11,4,2.5,27.25,36,0,0
/global/archives/18107,United States,9,9,9,1,141,43,0,0
/global/archives/18659,United States,9,8,8,1.125,15.125,34,0,0
/global/archives/category/corporates/sk-geo-centric,United States,9,6,3,3,18.666666666666668,32,0,0
/global/archives/category/press-room,China,9,4,3,3,9.666666666666666,29,0,0
/global/archives/11087,United States,8,10,5,1.6,71,38,0,0
/global/archives/11807,Vietnam,8,13,5,1.6,2.6,41,0,0
/global/archives/15374,South Korea,8,7,6,1.3333333333333333,6.666666666666667,30,0,0
/global/archives/16613,Italy,8,1,1,8,29,30,0,0
/global/archives/17737,South Korea,8,10,8,1,175.25,41,0,0
/global/archives/17950,South Korea,8,7,7,1.1428571428571428,71.14285714285714,35,0,0
/global/archives/18361,United States,8,7,7,1.1428571428571428,18,34,0,0
/global/archives/18608,Mexico,8,3,1,8,193,34,0,0
/global/archives/18608,United Kingdom,8,8,8,1,26.375,33,0,0
/global/archives/18623,South Korea,8,6,4,2,1.75,26,0,0
/pagead/aclk,Malaysia,8,6,6,1.3333333333333333,0,25,0,0
/global/,Vietnam,7,5,3,2.3333333333333335,16,31,0,0
/global/archives/15374,Australia,7,6,5,1.4,72.4,31,0,0
/global/archives/15374,Indonesia,7,2,2,3.5,58.5,22,0,0
/global/archives/15490,United States,7,7,6,1.1666666666666667,39.666666666666664,31,0,0
/global/archives/17426,United States,7,8,7,1,45.857142857142854,34,0,0
/global/archives/18065,China,7,4,4,1.75,89,22,0,0
/global/archives/18659,China,7,6,6,1.1666666666666667,16,22,0,0
/global/archives/18659,India,7,7,5,1.4,4.2,25,0,0
/global/archives/18690,India,7,8,7,1,61,27,0,0
/global/archives/category/corporates,South Korea,7,5,5,1.4,8.6,27,0,0
/global/archives/category/corporates/sk-enterm,India,7,6,3,2.3333333333333335,19.666666666666668,28,0,0
/global/archives/category/corporates/sk-on,Singapore,7,6,3,2.3333333333333335,27.666666666666668,23,0,0
/global/archives/category/press-room/press-release,United States,7,5,4,1.75,93,29,0,0
/global/,Poland,6,3,2,3,128.5,28,0,0
/global/archives/10985,Vietnam,6,6,6,1,44.5,33,0,0
/global/archives/14491,United States,6,6,6,1,15,25,0,0
/global/archives/15664,Taiwan,6,2,2,3,57.5,22,0,0
/global/archives/17169,Singapore,6,4,3,2,190,19,0,0
/global/archives/17426,China,6,5,5,1.2,13.8,24,0,0
/global/archives/17595,Singapore,6,6,2,3,119,14,0,0
/global/archives/18388,South Korea,6,5,3,2,2.3333333333333335,17,0,0
/global/archives/18659,Indonesia,6,7,4,1.5,32,26,0,0
/global/archives/18690,United States,6,6,6,1,5.833333333333333,24,0,0
/global/archives/6216,South Korea,6,6,6,1,85.83333333333333,28,0,0
/global/archives/7476,Singapore,6,6,3,2,21.333333333333332,22,0,0
/global/archives/7906,India,6,8,3,2,51,25,0,0
/global/archives/category/corporates,United States,6,3,3,2,13,24,0,0
/global/archives/category/press-room,Singapore,6,6,4,1.5,5,24,0,0
/global/archives/category/press-room/financial-results,South Korea,6,5,4,1.5,18.75,25,0,0
/global/archives/category/press-room/press-release,South Korea,6,5,4,1.5,7,25,0,0
/global/archives/tag/sk-gc-americas,South Korea,6,4,3,2,48,22,0,0
/global/archives/11004,India,5,6,1,5,213,22,0,0
/global/archives/11853,United Kingdom,5,4,2,2.5,24.5,16,0,0
/global/archives/13521,South Korea,5,5,5,1,10.4,22,0,0
/global/archives/15259,India,5,2,2,2.5,62.5,21,0,0
/global/archives/15462,Canada,5,3,3,1.6666666666666667,19.666666666666668,23,0,0
/global/archives/15592,South Korea,5,3,1,5,44,18,0,0
/global/archives/15840,Malaysia,5,4,2,2.5,127.5,23,0,0
/global/archives/17047,United States,5,2,2,2.5,61.5,17,0,0
/global/archives/17426,France,5,3,1,5,255,19,0,0
/global/archives/17499,United States,5,5,5,1,149.8,22,0,0
/global/archives/17569,South Korea,5,4,4,1.25,149,25,0,0
/global/archives/17595,South Korea,5,6,5,1,55.4,24,0,0
/global/archives/17623,South Korea,5,7,5,1,236,29,0,0
/global/archives/17990,India,5,4,3,1.6666666666666667,66,21,0,0
/global/archives/18283,United States,5,5,4,1.25,4.75,21,0,0
/global/archives/18361,Singapore,5,4,2,2.5,0,15,0,0
/global/archives/18546,France,5,3,3,1.6666666666666667,40.666666666666664,23,0,0
/global/archives/18546,Netherlands,5,5,4,1.25,5.5,22,0,0
/global/archives/18659,France,5,2,2,2.5,9,15,0,0
/global/archives/18659,Singapore,5,4,4,1.25,30.75,20,0,0
/global/archives/3962,India,5,3,2,2.5,218.5,25,0,0
/global/archives/489,South Korea,5,4,2,2.5,51.5,19,0,0
/global/archives/category/corporates,Hungary,5,2,1,5,156,19,0,0
/global/archives/category/corporates/sk-earthon,India,5,5,3,1.6666666666666667,2.6666666666666665,17,0,0
/global/archives/category/corporates/sk-innovation,Hong Kong,5,3,3,1.6666666666666667,11,17,0,0
/global/archives/category/corporates/sk-innovation,India,5,4,4,1.25,11.75,18,0,0
/global/archives/category/people,Malaysia,5,3,2,2.5,11.5,16,0,0
/global/archives/category/people,United States,5,7,6,0.8333333333333334,11.333333333333334,19,0,0
/global/archives/category/press-room/financial-results,United Kingdom,5,3,3,1.6666666666666667,16.666666666666668,20,0,0
/global/archives/category/press-room/press-release,Singapore,5,5,2,2.5,5,18,0,0
/global/archives/tag/ncm811,South Korea,5,4,4,1.25,2.75,24,0,0
/global/latestnews,India,5,5,4,1.25,14.5,23,0,0
/global/sustainability-report,Germany,5,7,2,2.5,10,25,0,0
/global/,Hong Kong,4,4,4,1,16.25,19,0,0
/global/,Taiwan,4,1,1,4,129,20,0,0
/global/,Ukraine,4,3,2,2,42.5,17,0,0
/global/archives/10774,South Korea,4,5,4,1,29.5,19,0,0
/global/archives/11286,Spain,4,2,1,4,34,14,0,0
/global/archives/12022,Indonesia,4,4,3,1.3333333333333333,12.666666666666666,17,0,0
/global/archives/12306,South Korea,4,4,4,1,5.5,16,0,0
/global/archives/12950,Canada,4,3,3,1.3333333333333333,16.333333333333332,19,0,0
/global/archives/13329,South Korea,4,5,4,1,18.75,16,0,0
/global/archives/13595,South Korea,4,3,3,1.3333333333333333,38,18,0,0
/global/archives/14415,Japan,4,3,2,2,21,16,0,0
/global/archives/15259,China,4,2,2,2,283,15,0,0
/global/archives/15374,Japan,4,5,4,1,3.25,19,0,0
/global/archives/17499,India,4,4,3,1.3333333333333333,205.66666666666666,15,0,0
/global/archives/18283,Singapore,4,4,2,2,0,12,0,0
/global/archives/18374,Singapore,4,4,2,2,0,12,0,0
/global/archives/18421,South Korea,4,5,4,1,1.25,13,0,0
/global/archives/18445,South Korea,4,4,4,1,32.25,18,0,0
/global/archives/18478,South Korea,4,5,3,1.3333333333333333,6,18,0,0
/global/archives/18608,Spain,4,1,1,4,245,16,0,0
/global/archives/18623,India,4,4,4,1,2,17,0,0
/global/archives/4776,China,4,4,4,1,33.5,19,0,0
/global/archives/6377,Italy,4,1,1,4,31,14,0,0
/global/archives/6807,South Korea,4,6,4,1,6,20,0,0
/global/archives/7670,South Korea,4,4,2,2,33.5,17,0,0
/global/archives/9668,South Korea,4,4,3,1.3333333333333333,6.666666666666667,16,0,0
/global/archives/9740,Singapore,4,4,2,2,108.5,15,0,0
/global/archives/9910,Indonesia,4,3,2,2,213,19,0,0
/global/archives/category/corporate/sk-energy,Indonesia,4,1,1,4,2,10,0,0
/global/archives/category/corporates/sk-earthon,Malaysia,4,3,3,1.3333333333333333,12,13,0,0
/global/archives/category/corporates/sk-ie-technology,India,4,4,2,2,13,15,0,0
/global/archives/category/corporates/sk-innovation,Singapore,4,4,4,1,8,17,0,0
/global/archives/category/corporates/sk-on,China,4,3,2,2,16.5,14,0,0
/global/archives/category/corporates/sk-on,India,4,3,1,4,8,15,0,0
/global/archives/category/insight/trend_report,South Korea,4,5,3,1.3333333333333333,6.666666666666667,15,0,0
/global/archives/category/people/sustainability,South Korea,4,3,2,2,14.5,16,0,0
/global/archives/category/press-room,South Korea,4,3,3,1.3333333333333333,23,13,0,0
/global/archives/category/press-room,United States,4,2,2,2,109.5,16,0,0
/global/archives/category/press-room/financial-results,Austria,4,4,2,2,7.5,18,0,0
/global/archives/category/press-room/issue-fact,South Korea,4,4,3,1.3333333333333333,9,17,0,0
/global/archives/tag/2024-q2,Japan,4,2,1,4,33,16,0,0
/global/archives/tag/skei-singapore,South Korea,4,3,3,1.3333333333333333,3.3333333333333335,19,0,0
/global/latestnews,Singapore,4,3,3,1.3333333333333333,24.333333333333332,15,0,0
/global/sustainability-report,Singapore,4,3,3,1.3333333333333333,14.333333333333334,17,0,0
/global/,Germany,3,4,3,1,0,12,0,0
/global/archives/10031,Brazil,3,3,1,3,13,12,0,0
/global/archives/10159,India,3,1,1,3,21,14,0,0
/global/archives/12072,South Korea,3,1,1,3,81,11,0,0
/global/archives/12274/skee,South Korea,3,3,3,1,10.666666666666666,17,0,0
/global/archives/12692,South Korea,3,2,2,1.5,105,15,0,0
/global/archives/13130,United States,3,3,3,1,0,12,0,0
/global/archives/13521,Japan,3,3,3,1,19.666666666666668,14,0,0
/global/archives/13595,Taiwan,3,1,1,3,37,14,0,0
/global/archives/13595,United States,3,2,2,1.5,12,11,0,0
/global/archives/13804,China,3,3,2,1.5,37,14,0,0
/global/archives/14309,South Korea,3,3,3,1,9.333333333333334,13,0,0
/global/archives/14634,United States,3,3,3,1,74,13,0,0
/global/archives/15259,Japan,3,3,2,1.5,105,12,0,0
/global/archives/15374,Netherlands,3,3,3,1,6.666666666666667,13,0,0
/global/archives/15374,Singapore,3,5,2,1.5,45,17,0,0
/global/archives/15374,United States,3,3,3,1,17.666666666666668,14,0,0
/global/archives/15490,Canada,3,3,3,1,17,14,0,0
/global/archives/15490,South Korea,3,4,3,1,10.333333333333334,16,0,0
/global/archives/15574,South Korea,3,1,1,3,27,8,0,0
/global/archives/15664,South Korea,3,3,3,1,9.333333333333334,13,0,0
/global/archives/15687,Pakistan,3,3,3,1,270.6666666666667,15,0,0
/global/archives/15964,Vietnam,3,3,2,1.5,49.5,15,0,0
/global/archives/16463,South Korea,3,2,1,3,81,12,0,0
/global/archives/16463,United States,3,3,2,1.5,15.5,12,0,0
/global/archives/16787,Singapore,3,3,3,1,10,9,0,0
/global/archives/17426,United Kingdom,3,3,2,1.5,15.5,16,0,0
/global/archives/17499,South Korea,3,2,2,1.5,16,11,0,0
/global/archives/17569,India,3,3,1,3,0,9,0,0
/global/archives/17595,India,3,4,2,1.5,8,14,0,0
/global/archives/17623,India,3,3,3,1,265.6666666666667,16,0,0
/global/archives/17623,Indonesia,3,2,2,1.5,43,11,0,0
/global/archives/17817,United Kingdom,3,4,3,1,106,15,0,0
/global/archives/17844,Hong Kong,3,3,2,1.5,1.5,14,0,0
/global/archives/17989,Singapore,3,3,2,1.5,0,9,0,0
/global/archives/18065,France,3,4,1,3,69,14,0,0
/global/archives/18065,India,3,3,3,1,27,13,0,0
/global/archives/18065,South Korea,3,4,3,1,0,11,0,0
/global/archives/18065,United States,3,4,3,1,16.333333333333332,12,0,0
/global/archives/18107,India,3,3,3,1,61,15,0,0
/global/archives/18107,Kuwait,3,2,1,3,314,13,0,0
/global/archives/18107,United Kingdom,3,2,2,1.5,1,12,0,0
/global/archives/18140,(not set),3,3,3,1,0,11,0,0
/global/archives/18283,South Korea,3,3,3,1,14.666666666666666,15,0,0
/global/archives/18361,South Korea,3,3,3,1,63.333333333333336,11,0,0
/global/archives/18374,United States,3,4,3,1,32,12,0,0
/global/archives/18388,(not set),3,3,3,1,0,12,0,0
/global/archives/18388,United States,3,2,2,1.5,158,13,0,0
/global/archives/18436,South Korea,3,4,3,1,96.33333333333333,14,0,0
/global/archives/18546,Canada,3,3,3,1,0,9,0,0
/global/archives/18546,Germany,3,4,2,1.5,93,17,0,0
/global/archives/18546,Japan,3,3,3,1,71,13,0,0
/global/archives/18546,Lithuania,3,3,3,1,0,9,0,0
/global/archives/18608,Finland,3,4,3,1,0.3333333333333333,13,0,0
/global/archives/18639,United Kingdom,3,3,3,1,10.666666666666666,12,0,0
/global/archives/18639,United States,3,3,3,1,13,14,0,0
/global/archives/2293,Poland,3,3,3,1,18.333333333333332,14,0,0
/global/archives/2675,South Korea,3,2,1,3,25,12,0,0
/global/archives/3123,United States,3,2,1,3,74,12,0,0
/global/archives/3709,Singapore,3,1,1,3,0,7,0,0
/global/archives/4612,Thailand,3,3,2,1.5,37.5,14,0,0
/global/archives/4921,United States,3,3,3,1,9.333333333333334,14,0,0
/global/archives/6216,Singapore,3,3,2,1.5,230.5,14,0,0
/global/archives/6824,China,3,3,3,1,6.666666666666667,10,0,0
/global/archives/8350,India,3,2,2,1.5,8,10,0,0
/global/archives/9910,Singapore,3,2,2,1.5,78.5,14,0,0
/global/archives/category/corporates/sk-energy,United States,3,2,2,1.5,47,13,0,0
/global/archives/category/corporates/sk-geo-centric,South Korea,3,3,3,1,8.666666666666666,11,0,0
/global/archives/category/corporates/sk-innovation,China,3,2,2,1.5,31.5,10,0,0
/global/archives/category/corporates/sk-innovation,United Kingdom,3,3,3,1,15.666666666666666,12,0,0
/global/archives/category/corporates/sk-on,Poland,3,2,2,1.5,103.5,12,0,0
/global/archives/category/corporates/sk-rading-international,India,3,3,1,3,2,10,0,0
/global/archives/category/insight,United States,3,4,4,0.75,11.5,14,0,0
/global/archives/category/insight/expert-voice,Hungary,3,1,1,3,65,12,0,0
/global/archives/category/press-room,India,3,3,3,1,25,11,0,0
/global/archives/category/press-room/financial-results,Australia,3,2,1,3,20,13,0,0
/global/archives/category/press-room/financial-results,Mexico,3,3,1,3,31,13,0,0
/global/archives/category/press-room/press-release,Hungary,3,1,1,3,122,12,0,0
/global/archives/tag/best-oil-company,South Korea,3,2,2,1.5,5.5,12,0,0
/global/archives/tag/bmic,South Korea,3,2,2,1.5,1,13,0,0
/global/archives/tag/g-15-ap-block,South Korea,3,3,3,1,6.333333333333333,16,0,0
/global/archives/tag/military,United States,3,1,1,3,11,12,0,0
/global/archives/tag/sk-tank-terminal,India,3,1,1,3,38,12,0,0
/global/archives/tag/solid-power,United States,3,2,2,1.5,21.5,14,0,0
/global/archives/tag/vwbe,South Korea,3,2,2,1.5,3,13,0,0
/global/sustainability-report,Norway,3,3,3,1,0,9,0,0
/global/sustainability-report,Switzerland,3,1,1,3,36,22,0,0
/global/,Argentina,2,2,2,1,16,7,0,0
/global/,Canada,2,2,2,1,11,10,0,0
/global/,Hungary,2,2,2,1,76,9,0,0
/global/,Spain,2,2,2,1,10,10,0,0
/global/,Sri Lanka,2,1,1,2,0,5,0,0
/global/archives/10511,South Korea,2,1,1,2,16,6,0,0
/global/archives/1058,Spain,2,2,1,2,0,7,0,0
/global/archives/10654,United States,2,2,2,1,6,8,0,0
/global/archives/10746,Hong Kong,2,1,1,2,215,10,0,0
/global/archives/10774,Australia,2,1,1,2,9,9,0,0
/global/archives/10835,Taiwan,2,1,1,2,47,7,0,0
/global/archives/10835,United States,2,2,2,1,18.5,8,0,0
/global/archives/10913,Canada,2,1,1,2,33,9,0,0
/global/archives/10913,Singapore,2,3,1,2,0,9,0,0
/global/archives/10913,United States,2,2,2,1,6.5,8,0,0
/global/archives/10939,India,2,1,1,2,9,9,0,0
/global/archives/10939,Malaysia,2,3,2,1,8.5,11,0,0
/global/archives/11400,India,2,3,1,2,1,10,0,0
/global/archives/11400,Japan,2,2,2,1,40,6,0,0
/global/archives/11400,Singapore,2,2,2,1,10.5,9,0,0
/global/archives/11400,United States,2,1,1,2,35,9,0,0
/global/archives/11415,South Korea,2,2,1,2,35,9,0,0
/global/archives/11429,India,2,1,1,2,16,7,0,0
/global/archives/11512,Hong Kong,2,3,2,1,135,7,0,0
/global/archives/12008,Japan,2,2,2,1,0,8,0,0
/global/archives/12022,United States,2,2,2,1,25,10,0,0
/global/archives/12106,South Korea,2,3,2,1,9.5,10,0,0
/global/archives/12106,United Kingdom,2,3,2,1,0,8,0,0
/global/archives/12147,Poland,2,2,1,2,8,7,0,0
/global/archives/12147,United States,2,2,2,1,15.5,9,0,0
/global/archives/12220,Japan,2,2,1,2,0,7,0,0
/global/archives/12471,Australia,2,3,3,0.6666666666666666,81,10,0,0
/global/archives/12471,Indonesia,2,4,2,1,67.5,9,0,0
/global/archives/12667,India,2,1,1,2,26,8,0,0
/global/archives/13103,Japan,2,2,1,2,11,9,0,0
/global/archives/13130,India,2,2,1,2,20,9,0,0
/global/archives/13329,United States,2,2,2,1,8.5,8,0,0
/global/archives/1337,Hong Kong,2,1,1,2,216,9,0,0
/global/archives/13437,Malaysia,2,1,1,2,38,9,0,0
/global/archives/13521,United States,2,2,2,1,13,9,0,0
/global/archives/13780,Hong Kong,2,3,2,1,34,9,0,0
/global/archives/13780,United Kingdom,2,2,2,1,6,10,0,0
/global/archives/13879,Singapore,2,2,2,1,1,9,0,0
/global/archives/14065,India,2,1,1,2,39,9,0,0
/global/archives/14243,Vietnam,2,2,1,2,0,6,0,0
/global/archives/14264,Malaysia,2,3,2,1,1.5,11,0,0
/global/archives/14309,China,2,2,2,1,34.5,8,0,0
/global/archives/14309,India,2,1,1,2,82,8,0,0
/global/archives/14541,Singapore,2,1,1,2,14,10,0,0
/global/archives/14770,Ukraine,2,1,1,2,6,9,0,0
/global/archives/1493,United States,2,2,2,1,57.5,10,0,0
/global/archives/15103,United States,2,2,2,1,15,8,0,0
/global/archives/15317,Malaysia,2,1,1,2,114,7,0,0
/global/archives/15374,Malaysia,2,3,2,1,55.5,12,0,0
/global/archives/15462,South Korea,2,2,1,2,33,8,0,0
/global/archives/15490,Türkiye,2,2,0,0,0,6,0,0
/global/archives/15574,India,2,3,1,2,3,7,0,0
/global/archives/15574,United States,2,3,2,1,21.5,10,0,0
/global/archives/15592,United States,2,2,2,1,6.5,10,0,0
/global/archives/15654,Switzerland,2,2,2,1,14,8,0,0
/global/archives/15664,Hong Kong,2,3,1,2,31,8,0,0
/global/archives/15687,Japan,2,2,2,1,30.5,10,0,0
/global/archives/15687,South Korea,2,3,2,1,95,10,0,0
/global/archives/15687,Spain,2,2,2,1,54.5,11,0,0
/global/archives/15985,Russia,2,2,2,1,0,7,0,0
/global/archives/16060,Singapore,2,3,2,1,5,10,0,0
/global/archives/16060,South Korea,2,2,1,2,14,9,0,0
/global/archives/16131,South Korea,2,2,2,1,3,9,0,0
/global/archives/16154,Vietnam,2,3,2,1,3,10,0,0
/global/archives/16376,India,2,2,0,0,0,5,0,0
/global/archives/16448,Singapore,2,2,1,2,0,6,0,0
/global/archives/16480,Ukraine,2,1,1,2,0,6,0,0
/global/archives/16493,South Korea,2,1,1,2,25,8,0,0
/global/archives/16532,India,2,2,2,1,65,10,0,0
/global/archives/16563,Italy,2,1,1,2,0,4,0,0
/global/archives/16787,Japan,2,2,2,1,4.5,9,0,0
/global/archives/16834,Singapore,2,2,2,1,7,10,0,0
/global/archives/16834,South Korea,2,3,1,2,1,8,0,0
/global/archives/16834,United States,2,2,2,1,9,8,0,0
/global/archives/17047,Japan,2,2,1,2,11,10,0,0
/global/archives/17216,Germany,2,2,1,2,11,7,0,0
/global/archives/17216,India,2,2,2,1,71,10,0,0
/global/archives/17313,South Korea,2,2,2,1,14,7,0,0
/global/archives/17356,Hong Kong,2,2,2,1,1,7,0,0
/global/archives/17356,South Korea,2,2,2,1,30.5,8,0,0
/global/archives/17460,United States,2,2,2,1,25,11,0,0
/global/archives/17476,South Korea,2,2,2,1,47.5,11,0,0
/global/archives/17499,Cambodia,2,1,1,2,27,7,0,0
/global/archives/17569,Japan,2,2,2,1,16,11,0,0
/global/archives/1768,Brazil,2,2,2,1,10.5,8,0,0
/global/archives/17697,India,2,1,1,2,107,9,0,0
/global/archives/17817,Germany,2,2,1,2,4,8,0,0
/global/archives/17950,United States,2,3,2,1,13,8,0,0
/global/archives/17989,Canada,2,1,1,2,5,8,0,0
/global/archives/18022,Indonesia,2,1,1,2,57,10,0,0
/global/archives/18022,South Korea,2,2,2,1,10.5,8,0,0
/global/archives/18065,Singapore,2,2,2,1,23.5,8,0,0
/global/archives/18268,Spain,2,1,1,2,13,7,0,0
/global/archives/18283,(not set),2,2,2,1,0,8,0,0
/global/archives/18283,Germany,2,2,1,2,24,8,0,0
/global/archives/18283,United Kingdom,2,2,2,1,6.5,9,0,0
/global/archives/18361,Canada,2,2,2,1,107.5,9,0,0
/global/archives/18361,Hungary,2,1,1,2,126,8,0,0
/global/archives/18361,India,2,2,1,2,85,8,0,0
/global/archives/18361,Japan,2,2,1,2,0,7,0,0
/global/archives/18361,United Kingdom,2,4,2,1,0,10,0,0
/global/archives/18374,India,2,1,1,2,28,7,0,0
/global/archives/18374,Poland,2,1,1,2,42,8,0,0
/global/archives/18374,South Korea,2,3,2,1,47.5,8,0,0
/global/archives/18421,India,2,2,2,1,27.5,9,0,0
/global/archives/18421,Japan,2,1,1,2,54,8,0,0
/global/archives/18436,China,2,2,1,2,11,7,0,0
/global/archives/18436,Singapore,2,2,2,1,0,7,0,0
/global/archives/18436,Spain,2,1,1,2,44,8,0,0
/global/archives/18436,United States,2,3,2,1,3.5,11,0,0
/global/archives/18546,China,2,1,1,2,60,7,0,0
/global/archives/18546,Finland,2,2,2,1,0,8,0,0
/global/archives/18546,Italy,2,2,2,1,0,6,0,0
/global/archives/18546,Norway,2,2,2,1,0,6,0,0
/global/archives/18546,Vietnam,2,3,2,1,2,10,0,0
/global/archives/18571,France,2,2,1,2,130,6,0,0
/global/archives/18571,South Korea,2,2,2,1,5,7,0,0
/global/archives/18608,Argentina,2,2,1,2,128,8,0,0
/global/archives/18608,Egypt,2,2,2,1,9,10,0,0
/global/archives/18608,France,2,1,1,2,33,8,0,0
/global/archives/18608,Hong Kong,2,1,1,2,248,8,0,0
/global/archives/18608,Poland,2,3,2,1,313,9,0,0
/global/archives/18608,Taiwan,2,2,2,1,61.5,8,0,0
/global/archives/18623,China,2,2,2,1,22.5,6,0,0
/global/archives/18659,Canada,2,2,2,1,42,9,0,0
/global/archives/18690,Netherlands,2,2,1,2,0,7,0,0
/global/archives/18690,Singapore,2,2,2,1,3,9,0,0
/global/archives/18690,South Korea,2,2,2,1,22,9,0,0
/global/archives/2329,United States,2,2,2,1,372,10,0,0
/global/archives/298,India,2,3,2,1,75.5,11,0,0
/global/archives/3197,Russia,2,2,2,1,9.5,8,0,0
/global/archives/3674,United States,2,2,2,1,7,7,0,0
/global/archives/3689,China,2,1,1,2,77,8,0,0
/global/archives/3820,Czechia,2,3,2,1,0,9,0,0
/global/archives/3820,India,2,3,2,1,33.5,11,0,0
/global/archives/3820,South Korea,2,2,2,1,7,8,0,0
/global/archives/3820,Spain,2,2,1,2,9,9,0,0
/global/archives/3820,United States,2,2,2,1,74,10,0,0
/global/archives/3962,Brazil,2,2,2,1,142.5,9,0,0
/global/archives/4077,United States,2,1,1,2,9,7,0,0
/global/archives/4308,South Korea,2,2,1,2,47,10,0,0
/global/archives/489,United Kingdom,2,1,1,2,14,7,0,0
/global/archives/5679,Pakistan,2,3,1,2,1,9,0,0
/global/archives/5892,United States,2,2,1,2,5,9,0,0
/global/archives/6014,South Korea,2,3,2,1,0,11,0,0
/global/archives/6216,India,2,2,1,2,0,7,0,0
/global/archives/6216,Poland,2,2,2,1,20.5,9,0,0
/global/archives/6216,Taiwan,2,2,2,1,23,8,0,0
/global/archives/6343,United States,2,2,2,1,0,7,0,0
/global/archives/6546,United States,2,2,2,1,0,7,0,0
/global/archives/6623,United States,2,1,1,2,19,9,0,0
/global/archives/6734,China,2,1,1,2,20,5,0,0
/global/archives/6760,France,2,1,1,2,327,8,0,0
/global/archives/6807,Japan,2,3,2,1,25,11,0,0
/global/archives/7319,China,2,2,2,1,350,8,0,0
/global/archives/7445,Poland,2,2,2,1,40,10,0,0
/global/archives/7445,Sweden,2,1,1,2,7,7,0,0
/global/archives/7445,United States,2,3,3,0.6666666666666666,16,11,0,0
/global/archives/7784,Canada,2,2,1,2,102,11,0,0
/global/archives/8152,Belgium,2,2,1,2,82,8,0,0
/global/archives/822,Sweden,2,2,1,2,3,9,0,0
/global/archives/822,United States,2,2,2,1,7.5,8,0,0
/global/archives/9079,South Korea,2,1,1,2,10,8,0,0
/global/archives/9493,India,2,2,2,1,84.5,10,0,0
/global/archives/9668,United States,2,1,1,2,35,9,0,0
/global/archives/9709,South Korea,2,2,2,1,7,9,0,0
/global/archives/9740,Malaysia,2,1,1,2,12,8,0,0
/global/archives/9908,Vietnam,2,2,2,1,28,12,0,0
/global/archives/9910,Ireland,2,1,1,2,0,6,0,0
/global/archives/9910,Japan,2,1,1,2,23,8,0,0
/global/archives/category/corporate/sk-earthon,Singapore,2,1,1,2,11,8,0,0
/global/archives/category/corporate/sk-energy,United Arab Emirates,2,1,1,2,36,8,0,0
/global/archives/category/corporate/sk-enmove,Brazil,2,1,1,2,87,8,0,0
/global/archives/category/corporate/sk-enmove,Pakistan,2,1,1,2,91,8,0,0
/global/archives/category/corporates,China,2,2,2,1,2,4,0,0
/global/archives/category/corporates,India,2,2,2,1,28,8,0,0
/global/archives/category/corporates,Mexico,2,1,1,2,15,8,0,0
/global/archives/category/corporates/sk-earthon,Singapore,2,2,2,1,9,9,0,0
/global/archives/category/corporates/sk-earthon,Vietnam,2,2,2,1,30.5,8,0,0
/global/archives/category/corporates/sk-enmove,India,2,2,1,2,2,6,0,0
/global/archives/category/corporates/sk-geo-centric,Japan,2,1,1,2,73,8,0,0
/global/archives/category/corporates/sk-incheon-petrochem,India,2,2,1,2,2,8,0,0
/global/archives/category/corporates/sk-innovation,Germany,2,2,2,1,42.5,8,0,0
/global/archives/category/corporates/sk-innovation,Japan,2,1,1,2,6,8,0,0
/global/archives/category/corporates/sk-innovation,South Korea,2,3,3,0.6666666666666666,3.3333333333333335,10,0,0
/global/archives/category/corporates/sk-innovation,Ukraine,2,2,2,1,40.5,8,0,0
/global/archives/category/corporates/sk-on,Argentina,2,1,1,2,49,8,0,0
/global/archives/category/corporates/sk-on,Hungary,2,2,1,2,2,8,0,0
/global/archives/category/corporates/sk-on,Japan,2,2,2,1,8.5,7,0,0
/global/archives/category/corporates/sk-rading-international,Malaysia,2,1,1,2,38,9,0,0
/global/archives/category/insight,Singapore,2,1,1,2,3,8,0,0
/global/archives/category/people/ceo-leaders,South Korea,2,2,1,2,3,6,0,0
/global/archives/category/press-room,Hungary,2,1,1,2,54,8,0,0
/global/archives/category/press-room,United Kingdom,2,2,2,1,25,8,0,0
/global/archives/category/press-room/financial-results,France,2,2,1,2,19,8,0,0
/global/archives/category/press-room/financial-results,Hong Kong,2,1,1,2,13,8,0,0
/global/archives/category/press-room/financial-results,Spain,2,1,1,2,12,8,0,0
/global/archives/category/press-room/issue-fact,Hungary,2,1,1,2,53,8,0,0
/global/archives/category/press-room/issue-fact,Japan,2,2,1,2,6,8,0,0
/global/archives/category/press-room/press-release,Hong Kong,2,2,2,1,14,9,0,0
/global/archives/category/press-room/press-release,Kenya,2,2,1,2,44,9,0,0
/global/archives/category/press-room/press-release,Pakistan,2,1,1,2,96,8,0,0
/global/archives/category/press-room/press-release,Spain,2,1,1,2,12,8,0,0
/global/archives/tag/1-4-butanediol,Hong Kong,2,1,1,2,7,7,0,0
/global/archives/tag/1-4-butanediol,Vietnam,2,1,1,2,15,9,0,0
/global/archives/tag/adhesive,India,2,1,1,2,7,7,0,0
/global/archives/tag/annual-performance,India,2,1,1,2,19,8,0,0
/global/archives/tag/board-of-directors,Japan,2,1,1,2,10,8,0,0
/global/archives/tag/g-15-ap-block,Australia,2,2,2,1,4.5,11,0,0
/global/archives/tag/g-15-ap-block,United States,2,1,1,2,11,8,0,0
/global/archives/tag/global-battery-alliance,South Korea,2,1,1,2,8,8,0,0
/global/archives/tag/global-forum,South Korea,2,1,1,2,13,9,0,0
/global/archives/tag/komarom,Sweden,2,1,1,2,30,8,0,0
/global/archives/tag/liquid-immersion-cooling,South Korea,2,1,1,2,9,9,0,0
/global/archives/tag/pouch-type-battery,South Korea,2,2,2,1,9,11,0,0
/global/archives/tag/pouch-type-battery,Taiwan,2,1,1,2,9,7,0,0
/global/archives/tag/rhee-jang-weon,South Korea,2,1,1,2,0,5,0,0
/global/archives/tag/sk-block-427,India,2,2,2,1,0,7,0,0
/global/archives/tag/sk-block-427,Indonesia,2,1,1,2,43,8,0,0
/global/archives/tag/sk-gc-americas,United States,2,1,1,2,43,9,0,0
/global/archives/tag/sk-geo-planet,South Korea,2,2,2,1,7.5,10,0,0
/global/archives/tag/sk-on-hungary-skoh-and-sk-battery-manufacturing,Ukraine,2,1,1,2,87,8,0,0
/global/archives/tag/skbmp,South Korea,2,2,2,1,2.5,9,0,0
/global/archives/tag/skipc,Hong Kong,2,1,1,2,10,9,0,0
/global/archives/tag/sko,Finland,2,2,2,1,4.5,8,0,0
/global/archives/tag/ulsan-clx,United States,2,1,1,2,132,8,0,0
/global/archives/tag/ulsan-complex,United States,2,2,2,1,4.5,5,0,0
/global/archives/tag/united-way,Hong Kong,2,1,1,2,16,7,0,0
/global/archives/tag/used-car,South Korea,2,1,1,2,3,10,0,0
/global/archives/tag/vietnam,Japan,2,2,1,2,10,10,0,0
/global/archives/tag/vwbe,United Kingdom,2,2,1,2,0,7,0,0
/global/privacy-policy,Austria,2,2,1,2,35,9,0,0
/global/sustainability-report,United States,2,2,2,1,1,8,0,0
/global/who-we-are,Japan,2,1,1,2,71,9,0,0
/global/,Australia,1,1,1,1,46,5,0,0
/global/,Brazil,1,1,1,1,6,3,0,0
/global/,Indonesia,1,1,0,0,0,4,0,0
/global/,Italy,1,1,1,1,5,5,0,0
/global/,Norway,1,1,1,1,0,4,0,0
/global/,Portugal,1,1,1,1,9,4,0,0
/global/,Sweden,1,1,1,1,41,4,0,0
/global/,Switzerland,1,1,1,1,20,5,0,0
/global/,United Arab Emirates,1,1,1,1,2,5,0,0
/global/ESG/Sustainability Reports,South Korea,1,1,1,1,4,4,0,0
/global/archives/10073,Ethiopia,1,1,1,1,32,5,0,0
/global/archives/10133,Hungary,1,1,1,1,53,5,0,0
/global/archives/10133,South Korea,1,1,1,1,11,6,0,0
/global/archives/10133,United States,1,1,1,1,0,3,0,0
/global/archives/10264,South Korea,1,1,1,1,23,6,0,0
/global/archives/10322,United States,1,1,1,1,0,4,0,0
/global/archives/10478,Singapore,1,1,1,1,0,3,0,0
/global/archives/10478,United States,1,1,1,1,83,5,0,0
/global/archives/10535,Hong Kong,1,2,1,1,26,7,0,0
/global/archives/10535,India,1,1,1,1,11,5,0,0
/global/archives/10535,South Korea,1,1,1,1,265,3,0,0
/global/archives/10535,United States,1,1,1,1,16,6,0,0
/global/archives/1058,France,1,1,1,1,22,5,0,0
/global/archives/1058,India,1,1,1,1,0,4,0,0
/global/archives/1058,United States,1,1,1,1,16,6,0,0
/global/archives/10610,China,1,1,1,1,0,2,0,0
/global/archives/10654,Taiwan,1,1,1,1,5,5,0,0
/global/archives/10746,United States,1,2,1,1,0,6,0,0
/global/archives/10767,Costa Rica,1,1,1,1,38,5,0,0
/global/archives/10767,United States,1,1,1,1,154,5,0,0
/global/archives/10774,Japan,1,1,1,1,0,4,0,0
/global/archives/10835,Germany,1,1,1,1,52,5,0,0
/global/archives/10835,India,1,1,1,1,0,3,0,0
/global/archives/10835,Sweden,1,1,1,1,13,5,0,0
/global/archives/10842,South Korea,1,2,1,1,0,5,0,0
/global/archives/10872,Hungary,1,1,1,1,0,3,0,0
/global/archives/10872,South Korea,1,1,1,1,22,3,0,0
/global/archives/10913,France,1,1,1,1,18,5,0,0
/global/archives/10913,Hungary,1,1,1,1,14,5,0,0
/global/archives/10913,South Korea,1,1,1,1,0,3,0,0
/global/archives/10913,United Kingdom,1,1,1,1,0,4,0,0
/global/archives/10939,Costa Rica,1,1,1,1,72,4,0,0
/global/archives/10939,Japan,1,1,1,1,0,3,0,0
/global/archives/10939,South Korea,1,1,1,1,10,4,0,0
/global/archives/11004,Japan,1,1,1,1,2,4,0,0
/global/archives/11004,Singapore,1,1,1,1,0,4,0,0
/global/archives/11004,South Korea,1,1,1,1,3,5,0,0
/global/archives/11004,Taiwan,1,1,1,1,53,5,0,0
/global/archives/11004,United States,1,2,1,1,5,5,0,0
/global/archives/11010,Taiwan,1,1,1,1,201,4,0,0
/global/archives/11037,South Korea,1,1,1,1,84,5,0,0
/global/archives/11037,United States,1,1,1,1,89,4,0,0
/global/archives/11037,Vietnam,1,1,1,1,17,5,0,0
/global/archives/11058,Germany,1,1,1,1,50,5,0,0
/global/archives/11058,Japan,1,1,1,1,0,3,0,0
/global/archives/11058,United States,1,1,1,1,0,3,0,0
/global/archives/11082,South Korea,1,1,1,1,7,5,0,0
/global/archives/11082,United States,1,1,1,1,0,4,0,0
/global/archives/11087,Germany,1,1,1,1,103,5,0,0
/global/archives/11087,India,1,1,1,1,176,5,0,0
/global/archives/11087,South Korea,1,1,1,1,0,4,0,0
/global/archives/11147,Malaysia,1,1,1,1,14,5,0,0
/global/archives/11147,South Korea,1,1,1,1,58,5,0,0
/global/archives/11147,United States,1,1,1,1,25,5,0,0
/global/archives/11161,Hong Kong,1,1,1,1,6,5,0,0
/global/archives/11161,Japan,1,1,1,1,0,4,0,0
/global/archives/11161,Saudi Arabia,1,2,1,1,0,6,0,0
/global/archives/11161,United States,1,1,1,1,5,5,0,0
/global/archives/1131,Japan,1,1,1,1,0,3,0,0
/global/archives/1131,United States,1,1,1,1,0,3,0,0
/global/archives/11400,South Korea,1,2,2,0.5,0,4,0,0
/global/archives/11415,Switzerland,1,2,1,1,0,6,0,0
/global/archives/11415,United Kingdom,1,1,1,1,0,3,0,0
/global/archives/11429,United States,1,1,1,1,0,3,0,0
/global/archives/11512,Oman,1,1,1,1,10,6,0,0
/global/archives/11527,South Korea,1,2,1,1,0,6,0,0
/global/archives/11527,United States,1,2,1,1,0,5,0,0
/global/archives/11537,Japan,1,2,1,1,61,3,0,0
/global/archives/11537,Singapore,1,1,1,1,0,4,0,0
/global/archives/11573,South Korea,1,1,1,1,0,4,0,0
/global/archives/11596,Greece,1,1,1,1,12,5,0,0
/global/archives/11596,South Korea,1,2,1,1,0,6,0,0
/global/archives/11683,Germany,1,1,1,1,59,3,0,0
/global/archives/11807,Germany,1,1,1,1,87,6,0,0
/global/archives/11807,South Korea,1,2,1,1,527,7,0,0
/global/archives/11807,Thailand,1,1,1,1,13,5,0,0
/global/archives/11807,United Kingdom,1,1,1,1,423,5,0,0
/global/archives/11830,India,1,1,1,1,10,4,0,0
/global/archives/11853,Brazil,1,2,1,1,1,6,0,0
/global/archives/11889,Hong Kong,1,1,1,1,143,5,0,0
/global/archives/11916,Hungary,1,1,1,1,439,4,0,0
/global/archives/12008,Ukraine,1,1,1,1,65,6,0,0
/global/archives/12008,United States,1,1,1,1,16,5,0,0
/global/archives/12022,Australia,1,1,1,1,0,3,0,0
/global/archives/12022,India,1,1,1,1,57,4,0,0
/global/archives/12022,Japan,1,1,1,1,0,3,0,0
/global/archives/12022,Malaysia,1,1,1,1,6,5,0,0
/global/archives/12022,Mexico,1,1,1,1,3,5,0,0
/global/archives/12022,Panama,1,1,1,1,23,5,0,0
/global/archives/12022,South Korea,1,1,1,1,12,5,0,0
/global/archives/12022,Spain,1,1,1,1,9,5,0,0
/global/archives/12022,United Kingdom,1,2,1,1,0,6,0,0
/global/archives/12072,Brazil,1,1,1,1,68,4,0,0
/global/archives/12072,Canada,1,1,1,1,81,5,0,0
/global/archives/12072,India,1,2,1,1,12,7,0,0
/global/archives/12106,Hong Kong,1,1,1,1,49,6,0,0
/global/archives/12106,Japan,1,1,1,1,6,4,0,0
/global/archives/12147,Singapore,1,1,1,1,24,5,0,0
/global/archives/12147,Slovakia,1,1,1,1,0,4,0,0
/global/archives/12147,South Korea,1,1,1,1,33,5,0,0
/global/archives/12220,France,1,1,1,1,15,5,0,0
/global/archives/12293,Singapore,1,1,1,1,4,5,0,0
/global/archives/12319,South Korea,1,1,1,1,3,3,0,0
/global/archives/1237,South Korea,1,1,1,1,76,3,0,0
/global/archives/12389,South Korea,1,1,1,1,19,4,0,0
/global/archives/12413,Japan,1,1,1,1,0,4,0,0
/global/archives/12471,Japan,1,1,1,1,77,4,0,0
/global/archives/12667,Germany,1,1,1,1,37,6,0,0
/global/archives/12692,Switzerland,1,2,1,1,0,5,0,0
/global/archives/12950,Japan,1,1,1,1,10,5,0,0
/global/archives/13018,Singapore,1,1,1,1,0,4,0,0
/global/archives/13036,Japan,1,1,1,1,0,3,0,0
/global/archives/13036,South Korea,1,2,2,0.5,8,5,0,0
/global/archives/13060,Malaysia,1,1,1,1,1,5,0,0
/global/archives/13103,South Korea,1,1,1,1,0,4,0,0
/global/archives/13130,China,1,1,1,1,10,2,0,0
/global/archives/13130,Japan,1,1,1,1,73,5,0,0
/global/archives/13130,United Arab Emirates,1,2,1,1,0,6,0,0
/global/archives/13256,South Korea,1,1,1,1,122,4,0,0
/global/archives/13329,Czechia,1,1,1,1,1,5,0,0
/global/archives/13443,United States,1,1,1,1,0,4,0,0
/global/archives/13513,Russia,1,1,1,1,97,6,0,0
/global/archives/13521,Canada,1,1,1,1,14,4,0,0
/global/archives/13521,Hungary,1,1,1,1,20,6,0,0
/global/archives/13595,Canada,1,1,1,1,109,6,0,0
/global/archives/13595,China,1,2,1,1,40,4,0,0
/global/archives/13595,India,1,2,1,1,0,6,0,0
/global/archives/13748,Hong Kong,1,1,1,1,37,3,0,0
/global/archives/13748,United Kingdom,1,1,1,1,46,5,0,0
/global/archives/13748,United States,1,1,1,1,0,4,0,0
/global/archives/13780,Australia,1,1,1,1,0,4,0,0
/global/archives/13780,India,1,1,1,1,27,6,0,0
/global/archives/13780,Japan,1,1,1,1,0,3,0,0
/global/archives/13780,South Korea,1,2,1,1,1,7,0,0
/global/archives/13780,United States,1,1,1,1,14,5,0,0
/global/archives/13804,India,1,1,1,1,8,4,0,0
/global/archives/13850,United States,1,1,1,1,55,4,0,0
/global/archives/1398/200721_조경목_칼럼_메인_최종,China,1,1,1,1,2,5,0,0
/global/archives/13981,Singapore,1,1,1,1,13,3,0,0
/global/archives/1399,Vietnam,1,1,1,1,105,6,0,0
/global/archives/14004,Poland,1,1,1,1,98,5,0,0
/global/archives/14004,United States,1,1,1,1,1,4,0,0
/global/archives/14065,Netherlands,1,1,1,1,24,4,0,0
/global/archives/14065,Poland,1,1,1,1,0,4,0,0
/global/archives/14065,South Korea,1,2,1,1,0,6,0,0
/global/archives/14146,United States,1,1,1,1,24,5,0,0
/global/archives/14193,Sweden,1,2,1,1,0,6,0,0
/global/archives/14219,Germany,1,1,1,1,0,4,0,0
/global/archives/14226,Finland,1,1,1,1,30,4,0,0
/global/archives/14226,India,1,2,1,1,0,6,0,0
/global/archives/14226,Japan,1,1,1,1,94,5,0,0
/global/archives/14226,United Kingdom,1,1,1,1,0,4,0,0
/global/archives/14226,United States,1,1,1,1,0,3,0,0
/global/archives/14243,Hong Kong,1,1,1,1,9,6,0,0
/global/archives/14243,India,1,1,1,1,17,5,0,0
/global/archives/14243,Japan,1,1,1,1,11,4,0,0
/global/archives/14243,Russia,1,1,1,1,40,6,0,0
/global/archives/14243,South Korea,1,1,1,1,90,5,0,0
/global/archives/14264,Singapore,1,1,1,1,13,5,0,0
/global/archives/14264,South Korea,1,1,1,1,5,5,0,0
/global/archives/14264,United Kingdom,1,1,1,1,0,4,0,0
/global/archives/14264,United States,1,1,1,1,19,5,0,0
/global/archives/14309,Japan,1,2,1,1,0,6,0,0
/global/archives/14354,Vietnam,1,1,1,1,16,4,0,0
/global/archives/14384,Australia,1,1,1,1,12,5,0,0
/global/archives/14491,Hong Kong,1,1,1,1,0,4,0,0
/global/archives/14491,India,1,1,1,1,7,5,0,0
/global/archives/14491,Saudi Arabia,1,1,1,1,10,4,0,0
/global/archives/14491,Singapore,1,1,1,1,14,4,0,0
/global/archives/14491,United Kingdom,1,1,1,1,0,4,0,0
/global/archives/14493,United Kingdom,1,1,1,1,3,4,0,0
/global/archives/14493,United States,1,1,1,1,0,4,0,0
/global/archives/14565,Philippines,1,1,1,1,6,5,0,0
/global/archives/14565,Romania,1,1,1,1,0,4,0,0
/global/archives/14565,United States,1,1,1,1,0,4,0,0
/global/archives/14588,Japan,1,1,1,1,7,5,0,0
/global/archives/14615,South Korea,1,1,1,1,0,4,0,0
/global/archives/14628,South Korea,1,2,1,1,0,6,0,0
/global/archives/14628,United States,1,1,1,1,0,3,0,0
/global/archives/14634,Canada,1,1,1,1,0,4,0,0
/global/archives/14634,Hong Kong,1,1,1,1,0,4,0,0
/global/archives/14634,Thailand,1,1,1,1,231,6,0,0
/global/archives/14688,India,1,1,1,1,11,3,0,0
/global/archives/14690,Taiwan,1,1,1,1,0,4,0,0
/global/archives/1473,South Korea,1,1,1,1,37,3,0,0
/global/archives/14755,United States,1,1,1,1,9,5,0,0
/global/archives/14766,Canada,1,1,1,1,5,5,0,0
/global/archives/14766,India,1,1,1,1,0,4,0,0
/global/archives/14766,South Korea,1,2,1,1,0,5,0,0
/global/archives/14766,United States,1,1,1,1,88,5,0,0
/global/archives/14770,China,1,1,1,1,7,5,0,0
/global/archives/14770,Germany,1,1,1,1,17,5,0,0
/global/archives/14770,Sweden,1,1,1,1,0,2,0,0
/global/archives/14788,Hong Kong,1,2,1,1,0,5,0,0
/global/archives/14788,Japan,1,1,1,1,0,3,0,0
/global/archives/14800,United States,1,1,1,1,1,3,0,0
/global/archives/14962,India,1,1,1,1,7,5,0,0
/global/archives/14962,South Korea,1,1,1,1,15,4,0,0
/global/archives/15007,Malaysia,1,1,1,1,23,5,0,0
/global/archives/15007,Türkiye,1,1,1,1,24,5,0,0
/global/archives/15067,Spain,1,1,1,1,56,5,0,0
/global/archives/15103,South Korea,1,2,1,1,2,7,0,0
/global/archives/15204,Canada,1,1,1,1,4,5,0,0
/global/archives/15204,India,1,1,1,1,37,4,0,0
/global/archives/15204,South Korea,1,1,1,1,6,5,0,0
/global/archives/15353,Laos,1,1,1,1,8,5,0,0
/global/archives/15353,South Korea,1,1,1,1,62,6,0,0
/global/archives/15353,Taiwan,1,1,1,1,14,5,0,0
/global/archives/15374,Peru,1,1,1,1,0,4,0,0
/global/archives/15374,United Kingdom,1,2,1,1,0,6,0,0
/global/archives/15430,Singapore,1,1,1,1,6,5,0,0
/global/archives/15462,France,1,2,1,1,0,6,0,0
/global/archives/15462,Ireland,1,1,1,1,31,5,0,0
/global/archives/15462,United Kingdom,1,1,1,1,0,3,0,0
/global/archives/15490,China,1,1,1,1,1,5,0,0
/global/archives/15490,Hong Kong,1,2,1,1,35,4,0,0
/global/archives/15490,Singapore,1,1,1,1,0,4,0,0
/global/archives/15497,Hungary,1,1,1,1,39,4,0,0
/global/archives/15574,Hong Kong,1,1,1,1,47,5,0,0
/global/archives/15574,Singapore,1,1,1,1,14,5,0,0
/global/archives/15574,Taiwan,1,1,1,1,8,5,0,0
/global/archives/15592,Ireland,1,1,1,1,28,3,0,0
/global/archives/15610,Brazil,1,1,1,1,163,4,0,0
/global/archives/15610,Japan,1,1,1,1,67,4,0,0
/global/archives/15610,Singapore,1,1,1,1,163,3,0,0
/global/archives/15610,South Korea,1,1,1,1,72,6,0,0
/global/archives/15610,Taiwan,1,1,1,1,10,3,0,0
/global/archives/15654,India,1,1,1,1,7,5,0,0
/global/archives/15664,Germany,1,1,1,1,47,5,0,0
/global/archives/15664,Japan,1,1,1,1,0,4,0,0
/global/archives/15664,Norway,1,1,0,0,0,3,0,0
/global/archives/15664,Thailand,1,1,1,1,92,6,0,0
/global/archives/15664,United Arab Emirates,1,1,1,1,0,4,0,0
/global/archives/15687,Chile,1,1,1,1,0,4,0,0
/global/archives/15687,China,1,1,1,1,7,3,0,0
/global/archives/15687,Hong Kong,1,1,1,1,11,5,0,0
/global/archives/15687,Philippines,1,1,1,1,82,6,0,0
/global/archives/15687,Romania,1,2,1,1,0,5,0,0
/global/archives/15687,Russia,1,2,1,1,22,7,0,0
/global/archives/15687,Türkiye,1,1,1,1,11,5,0,0
/global/archives/15689,Germany,1,1,1,1,38,3,0,0
/global/archives/15760,Vietnam,1,1,1,1,82,4,0,0
/global/archives/15840,India,1,1,1,1,3,4,0,0
/global/archives/15985,Hong Kong,1,2,1,1,0,6,0,0
/global/archives/15985,Indonesia,1,2,1,1,1,6,0,0
/global/archives/15985,South Korea,1,1,1,1,0,4,0,0
/global/archives/15985,United Arab Emirates,1,1,1,1,15,3,0,0
/global/archives/15985,United States,1,1,1,1,39,4,0,0
/global/archives/16060,India,1,1,1,1,19,5,0,0
/global/archives/16060,Japan,1,1,1,1,42,5,0,0
/global/archives/16060,Mexico,1,1,1,1,0,4,0,0
/global/archives/16060,Ukraine,1,1,1,1,24,5,0,0
/global/archives/16118,Fiji,1,1,1,1,36,6,0,0
/global/archives/16131,India,1,1,1,1,42,5,0,0
/global/archives/16131,Poland,1,1,1,1,39,4,0,0
/global/archives/16131,United States,1,1,1,1,18,5,0,0
/global/archives/16154,Singapore,1,1,1,1,19,3,0,0
/global/archives/16154,South Korea,1,1,1,1,28,4,0,0
/global/archives/16286,Brazil,1,1,1,1,3,3,0,0
/global/archives/16286,United States,1,1,1,1,0,4,0,0
/global/archives/16308,China,1,1,1,1,0,3,0,0
/global/archives/16376,Australia,1,1,1,1,0,3,0,0
/global/archives/16376,China,1,1,1,1,0,4,0,0
/global/archives/16376,Germany,1,1,1,1,0,4,0,0
/global/archives/16376,South Korea,1,1,1,1,1,5,0,0
/global/archives/16376,United Kingdom,1,1,1,1,9,4,0,0
/global/archives/16405,Hungary,1,1,1,1,69,5,0,0
/global/archives/16448,Japan,1,2,1,1,27,4,0,0
/global/archives/16448,Russia,1,1,1,1,187,5,0,0
/global/archives/16448,Thailand,1,1,1,1,61,5,0,0
/global/archives/16448,United Kingdom,1,1,1,1,29,5,0,0
/global/archives/16463,China,1,2,1,1,20,6,0,0
/global/archives/16463,India,1,1,1,1,1,5,0,0
/global/archives/16463,Japan,1,1,1,1,70,5,0,0
/global/archives/16463,Singapore,1,1,1,1,0,3,0,0
/global/archives/16480,India,1,1,1,1,0,4,0,0
/global/archives/16480,South Korea,1,1,1,1,6,4,0,0
/global/archives/16493,Germany,1,1,1,1,6,4,0,0
/global/archives/16493,Singapore,1,1,1,1,16,6,0,0
/global/archives/16493,United Kingdom,1,1,1,1,212,6,0,0
/global/archives/16493,United States,1,1,1,1,11,4,0,0
/global/archives/16532,Indonesia,1,1,1,1,6,5,0,0
/global/archives/16532,Japan,1,1,1,1,28,4,0,0
/global/archives/16532,Singapore,1,2,1,1,0,6,0,0
/global/archives/16532,United States,1,1,1,1,0,3,0,0
/global/archives/16583,France,1,1,1,1,158,4,0,0
/global/archives/16583,Taiwan,1,1,1,1,42,5,0,0
/global/archives/16613,Belgium,1,1,1,1,0,4,0,0
/global/archives/16613,Poland,1,1,1,1,78,4,0,0
/global/archives/16719,South Korea,1,2,1,1,0,5,0,0
/global/archives/16787,South Korea,1,1,1,1,0,4,0,0
/global/archives/16834,Peru,1,1,1,1,21,5,0,0
/global/archives/16881,Spain,1,1,1,1,11,5,0,0
/global/archives/16904,Japan,1,1,1,1,0,3,0,0
/global/archives/16925,Australia,1,1,1,1,66,5,0,0
/global/archives/16925,Japan,1,1,1,1,0,3,0,0
/global/archives/16925,South Korea,1,1,1,1,1,5,0,0
/global/archives/16939,Singapore,1,1,1,1,28,4,0,0
/global/archives/16939,South Korea,1,1,1,1,0,4,0,0
/global/archives/16970,Australia,1,1,1,1,9,5,0,0
/global/archives/16970,Japan,1,1,1,1,6,4,0,0
/global/archives/16970,South Korea,1,2,1,1,4,7,0,0
/global/archives/17010,United States,1,1,1,1,37,5,0,0
/global/archives/17022,South Korea,1,1,1,1,19,5,0,0
/global/archives/17022,United States,1,1,1,1,6,5,0,0
/global/archives/17134,India,1,1,1,1,4,4,0,0
/global/archives/17144,United States,1,1,1,1,4,3,0,0
/global/archives/17169,Germany,1,1,1,1,63,5,0,0
/global/archives/17169,Indonesia,1,1,1,1,51,5,0,0
/global/archives/17169,South Korea,1,1,1,1,13,5,0,0
/global/archives/17169,United States,1,2,1,1,0,6,0,0
/global/archives/17216,Canada,1,1,1,1,118,4,0,0
/global/archives/17216,Poland,1,1,1,1,0,4,0,0
/global/archives/17216,Singapore,1,1,1,1,0,3,0,0
/global/archives/17216,United Kingdom,1,1,1,1,30,5,0,0
/global/archives/1722,Australia,1,2,1,1,0,6,0,0
/global/archives/17292,India,1,1,1,1,23,4,0,0
/global/archives/17292,Indonesia,1,1,1,1,24,5,0,0
/global/archives/17356,Germany,1,1,1,1,4,5,0,0
/global/archives/17356,Indonesia,1,1,1,1,0,4,0,0
/global/archives/17356,Israel,1,1,1,1,94,5,0,0
/global/archives/17356,Pakistan,1,1,1,1,310,4,0,0
/global/archives/17356,Russia,1,2,1,1,16,4,0,0
/global/archives/17356,Spain,1,1,1,1,17,5,0,0
/global/archives/17356,United States,1,1,1,1,50,6,0,0
/global/archives/17426,Austria,1,1,1,1,7,4,0,0
/global/archives/17426,Indonesia,1,1,1,1,1,5,0,0
/global/archives/17426,Japan,1,1,1,1,16,3,0,0
/global/archives/17499,Czechia,1,3,1,1,0,8,0,0
/global/archives/17499,Netherlands,1,2,1,1,54,7,0,0
/global/archives/17499,Saudi Arabia,1,1,1,1,0,4,0,0
/global/archives/17499,Sri Lanka,1,1,1,1,0,4,0,0
/global/archives/17514,Singapore,1,1,1,1,12,5,0,0
/global/archives/17569,Ireland,1,1,1,1,2,5,0,0
/global/archives/17569,Italy,1,1,1,1,33,6,0,0
/global/archives/17569,United States,1,2,1,1,0,6,0,0
/global/archives/17595,Taiwan,1,1,0,0,0,4,0,0
/global/archives/17595,United States,1,2,1,1,0,6,0,0
/global/archives/17623,Botswana,1,1,1,1,182,6,0,0
/global/archives/1768,United Kingdom,1,1,1,1,15,5,0,0
/global/archives/17796,United States,1,1,1,1,7,4,0,0
/global/archives/17817,Canada,1,1,1,1,20,5,0,0
/global/archives/17817,India,1,1,0,0,0,3,0,0
/global/archives/17817,Poland,1,1,1,1,11,4,0,0
/global/archives/17817,South Korea,1,1,1,1,0,3,0,0
/global/archives/17817,United States,1,2,1,1,1,4,0,0
/global/archives/17863,Hungary,1,1,1,1,412,4,0,0
/global/archives/17863,South Korea,1,1,1,1,1,5,0,0
/global/archives/17893,Mexico,1,2,1,1,0,6,0,0
/global/archives/17950,Austria,1,1,1,1,0,4,0,0
/global/archives/17950,Finland,1,1,1,1,20,5,0,0
/global/archives/17950,India,1,1,1,1,225,5,0,0
/global/archives/17950,Singapore,1,1,1,1,70,5,0,0
/global/archives/17950,Taiwan,1,1,1,1,0,4,0,0
/global/archives/17965,Germany,1,1,1,1,130,4,0,0
/global/archives/17965,Japan,1,1,1,1,0,4,0,0
/global/archives/17978,Japan,1,1,1,1,5,6,0,0
/global/archives/17978,Netherlands,1,1,1,1,9,5,0,0
/global/archives/17978,Singapore,1,2,2,0.5,0,4,0,0
/global/archives/17978,South Korea,1,1,1,1,9,5,0,0
/global/archives/17978,Spain,1,1,1,1,27,4,0,0
/global/archives/17989,Hungary,1,1,1,1,39,4,0,0
/global/archives/17989,United States,1,1,1,1,8,5,0,0
/global/archives/17990,China,1,1,1,1,24,5,0,0
/global/archives/17990,Japan,1,1,1,1,0,3,0,0
/global/archives/18022,India,1,1,1,1,138,5,0,0
/global/archives/18065,Argentina,1,1,1,1,8,4,0,0
/global/archives/18065,Canada,1,1,1,1,8,5,0,0
/global/archives/18065,Hong Kong,1,1,1,1,0,3,0,0
/global/archives/18065,Japan,1,2,1,1,66,4,0,0
/global/archives/18065,Malaysia,1,1,1,1,27,5,0,0
/global/archives/18065,Taiwan,1,1,1,1,13,6,0,0
/global/archives/18076,South Korea,1,1,1,1,7,4,0,0
/global/archives/18107,Japan,1,1,1,1,2,5,0,0
/global/archives/18107,Poland,1,1,1,1,153,6,0,0
/global/archives/18107,Singapore,1,1,1,1,128,5,0,0
/global/archives/18107,South Africa,1,1,1,1,0,4,0,0
/global/archives/18107,South Korea,1,1,1,1,17,4,0,0
/global/archives/18107,Thailand,1,1,1,1,0,4,0,0
/global/archives/18107,Uzbekistan,1,1,1,1,0,4,0,0
/global/archives/18107,Vietnam,1,1,1,1,132,6,0,0
/global/archives/18107https:/www.ihi.co.jp/en/technology/techinfo/contents_no/1199395_13586.html,Japan,1,1,1,1,0,3,0,0
/global/archives/18140,Hungary,1,2,1,1,0,4,0,0
/global/archives/18167,United Kingdom,1,1,1,1,0,4,0,0
/global/archives/18208,Hungary,1,1,1,1,208,4,0,0
/global/archives/18208,Poland,1,1,1,1,179,4,0,0
/global/archives/18208,South Korea,1,1,1,1,0,3,0,0
/global/archives/18268,Hungary,1,1,1,1,119,4,0,0
/global/archives/18268,South Korea,1,1,1,1,2,4,0,0
/global/archives/18283,Canada,1,1,1,1,3,4,0,0
/global/archives/18283,India,1,2,1,1,0,5,0,0
/global/archives/18283,Portugal,1,1,1,1,86,4,0,0
/global/archives/18301,Armenia,1,1,1,1,32,5,0,0
/global/archives/18301,Philippines,1,1,1,1,49,5,0,0
/global/archives/18301,South Korea,1,1,1,1,1,5,0,0
/global/archives/18361,Pakistan,1,1,1,1,140,4,0,0
/global/archives/18374,Canada,1,1,1,1,0,3,0,0
/global/archives/18374,Germany,1,1,1,1,12,4,0,0
/global/archives/18374,Malaysia,1,2,1,1,0,5,0,0
/global/archives/18374,United Kingdom,1,1,1,1,0,2,0,0
/global/archives/18388,Belgium,1,1,0,0,0,3,0,0
/global/archives/18388,India,1,1,1,1,0,4,0,0
/global/archives/18388,Poland,1,1,0,0,0,3,0,0
/global/archives/18388,Serbia,1,1,1,1,1,5,0,0
/global/archives/18388,Singapore,1,1,1,1,0,4,0,0
/global/archives/18388,United Kingdom,1,1,1,1,0,3,0,0
/global/archives/18388https:/www.linkedin.com/feed/update/urn:li:activity:7219289555156230146,South Korea,1,1,1,1,0,3,0,0
/global/archives/18421,China,1,1,1,1,32,4,0,0
/global/archives/18421,Germany,1,1,1,1,9,5,0,0
/global/archives/18421,Taiwan,1,1,1,1,51,4,0,0
/global/archives/18436,India,1,1,1,1,88,3,0,0
/global/archives/18436,Ireland,1,1,1,1,28,5,0,0
/global/archives/18436,Poland,1,1,1,1,108,4,0,0
/global/archives/18436,Thailand,1,2,1,1,0,6,0,0
/global/archives/18445,France,1,1,1,1,954,4,0,0
/global/archives/18445,Germany,1,1,1,1,43,5,0,0
/global/archives/18445,Luxembourg,1,1,1,1,17,6,0,0
/global/archives/18445,Russia,1,1,1,1,17,6,0,0
/global/archives/18478,Germany,1,1,1,1,32,5,0,0
/global/archives/18478,India,1,1,1,1,0,4,0,0
/global/archives/18478,United States,1,1,1,1,15,5,0,0
/global/archives/18500,Hungary,1,1,1,1,123,4,0,0
/global/archives/18500,Mexico,1,1,1,1,3,4,0,0
/global/archives/18500,South Korea,1,1,1,1,3,4,0,0
/global/archives/18546,Argentina,1,1,1,1,27,4,0,0
/global/archives/18546,Chile,1,1,1,1,0,3,0,0
/global/archives/18546,Ireland,1,1,1,1,20,5,0,0
/global/archives/18546,Seychelles,1,1,1,1,0,3,0,0
/global/archives/18546,Spain,1,1,1,1,0,3,0,0
/global/archives/18546,Switzerland,1,1,1,1,23,5,0,0
/global/archives/18546,Ukraine,1,1,0,0,0,3,0,0
/global/archives/18571,Netherlands,1,1,1,1,0,4,0,0
/global/archives/18571,United Kingdom,1,1,1,1,12,6,0,0
/global/archives/18608,Australia,1,1,1,1,13,4,0,0
/global/archives/18608,Hungary,1,1,1,1,0,2,0,0
/global/archives/18608,Italy,1,1,1,1,0,4,0,0
/global/archives/18608,Türkiye,1,1,1,1,34,5,0,0
/global/archives/18623,Vietnam,1,1,1,1,9,4,0,0
/global/archives/18639,France,1,1,1,1,0,3,0,0
/global/archives/18639,Taiwan,1,1,1,1,10,4,0,0
/global/archives/18659,Brazil,1,1,1,1,0,4,0,0
/global/archives/18659,Egypt,1,1,0,0,0,3,0,0
/global/archives/18659,Japan,1,1,1,1,0,3,0,0
/global/archives/18659,Taiwan,1,1,1,1,18,4,0,0
/global/archives/18659,United Kingdom,1,1,1,1,7,4,0,0
/global/archives/18659,Vietnam,1,1,1,1,0,4,0,0
/global/archives/18690,Belgium,1,1,1,1,10,5,0,0
/global/archives/18690,China,1,1,1,1,187,3,0,0
/global/archives/18690,France,1,1,1,1,0,4,0,0
/global/archives/18690,Ireland,1,1,1,1,0,4,0,0
/global/archives/18690,Italy,1,1,0,0,0,3,0,0
/global/archives/18690,United Kingdom,1,1,1,1,42,5,0,0
/global/archives/2241,South Korea,1,1,1,1,16,5,0,0
/global/archives/2280,United States,1,1,1,1,0,3,0,0
/global/archives/2490,South Korea,1,1,1,1,0,4,0,0
/global/archives/2675,United States,1,2,0,0,0,5,0,0
/global/archives/2701,United States,1,1,1,1,0,4,0,0
/global/archives/2727,United States,1,2,1,1,50,6,0,0
/global/archives/3005,United States,1,1,1,1,20,4,0,0
/global/archives/311,India,1,1,1,1,19,5,0,0
/global/archives/3123,Hong Kong,1,1,1,1,245,6,0,0
/global/archives/3123,South Korea,1,1,1,1,9,5,0,0
/global/archives/3139,United States,1,1,1,1,13,4,0,0
/global/archives/3158,Myanmar (Burma),1,1,1,1,437,6,0,0
/global/archives/3304,United States,1,1,1,1,7,4,0,0
/global/archives/3421,United States,1,1,1,1,7,4,0,0
/global/archives/3473,United States,1,1,1,1,8,4,0,0
/global/archives/3518,China,1,1,1,1,12,4,0,0
/global/archives/3555,United States,1,1,1,1,10,4,0,0
/global/archives/3568,Germany,1,1,0,0,0,3,0,0
/global/archives/3568,United States,1,1,1,1,10,4,0,0
/global/archives/3689,United States,1,1,1,1,8,4,0,0
/global/archives/3709,South Korea,1,1,1,1,0,4,0,0
/global/archives/3709,United States,1,1,1,1,8,4,0,0
/global/archives/3726,United States,1,1,1,1,11,4,0,0
/global/archives/3741,Hong Kong,1,1,1,1,324,5,0,0
/global/archives/3786,Singapore,1,1,1,1,92,5,0,0
/global/archives/3786,United States,1,1,1,1,10,4,0,0
/global/archives/3820,Belgium,1,2,1,1,0,5,0,0
/global/archives/3820,Canada,1,1,1,1,0,3,0,0
/global/archives/3820,Italy,1,1,1,1,45,5,0,0
/global/archives/3830,Poland,1,1,1,1,104,4,0,0
/global/archives/3830,United States,1,1,1,1,11,4,0,0
/global/archives/3873,Canada,1,1,1,1,52,5,0,0
/global/archives/3922,United States,1,1,1,1,15,4,0,0
/global/archives/3962,Germany,1,1,1,1,20,5,0,0
/global/archives/3962,Japan,1,1,1,1,21,5,0,0
/global/archives/3962,United Kingdom,1,2,1,1,0,6,0,0
/global/archives/3962,United States,1,1,1,1,12,4,0,0
/global/archives/4002,United Arab Emirates,1,1,1,1,6,5,0,0
/global/archives/4002,United States,1,1,1,1,7,4,0,0
/global/archives/4086,United States,1,1,1,1,7,4,0,0
/global/archives/4218,United States,1,1,1,1,35,4,0,0
/global/archives/4308,India,1,1,1,1,6,5,0,0
/global/archives/4308,Japan,1,1,1,1,33,5,0,0
/global/archives/4308,United States,1,1,1,1,12,5,0,0
/global/archives/4309,China,1,1,1,1,43,5,0,0
/global/archives/4360,Hong Kong,1,1,1,1,48,6,0,0
/global/archives/4360,Netherlands,1,1,1,1,211,6,0,0
/global/archives/4482,United States,1,1,1,1,0,3,0,0
/global/archives/4499,India,1,1,1,1,8,5,0,0
/global/archives/4499,South Korea,1,1,1,1,2,4,0,0
/global/archives/4518,United States,1,1,1,1,39,5,0,0
/global/archives/4612,China,1,2,1,1,7,6,0,0
/global/archives/4612,India,1,1,1,1,1,5,0,0
/global/archives/4612,South Korea,1,1,1,1,0,4,0,0
/global/archives/4705,India,1,1,1,1,66,5,0,0
/global/archives/4705,South Korea,1,1,1,1,38,4,0,0
/global/archives/4751,Germany,1,1,1,1,1,4,0,0
/global/archives/4751,South Korea,1,1,1,1,4,5,0,0
/global/archives/4793,India,1,1,1,1,7,6,0,0
/global/archives/4844,Pakistan,1,1,1,1,71,4,0,0
/global/archives/4844,South Korea,1,1,0,0,0,3,0,0
/global/archives/4844,United States,1,1,1,1,0,3,0,0
/global/archives/489,Myanmar (Burma),1,1,1,1,0,4,0,0
/global/archives/489,Philippines,1,1,1,1,30,5,0,0
/global/archives/507,Singapore,1,1,1,1,27,6,0,0
/global/archives/5205,Thailand,1,1,1,1,56,5,0,0
/global/archives/5234,South Korea,1,1,1,1,6,5,0,0
/global/archives/528,United States,1,1,1,1,0,4,0,0
/global/archives/5357,Brazil,1,2,1,1,0,5,0,0
/global/archives/564,United States,1,1,1,1,0,3,0,0
/global/archives/5721,Philippines,1,1,1,1,9,5,0,0
/global/archives/576,South Korea,1,1,1,1,41,5,0,0
/global/archives/5893,United States,1,1,1,1,0,3,0,0
/global/archives/5981,United States,1,1,1,1,174,4,0,0
/global/archives/5994,Canada,1,1,1,1,0,3,0,0
/global/archives/6014,Japan,1,1,1,1,3,3,0,0
/global/archives/6014,United States,1,1,1,1,0,4,0,0
/global/archives/6119,France,1,1,1,1,11,5,0,0
/global/archives/6150,South Korea,1,1,1,1,1,5,0,0
/global/archives/6216,Canada,1,1,1,1,0,3,0,0
/global/archives/6216,Germany,1,2,1,1,0,6,0,0
/global/archives/6216,Japan,1,1,1,1,5,4,0,0
/global/archives/6216,Netherlands,1,1,1,1,0,4,0,0
/global/archives/6216,Norway,1,1,1,1,2,4,0,0
/global/archives/6216,Switzerland,1,1,1,1,7,5,0,0
/global/archives/6295,Philippines,1,1,1,1,6,4,0,0
/global/archives/6313,Norway,1,1,1,1,10,5,0,0
/global/archives/6313,Sweden,1,1,1,1,199,4,0,0
/global/archives/6313,United States,1,1,1,1,0,3,0,0
/global/archives/6377,Malaysia,1,1,1,1,0,4,0,0
/global/archives/6377,South Korea,1,1,1,1,25,6,0,0
/global/archives/6377,Türkiye,1,1,1,1,0,4,0,0
/global/archives/638,South Korea,1,1,1,1,11,4,0,0
/global/archives/6414,China,1,1,0,0,0,3,0,0
/global/archives/6462,Switzerland,1,2,1,1,0,5,0,0
/global/archives/6471,Hungary,1,1,1,1,37,5,0,0
/global/archives/6504,Japan,1,1,1,1,4,5,0,0
/global/archives/6517,India,1,1,1,1,21,4,0,0
/global/archives/6517,Singapore,1,2,1,1,0,6,0,0
/global/archives/6619,South Korea,1,1,1,1,2,5,0,0
/global/archives/6623,Vietnam,1,1,1,1,10,5,0,0
/global/archives/6683,United States,1,1,1,1,0,3,0,0
/global/archives/6710,Germany,1,1,1,1,37,4,0,0
/global/archives/6734,Vietnam,1,1,1,1,49,4,0,0
/global/archives/6807,Hong Kong,1,1,1,1,0,4,0,0
/global/archives/6807,Singapore,1,1,1,1,15,5,0,0
/global/archives/6807,United States,1,1,1,1,49,4,0,0
/global/archives/6824,Hong Kong,1,1,1,1,1,5,0,0
/global/archives/6834,South Korea,1,1,1,1,40,6,0,0
/global/archives/6871,China,1,1,1,1,29,4,0,0
/global/archives/7031,Germany,1,1,1,1,41,4,0,0
/global/archives/7031,South Korea,1,2,1,1,0,6,0,0
/global/archives/7031,United States,1,1,1,1,2,4,0,0
/global/archives/7112,United States,1,1,1,1,0,3,0,0
/global/archives/7168,United States,1,1,1,1,0,3,0,0
/global/archives/7177,South Korea,1,1,1,1,2,4,0,0
/global/archives/7177,United States,1,1,1,1,0,4,0,0
/global/archives/7292,China,1,1,1,1,5,2,0,0
/global/archives/7292,South Korea,1,1,1,1,1,5,0,0
/global/archives/7292,United States,1,1,1,1,51,3,0,0
/global/archives/733,United States,1,1,1,1,0,3,0,0
/global/archives/736,South Korea,1,1,1,1,0,4,0,0
/global/archives/7445,China,1,1,1,1,62,4,0,0
/global/archives/7445,Hong Kong,1,1,1,1,0,3,0,0
/global/archives/7445,Netherlands,1,1,1,1,11,5,0,0
/global/archives/751,France,1,1,1,1,277,5,0,0
/global/archives/7522,South Korea,1,2,1,1,0,6,0,0
/global/archives/7596,Philippines,1,1,1,1,51,5,0,0
/global/archives/7633,South Korea,1,1,1,1,77,5,0,0
/global/archives/7670,Japan,1,1,1,1,95,5,0,0
/global/archives/7761,Japan,1,2,1,1,0,6,0,0
/global/archives/7784,United States,1,1,1,1,139,6,0,0
/global/archives/7870,India,1,1,1,1,0,4,0,0
/global/archives/7870,South Korea,1,1,1,1,27,6,0,0
/global/archives/7894,South Korea,1,1,1,1,9,4,0,0
/global/archives/7906,South Korea,1,1,1,1,0,3,0,0
/global/archives/7919,Canada,1,1,1,1,26,5,0,0
/global/archives/7919,Philippines,1,1,1,1,0,4,0,0
/global/archives/7919,South Korea,1,1,1,1,41,5,0,0
/global/archives/7979,South Korea,1,1,1,1,8,4,0,0
/global/archives/7991,Singapore,1,1,1,1,2,5,0,0
/global/archives/8046,United States,1,1,1,1,6,5,0,0
/global/archives/8152,United States,1,1,1,1,0,3,0,0
/global/archives/822,France,1,1,1,1,0,4,0,0
/global/archives/822,South Korea,1,1,1,1,28,6,0,0
/global/archives/822,Ukraine,1,1,1,1,1,5,0,0
/global/archives/822,United Kingdom,1,2,1,1,0,6,0,0
/global/archives/8298,Malaysia,1,2,1,1,22,7,0,0
/global/archives/8298,United States,1,1,1,1,0,2,0,0
/global/archives/8327,South Korea,1,1,1,1,1,5,0,0
/global/archives/8350,United States,1,1,1,1,0,3,0,0
/global/archives/8428,South Korea,1,2,1,1,0,6,0,0
/global/archives/8428,Taiwan,1,2,1,1,1,6,0,0
/global/archives/8463,Hong Kong,1,1,1,1,17,4,0,0
/global/archives/851,Sweden,1,1,1,1,16,4,0,0
/global/archives/8599,South Korea,1,1,1,1,37,5,0,0
/global/archives/8846,Hong Kong,1,1,1,1,206,6,0,0
/global/archives/8899,Switzerland,1,1,1,1,14,5,0,0
/global/archives/9079,United States,1,1,1,1,38,4,0,0
/global/archives/9191,United States,1,1,1,1,0,3,0,0
/global/archives/9236,Canada,1,1,1,1,5,6,0,0
/global/archives/9310,United States,1,1,1,1,70,5,0,0
/global/archives/9419,Japan,1,1,1,1,27,5,0,0
/global/archives/9419,South Korea,1,2,1,1,0,5,0,0
/global/archives/9493,Japan,1,1,1,1,0,2,0,0
/global/archives/9493,South Korea,1,1,1,1,17,6,0,0
/global/archives/9509,Canada,1,1,1,1,34,5,0,0
/global/archives/9509,United States,1,1,1,1,0,4,0,0
/global/archives/9548,United States,1,1,1,1,0,3,0,0
/global/archives/9616,India,1,1,1,1,43,5,0,0
/global/archives/9616,Japan,1,2,1,1,28,4,0,0
/global/archives/9616,Singapore,1,1,1,1,0,3,0,0
/global/archives/9648,South Korea,1,1,1,1,9,5,0,0
/global/archives/9709/1110_468-5,South Korea,1,1,1,1,0,4,0,0
/global/archives/9740,Colombia,1,2,1,1,0,6,0,0
/global/archives/9910,Philippines,1,1,1,1,10,5,0,0
/global/archives/9910,United Kingdom,1,1,1,1,54,6,0,0
/global/archives/9910,United States,1,1,1,1,225,6,0,0
/global/archives/9998,India,1,1,1,1,3,4,0,0
/global/archives/category/ces/ces-2023,South Korea,1,1,1,1,2,4,0,0
/global/archives/category/corporate/sk-energy,Hong Kong,1,1,1,1,20,6,0,0
/global/archives/category/corporate/sk-energy,India,1,1,1,1,0,4,0,0
/global/archives/category/corporate/sk-enmove,United States,1,1,1,1,125,6,0,0
/global/archives/category/corporate/sk-enmove,Venezuela,1,1,1,1,47,5,0,0
/global/archives/category/corporate/sk-enmove,Vietnam,1,1,1,1,26,6,0,0
/global/archives/category/corporate/sk-incheon-petrochem,India,1,1,1,1,13,5,0,0
/global/archives/category/corporate/sk-on,China,1,1,1,1,15,4,0,0
/global/archives/category/corporate/sk-on,Taiwan,1,1,1,1,3,4,0,0
/global/archives/category/corporate/sk-rading-international,China,1,1,1,1,4,4,0,0
/global/archives/category/corporate/sk-rading-international,Malaysia,1,1,1,1,9,5,0,0
/global/archives/category/corporates,Argentina,1,1,1,1,10,4,0,0
/global/archives/category/corporates,Brazil,1,1,1,1,6,4,0,0
/global/archives/category/corporates,Malaysia,1,1,1,1,4,4,0,0
/global/archives/category/corporates,Singapore,1,1,1,1,17,4,0,0
/global/archives/category/corporates,Taiwan,1,1,1,1,2,4,0,0
/global/archives/category/corporates/sk-earthon,South Korea,1,1,1,1,29,4,0,0
/global/archives/category/corporates/sk-earthon,United States,1,1,1,1,7,5,0,0
/global/archives/category/corporates/sk-energy,Germany,1,1,1,1,10,3,0,0
/global/archives/category/corporates/sk-energy,India,1,1,1,1,6,3,0,0
/global/archives/category/corporates/sk-energy,Malaysia,1,1,1,1,75,6,0,0
/global/archives/category/corporates/sk-energy,United Kingdom,1,1,1,1,9,4,0,0
/global/archives/category/corporates/sk-energy,Vietnam,1,2,1,1,0,5,0,0
/global/archives/category/corporates/sk-enmove,Pakistan,1,1,1,1,39,4,0,0
/global/archives/category/corporates/sk-enmove,Romania,1,1,1,1,0,3,0,0
/global/archives/category/corporates/sk-enmove,South Korea,1,1,1,1,0,2,0,0
/global/archives/category/corporates/sk-enmove,United States,1,1,1,1,60,4,0,0
/global/archives/category/corporates/sk-enterm,Germany,1,1,1,1,2,5,0,0
/global/archives/category/corporates/sk-enterm,Japan,1,1,1,1,7,3,0,0
/global/archives/category/corporates/sk-enterm,Singapore,1,1,1,1,6,4,0,0
/global/archives/category/corporates/sk-geo-centric,Brazil,1,1,1,1,18,4,0,0
/global/archives/category/corporates/sk-geo-centric,India,1,1,1,1,0,3,0,0
/global/archives/category/corporates/sk-geo-centric,Spain,1,1,1,1,38,4,0,0
/global/archives/category/corporates/sk-ie-technology,Hong Kong,1,1,1,1,5,4,0,0
/global/archives/category/corporates/sk-ie-technology,Japan,1,1,1,1,6,4,0,0
/global/archives/category/corporates/sk-ie-technology,Ukraine,1,1,1,1,35,4,0,0
/global/archives/category/corporates/sk-ie-technology,United Kingdom,1,1,1,1,11,5,0,0
/global/archives/category/corporates/sk-innovation,Poland,1,1,1,1,24,4,0,0
/global/archives/category/corporates/sk-innovation,Portugal,1,1,1,1,37,4,0,0
/global/archives/category/corporates/sk-innovation,Spain,1,1,1,1,17,4,0,0
/global/archives/category/corporates/sk-on,Germany,1,2,1,1,0,5,0,0
/global/archives/category/corporates/sk-on,Italy,1,1,1,1,41,5,0,0
/global/archives/category/corporates/sk-on,United Kingdom,1,1,1,1,11,4,0,0
/global/archives/category/corporates/sk-rading-international,Singapore,1,1,1,1,16,4,0,0
/global/archives/category/corporates/sk-rading-international,United Kingdom,1,1,1,1,19,4,0,0
/global/archives/category/insight,Argentina,1,1,1,1,4,4,0,0
/global/archives/category/insight,Brazil,1,1,1,1,27,4,0,0
/global/archives/category/insight,India,1,1,1,1,12,4,0,0
/global/archives/category/insight,Mexico,1,1,1,1,11,4,0,0
/global/archives/category/insight,South Korea,1,2,1,1,0,5,0,0
/global/archives/category/insight,Taiwan,1,1,1,1,5,4,0,0
/global/archives/category/insight,United Kingdom,1,1,1,1,2,4,0,0
/global/archives/category/insight/expert-voice,Pakistan,1,1,1,1,0,3,0,0
/global/archives/category/insight/trend_report,China,1,1,1,1,5,4,0,0
/global/archives/category/insight/trend_report,Hungary,1,1,1,1,83,4,0,0
/global/archives/category/insight/trend_report,India,1,1,1,1,26,3,0,0
/global/archives/category/people,Argentina,1,1,1,1,3,4,0,0
/global/archives/category/people,China,1,1,1,1,2,3,0,0
/global/archives/category/people,South Korea,1,1,1,1,6,4,0,0
/global/archives/category/people/ceo-leaders,Peru,1,1,1,1,18,3,0,0
/global/archives/category/people/ceo-leaders,Singapore,1,1,1,1,12,5,0,0
/global/archives/category/people/inno-people,Australia,1,1,1,1,5,4,0,0
/global/archives/category/people/inno-people,Hungary,1,1,1,1,166,4,0,0
/global/archives/category/people/inno-people,Japan,1,1,1,1,3,4,0,0
/global/archives/category/people/inno-people,South Korea,1,1,1,1,21,4,0,0
/global/archives/category/people/onsite-report,Argentina,1,1,1,1,17,4,0,0
/global/archives/category/people/onsite-report,United States,1,1,1,1,11,3,0,0
/global/archives/category/people/sustainability,Mexico,1,1,1,1,1,4,0,0
/global/archives/category/people/sustainability,Singapore,1,1,1,1,5,4,0,0
/global/archives/category/press-room,Australia,1,1,1,1,6,3,0,0
/global/archives/category/press-room,Finland,1,1,1,1,17,4,0,0
/global/archives/category/press-room,Hong Kong,1,1,1,1,4,4,0,0
/global/archives/category/press-room,Japan,1,1,1,1,3,4,0,0
/global/archives/category/press-room,Portugal,1,1,1,1,25,4,0,0
/global/archives/category/press-room,Switzerland,1,1,1,1,10,4,0,0
/global/archives/category/press-room,United Arab Emirates,1,1,1,1,42,4,0,0
/global/archives/category/press-room/financial-results,Malaysia,1,1,1,1,15,4,0,0
/global/archives/category/press-room/issue-fact,Argentina,1,1,1,1,12,4,0,0
/global/archives/category/press-room/issue-fact,India,1,1,1,1,6,4,0,0
/global/archives/category/press-room/issue-fact,Singapore,1,1,1,1,11,4,0,0
/global/archives/category/press-room/issue-fact,United Kingdom,1,1,1,1,5,4,0,0
/global/archives/category/press-room/press-release,Argentina,1,1,1,1,24,3,0,0
/global/archives/category/press-room/press-release,China,1,1,1,1,39,4,0,0
/global/archives/category/press-room/press-release,Indonesia,1,2,1,1,0,5,0,0
/global/archives/category/press-room/press-release,Sweden,1,1,1,1,9,3,0,0
/global/archives/category/press-room/press-release,United Arab Emirates,1,1,1,1,7,3,0,0
/global/archives/category/social-value/csr-program,United States,1,1,1,1,1,4,0,0
/global/archives/category/social-value/opinions,United States,1,1,1,1,0,4,0,0
/global/archives/category/social-value/social-enterprise,United States,1,1,1,1,0,4,0,0
/global/archives/tag/1-4-butanediol,China,1,1,1,1,8,2,0,0
/global/archives/tag/1-4-butanediol,United States,1,1,1,1,1,4,0,0
/global/archives/tag/2022-esg-report,United States,1,1,1,1,0,3,0,0
/global/archives/tag/2023-q2,China,1,1,1,1,4,3,0,0
/global/archives/tag/2024-q2,Spain,1,1,1,1,9,4,0,0
/global/archives/tag/2024-q2,United Kingdom,1,1,1,1,0,3,0,0
/global/archives/tag/amogy,South Korea,1,1,1,1,15,5,0,0
/global/archives/tag/assb,South Korea,1,1,1,1,0,4,0,0
/global/archives/tag/atvm,South Korea,1,1,1,1,3,5,0,0
/global/archives/tag/autosilicon,South Korea,1,1,1,1,2,5,0,0
/global/archives/tag/batteries,Russia,1,2,1,1,0,5,0,0
/global/archives/tag/battery,Poland,1,1,1,1,29,4,0,0
/global/archives/tag/biofuel,Singapore,1,1,1,1,4,6,0,0
/global/archives/tag/ca100,South Korea,1,1,1,1,1,5,0,0
/global/archives/tag/cathode,South Korea,1,1,1,1,12,4,0,0
/global/archives/tag/ccs,Malaysia,1,1,1,1,0,3,0,0
/global/archives/tag/ccs,United States,1,1,1,1,59,4,0,0
/global/archives/tag/circular-economy,Bangladesh,1,1,1,1,0,4,0,0
/global/archives/tag/daejeon,Austria,1,1,1,1,20,5,0,0
/global/archives/tag/deep-change,India,1,1,1,1,4,4,0,0
/global/archives/tag/ecopro,Belgium,1,1,1,1,2,5,0,0
/global/archives/tag/esg,United States,1,1,1,1,0,4,0,0
/global/archives/tag/g-15-ap-block,India,1,1,1,1,4,4,0,0
/global/archives/tag/g-15-ap-block,Malaysia,1,1,1,1,1,3,0,0
/global/archives/tag/g-15-ap-block,United Kingdom,1,1,1,1,9,6,0,0
/global/archives/tag/germany,United Kingdom,1,1,1,1,22,5,0,0
/global/archives/tag/grc,South Korea,1,2,1,1,0,6,0,0
/global/archives/tag/green-bonds,Japan,1,1,1,1,3,5,0,0
/global/archives/tag/green-bonds,Singapore,1,1,1,1,9,6,0,0
/global/archives/tag/hg-initiative,South Korea,1,1,1,1,4,5,0,0
/global/archives/tag/hungary,Hungary,1,1,1,1,31,5,0,0
/global/archives/tag/hungary,Sweden,1,2,1,1,0,6,0,0
/global/archives/tag/hyundai-motor,Pakistan,1,1,1,1,27,3,0,0
/global/archives/tag/kaiwa,Chile,1,1,1,1,0,3,0,0
/global/archives/tag/kia,Pakistan,1,1,1,1,38,4,0,0
/global/archives/tag/kuala-lumpur,Malaysia,1,1,1,1,4,3,0,0
/global/archives/tag/laptop-stand,United States,1,1,1,1,6,5,0,0
/global/archives/tag/lithium-ion-battery,India,1,1,1,1,4,5,0,0
/global/archives/tag/lithium-ion-battery,Taiwan,1,1,1,1,48,5,0,0
/global/archives/tag/lithium-ion-battery,Ukraine,1,1,1,1,78,5,0,0
/global/archives/tag/malayisia,Indonesia,1,1,1,1,16,4,0,0
/global/archives/tag/malaysia,Malaysia,1,1,1,1,14,3,0,0
/global/archives/tag/market-kurly,South Korea,1,1,1,1,19,6,0,0
/global/archives/tag/ncm,Hong Kong,1,1,1,1,11,6,0,0
/global/archives/tag/ncm811,Netherlands,1,1,1,1,3,6,0,0
/global/archives/tag/ncm9,Spain,1,1,1,1,4,5,0,0
/global/archives/tag/nickel,Japan,1,1,1,1,13,3,0,0
/global/archives/tag/northvolt,South Korea,1,1,1,1,3,5,0,0
/global/archives/tag/norway,South Korea,1,1,1,1,7,4,0,0
/global/archives/tag/ohio,South Korea,1,1,1,1,6,5,0,0
/global/archives/tag/pbat,Vietnam,1,1,1,1,13,6,0,0
/global/archives/tag/pet,India,1,1,1,1,3,5,0,0
/global/archives/tag/petronas,Indonesia,1,1,1,1,39,4,0,0
/global/archives/tag/plogging-campaign,South Korea,1,1,1,1,0,3,0,0
/global/archives/tag/poe,Germany,1,1,1,1,11,5,0,0
/global/archives/tag/poe,Taiwan,1,1,1,1,12,5,0,0
/global/archives/tag/posco-holdings,Taiwan,1,1,1,1,3,5,0,0
/global/archives/tag/pouch-type-battery,India,1,1,1,1,12,5,0,0
/global/archives/tag/pouch-type-battery,Italy,1,1,1,1,4,5,0,0
/global/archives/tag/pouch-type-battery,Norway,1,1,1,1,9,5,0,0
/global/archives/tag/purecycle,Hong Kong,1,1,1,1,11,4,0,0
/global/archives/tag/rhee-jang-weon,Italy,1,1,1,1,13,4,0,0
/global/archives/tag/roh-jae-sok,Poland,1,1,1,1,34,6,0,0
/global/archives/tag/separator,Poland,1,1,1,1,18,5,0,0
/global/archives/tag/separator,South Korea,1,1,1,1,38,6,0,0
/global/archives/tag/sk-earthon,Malaysia,1,1,1,1,22,3,0,0
/global/archives/tag/sk-earthon,South Korea,1,1,1,1,6,4,0,0
/global/archives/tag/sk-energy-americas,Singapore,1,1,1,1,2,4,0,0
/global/archives/tag/sk-energy-americas,South Korea,1,1,1,1,4,4,0,0
/global/archives/tag/sk-energy-americas,United States,1,1,1,1,4,5,0,0
/global/archives/tag/sk-functional-polymer,Hong Kong,1,1,1,1,5,5,0,0
/global/archives/tag/sk-gc-americas,Brazil,1,1,1,1,6,5,0,0
/global/archives/tag/sk-gc-americas,France,1,1,1,1,15,5,0,0
/global/archives/tag/sk-gc-americas,Japan,1,1,1,1,4,6,0,0
/global/archives/tag/sk-global-chemical-shanghai,Uzbekistan,1,1,1,1,6,5,0,0
/global/archives/tag/sk-global-forum,United States,1,1,1,1,4,5,0,0
/global/archives/tag/sk-hi-tech-battery-materials-poland,Czechia,1,1,1,1,10,5,0,0
/global/archives/tag/sk-hi-tech-battery-materials-poland,Indonesia,1,1,1,1,7,5,0,0
/global/archives/tag/sk-hi-tech-battery-materials-poland,Malaysia,1,1,1,1,8,5,0,0
/global/archives/tag/sk-incheon-petrochem,South Korea,1,1,1,1,25,6,0,0
/global/archives/tag/sk-innovation-institute-of-environmental-science-and-technology,Singapore,1,1,1,1,3,4,0,0
/global/archives/tag/sk-innovations-institute-of-environmental-science-technology,Brazil,1,2,1,1,8,7,0,0
/global/archives/tag/sk-primacor-americas,Germany,1,1,1,1,24,5,0,0
/global/archives/tag/sk-zic,Russia,1,1,1,1,10,5,0,0
/global/archives/tag/sk-zic,South Korea,1,1,1,1,7,5,0,0
/global/archives/tag/skbm,Hong Kong,1,1,1,1,0,4,0,0
/global/archives/tag/skbm,South Korea,1,1,0,0,0,3,0,0
/global/archives/tag/sken,South Korea,1,1,1,1,0,4,0,0
/global/archives/tag/skeo,South Korea,1,1,1,1,0,4,0,0
/global/archives/tag/skipc,South Korea,1,1,1,1,20,6,0,0
/global/archives/tag/skoh,Australia,1,1,1,1,2,5,0,0
/global/archives/tag/skti,South Korea,1,1,1,1,11,5,0,0
/global/archives/tag/sk综合化学,Philippines,1,1,1,1,13,5,0,0
/global/archives/tag/sk综合化学,Taiwan,1,1,1,1,0,4,0,0
/global/archives/tag/sk综合化学,United States,1,1,1,1,3,5,0,0
/global/archives/tag/smr,United States,1,1,0,0,0,3,0,0
/global/archives/tag/solid-power,India,1,1,1,1,55,5,0,0
/global/archives/tag/solid-power,South Korea,1,1,1,1,17,5,0,0
/global/archives/tag/sustainability,United States,1,1,1,1,0,4,0,0
/global/archives/tag/sustainability-report,United States,1,1,1,1,0,3,0,0
/global/archives/tag/sustainable-packaging-materials,United States,1,1,1,1,0,4,0,0
/global/archives/tag/ulsan-complex,Finland,1,1,1,1,47,6,0,0
/global/archives/tag/urbix,Poland,1,1,1,1,0,4,0,0
/global/archives/tag/usisan,Philippines,1,1,1,1,6,4,0,0
/global/archives/tag/waste-water-treatment-system,South Korea,1,1,1,1,7,6,0,0
/global/archives/tag/winter-pro-lfp-battery,Singapore,1,1,1,1,13,4,0,0
/global/archives/tag/yubase,India,1,1,1,1,12,4,0,0
/global/latestnews,Poland,1,2,1,1,0,6,0,0
/global/latestnews,Russia,1,1,0,0,0,3,0,0
/global/latestnews,Taiwan,1,1,1,1,18,4,0,0
/global/latestnews,Thailand,1,1,1,1,6,6,0,0
/global/privacy-policy,Canada,1,1,1,1,1,4,0,0
/global/privacy-policy,South Korea,1,1,1,1,0,2,0,0
/global/sustainability-report,United Kingdom,1,1,1,1,0,4,0,0
/global/archives/14384,Singapore,0,1,0,0,0,2,0,0
/global/archives/15937,Canada,0,1,1,0,288,1,0,0
/global/archives/16532,Canada,0,1,1,0,191,1,0,0
/global/archives/18283,Iran,0,1,1,0,0,2,0,0
/global/archives/18361,Hong Kong,0,1,0,0,0,2,0,0
/global/archives/4518,Sweden,0,1,0,0,0,2,0,0
/global/archives/4793,Mexico,0,1,0,0,0,2,0,0
/global/archives/6216,United Kingdom,0,1,0,0,0,2,0,0
/global/archives/6734,Hong Kong,0,1,1,0,0,2,0,0
/global/archives/9910,Canada,0,1,1,0,0,2,0,0