# ----------------------------------------
# 보고서 CSV 내보내기
# 계정: skinno global
# 속성: skinno 글로벌 - GA4
# ----------------------------------------
# 
# 모든 사용자
# 시작일: 20241007
# 종료일: 20241013
페이지 경로 및 화면 클래스,기기 카테고리,조회수,활성 사용자,활성 사용자당 조회수,활성 사용자당 평균 참여 시간,이벤트 수,주요 이벤트,총 수익
/global/archives/19179,mobile,1309,898,1.457683741648107,5.827394209354121,5175,0,0
/global/,desktop,153,99,1.5454545454545454,14.373737373737374,770,0,0
/global/archives/19179,desktop,144,117,1.2307692307692308,34.21367521367522,589,0,0
/pagead/aclk,mobile,133,92,1.4456521739130435,0,456,0,0
/global/latestnews,desktop,132,105,1.2571428571428571,20.17142857142857,513,0,0
/global/archives/19078,desktop,57,52,1.0961538461538463,34.88461538461539,258,0,0
/global/archives/category/press-room/financial-results,desktop,54,27,2,19.333333333333332,215,0,0
/global/archives/18546,desktop,49,44,1.1136363636363635,15.363636363636363,235,0,0
/global/archives/category/press-room/press-release,desktop,46,31,1.4838709677419355,24.64516129032258,175,0,0
/global/archives/18608,desktop,43,26,1.6538461538461537,33,180,0,0
/global/archives/19078,mobile,36,14,2.5714285714285716,18.285714285714285,117,0,0
/global/archives/15374,desktop,35,32,1.09375,19.15625,158,0,0
/global/archives/17426,desktop,34,26,1.3076923076923077,31.384615384615383,148,0,0
/global/archives/19179,tablet,33,24,1.375,1.7083333333333333,122,0,0
/global/archives/category/press-room,desktop,30,24,1.25,50.25,118,0,0
/global/archives/19202,desktop,29,23,1.2608695652173914,34.608695652173914,118,0,0
/global/archives/17356,desktop,28,22,1.2727272727272727,48.18181818181818,123,0,0
/global/archives/category/corporates,desktop,28,20,1.4,16.95,104,0,0
/global/archives/category/corporates/sk-on,desktop,27,19,1.4210526315789473,39.8421052631579,107,0,0
/global/archives/17446,desktop,26,32,0.8125,6.25,96,0,0
/global/archives/19045,desktop,26,22,1.1818181818181819,109.22727272727273,109,0,0
/global/archives/12950,desktop,25,27,0.9259259259259259,9.25925925925926,90,0,0
/global/archives/19149,desktop,24,24,1,17.208333333333332,98,0,0
/global/archives/18770,desktop,22,18,1.2222222222222223,31.11111111111111,99,0,0
/global/archives/18445,desktop,20,15,1.3333333333333333,149.26666666666668,81,0,0
/global/archives/category/corporates/sk-enmove,desktop,20,8,2.5,63.5,80,0,0
/global/archives/18107,mobile,19,19,1,108.89473684210526,89,0,0
/global/archives/17623,desktop,17,12,1.4166666666666667,31.083333333333332,73,0,0
/global/archives/17737,desktop,17,13,1.3076923076923077,170,81,0,0
/global/archives/19045,mobile,17,10,1.7,21.9,63,0,0
/global/archives/category/corporates/sk-on,mobile,17,4,4.25,95.75,61,0,0
/global/,mobile,15,12,1.25,11.75,63,0,0
/global/archives/13780,mobile,15,3,5,106.66666666666667,41,0,0
/global/archives/17623,mobile,15,8,1.875,16.125,49,0,0
/global/archives/18107,desktop,15,15,1,82.26666666666667,74,0,0
/global/archives/9910,mobile,15,12,1.25,28.416666666666668,65,0,0
/global/archives/category/corporates/sk-innovation,desktop,15,13,1.1538461538461537,12.461538461538462,58,0,0
/global/archives/category/insight/trend_report,desktop,15,8,1.875,6.625,59,0,0
/global/archives/12022,desktop,14,12,1.1666666666666667,28.75,61,0,0
/global/archives/19154,desktop,14,9,1.5555555555555556,35.111111111111114,61,0,0
/global/archives/6216,desktop,14,14,1,104.78571428571429,71,0,0
/global/archives/17595,desktop,13,11,1.1818181818181819,30,65,0,0
/global/archives/18283,desktop,13,13,1,19.76923076923077,65,0,0
/global/archives/16463,desktop,12,10,1.2,27.9,53,0,0
/global/archives/17216,desktop,12,10,1.2,34.5,55,0,0
/global/archives/9910,desktop,12,12,1,52.166666666666664,59,0,0
/global/archives/14491,desktop,11,8,1.375,9.875,46,0,0
/global/archives/15664,desktop,11,7,1.5714285714285714,29.285714285714285,40,0,0
/global/archives/15687,desktop,11,6,1.8333333333333333,104.66666666666667,40,0,0
/global/archives/16060,desktop,11,8,1.375,12,44,0,0
/global/archives/16532,desktop,11,8,1.375,25.375,47,0,0
/global/archives/17499,desktop,11,6,1.8333333333333333,86.83333333333333,50,0,0
/global/archives/489,desktop,11,7,1.5714285714285714,36.57142857142857,44,0,0
/global/archives/category/insight,desktop,11,10,1.1,14.6,43,0,0
/global/archives/category/people,desktop,11,12,0.9166666666666666,9.166666666666666,42,0,0
/global/archives/13780,desktop,10,9,1.1111111111111112,52.44444444444444,44,0,0
/global/archives/15204,desktop,10,5,2,17.4,39,0,0
/global/archives/15490,desktop,10,8,1.25,30.125,50,0,0
/global/archives/17569,desktop,10,9,1.1111111111111112,37.55555555555556,44,0,0
/global/archives/18989,desktop,10,8,1.25,34.375,39,0,0
/global/archives/4921,mobile,10,7,1.4285714285714286,48,46,0,0
/global/archives/11087,desktop,9,10,0.9,23.6,45,0,0
/global/archives/11400,desktop,9,9,1,9.555555555555555,33,0,0
/global/archives/15985,desktop,9,7,1.2857142857142858,17.285714285714285,35,0,0
/global/archives/17990,desktop,9,7,1.2857142857142858,18.714285714285715,36,0,0
/global/archives/18436,desktop,9,8,1.125,29.25,44,0,0
/global/archives/18770,mobile,9,7,1.2857142857142858,40,34,0,0
/global/archives/3820,desktop,9,8,1.125,44.5,41,0,0
/global/archives/category/corporate/sk-energy,desktop,9,7,1.2857142857142858,30.857142857142858,43,0,0
/global/archives/category/corporates/sk-energy,desktop,9,7,1.2857142857142858,25.857142857142858,35,0,0
/global/archives/13521,desktop,8,7,1.1428571428571428,8.571428571428571,40,0,0
/global/archives/15462,desktop,8,6,1.3333333333333333,9,32,0,0
/global/archives/15490,mobile,8,3,2.6666666666666665,0,24,0,0
/global/archives/16787,desktop,8,10,0.8,8.2,30,0,0
/global/archives/18361,desktop,8,5,1.6,19.4,29,0,0
/global/archives/18388,desktop,8,7,1.1428571428571428,104.42857142857143,34,0,0
/global/archives/18546,mobile,8,7,1.1428571428571428,88.28571428571429,36,0,0
/global/archives/18659,desktop,8,8,1,12.375,35,0,0
/global/archives/9740,mobile,8,8,1,35.625,39,0,0
/global/archives/category/corporates/sk-incheon-petrochem,desktop,8,5,1.6,22,33,0,0
/global/archives/tag/2024-q2,desktop,8,1,8,30,32,0,0
/global/archives/10985,desktop,7,4,1.75,15.25,26,0,0
/global/archives/14668,desktop,7,2,3.5,195.5,27,0,0
/global/archives/16154,desktop,7,6,1.1666666666666667,18.5,33,0,0
/global/archives/17460,mobile,7,7,1,24.285714285714285,32,0,0
/global/archives/17844,desktop,7,4,1.75,10.5,26,0,0
/global/archives/18065,desktop,7,5,1.4,42,29,0,0
/global/archives/18374,desktop,7,6,1.1666666666666667,5,27,0,0
/global/archives/19095,desktop,7,6,1.1666666666666667,21.333333333333332,28,0,0
/global/archives/3962,desktop,7,6,1.1666666666666667,17,36,0,0
/global/archives/9740,desktop,7,6,1.1666666666666667,21.666666666666668,38,0,0
/global/archives/category/corporates/sk-earthon,desktop,7,4,1.75,23.75,26,0,0
/global/archives/category/corporates/sk-innovation,mobile,7,5,1.4,13.6,22,0,0
/global/archives/category/press-room/issue-fact,desktop,7,7,1,13.285714285714286,29,0,0
/global/sustainability-report,desktop,7,6,1.1666666666666667,13.5,34,0,0
/global/archives/10774,desktop,6,4,1.5,35.25,28,0,0
/global/archives/11087,mobile,6,5,1.2,95.8,28,0,0
/global/archives/13595,desktop,6,3,2,28,23,0,0
/global/archives/18022,desktop,6,6,1,10.166666666666666,27,0,0
/global/archives/5892,desktop,6,4,1.5,12.75,27,0,0
/global/archives/6343,desktop,6,6,1,25,31,0,0
/global/archives/7445,desktop,6,4,1.5,55.25,24,0,0
/global/archives/9709,desktop,6,4,1.5,13,26,0,0
/global/archives/category/corporates/sk-ie-technology,desktop,6,4,1.5,22.75,26,0,0
/global/archives/category/people/inno-people,desktop,6,6,1,17.166666666666668,23,0,0
/global/archives/11807,mobile,5,3,1.6666666666666667,43,19,0,0
/global/archives/12274/skee,desktop,5,5,1,6.8,25,0,0
/global/archives/14354,desktop,5,3,1.6666666666666667,9.666666666666666,24,0,0
/global/archives/14766,desktop,5,4,1.25,19,20,0,0
/global/archives/14770,desktop,5,4,1.25,23.5,22,0,0
/global/archives/15374,mobile,5,1,5,0,15,0,0
/global/archives/16834,desktop,5,5,1,26.2,23,0,0
/global/archives/17216,mobile,5,5,1,49.6,17,0,0
/global/archives/17313,desktop,5,4,1.25,61.25,19,0,0
/global/archives/17817,mobile,5,3,1.6666666666666667,53.666666666666664,20,0,0
/global/archives/19078,tablet,5,4,1.25,0.25,18,0,0
/global/archives/19149,mobile,5,3,1.6666666666666667,30,16,0,0
/global/archives/6377,mobile,5,4,1.25,11.5,21,0,0
/global/archives/7740,desktop,5,5,1,15,20,0,0
/global/archives/8400,desktop,5,1,5,15,18,0,0
/global/archives/category/corporate/sk-enmove,desktop,5,4,1.25,15.75,20,0,0
/global/archives/category/corporate/sk-on,desktop,5,1,5,26,19,0,0
/global/archives/tag/northvolt,desktop,5,3,1.6666666666666667,6,22,0,0
/OLE/index_page.php,desktop,4,1,4,0,12,0,0
/global/archives/10913,desktop,4,4,1,8.75,19,0,0
/global/archives/10939,desktop,4,4,1,16.75,18,0,0
/global/archives/11161,desktop,4,4,1,59.25,22,0,0
/global/archives/12022,mobile,4,3,1.3333333333333333,40.333333333333336,18,0,0
/global/archives/12147,desktop,4,3,1.3333333333333333,30,19,0,0
/global/archives/13130,desktop,4,4,1,28.25,20,0,0
/global/archives/14226,desktop,4,4,1,20.75,18,0,0
/global/archives/14309,desktop,4,4,1,2.75,16,0,0
/global/archives/14493,desktop,4,4,1,35.75,19,0,0
/global/archives/14766,mobile,4,2,2,7.5,12,0,0
/global/archives/15204,mobile,4,4,1,13.75,20,0,0
/global/archives/15259,desktop,4,3,1.3333333333333333,4,13,0,0
/global/archives/15574,desktop,4,4,1,14,16,0,0
/global/archives/15865,mobile,4,1,4,9,11,0,0
/global/archives/16286,desktop,4,3,1.3333333333333333,8,16,0,0
/global/archives/16376,desktop,4,4,1,0.75,20,0,0
/global/archives/16448,desktop,4,2,2,31,15,0,0
/global/archives/16480,desktop,4,4,1,3.25,20,0,0
/global/archives/17476,mobile,4,5,0.8,55.6,20,0,0
/global/archives/17595,mobile,4,5,0.8,18.8,15,0,0
/global/archives/17817,desktop,4,4,1,15,19,0,0
/global/archives/17893,desktop,4,4,1,7,17,0,0
/global/archives/17950,desktop,4,3,1.3333333333333333,10.333333333333334,18,0,0
/global/archives/18022,mobile,4,4,1,2.75,16,0,0
/global/archives/18140,desktop,4,4,1,100.25,14,0,0
/global/archives/18301,mobile,4,3,1.3333333333333333,31.666666666666668,17,0,0
/global/archives/18332,desktop,4,3,1.3333333333333333,29,17,0,0
/global/archives/18753,desktop,4,4,1,223,18,0,0
/global/archives/19014,desktop,4,4,1,13.75,19,0,0
/global/archives/19202,mobile,4,4,1,11.75,18,0,0
/global/archives/2329,desktop,4,2,2,51.5,19,0,0
/global/archives/253,desktop,4,4,1,46.25,20,0,0
/global/archives/4612,desktop,4,4,1,51.75,20,0,0
/global/archives/5944,desktop,4,4,1,4.25,18,0,0
/global/archives/6014,desktop,4,2,2,0,15,0,0
/global/archives/733,desktop,4,2,2,46.5,18,0,0
/global/archives/category/corporate/sk-on,mobile,4,1,4,102,18,0,0
/global/archives/category/insight/expert-voice,desktop,4,4,1,9.5,16,0,0
/global/archives/category/people/sustainability,desktop,4,4,1,150.75,14,0,0
/global/archives/category/press-room,mobile,4,3,1.3333333333333333,8,14,0,0
/global/archives/tag/ccus,desktop,4,2,2,11.5,17,0,0
/global/archives/tag/dac,desktop,4,1,4,9,16,0,0
/global/archives/tag/europe,mobile,4,2,2,87.5,16,0,0
/global/archives/tag/green-bonds,desktop,4,4,1,8.25,18,0,0
/global/archives/tag/sk-innovations-institute-of-environmental-science-technology,desktop,4,3,1.3333333333333333,14.666666666666666,17,0,0
/global/archives/tag/sk-primacor-europe,mobile,4,2,2,32,17,0,0
/global/archives/tag/sko,desktop,4,3,1.3333333333333333,7,19,0,0
/global/archives/tag/ulsan-complex,desktop,4,1,4,25,15,0,0
/global/archives/10654,desktop,3,3,1,11.666666666666666,15,0,0
/global/archives/10835,desktop,3,2,1.5,0,10,0,0
/global/archives/11004,desktop,3,3,1,61.333333333333336,14,0,0
/global/archives/11037,desktop,3,3,1,41.333333333333336,11,0,0
/global/archives/12106,desktop,3,3,1,29.666666666666668,13,0,0
/global/archives/12106,mobile,3,2,1.5,0,6,0,0
/global/archives/12220,desktop,3,3,1,33.666666666666664,14,0,0
/global/archives/12891,desktop,3,2,1.5,33,12,0,0
/global/archives/1399,desktop,3,3,1,16.333333333333332,11,0,0
/global/archives/14078,desktop,3,2,1.5,51,11,0,0
/global/archives/14243,desktop,3,3,1,21.666666666666668,11,0,0
/global/archives/14491,mobile,3,3,1,17,14,0,0
/global/archives/14740,desktop,3,3,1,10.333333333333334,14,0,0
/global/archives/14788,desktop,3,2,1.5,34.5,11,0,0
/global/archives/15865,desktop,3,2,1.5,165,14,0,0
/global/archives/16463,mobile,3,2,1.5,70.5,12,0,0
/global/archives/16493,desktop,3,3,1,80.33333333333333,12,0,0
/global/archives/16719,desktop,3,3,1,60.333333333333336,15,0,0
/global/archives/17022,desktop,3,3,1,16,16,0,0
/global/archives/17047,desktop,3,2,1.5,182,12,0,0
/global/archives/17386,desktop,3,3,1,7.666666666666667,17,0,0
/global/archives/17386,mobile,3,2,1.5,39,12,0,0
/global/archives/17476,desktop,3,3,1,13,17,0,0
/global/archives/18140,mobile,3,1,3,88,11,0,0
/global/archives/18301,desktop,3,3,1,38.666666666666664,16,0,0
/global/archives/18659,mobile,3,1,3,57,11,0,0
/global/archives/18989,mobile,3,2,1.5,46,13,0,0
/global/archives/19095,mobile,3,3,1,4,11,0,0
/global/archives/19108,desktop,3,3,1,29.666666666666668,12,0,0
/global/archives/19128,desktop,3,3,1,7.333333333333333,14,0,0
/global/archives/4776,desktop,3,3,1,33.666666666666664,16,0,0
/global/archives/648,desktop,3,1,3,149,12,0,0
/global/archives/7761,desktop,3,3,1,29.666666666666668,13,0,0
/global/archives/7906,desktop,3,3,1,77.33333333333333,12,0,0
/global/archives/8087,desktop,3,2,1.5,30.5,13,0,0
/global/archives/8152,desktop,3,2,1.5,4,14,0,0
/global/archives/822,desktop,3,2,1.5,19.5,12,0,0
/global/archives/9668,desktop,3,3,1,24,14,0,0
/global/archives/9695,desktop,3,2,1.5,13.5,12,0,0
/global/archives/category/corporates/sk-enterm,desktop,3,2,1.5,13.5,12,0,0
/global/archives/category/press-room/financial-results,mobile,3,2,1.5,44,10,0,0
/global/archives/category/press-room/press-release,mobile,3,2,1.5,28,13,0,0
/global/archives/category/social-value/csr-program,desktop,3,3,1,15.666666666666666,14,0,0
/global/archives/tag/bayu-undan-ccs-project,desktop,3,1,3,14,13,0,0
/global/archives/tag/carbon-capture,desktop,3,2,1.5,26,13,0,0
/global/archives/tag/cho-kyung-mok,desktop,3,2,1.5,11.5,11,0,0
/global/archives/tag/europe,desktop,3,2,1.5,27.5,12,0,0
/global/archives/tag/ncm811,mobile,3,1,3,10,9,0,0
/global/archives/tag/pouch-type-battery,desktop,3,3,1,4.666666666666667,15,0,0
/global/archives/tag/refrigerants,desktop,3,1,3,8,11,0,0
/global/archives/tag/sk-primacor-europe,desktop,3,3,1,6,13,0,0
/global/latestnews,mobile,3,3,1,20.333333333333332,9,0,0
/global/legal-notices,desktop,3,3,1,7.333333333333333,14,0,0
/global/archives/10133,desktop,2,2,1,24,9,0,0
/global/archives/10913,mobile,2,2,1,328,9,0,0
/global/archives/10985,mobile,2,2,1,61.5,7,0,0
/global/archives/11486,desktop,2,2,1,17,8,0,0
/global/archives/11512,desktop,2,2,1,2,8,0,0
/global/archives/11596,desktop,2,2,1,0,8,0,0
/global/archives/1175,desktop,2,2,1,2.5,7,0,0
/global/archives/11807,desktop,2,2,1,4.5,10,0,0
/global/archives/12008,desktop,2,2,1,42.5,10,0,0
/global/archives/12147,mobile,2,2,1,69.5,10,0,0
/global/archives/12190,desktop,2,1,2,52,9,0,0
/global/archives/12269,desktop,2,2,1,10,10,0,0
/global/archives/12306,desktop,2,2,1,13,10,0,0
/global/archives/12460,desktop,2,1,2,4,7,0,0
/global/archives/12471,desktop,2,2,1,30.5,7,0,0
/global/archives/12692,desktop,2,2,1,20,12,0,0
/global/archives/13036,desktop,2,2,1,19.5,13,0,0
/global/archives/13329,desktop,2,2,1,17.5,11,0,0
/global/archives/13850,desktop,2,2,1,33.5,11,0,0
/global/archives/14083,desktop,2,2,1,267.5,10,0,0
/global/archives/14146,desktop,2,2,1,42,8,0,0
/global/archives/14384,desktop,2,2,1,5.5,11,0,0
/global/archives/14493,mobile,2,1,2,48,8,0,0
/global/archives/14634,desktop,2,2,1,151,12,0,0
/global/archives/14688,desktop,2,2,1,84.5,7,0,0
/global/archives/15007,desktop,2,2,1,4.5,9,0,0
/global/archives/15353,desktop,2,2,1,2,10,0,0
/global/archives/15409,desktop,2,2,1,128,9,0,0
/global/archives/15610,desktop,2,2,1,3,10,0,0
/global/archives/15664,mobile,2,1,2,423,8,0,0
/global/archives/15687,mobile,2,2,1,94.5,8,0,0
/global/archives/15689,mobile,2,1,2,51,7,0,0
/global/archives/15760,desktop,2,2,1,58,9,0,0
/global/archives/15902,desktop,2,1,2,19,8,0,0
/global/archives/15937,desktop,2,2,1,10,9,0,0
/global/archives/16169,desktop,2,2,1,0.5,10,0,0
/global/archives/16532,mobile,2,2,1,154.5,10,0,0
/global/archives/16613,mobile,2,2,1,16,8,0,0
/global/archives/16834,mobile,2,2,1,7.5,10,0,0
/global/archives/16904,desktop,2,1,2,146,9,0,0
/global/archives/16939,desktop,2,2,1,29,10,0,0
/global/archives/16970,desktop,2,2,1,42.5,10,0,0
/global/archives/17169,desktop,2,2,1,44,10,0,0
/global/archives/1722,desktop,2,2,1,51,12,0,0
/global/archives/17460,desktop,2,2,1,55.5,11,0,0
/global/archives/17499,mobile,2,2,1,407.5,10,0,0
/global/archives/17514,desktop,2,2,1,39.5,10,0,0
/global/archives/17569,mobile,2,2,1,33.5,9,0,0
/global/archives/17965,desktop,2,2,1,45.5,9,0,0
/global/archives/17978,desktop,2,2,1,48.5,8,0,0
/global/archives/17989,mobile,2,2,1,73.5,6,0,0
/global/archives/18283,mobile,2,1,2,5,6,0,0
/global/archives/18374,mobile,2,1,2,37,5,0,0
/global/archives/18421,desktop,2,2,1,10,9,0,0
/global/archives/18571,desktop,2,2,1,82.5,13,0,0
/global/archives/18608,mobile,2,2,1,12,9,0,0
/global/archives/18639,mobile,2,2,1,49.5,8,0,0
/global/archives/18708,desktop,2,2,1,162,9,0,0
/global/archives/18743,desktop,2,2,1,5,6,0,0
/global/archives/2293,mobile,2,1,2,0,7,0,0
/global/archives/2675,desktop,2,2,1,7,9,0,0
/global/archives/3123,desktop,2,2,1,26,11,0,0
/global/archives/3393,desktop,2,2,1,8.5,10,0,0
/global/archives/3741,desktop,2,1,2,72,9,0,0
/global/archives/3741,mobile,2,2,1,0,8,0,0
/global/archives/4218,desktop,2,2,1,12,10,0,0
/global/archives/4308,desktop,2,1,2,30,11,0,0
/global/archives/4360,desktop,2,2,1,8,10,0,0
/global/archives/449,desktop,2,2,1,34.5,8,0,0
/global/archives/4499,mobile,2,2,1,66,10,0,0
/global/archives/4844,desktop,2,1,2,91,9,0,0
/global/archives/489,mobile,2,2,1,0,8,0,0
/global/archives/5357,desktop,2,1,2,24,7,0,0
/global/archives/5772,desktop,2,2,1,15.5,11,0,0
/global/archives/5892,mobile,2,2,1,6,9,0,0
/global/archives/6253,mobile,2,1,2,77,8,0,0
/global/archives/6623,mobile,2,1,2,0,6,0,0
/global/archives/6824,desktop,2,1,2,302,6,0,0
/global/archives/7302,desktop,2,1,2,119,9,0,0
/global/archives/733,mobile,2,1,2,0,7,0,0
/global/archives/7476,desktop,2,2,1,17,10,0,0
/global/archives/7596,desktop,2,2,1,6,10,0,0
/global/archives/7596,mobile,2,2,1,0,7,0,0
/global/archives/7633,mobile,2,2,1,130.5,11,0,0
/global/archives/8310,desktop,2,2,1,12.5,9,0,0
/global/archives/8383,desktop,2,2,1,32.5,8,0,0
/global/archives/8972,desktop,2,2,1,94,12,0,0
/global/archives/9096,desktop,2,1,2,60,8,0,0
/global/archives/category/corporates/sk-earthon,mobile,2,1,2,80,7,0,0
/global/archives/category/corporates/sk-energy,mobile,2,2,1,19,7,0,0
/global/archives/category/corporates/sk-rading-international,desktop,2,2,1,3,7,0,0
/global/archives/category/insight/trend_report,mobile,2,1,2,0,6,0,0
/global/archives/category/social-value/opinions,desktop,2,2,1,5,10,0,0
/global/archives/category/social-value/social-enterprise,desktop,2,2,1,4.5,10,0,0
/global/archives/tag/1-4-butanediol,desktop,2,2,1,11,10,0,0
/global/archives/tag/carbon-capture-and-storage,desktop,2,1,2,18,8,0,0
/global/archives/tag/changzhou,desktop,2,1,2,30,10,0,0
/global/archives/tag/csr,desktop,2,1,2,14,8,0,0
/global/archives/tag/doe,mobile,2,1,2,16,9,0,0
/global/archives/tag/drive-thru-job-fair,mobile,2,1,2,32,7,0,0
/global/archives/tag/earnings,desktop,2,2,1,9,8,0,0
/global/archives/tag/financial-results,desktop,2,1,2,16,8,0,0
/global/archives/tag/global-boiling,desktop,2,1,2,8,9,0,0
/global/archives/tag/refrigerant,desktop,2,2,1,3,10,0,0
/global/archives/tag/sinopec-sk-wuhan-petrochemical,desktop,2,2,1,9.5,9,0,0
/global/archives/tag/sk-gc-americas,desktop,2,2,1,13,8,0,0
/global/archives/tag/skeo-hcm,mobile,2,1,2,13,7,0,0
/global/archives/tag/sko,mobile,2,2,1,8.5,11,0,0
/global/archives/tag/solid-power,mobile,2,2,1,3.5,10,0,0
/global/archives/tag/vwbe,mobile,2,2,1,6.5,12,0,0
/global/archives/tag/蓝谷智慧能源,desktop,2,1,2,4,8,0,0
/pagead/aclk,tablet,2,1,2,0,8,0,0
/global/archives/10073,mobile,1,1,1,103,5,0,0
/global/archives/10133,mobile,1,1,1,0,4,0,0
/global/archives/10310,desktop,1,1,1,73,4,0,0
/global/archives/1043,desktop,1,1,1,0,6,0,0
/global/archives/10460,desktop,1,1,1,0,6,0,0
/global/archives/10610,desktop,1,1,1,8,5,0,0
/global/archives/10713,mobile,1,1,1,23,5,0,0
/global/archives/10767,desktop,1,1,1,46,3,0,0
/global/archives/10835,mobile,1,1,1,61,4,0,0
/global/archives/10977,desktop,1,1,1,0,4,0,0
/global/archives/1114,desktop,1,1,1,10,5,0,0
/global/archives/11214,desktop,1,1,1,5,5,0,0
/global/archives/1131,desktop,1,1,1,6,3,0,0
/global/archives/11527,desktop,1,1,1,0,6,0,0
/global/archives/11596,mobile,1,1,1,0,4,0,0
/global/archives/11683,mobile,1,1,1,41,5,0,0
/global/archives/11756,desktop,1,1,1,1,3,0,0
/global/archives/11853,mobile,1,1,1,1,4,0,0
/global/archives/11879,mobile,1,1,1,31,5,0,0
/global/archives/11889,desktop,1,1,1,7,5,0,0
/global/archives/11916,desktop,1,1,1,3,4,0,0
/global/archives/11937,desktop,1,1,1,1,3,0,0
/global/archives/11980,desktop,1,1,1,2,4,0,0
/global/archives/11992,desktop,1,1,1,0,3,0,0
/global/archives/12036,desktop,1,1,1,0,4,0,0
/global/archives/12072,desktop,1,1,1,0,4,0,0
/global/archives/12091,desktop,1,1,1,0,4,0,0
/global/archives/12237,desktop,1,1,1,4,5,0,0
/global/archives/12274/skee,tablet,1,1,1,2,5,0,0
/global/archives/12306,mobile,1,1,1,178,3,0,0
/global/archives/1237,desktop,1,1,1,10,5,0,0
/global/archives/12373,desktop,1,1,1,36,4,0,0
/global/archives/12413,desktop,1,1,1,43,4,0,0
/global/archives/1257,desktop,1,1,1,7,3,0,0
/global/archives/12610,desktop,1,1,1,14,4,0,0
/global/archives/12667,mobile,1,1,1,199,6,0,0
/global/archives/12667,tablet,1,1,1,0,4,0,0
/global/archives/12688,desktop,1,1,1,37,5,0,0
/global/archives/12688,mobile,1,1,1,15,5,0,0
/global/archives/12891,mobile,1,1,1,0,4,0,0
/global/archives/12968,desktop,1,1,1,5,3,0,0
/global/archives/13103,desktop,1,1,1,1,5,0,0
/global/archives/13329,mobile,1,1,1,0,2,0,0
/global/archives/13437,desktop,1,1,1,19,5,0,0
/global/archives/13544,desktop,1,1,1,36,5,0,0
/global/archives/13669,desktop,1,1,1,0,3,0,0
/global/archives/13748,desktop,1,1,1,9,5,0,0
/global/archives/1398,desktop,1,1,1,62,5,0,0
/global/archives/14065,desktop,1,1,1,33,4,0,0
/global/archives/14065,mobile,1,0,0,0,4,0,0
/global/archives/14179,desktop,1,1,1,0,6,0,0
/global/archives/14193,desktop,1,1,1,8,5,0,0
/global/archives/14193,mobile,1,1,1,12,5,0,0
/global/archives/14226,mobile,1,1,1,22,5,0,0
/global/archives/14264,desktop,1,1,1,18,5,0,0
/global/archives/14333,desktop,1,1,1,49,4,0,0
/global/archives/14442,desktop,1,1,1,21,4,0,0
/global/archives/14565,desktop,1,1,1,0,2,0,0
/global/archives/14628,desktop,1,1,1,106,4,0,0
/global/archives/14690,desktop,1,1,1,21,5,0,0
/global/archives/14770,mobile,1,1,1,0,3,0,0
/global/archives/14858,mobile,1,1,1,7,3,0,0
/global/archives/15007,mobile,1,1,1,0,4,0,0
/global/archives/15208,desktop,1,1,1,33,4,0,0
/global/archives/15592,desktop,1,1,1,4,5,0,0
/global/archives/15840,desktop,1,1,1,64,4,0,0
/global/archives/15937,mobile,1,0,0,0,3,0,0
/global/archives/16025,mobile,1,1,1,0,2,0,0
/global/archives/16060,mobile,1,2,0.5,39.5,9,0,0
/global/archives/16118,desktop,1,1,1,13,4,0,0
/global/archives/16154,mobile,1,0,0,0,3,0,0
/global/archives/16308,desktop,1,1,1,40,5,0,0
/global/archives/16334,mobile,1,1,1,0,4,0,0
/global/archives/16405,desktop,1,1,1,81,4,0,0
/global/archives/16563,desktop,1,1,1,17,5,0,0
/global/archives/16787,mobile,1,1,1,5,5,0,0
/global/archives/16939,mobile,1,1,1,82,4,0,0
/global/archives/17010,mobile,1,1,1,30,4,0,0
/global/archives/17047/4-sk이노베이션_ces2024_sk원더랜드_sk-wonderland_판타스틱아일랜드_ai-포,desktop,1,1,1,8,6,0,0
/global/archives/17047/4-sk이노베이션_ces2024_sk원더랜드_sk-wonderland_판타스틱아일랜드_ai-포-2,desktop,1,1,1,16,6,0,0
/global/archives/17169,mobile,1,1,1,29,5,0,0
/global/archives/17356,mobile,1,1,1,8,5,0,0
/global/archives/17446,mobile,1,0,0,0,3,0,0
/global/archives/17460,tablet,1,1,1,13,5,0,0
/global/archives/17476,tablet,1,1,1,0,3,0,0
/global/archives/17697,mobile,1,1,1,119,6,0,0
/global/archives/17737,mobile,1,1,1,0,6,0,0
/global/archives/17737,tablet,1,1,1,10,5,0,0
/global/archives/17796,desktop,1,1,1,25,5,0,0
/global/archives/17863,desktop,1,1,1,10,4,0,0
/global/archives/17950,mobile,1,1,1,57,5,0,0
/global/archives/18208,desktop,1,1,1,3,4,0,0
/global/archives/18445,mobile,1,1,1,0,4,0,0
/global/archives/18445,tablet,1,1,1,0,4,0,0
/global/archives/18500,desktop,1,1,1,6,5,0,0
/global/archives/18571,mobile,1,1,1,0,4,0,0
/global/archives/18639,desktop,1,1,1,116,6,0,0
/global/archives/18708,mobile,1,1,1,154,5,0,0
/global/archives/18753,mobile,1,1,1,12,3,0,0
/global/archives/18783,desktop,1,1,1,0,4,0,0
/global/archives/19045,tablet,1,0,0,0,3,0,0
/global/archives/19108,mobile,1,1,1,0,2,0,0
/global/archives/1935,desktop,1,1,1,10,5,0,0
/global/archives/2026,desktop,1,1,1,6,6,0,0
/global/archives/2293,desktop,1,1,1,92,5,0,0
/global/archives/2448,desktop,1,1,1,6,3,0,0
/global/archives/2490,desktop,1,1,1,2,3,0,0
/global/archives/253,mobile,1,1,1,29,5,0,0
/global/archives/2576,desktop,1,1,1,1,4,0,0
/global/archives/2761,desktop,1,1,1,414,7,0,0
/global/archives/303,desktop,1,1,1,12,5,0,0
/global/archives/3220,desktop,1,1,1,7,4,0,0
/global/archives/3304,desktop,1,1,1,69,4,0,0
/global/archives/3473,desktop,1,1,1,13,5,0,0
/global/archives/3689,desktop,1,1,1,5,3,0,0
/global/archives/3709,mobile,1,1,1,32,5,0,0
/global/archives/3786,desktop,1,1,1,49,4,0,0
/global/archives/3859,desktop,1,1,1,13,4,0,0
/global/archives/3962,mobile,1,1,1,15,5,0,0
/global/archives/4059,mobile,1,1,1,0,3,0,0
/global/archives/4193,desktop,1,1,1,0,4,0,0
/global/archives/4415,desktop,1,1,1,40,5,0,0
/global/archives/4499,desktop,1,1,1,59,5,0,0
/global/archives/4751,desktop,1,1,1,5,3,0,0
/global/archives/4793,desktop,1,1,1,34,5,0,0
/global/archives/4844,mobile,1,1,1,20,3,0,0
/global/archives/5234,desktop,1,1,1,7,5,0,0
/global/archives/5339,desktop,1,1,1,5,5,0,0
/global/archives/542,desktop,1,1,1,5,4,0,0
/global/archives/564,desktop,1,1,1,20,3,0,0
/global/archives/5651,desktop,1,1,1,166,6,0,0
/global/archives/576,desktop,1,1,1,172,4,0,0
/global/archives/5893,desktop,1,1,1,0,4,0,0
/global/archives/5994,mobile,1,1,1,271,7,0,0
/global/archives/6216,mobile,1,1,1,10,5,0,0
/global/archives/6253,desktop,1,1,1,3,5,0,0
/global/archives/6313,desktop,1,1,1,0,6,0,0
/global/archives/6343,mobile,1,1,1,28,5,0,0
/global/archives/6377,desktop,1,1,1,10,4,0,0
/global/archives/6414,mobile,1,1,1,0,2,0,0
/global/archives/6546,desktop,1,1,1,0,6,0,0
/global/archives/6734,desktop,1,1,1,0,5,0,0
/global/archives/6807,mobile,1,1,1,7,5,0,0
/global/archives/6824,mobile,1,1,1,16,5,0,0
/global/archives/6834,mobile,1,1,1,0,4,0,0
/global/archives/6870,desktop,1,1,1,87,5,0,0
/global/archives/7043,desktop,1,1,1,0,4,0,0
/global/archives/7112,desktop,1,1,1,17,3,0,0
/global/archives/7262,desktop,1,1,1,0,5,0,0
/global/archives/7292,desktop,1,1,1,0,5,0,0
/global/archives/7302,mobile,1,1,1,8,5,0,0
/global/archives/7353,desktop,1,1,1,0,4,0,0
/global/archives/7445,mobile,1,1,1,0,3,0,0
/global/archives/7574,desktop,1,1,1,18,4,0,0
/global/archives/7633,desktop,1,1,1,19,7,0,0
/global/archives/7775,desktop,1,1,1,29,5,0,0
/global/archives/7784,desktop,1,1,1,0,4,0,0
/global/archives/7919,desktop,1,1,1,0,6,0,0
/global/archives/7919,mobile,1,1,1,165,4,0,0
/global/archives/7961,desktop,1,1,1,1,4,0,0
/global/archives/8067,mobile,1,1,1,0,4,0,0
/global/archives/8152,mobile,1,1,1,224,4,0,0
/global/archives/8187,desktop,1,1,1,3,4,0,0
/global/archives/831,desktop,1,1,1,5,3,0,0
/global/archives/8350,desktop,1,1,1,5,4,0,0
/global/archives/8829,desktop,1,1,1,0,4,0,0
/global/archives/8899,desktop,1,1,1,154,6,0,0
/global/archives/8899,mobile,1,1,1,42,5,0,0
/global/archives/8914,mobile,1,1,1,3,4,0,0
/global/archives/9043,mobile,1,1,1,0,4,0,0
/global/archives/9079,desktop,1,1,1,4,5,0,0
/global/archives/9191,desktop,1,1,1,13,5,0,0
/global/archives/9250,desktop,1,1,1,27,4,0,0
/global/archives/9415,desktop,1,1,1,28,5,0,0
/global/archives/9509,desktop,1,1,1,38,4,0,0
/global/archives/9596,desktop,1,1,1,10,3,0,0
/global/archives/9616,desktop,1,1,1,16,5,0,0
/global/archives/9695,mobile,1,1,1,32,5,0,0
/global/archives/9740,tablet,1,1,1,21,5,0,0
/global/archives/9877,desktop,1,1,1,0,4,0,0
/global/archives/9893,desktop,1,1,1,31,5,0,0
/global/archives/9951,desktop,1,1,1,172,6,0,0
/global/archives/category/corporates/sk-enmove,mobile,1,1,1,11,4,0,0
/global/archives/category/corporates/sk-rading-international,mobile,1,1,1,20,4,0,0
/global/archives/category/insight,mobile,1,1,1,0,4,0,0
/global/archives/category/press-room/issue-fact,mobile,1,1,1,9,4,0,0
/global/archives/tag/2022-esg-report,desktop,1,1,1,3,5,0,0
/global/archives/tag/ankara,mobile,1,1,1,1,5,0,0
/global/archives/tag/battery,desktop,1,1,1,11,4,0,0
/global/archives/tag/best-oil-company,desktop,1,1,1,7,3,0,0
/global/archives/tag/bio-feedstocks,desktop,1,1,1,5,3,0,0
/global/archives/tag/carbon-neutral,desktop,1,1,1,5,5,0,0
/global/archives/tag/cathode,desktop,1,1,1,5,5,0,0
/global/archives/tag/ccs-hub-project,desktop,1,1,1,20,4,0,0
/global/archives/tag/cic,desktop,1,1,1,8,5,0,0
/global/archives/tag/daejeon,desktop,1,1,1,19,6,0,0
/global/archives/tag/drone,desktop,1,1,1,3,5,0,0
/global/archives/tag/ecopro,desktop,1,1,1,0,4,0,0
/global/archives/tag/ek-energy,desktop,1,1,1,5,6,0,0
/global/archives/tag/esg,desktop,1,1,1,5,5,0,0
/global/archives/tag/ev,mobile,1,1,1,54,4,0,0
/global/archives/tag/ev-battery,mobile,1,1,1,55,4,0,0
/global/archives/tag/ev-sales,desktop,1,1,1,0,3,0,0
/global/archives/tag/evs,desktop,1,1,1,0,3,0,0
/global/archives/tag/ford,desktop,1,1,1,6,5,0,0
/global/archives/tag/gem,mobile,1,1,1,9,4,0,0
/global/archives/tag/global-talent,mobile,1,1,1,72,4,0,0
/global/archives/tag/grc,mobile,1,1,1,14,5,0,0
/global/archives/tag/group-iii-base-oil,desktop,1,1,1,2,5,0,0
/global/archives/tag/ionomer,mobile,1,1,1,8,5,0,0
/global/archives/tag/jet-fuel,mobile,1,1,1,14,4,0,0
/global/archives/tag/komarom,desktop,1,1,1,12,6,0,0
/global/archives/tag/liquid-cooling,desktop,1,1,1,5,4,0,0
/global/archives/tag/lithium-ion-batteries,desktop,1,1,1,4,4,0,0
/global/archives/tag/malaysia,desktop,1,1,1,30,4,0,0
/global/archives/tag/merger,desktop,1,1,1,15,4,0,0
/global/archives/tag/ncm811,desktop,1,1,1,33,5,0,0
/global/archives/tag/ncm9,desktop,1,1,1,12,6,0,0
/global/archives/tag/patra-sk,desktop,1,1,1,8,6,0,0
/global/archives/tag/plogging-campaign,desktop,1,1,1,4,5,0,0
/global/archives/tag/podio-ferrari,desktop,1,1,1,2,4,0,0
/global/archives/tag/pop-up-store,desktop,1,1,1,7,5,0,0
/global/archives/tag/re100,desktop,1,1,1,0,6,0,0
/global/archives/tag/renew,desktop,1,1,1,3,5,0,0
/global/archives/tag/revenue,desktop,1,1,1,2,4,0,0
/global/archives/tag/rhee-jang-weon,mobile,1,1,1,7,5,0,0
/global/archives/tag/russia,desktop,1,1,1,2,5,0,0
/global/archives/tag/senior,desktop,1,1,1,17,5,0,0
/global/archives/tag/sk-battery-america,desktop,1,1,1,20,5,0,0
/global/archives/tag/sk-block-427,desktop,1,1,1,12,4,0,0
/global/archives/tag/sk-energy,desktop,1,1,1,54,3,0,0
/global/archives/tag/sk-energy-americas,desktop,1,2,0.5,9.5,7,0,0
/global/archives/tag/sk-energy-americas,mobile,1,1,1,17,6,0,0
/global/archives/tag/sk-global-chemical,desktop,1,1,1,3,5,0,0
/global/archives/tag/sk-global-forum,desktop,1,1,1,10,5,0,0
/global/archives/tag/sk-hi-tech-battery-materials-poland,mobile,1,1,1,22,5,0,0
/global/archives/tag/sk-lubricants,desktop,1,1,1,40,4,0,0
/global/archives/tag/sk-primacor-americas,desktop,1,1,1,3,6,0,0
/global/archives/tag/sk-supex-council,desktop,1,1,1,6,5,0,0
/global/archives/tag/skbm,desktop,1,1,1,18,6,0,0
/global/archives/tag/skbmp,desktop,1,1,1,0,4,0,0
/global/archives/tag/skei,mobile,1,1,1,0,4,0,0
/global/archives/tag/sken,desktop,1,1,1,10,5,0,0
/global/archives/tag/skeo,desktop,1,1,1,26,6,0,0
/global/archives/tag/skeo,mobile,1,1,1,4,5,0,0
/global/archives/tag/skgca,desktop,1,1,1,3,5,0,0
/global/archives/tag/skle,desktop,1,1,1,11,5,0,0
/global/archives/tag/sk综合化学,desktop,1,1,1,13,4,0,0
/global/archives/tag/sk综合化学上海,desktop,1,1,1,4,4,0,0
/global/archives/tag/sustainability,desktop,1,1,1,4,5,0,0
/global/archives/tag/sustainability-report,desktop,1,1,1,3,5,0,0
/global/archives/tag/tesla,mobile,1,1,1,0,4,0,0
/global/archives/tag/the-world-bank-group,desktop,1,1,1,5,4,0,0
/global/archives/tag/ulsan-clx,desktop,1,1,1,35,4,0,0
/global/archives/tag/unep,desktop,1,1,1,4,4,0,0
/global/privacy-policy,desktop,1,1,1,4,3,0,0
/global/who-we-are,desktop,1,1,1,16,6,0,0
/global/archives/11853,desktop,0,1,0,73,1,0,0
/global/archives/14962,mobile,0,1,0,43,2,0,0
/global/archives/17216,tablet,0,1,0,18,2,0,0
/global/archives/8298,desktop,0,1,0,32,2,0,0
/global/archives/tag/raw-material,mobile,0,1,0,23,3,0,0