# ----------------------------------------
# 보고서 CSV 내보내기
# 계정: skinno global
# 속성: skinno 글로벌 - GA4
# ----------------------------------------
# 
# 모든 사용자
# 시작일: 20241007
# 종료일: 20241013
페이지 경로 및 화면 클래스,세션 소스,조회수,활성 사용자,활성 사용자당 조회수,활성 사용자당 평균 참여 시간,이벤트 수,주요 이벤트,총 수익
/global/archives/19179,google,1203,874,1.3764302059496567,6.273455377574371,4750,0,0
/global/archives/19179,(direct),242,140,1.7285714285714286,21.40714285714286,943,0,0
/pagead/aclk,google,113,89,1.2696629213483146,0,392,0,0
/global/latestnews,(direct),100,75,1.3333333333333333,19.12,370,0,0
/global/,google,52,35,1.4857142857142858,18.857142857142858,236,0,0
/global/,(direct),50,43,1.1627906976744187,5.162790697674419,249,0,0
/global/archives/19078,google,47,25,1.88,34.64,170,0,0
/global/archives/category/press-room/financial-results,google,43,20,2.15,22.35,173,0,0
/global/archives/18608,google,38,22,1.7272727272727273,32.09090909090909,161,0,0
/global/archives/18546,google,34,30,1.1333333333333333,28.033333333333335,155,0,0
/global/archives/18107,google,32,29,1.103448275862069,81.41379310344827,145,0,0
/global/archives/15374,google,27,22,1.2272727272727273,21.772727272727273,117,0,0
/global/archives/category/corporates/sk-on,google,27,15,1.8,51.6,106,0,0
/global/archives/12950,(direct),25,27,0.9259259259259259,9.25925925925926,90,0,0
/global/archives/17446,(direct),24,30,0.8,5.666666666666667,88,0,0
/global/archives/19045,google,24,17,1.411764705882353,45.705882352941174,94,0,0
/global/archives/19078,(direct),23,22,1.0454545454545454,18.863636363636363,101,0,0
/global/archives/19179,(not set),23,29,0.7931034482758621,5.551724137931035,118,0,0
/global/archives/9910,google,23,21,1.0952380952380953,31.666666666666668,108,0,0
/global/archives/17623,google,22,16,1.375,24.3125,92,0,0
/global/archives/17426,google,21,16,1.3125,25.6875,89,0,0
/global/archives/17737,google,19,15,1.2666666666666666,148,92,0,0
/global/archives/category/press-room/press-release,google,19,16,1.1875,24.125,80,0,0
/global/,linkedin.com,18,3,6,16.666666666666668,94,0,0
/global/latestnews,linkedin.com,18,2,9,26,71,0,0
/pagead/aclk,(direct),18,4,4.5,0,58,0,0
/global/archives/18770,google,17,14,1.2142857142857142,43.857142857142854,76,0,0
/global/archives/19149,(direct),17,17,1,12.882352941176471,70,0,0
/global/,skinnovation.com,16,10,1.6,25.4,111,0,0
/global/archives/17356,google,16,11,1.4545454545454546,71,76,0,0
/global/archives/18445,google,16,13,1.2307692307692308,157.53846153846155,68,0,0
/global/archives/18546,(direct),15,15,1,15.333333333333334,77,0,0
/global/archives/14491,google,14,11,1.2727272727272727,11.545454545454545,58,0,0
/global/archives/17216,google,14,13,1.0769230769230769,34.23076923076923,62,0,0
/global/archives/6216,google,14,14,1,100.28571428571429,70,0,0
/global/archives/category/corporates,google,14,12,1.1666666666666667,15.416666666666666,53,0,0
/global/archives/category/corporates/sk-innovation,google,14,12,1.1666666666666667,12.083333333333334,48,0,0
/global/archives/12022,google,13,12,1.0833333333333333,33.333333333333336,58,0,0
/global/archives/13780,google,13,8,1.625,35.5,49,0,0
/global/archives/15687,google,13,8,1.625,102.125,48,0,0
/global/archives/18283,google,13,12,1.0833333333333333,21.833333333333332,60,0,0
/global/archives/category/corporates/sk-enmove,(direct),13,4,3.25,97.5,53,0,0
/global/archives/category/press-room/press-release,(direct),13,4,3.25,10.5,46,0,0
/global/archives/17595,google,12,10,1.2,26,55,0,0
/global/archives/9740,google,12,11,1.0909090909090908,31.272727272727273,63,0,0
/global/archives/category/press-room,(direct),12,7,1.7142857142857142,5.142857142857143,47,0,0
/global/archives/category/press-room,google,12,10,1.2,111.4,49,0,0
/global/archives/13780,(direct),11,2,5.5,164.5,31,0,0
/global/archives/16060,google,11,8,1.375,12,45,0,0
/global/archives/17499,google,11,6,1.8333333333333333,212.33333333333334,53,0,0
/global/archives/19078,bing,11,8,1.375,27.5,44,0,0
/global/archives/19202,(direct),11,11,1,15.636363636363637,48,0,0
/global/latestnews,google,11,10,1.1,26.4,41,0,0
/global/archives/11087,google,10,10,1,49.9,49,0,0
/global/archives/15490,google,10,7,1.4285714285714286,17.571428571428573,46,0,0
/global/archives/17623,(direct),10,4,2.5,28.25,30,0,0
/global/archives/19045,(direct),10,9,1.1111111111111112,21,40,0,0
/global/archives/category/insight/trend_report,google,10,6,1.6666666666666667,8.833333333333334,42,0,0
/global/archives/11400,(direct),9,9,1,9.555555555555555,33,0,0
/global/archives/15664,google,9,6,1.5,102.5,33,0,0
/global/archives/16463,google,9,9,1,33.44444444444444,43,0,0
/global/archives/17460,google,9,9,1,32.666666666666664,44,0,0
/global/archives/19202,ozmailer.com,9,4,2.25,13.25,35,0,0
/global/archives/4921,google,9,6,1.5,55,41,0,0
/global/archives/category/corporate/sk-energy,skenergy.com,9,7,1.2857142857142858,30.857142857142858,43,0,0
/global/archives/category/corporates,(direct),9,4,2.25,32,31,0,0
/global/archives/category/insight,(direct),9,8,1.125,17.625,34,0,0
/global/archives/14766,google,8,5,1.6,18,30,0,0
/global/archives/15374,(direct),8,6,1.3333333333333333,22.333333333333332,32,0,0
/global/archives/16532,google,8,7,1.1428571428571428,65,37,0,0
/global/archives/17356,(direct),8,8,1,24.625,30,0,0
/global/archives/category/corporates/sk-earthon,google,8,4,2,43.25,30,0,0
/global/archives/tag/2024-q2,google,8,1,8,30,32,0,0
/global/archives/10985,google,7,5,1.4,33.6,25,0,0
/global/archives/14668,google,7,2,3.5,195.5,27,0,0
/global/archives/15204,google,7,6,1.1666666666666667,7.333333333333333,31,0,0
/global/archives/15490,(direct),7,3,2.3333333333333335,37.333333333333336,22,0,0
/global/archives/15985,google,7,5,1.4,23.4,27,0,0
/global/archives/16787,(direct),7,9,0.7777777777777778,6.222222222222222,26,0,0
/global/archives/17844,google,7,4,1.75,10.5,26,0,0
/global/archives/18022,google,7,7,1,7.571428571428571,31,0,0
/global/archives/18374,google,7,5,1.4,12.4,25,0,0
/global/archives/18770,(direct),7,6,1.1666666666666667,27.666666666666668,30,0,0
/global/archives/18989,google,7,7,1,48,34,0,0
/global/archives/19149,google,7,5,1.4,28.8,26,0,0
/global/archives/489,google,7,5,1.4,29.6,27,0,0
/global/archives/6343,google,7,7,1,25.428571428571427,36,0,0
/global/archives/category/corporates/sk-on,knoxnews.com,7,1,7,204,27,0,0
/global/archives/category/people,(direct),7,8,0.875,12,29,0,0
/global/archives/tag/europe,google,7,4,1.75,57.5,28,0,0
/global/archives/tag/sk-primacor-europe,google,7,5,1.4,16.4,30,0,0
/global/archives/10774,google,6,4,1.5,35.25,28,0,0
/global/archives/12274/skee,google,6,6,1,6,30,0,0
/global/archives/13521,google,6,5,1.2,8,29,0,0
/global/archives/14770,google,6,5,1.2,18.8,25,0,0
/global/archives/16463,(direct),6,3,2,39.666666666666664,22,0,0
/global/archives/17476,google,6,6,1,6.5,28,0,0
/global/archives/17569,google,6,6,1,27.5,27,0,0
/global/archives/17817,google,6,5,1.2,29,28,0,0
/global/archives/18301,google,6,5,1.2,28.8,28,0,0
/global/archives/18361,google,6,3,2,23,23,0,0
/global/archives/18608,(direct),6,5,1.2,21.4,24,0,0
/global/archives/18770,l.facebook.com,6,4,1.5,10,23,0,0
/global/archives/19078,statics.teams.cdn.office.net,6,6,1,57.166666666666664,32,0,0
/global/archives/489,(direct),6,4,1.5,27,25,0,0
/global/archives/5892,google,6,4,1.5,10,26,0,0
/global/archives/6377,google,6,5,1.2,11.2,24,0,0
/global/archives/733,google,6,3,2,31,25,0,0
/global/archives/category/corporates/sk-energy,google,6,6,1,16.5,23,0,0
/global/archives/category/insight/trend_report,(direct),6,2,3,0,18,0,0
/global/archives/category/press-room/financial-results,(direct),6,3,2,36.666666666666664,22,0,0
/global/archives/category/press-room/issue-fact,google,6,6,1,14.333333333333334,25,0,0
/global/archives/tag/sko,google,6,5,1.2,6.8,28,0,0
/global/archives/11807,google,5,3,1.6666666666666667,45.333333333333336,20,0,0
/global/archives/14226,google,5,5,1,21,23,0,0
/global/archives/14493,google,5,4,1.25,46,22,0,0
/global/archives/15462,google,5,4,1.25,9.5,21,0,0
/global/archives/16154,google,5,3,1.6666666666666667,9.666666666666666,22,0,0
/global/archives/17386,google,5,4,1.25,25.25,23,0,0
/global/archives/17426,bing,5,3,1.6666666666666667,58.666666666666664,21,0,0
/global/archives/17990,google,5,4,1.25,12.25,20,0,0
/global/archives/18065,google,5,3,1.6666666666666667,70,19,0,0
/global/archives/18436,skinnovation.com,5,4,1.25,7,25,0,0
/global/archives/18445,(direct),5,3,1.6666666666666667,63.666666666666664,18,0,0
/global/archives/18659,(direct),5,5,1,0,20,0,0
/global/archives/18659,google,5,3,1.6666666666666667,29.666666666666668,21,0,0
/global/archives/19154,(direct),5,5,1,43.2,25,0,0
/global/archives/19179,bing,5,3,1.6666666666666667,0,20,0,0
/global/archives/19179,skenmove.com,5,4,1.25,20,19,0,0
/global/archives/19202,google,5,4,1.25,66,21,0,0
/global/archives/253,google,5,5,1,42.8,25,0,0
/global/archives/3962,google,5,4,1.25,17.5,23,0,0
/global/archives/7445,(direct),5,3,1.6666666666666667,69.66666666666667,18,0,0
/global/archives/8400,google,5,1,5,15,18,0,0
/global/archives/9709,(direct),5,3,1.6666666666666667,17.333333333333332,22,0,0
/global/archives/category/corporate/sk-enmove,skenmove.com,5,4,1.25,15.75,20,0,0
/global/archives/category/corporates/sk-ie-technology,google,5,3,1.6666666666666667,29.666666666666668,22,0,0
/global/archives/category/corporates/sk-incheon-petrochem,google,5,4,1.25,19.5,20,0,0
/global/archives/category/people/inno-people,google,5,5,1,14.6,19,0,0
/global/archives/tag/northvolt,google,5,3,1.6666666666666667,6,22,0,0
/global/sustainability-report,(direct),5,4,1.25,10.25,23,0,0
/OLE/index_page.php,(direct),4,1,4,0,12,0,0
/global/,eng.sk-on.com,4,3,1.3333333333333333,14.333333333333334,20,0,0
/global/,googleadservices.com,4,3,1.3333333333333333,0,12,0,0
/global/,gw.mailplug.com,4,1,4,32,21,0,0
/global/archives/10939,google,4,4,1,16.75,18,0,0
/global/archives/12022,bing,4,2,2,30,18,0,0
/global/archives/12147,google,4,3,1.3333333333333333,61.333333333333336,19,0,0
/global/archives/14354,google,4,2,2,0,17,0,0
/global/archives/15204,gw.mailplug.com,4,1,4,28,15,0,0
/global/archives/15865,google,4,2,2,165,18,0,0
/global/archives/16448,google,4,2,2,31,15,0,0
/global/archives/16834,google,4,4,1,30.5,19,0,0
/global/archives/17426,(direct),4,4,1,36,19,0,0
/global/archives/17569,(direct),4,3,1.3333333333333333,60.666666666666664,16,0,0
/global/archives/17893,google,4,4,1,7,17,0,0
/global/archives/18388,google,4,4,1,79,19,0,0
/global/archives/18546,linkedin.com,4,2,2,3,17,0,0
/global/archives/18989,linkedin.com,4,1,4,0,11,0,0
/global/archives/19154,frc-excel.officeapps.live.com,4,1,4,44,13,0,0
/global/archives/19179,linkedin.com,4,4,1,12.5,16,0,0
/global/archives/19202,linkedin.com,4,4,1,11.75,17,0,0
/global/archives/3741,(direct),4,3,1.3333333333333333,24,17,0,0
/global/archives/3820,google,4,3,1.3333333333333333,49.666666666666664,16,0,0
/global/archives/7596,google,4,4,1,3,15,0,0
/global/archives/7740,bing,4,4,1,18.75,18,0,0
/global/archives/8152,google,4,3,1.3333333333333333,77.33333333333333,18,0,0
/global/archives/9695,google,4,3,1.3333333333333333,19.666666666666668,17,0,0
/global/archives/category/corporate/sk-on,knoxnews.com,4,1,4,102,18,0,0
/global/archives/category/corporate/sk-on,skinnovation.com,4,1,4,26,16,0,0
/global/archives/category/corporates/sk-enmove,google,4,3,1.3333333333333333,17,17,0,0
/global/archives/category/corporates/sk-innovation,(direct),4,3,1.3333333333333333,11.666666666666666,15,0,0
/global/archives/category/press-room/financial-results,bing,4,2,2,15,16,0,0
/global/archives/category/press-room/press-release,bing,4,3,1.3333333333333333,5,17,0,0
/global/archives/category/press-room/press-release,skinnovation.com,4,3,1.3333333333333333,21,17,0,0
/global/archives/tag/ccus,google,4,2,2,11.5,17,0,0
/global/archives/tag/dac,google,4,1,4,9,16,0,0
/global/archives/tag/ncm811,google,4,2,2,21.5,14,0,0
/global/archives/tag/sk-innovations-institute-of-environmental-science-technology,google,4,3,1.3333333333333333,14.666666666666666,17,0,0
/global/archives/tag/ulsan-complex,google,4,1,4,25,15,0,0
/pagead/aclk,(not set),4,2,2,0,14,0,0
/global/,(not set),3,1,3,51,11,0,0
/global/,bing,3,1,3,8,10,0,0
/global/,cn.bing.com,3,2,1.5,29.5,10,0,0
/global/archives/10133,google,3,3,1,16,13,0,0
/global/archives/10654,google,3,3,1,11.666666666666666,15,0,0
/global/archives/10913,google,3,3,1,218.66666666666666,15,0,0
/global/archives/11087,skenergy.com,3,3,1,56.666666666666664,14,0,0
/global/archives/11161,google,3,3,1,79,16,0,0
/global/archives/12106,(direct),3,2,1.5,0,6,0,0
/global/archives/12106,google,3,3,1,29.666666666666668,13,0,0
/global/archives/13595,(direct),3,2,1.5,38.5,10,0,0
/global/archives/14078,google,3,2,1.5,51,11,0,0
/global/archives/14309,(direct),3,3,1,0,12,0,0
/global/archives/14740,(direct),3,3,1,10.333333333333334,14,0,0
/global/archives/14788,google,3,2,1.5,34.5,11,0,0
/global/archives/15865,(direct),3,1,3,9,7,0,0
/global/archives/16376,google,3,3,1,1,16,0,0
/global/archives/16480,google,3,3,1,4.333333333333333,17,0,0
/global/archives/16493,google,3,3,1,80.33333333333333,12,0,0
/global/archives/16532,(direct),3,2,1.5,9,11,0,0
/global/archives/16719,google,3,3,1,60.333333333333336,15,0,0
/global/archives/16834,(direct),3,3,1,8,14,0,0
/global/archives/17022,google,3,3,1,16,16,0,0
/global/archives/17047,google,3,2,1.5,182,12,0,0
/global/archives/17169,google,3,3,1,39,15,0,0
/global/archives/17313,google,3,3,1,44.333333333333336,11,0,0
/global/archives/17356,linkedin.com,3,2,1.5,38.5,13,0,0
/global/archives/17426,chatgpt.com,3,1,3,23,11,0,0
/global/archives/17950,google,3,3,1,8.666666666666666,16,0,0
/global/archives/18140,google,3,3,1,40,11,0,0
/global/archives/18332,google,3,2,1.5,43.5,12,0,0
/global/archives/18753,google,3,3,1,299,10,0,0
/global/archives/19045,bing,3,2,1.5,25.5,13,0,0
/global/archives/19045,eng.skearthon.com,3,2,1.5,737,11,0,0
/global/archives/19078,linkedin.com,3,2,1.5,1.5,11,0,0
/global/archives/19095,(direct),3,2,1.5,58.5,13,0,0
/global/archives/19095,google,3,3,1,4,11,0,0
/global/archives/19154,linkedin.com,3,1,3,5,11,0,0
/global/archives/2293,google,3,2,1.5,46,12,0,0
/global/archives/2329,google,3,1,3,50,13,0,0
/global/archives/3962,bing,3,3,1,15.666666666666666,18,0,0
/global/archives/4499,google,3,3,1,63.666666666666664,15,0,0
/global/archives/4612,google,3,3,1,55,12,0,0
/global/archives/4844,google,3,2,1.5,55.5,12,0,0
/global/archives/6014,google,3,1,3,0,11,0,0
/global/archives/6253,google,3,2,1.5,40,13,0,0
/global/archives/648,google,3,1,3,149,12,0,0
/global/archives/7302,google,3,2,1.5,63.5,14,0,0
/global/archives/7633,(direct),3,3,1,93.33333333333333,17,0,0
/global/archives/7906,google,3,3,1,77.33333333333333,12,0,0
/global/archives/822,google,3,2,1.5,19.5,12,0,0
/global/archives/category/corporates/sk-energy,skinnovation.com,3,1,3,87,12,0,0
/global/archives/category/corporates/sk-incheon-petrochem,(direct),3,1,3,32,13,0,0
/global/archives/category/corporates/sk-innovation,skinnovation.com,3,3,1,10,13,0,0
/global/archives/category/corporates/sk-on,(direct),3,2,1.5,16.5,11,0,0
/global/archives/category/insight/expert-voice,google,3,3,1,12.333333333333334,12,0,0
/global/archives/tag/bayu-undan-ccs-project,google,3,1,3,14,13,0,0
/global/archives/tag/carbon-capture,google,3,2,1.5,26,13,0,0
/global/archives/tag/cho-kyung-mok,google,3,2,1.5,11.5,11,0,0
/global/archives/tag/green-bonds,google,3,3,1,11,15,0,0
/global/archives/tag/pouch-type-battery,google,3,3,1,4.666666666666667,15,0,0
/global/archives/tag/refrigerants,google,3,1,3,8,11,0,0
/global/latestnews,skinnovation.com,3,1,3,72,12,0,0
/global/legal-notices,(direct),3,3,1,7.333333333333333,14,0,0
/global/,chn.sk-on.com,2,1,2,75,8,0,0
/global/,eng.skearthon.com,2,2,1,26,10,0,0
/global/archives/10835,(direct),2,2,1,30.5,8,0,0
/global/archives/10835,google,2,1,2,0,6,0,0
/global/archives/10913,(direct),2,2,1,0,8,0,0
/global/archives/10985,bing,2,1,2,16,8,0,0
/global/archives/11004,google,2,2,1,38.5,8,0,0
/global/archives/11037,skenergy.com,2,2,1,62,7,0,0
/global/archives/11087,bing,2,2,1,23,10,0,0
/global/archives/11512,google,2,2,1,2,8,0,0
/global/archives/11596,skenergy.com,2,1,2,0,6,0,0
/global/archives/11807,(direct),2,2,1,1,9,0,0
/global/archives/12190,google,2,1,2,52,9,0,0
/global/archives/12220,google,2,2,1,12.5,10,0,0
/global/archives/12269,google,2,2,1,10,10,0,0
/global/archives/12306,google,2,2,1,102,9,0,0
/global/archives/12667,google,2,2,1,99.5,10,0,0
/global/archives/12688,google,2,2,1,26,10,0,0
/global/archives/12692,google,2,2,1,20,12,0,0
/global/archives/12891,(direct),2,1,2,66,8,0,0
/global/archives/12891,google,2,2,1,0,8,0,0
/global/archives/13036,google,2,2,1,19.5,13,0,0
/global/archives/13130,(direct),2,2,1,4,10,0,0
/global/archives/13130,google,2,1,2,88,8,0,0
/global/archives/13329,google,2,2,1,15.5,8,0,0
/global/archives/13595,google,2,2,1,3.5,9,0,0
/global/archives/13850,google,2,2,1,33.5,11,0,0
/global/archives/1399,google,2,2,1,10.5,6,0,0
/global/archives/14193,google,2,2,1,10,10,0,0
/global/archives/14243,google,2,2,1,14.5,8,0,0
/global/archives/14634,google,2,2,1,151,12,0,0
/global/archives/15204,(not set),2,1,2,30,8,0,0
/global/archives/15259,(direct),2,2,1,0,6,0,0
/global/archives/15259,google,2,2,1,6,6,0,0
/global/archives/15353,(direct),2,2,1,2,10,0,0
/global/archives/15374,skenergy.com,2,2,1,0,7,0,0
/global/archives/15374,statics.teams.cdn.office.net,2,2,1,0,12,0,0
/global/archives/15462,(direct),2,1,2,0,7,0,0
/global/archives/15574,(direct),2,2,1,8.5,8,0,0
/global/archives/15610,google,2,2,1,3,10,0,0
/global/archives/15664,yahoo,2,1,2,2,7,0,0
/global/archives/15689,google,2,1,2,51,7,0,0
/global/archives/15760,google,2,2,1,58,9,0,0
/global/archives/15902,google,2,1,2,19,8,0,0
/global/archives/15937,google,2,1,2,20,8,0,0
/global/archives/16154,(direct),2,2,1,11.5,9,0,0
/global/archives/16169,google,2,2,1,0.5,10,0,0
/global/archives/16286,(direct),2,1,2,0,8,0,0
/global/archives/16532,bing,2,1,2,39,9,0,0
/global/archives/16613,google,2,2,1,16,8,0,0
/global/archives/16787,google,2,2,1,15.5,9,0,0
/global/archives/16904,google,2,1,2,146,9,0,0
/global/archives/16939,google,2,2,1,29,10,0,0
/global/archives/16970,google,2,2,1,42.5,10,0,0
/global/archives/17216,skinnovation.com,2,1,2,148,8,0,0
/global/archives/1722,google,2,2,1,51,12,0,0
/global/archives/17313,(direct),2,1,2,112,8,0,0
/global/archives/17356,skenmove.com,2,2,1,6.5,9,0,0
/global/archives/17446,google,2,1,2,6,6,0,0
/global/archives/17499,(direct),2,2,1,31,7,0,0
/global/archives/17514,google,2,2,1,39.5,10,0,0
/global/archives/17595,statics.teams.cdn.office.net,2,2,1,35.5,12,0,0
/global/archives/17817,knoxnews.com,2,1,2,76,8,0,0
/global/archives/17965,google,2,2,1,45.5,9,0,0
/global/archives/17989,google,2,2,1,73.5,6,0,0
/global/archives/17990,chatgpt.com,2,1,2,40,8,0,0
/global/archives/18107,(direct),2,2,1,361,10,0,0
/global/archives/18140,(direct),2,0,0,0,6,0,0
/global/archives/18361,(direct),2,2,1,14,6,0,0
/global/archives/18388,(direct),2,2,1,207.5,7,0,0
/global/archives/18388,linkedin.com,2,1,2,0,8,0,0
/global/archives/18436,(direct),2,2,1,23.5,9,0,0
/global/archives/18546,chatgpt.com,2,2,1,4,10,0,0
/global/archives/18571,google,2,2,1,77,9,0,0
/global/archives/18639,(direct),2,2,1,49.5,8,0,0
/global/archives/18708,google,2,2,1,77.5,10,0,0
/global/archives/18753,skinnovation.com,2,2,1,3.5,11,0,0
/global/archives/18989,(direct),2,2,1,15.5,7,0,0
/global/archives/19014,(direct),2,2,1,24.5,10,0,0
/global/archives/19045,linkedin.com,2,2,1,28,9,0,0
/global/archives/19045,skinnovation.com,2,1,2,75,8,0,0
/global/archives/19078,chatgpt.com,2,2,1,20.5,11,0,0
/global/archives/19078,safinvestor.com,2,1,2,0,7,0,0
/global/archives/19078,skenergy.com,2,2,1,66.5,7,0,0
/global/archives/19095,linkedin.com,2,2,1,4,9,0,0
/global/archives/19108,(direct),2,2,1,44.5,9,0,0
/global/archives/19128,(direct),2,2,1,11,11,0,0
/global/archives/19149,linkedin.com,2,2,1,0.5,7,0,0
/global/archives/3820,(direct),2,2,1,9.5,8,0,0
/global/archives/3820,bing,2,2,1,93.5,11,0,0
/global/archives/4218,google,2,2,1,12,10,0,0
/global/archives/4308,google,2,1,2,30,11,0,0
/global/archives/4360,google,2,2,1,8,10,0,0
/global/archives/449,google,2,2,1,34.5,8,0,0
/global/archives/5357,google,2,1,2,24,7,0,0
/global/archives/5772,google,2,2,1,15.5,11,0,0
/global/archives/5944,google,2,2,1,8,10,0,0
/global/archives/6623,(direct),2,1,2,0,6,0,0
/global/archives/6824,bing,2,1,2,302,6,0,0
/global/archives/7476,google,2,2,1,17,10,0,0
/global/archives/7761,google,2,2,1,42.5,8,0,0
/global/archives/7919,google,2,2,1,82.5,10,0,0
/global/archives/8087,yahoo,2,1,2,12,7,0,0
/global/archives/8310,cn.bing.com,2,2,1,12.5,9,0,0
/global/archives/8383,google,2,2,1,32.5,8,0,0
/global/archives/8899,google,2,2,1,98,11,0,0
/global/archives/9096,google,2,1,2,60,8,0,0
/global/archives/9668,google,2,2,1,36,10,0,0
/global/archives/9740,skenergy.com,2,2,1,22,8,0,0
/global/archives/9910,(direct),2,1,2,0,7,0,0
/global/archives/category/corporates,skinnovation.com,2,1,2,6,8,0,0
/global/archives/category/corporates/sk-enterm,google,2,1,2,24,8,0,0
/global/archives/category/corporates/sk-on,cn.bing.com,2,1,2,48,7,0,0
/global/archives/category/corporates/sk-rading-international,google,2,2,1,10,8,0,0
/global/archives/category/people,cn.bing.com,2,2,1,2,5,0,0
/global/archives/category/people,google,2,2,1,5,8,0,0
/global/archives/category/people/sustainability,google,2,2,1,295.5,8,0,0
/global/archives/category/press-room,skinnovation.com,2,2,1,13,8,0,0
/global/archives/category/press-room/press-release,(not set),2,2,1,87.5,6,0,0
/global/archives/category/press-room/press-release,eng.skgeocentric.com,2,1,2,11,7,0,0
/global/archives/category/social-value/csr-program,(direct),2,2,1,5,10,0,0
/global/archives/category/social-value/opinions,(direct),2,2,1,5,10,0,0
/global/archives/category/social-value/social-enterprise,(direct),2,2,1,4.5,10,0,0
/global/archives/tag/1-4-butanediol,google,2,2,1,11,10,0,0
/global/archives/tag/carbon-capture-and-storage,google,2,1,2,18,8,0,0
/global/archives/tag/changzhou,google,2,1,2,30,10,0,0
/global/archives/tag/csr,google,2,1,2,14,8,0,0
/global/archives/tag/doe,google,2,1,2,16,9,0,0
/global/archives/tag/drive-thru-job-fair,google,2,1,2,32,7,0,0
/global/archives/tag/earnings,google,2,2,1,9,8,0,0
/global/archives/tag/financial-results,google,2,1,2,16,8,0,0
/global/archives/tag/global-boiling,google,2,1,2,8,9,0,0
/global/archives/tag/refrigerant,google,2,2,1,3,8,0,0
/global/archives/tag/sinopec-sk-wuhan-petrochemical,google,2,2,1,9.5,9,0,0
/global/archives/tag/sk-energy-americas,google,2,2,1,15.5,11,0,0
/global/archives/tag/sk-gc-americas,google,2,2,1,13,8,0,0
/global/archives/tag/skeo,google,2,2,1,15,11,0,0
/global/archives/tag/skeo-hcm,google,2,1,2,13,7,0,0
/global/archives/tag/solid-power,google,2,2,1,3.5,10,0,0
/global/archives/tag/vwbe,google,2,2,1,6.5,12,0,0
/global/archives/tag/蓝谷智慧能源,google,2,1,2,4,8,0,0
/global/sustainability-report,google,2,2,1,20,11,0,0
/global/,chatgpt.com,1,1,1,0,5,0,0
/global/,chn.skearthon.com,1,1,1,0,3,0,0
/global/,ecosia.org,1,1,1,0,3,0,0
/global/,eng.skgeocentric.com,1,1,1,23,16,0,0
/global/,eng.skglobalchemical.com,1,1,1,11,7,0,0
/global/,fahnd.com,1,1,1,0,2,0,0
/global/,yahoo,1,1,1,24,5,0,0
/global/archives/10073,google,1,1,1,103,5,0,0
/global/archives/10310,(direct),1,1,1,73,4,0,0
/global/archives/1043,google,1,1,1,0,6,0,0
/global/archives/10460,google,1,1,1,0,6,0,0
/global/archives/10610,google,1,1,1,8,5,0,0
/global/archives/10713,google,1,1,1,23,5,0,0
/global/archives/10767,google,1,1,1,46,3,0,0
/global/archives/10913,ecosia.org,1,1,1,35,5,0,0
/global/archives/10977,(direct),1,1,1,0,4,0,0
/global/archives/11004,(direct),1,1,1,107,6,0,0
/global/archives/11037,google,1,1,1,0,4,0,0
/global/archives/1114,google,1,1,1,10,5,0,0
/global/archives/11161,chatgpt.com,1,1,1,0,6,0,0
/global/archives/11214,google,1,1,1,5,5,0,0
/global/archives/1131,google,1,1,1,6,3,0,0
/global/archives/11486,bing,1,1,1,0,4,0,0
/global/archives/11486,google,1,1,1,34,4,0,0
/global/archives/11527,google,1,1,1,0,6,0,0
/global/archives/11596,skinnovation.com,1,1,1,0,5,0,0
/global/archives/11683,google,1,1,1,41,5,0,0
/global/archives/1175,chatgpt.com,1,1,1,5,5,0,0
/global/archives/1175,google,1,1,1,0,2,0,0
/global/archives/11756,google,1,1,1,1,3,0,0
/global/archives/11853,google,1,2,0.5,37,5,0,0
/global/archives/11879,google,1,1,1,31,5,0,0
/global/archives/11889,ecosia.org,1,1,1,7,5,0,0
/global/archives/11916,google,1,1,1,3,4,0,0
/global/archives/11937,google,1,1,1,1,3,0,0
/global/archives/11980,google,1,1,1,2,4,0,0
/global/archives/11992,google,1,1,1,0,3,0,0
/global/archives/12008,(not set),1,1,1,68,5,0,0
/global/archives/12008,google,1,1,1,17,5,0,0
/global/archives/12022,(direct),1,1,1,6,3,0,0
/global/archives/12036,google,1,1,1,0,4,0,0
/global/archives/12072,(direct),1,1,1,0,4,0,0
/global/archives/12091,google,1,1,1,0,4,0,0
/global/archives/12147,(direct),1,1,1,39,6,0,0
/global/archives/12147,chatgpt.com,1,1,1,6,4,0,0
/global/archives/12220,cn.bing.com,1,1,1,76,4,0,0
/global/archives/12237,chatgpt.com,1,1,1,4,5,0,0
/global/archives/12306,(direct),1,1,1,0,4,0,0
/global/archives/1237,google,1,1,1,10,5,0,0
/global/archives/12373,(direct),1,1,1,36,4,0,0
/global/archives/12413,google,1,1,1,43,4,0,0
/global/archives/12460,(direct),1,0,0,0,3,0,0
/global/archives/12460,google,1,1,1,4,4,0,0
/global/archives/12471,bing,1,1,1,53,4,0,0
/global/archives/12471,google,1,1,1,8,3,0,0
/global/archives/1257,google,1,1,1,7,3,0,0
/global/archives/12610,google,1,1,1,14,4,0,0
/global/archives/12968,google,1,1,1,5,3,0,0
/global/archives/13103,(direct),1,1,1,1,5,0,0
/global/archives/13329,lens.google.com,1,1,1,4,5,0,0
/global/archives/13437,google,1,1,1,19,5,0,0
/global/archives/13521,bing,1,1,1,0,6,0,0
/global/archives/13521,chatgpt.com,1,1,1,20,5,0,0
/global/archives/13544,(direct),1,1,1,36,5,0,0
/global/archives/13595,chatgpt.com,1,1,1,0,4,0,0
/global/archives/13669,google,1,1,1,0,3,0,0
/global/archives/13748,google,1,1,1,9,5,0,0
/global/archives/13780,bing,1,1,1,179,5,0,0
/global/archives/1398,chatgpt.com,1,1,1,62,5,0,0
/global/archives/1399,bing,1,1,1,28,5,0,0
/global/archives/14065,(direct),1,0,0,0,4,0,0
/global/archives/14065,google,1,1,1,33,4,0,0
/global/archives/14083,google,1,1,1,497,5,0,0
/global/archives/14083,yahoo,1,1,1,38,5,0,0
/global/archives/14146,google,1,1,1,78,3,0,0
/global/archives/14146,linkedin.com,1,1,1,6,5,0,0
/global/archives/14179,google,1,1,1,0,6,0,0
/global/archives/14243,skinnovation.com,1,1,1,36,3,0,0
/global/archives/14264,google,1,1,1,18,5,0,0
/global/archives/14309,google,1,1,1,11,4,0,0
/global/archives/14333,google,1,1,1,49,4,0,0
/global/archives/14354,(direct),1,1,1,29,7,0,0
/global/archives/14384,bing,1,1,1,6,5,0,0
/global/archives/14384,google,1,1,1,5,6,0,0
/global/archives/14442,google,1,1,1,21,4,0,0
/global/archives/14493,dashboard.patlytics.ai,1,1,1,7,5,0,0
/global/archives/14565,google,1,1,1,0,2,0,0
/global/archives/14628,google,1,1,1,106,4,0,0
/global/archives/14688,(direct),1,1,1,151,3,0,0
/global/archives/14688,google,1,1,1,18,4,0,0
/global/archives/14690,(direct),1,1,1,21,5,0,0
/global/archives/14766,(direct),1,1,1,1,2,0,0
/global/archives/14858,google,1,1,1,7,3,0,0
/global/archives/15007,(direct),1,1,1,8,4,0,0
/global/archives/15007,google,1,1,1,1,5,0,0
/global/archives/15007,skenergy.com,1,1,1,0,4,0,0
/global/archives/15204,(direct),1,1,1,40,5,0,0
/global/archives/15208,google,1,1,1,33,4,0,0
/global/archives/15374,bing,1,1,1,0,5,0,0
/global/archives/15409,google,1,1,1,0,5,0,0
/global/archives/15409,naver,1,1,1,256,4,0,0
/global/archives/15462,usc-excel.officeapps.live.com,1,1,1,16,4,0,0
/global/archives/15490,chatgpt.com,1,1,1,6,5,0,0
/global/archives/15574,google,1,1,1,13,4,0,0
/global/archives/15574,linkedin.com,1,1,1,26,4,0,0
/global/archives/15592,(direct),1,1,1,4,5,0,0
/global/archives/15664,bing,1,1,1,11,5,0,0
/global/archives/15664,chatgpt.com,1,1,1,0,3,0,0
/global/archives/15840,google,1,1,1,64,4,0,0
/global/archives/15937,edgeservices.bing.com,1,1,1,0,4,0,0
/global/archives/15985,(direct),1,1,1,0,4,0,0
/global/archives/15985,usc-excel.officeapps.live.com,1,1,1,4,4,0,0
/global/archives/16025,google,1,1,1,0,2,0,0
/global/archives/16060,bing,1,1,1,0,3,0,0
/global/archives/16118,google,1,1,1,13,4,0,0
/global/archives/16154,statics.teams.cdn.office.net,1,1,1,59,5,0,0
/global/archives/16286,bing,1,1,1,11,4,0,0
/global/archives/16286,google,1,1,1,13,4,0,0
/global/archives/16308,google,1,1,1,40,5,0,0
/global/archives/16334,google,1,1,1,0,4,0,0
/global/archives/16376,(direct),1,1,1,0,4,0,0
/global/archives/16405,google,1,1,1,81,4,0,0
/global/archives/16480,chatgpt.com,1,1,1,0,3,0,0
/global/archives/16563,google,1,1,1,17,5,0,0
/global/archives/16939,knoxnews.com,1,1,1,82,4,0,0
/global/archives/17010,knoxnews.com,1,1,1,30,4,0,0
/global/archives/17047/4-sk이노베이션_ces2024_sk원더랜드_sk-wonderland_판타스틱아일랜드_ai-포,(direct),1,1,1,8,6,0,0
/global/archives/17047/4-sk이노베이션_ces2024_sk원더랜드_sk-wonderland_판타스틱아일랜드_ai-포-2,lens.google.com,1,1,1,16,6,0,0
/global/archives/17216,(not set),1,2,0.5,9,4,0,0
/global/archives/17386,wrtn.ai,1,1,1,0,6,0,0
/global/archives/17426,cn.bing.com,1,1,1,53,6,0,0
/global/archives/17446,bing,1,1,1,24,5,0,0
/global/archives/17460,(direct),1,1,1,0,4,0,0
/global/archives/17476,(direct),1,1,1,20,5,0,0
/global/archives/17476,linkedin.com,1,1,1,0,5,0,0
/global/archives/17569,news.google.com,1,1,1,0,4,0,0
/global/archives/17569,skenmove.com,1,1,1,58,6,0,0
/global/archives/17595,(direct),1,1,1,0,4,0,0
/global/archives/17595,knoxnews.com,1,1,1,77,4,0,0
/global/archives/17595,yahoo,1,1,1,16,4,0,0
/global/archives/17697,google,1,1,1,119,6,0,0
/global/archives/17796,google,1,1,1,25,5,0,0
/global/archives/17817,kimi.moonshot.cn,1,1,1,0,3,0,0
/global/archives/17863,google,1,1,1,10,4,0,0
/global/archives/17950,(not set),1,1,1,5,2,0,0
/global/archives/17950,naver,1,1,1,57,5,0,0
/global/archives/17978,(direct),1,1,1,4,3,0,0
/global/archives/17978,google,1,1,1,93,5,0,0
/global/archives/17990,(direct),1,1,1,20,3,0,0
/global/archives/17990,news.google.com,1,1,1,22,5,0,0
/global/archives/18022,(direct),1,1,1,0,3,0,0
/global/archives/18022,linkedin.com,1,1,1,0,4,0,0
/global/archives/18022,skinnovation.com,1,1,1,19,5,0,0
/global/archives/18065,(direct),1,1,1,0,4,0,0
/global/archives/18065,bing,1,1,1,0,6,0,0
/global/archives/18140,marketscreener.com,1,1,1,358,4,0,0
/global/archives/18140,statics.teams.cdn.office.net,1,1,1,11,4,0,0
/global/archives/18208,google,1,1,1,3,4,0,0
/global/archives/18283,(direct),1,1,1,0,6,0,0
/global/archives/18283,skinnovation.com,1,1,1,0,5,0,0
/global/archives/18301,(direct),1,1,1,67,5,0,0
/global/archives/18332,linkedin.com,1,1,1,0,5,0,0
/global/archives/18374,(direct),1,1,1,0,4,0,0
/global/archives/18374,usc-excel.officeapps.live.com,1,1,1,5,3,0,0
/global/archives/18421,(direct),1,1,1,20,4,0,0
/global/archives/18421,google,1,1,1,0,5,0,0
/global/archives/18436,cn.bing.com,1,1,1,63,5,0,0
/global/archives/18436,google,1,1,1,96,5,0,0
/global/archives/18445,skinnovation.com,1,1,1,0,3,0,0
/global/archives/18500,(direct),1,1,1,6,5,0,0
/global/archives/18546,(not set),1,2,0.5,95.5,7,0,0
/global/archives/18546,bing,1,1,1,18,5,0,0
/global/archives/18571,(direct),1,1,1,11,8,0,0
/global/archives/18608,skinnovation.com,1,1,1,69,4,0,0
/global/archives/18639,google,1,1,1,116,6,0,0
/global/archives/18659,bing,1,1,1,67,5,0,0
/global/archives/18708,(direct),1,1,1,323,4,0,0
/global/archives/18743,google,1,1,1,3,3,0,0
/global/archives/18743,skinnovation.com,1,1,1,7,3,0,0
/global/archives/18770,skinnovation.com,1,1,1,20,4,0,0
/global/archives/18783,(direct),1,1,1,0,4,0,0
/global/archives/19014,google,1,1,1,5,5,0,0
/global/archives/19014,linkedin.com,1,1,1,1,4,0,0
/global/archives/19078,greenproduction.co.jp,1,1,1,1,5,0,0
/global/archives/19078,skinnovation.com,1,1,1,49,4,0,0
/global/archives/19095,eng.skearthon.com,1,1,1,0,2,0,0
/global/archives/19095,skenmove.com,1,1,1,3,4,0,0
/global/archives/19108,google,1,1,1,0,2,0,0
/global/archives/19108,linkedin.com,1,1,1,0,3,0,0
/global/archives/19128,linkedin.com,1,1,1,0,3,0,0
/global/archives/19149,(not set),1,1,1,4,4,0,0
/global/archives/19149,eng.skearthon.com,1,1,1,117,4,0,0
/global/archives/19149,skenmove.com,1,1,1,18,3,0,0
/global/archives/19154,google,1,1,1,35,6,0,0
/global/archives/19154,skenmove.com,1,1,1,16,4,0,0
/global/archives/19179,chn.sk-on.com,1,1,1,15,5,0,0
/global/archives/19179,eng.skgeocentric.com,1,1,1,7,4,0,0
/global/archives/19179,lnkd.in,1,1,1,241,6,0,0
/global/archives/19179,statics.teams.cdn.office.net,1,1,1,243,5,0,0
/global/archives/19202,(not set),1,1,1,43,4,0,0
/global/archives/19202,chn.sk-on.com,1,1,1,180,3,0,0
/global/archives/19202,eng.sk-on.com,1,1,1,21,4,0,0
/global/archives/19202,skinnovation.com,1,1,1,63,4,0,0
/global/archives/1935,google,1,1,1,10,5,0,0
/global/archives/2026,google,1,1,1,6,6,0,0
/global/archives/2329,bing,1,1,1,53,6,0,0
/global/archives/2448,(direct),1,1,1,6,3,0,0
/global/archives/2490,google,1,1,1,2,3,0,0
/global/archives/2576,google,1,1,1,1,4,0,0
/global/archives/2675,(direct),1,1,1,8,5,0,0
/global/archives/2675,google,1,1,1,6,4,0,0
/global/archives/2761,bing,1,1,1,414,7,0,0
/global/archives/303,google,1,1,1,12,5,0,0
/global/archives/3123,chatgpt.com,1,1,1,20,5,0,0
/global/archives/3123,google,1,1,1,32,6,0,0
/global/archives/3220,google,1,1,1,7,4,0,0
/global/archives/3304,google,1,1,1,69,4,0,0
/global/archives/3393,(direct),1,1,1,0,4,0,0
/global/archives/3393,google,1,1,1,17,6,0,0
/global/archives/3473,google,1,1,1,13,5,0,0
/global/archives/3689,google,1,1,1,5,3,0,0
/global/archives/3709,google,1,1,1,32,5,0,0
/global/archives/3786,google,1,1,1,49,4,0,0
/global/archives/3820,chatgpt.com,1,1,1,1,6,0,0
/global/archives/3859,google,1,1,1,13,4,0,0
/global/archives/4059,google,1,1,1,0,3,0,0
/global/archives/4193,google,1,1,1,0,4,0,0
/global/archives/4415,yahoo,1,1,1,40,5,0,0
/global/archives/4612,bing,1,1,1,42,8,0,0
/global/archives/4751,google,1,1,1,5,3,0,0
/global/archives/4776,(direct),1,1,1,0,6,0,0
/global/archives/4776,cn.bing.com,1,1,1,62,6,0,0
/global/archives/4776,google,1,1,1,39,4,0,0
/global/archives/4793,bing,1,1,1,34,5,0,0
/global/archives/4921,(direct),1,1,1,6,5,0,0
/global/archives/5234,google,1,1,1,7,5,0,0
/global/archives/5339,(direct),1,1,1,5,5,0,0
/global/archives/542,google,1,1,1,5,4,0,0
/global/archives/564,(direct),1,1,1,20,3,0,0
/global/archives/5651,google,1,1,1,166,6,0,0
/global/archives/576,google,1,1,1,172,4,0,0
/global/archives/5892,bing,1,1,1,23,6,0,0
/global/archives/5892,chatgpt.com,1,1,1,0,4,0,0
/global/archives/5893,google,1,1,1,0,4,0,0
/global/archives/5944,(direct),1,1,1,1,4,0,0
/global/archives/5944,lens.google.com,1,1,1,0,4,0,0
/global/archives/5994,google,1,1,1,271,7,0,0
/global/archives/6014,(direct),1,1,1,0,4,0,0
/global/archives/6216,(not set),1,1,1,73,6,0,0
/global/archives/6313,google,1,1,1,0,6,0,0
/global/archives/6414,(direct),1,1,1,0,2,0,0
/global/archives/6546,google,1,1,1,0,6,0,0
/global/archives/6734,google,1,1,1,0,5,0,0
/global/archives/6807,google,1,1,1,7,5,0,0
/global/archives/6824,google,1,1,1,16,5,0,0
/global/archives/6834,google,1,1,1,0,4,0,0
/global/archives/6870,google,1,1,1,87,5,0,0
/global/archives/7043,lens.google.com,1,1,1,0,4,0,0
/global/archives/7112,google,1,1,1,17,3,0,0
/global/archives/7262,google,1,1,1,0,5,0,0
/global/archives/7292,google,1,1,1,0,5,0,0
/global/archives/7353,(direct),1,1,1,0,4,0,0
/global/archives/7445,bing,1,1,1,12,5,0,0
/global/archives/7445,news.google.com,1,1,1,0,4,0,0
/global/archives/7574,google,1,1,1,18,4,0,0
/global/archives/7740,(direct),1,1,1,0,2,0,0
/global/archives/7761,chatgpt.com,1,1,1,4,5,0,0
/global/archives/7775,google,1,1,1,29,5,0,0
/global/archives/7784,google,1,0,0,0,3,0,0
/global/archives/7961,google,1,1,1,1,4,0,0
/global/archives/8067,google,1,1,1,0,4,0,0
/global/archives/8087,chatgpt.com,1,1,1,49,6,0,0
/global/archives/8187,google,1,1,1,3,4,0,0
/global/archives/831,google,1,1,1,5,3,0,0
/global/archives/8350,(direct),1,1,1,5,4,0,0
/global/archives/8829,(direct),1,1,1,0,4,0,0
/global/archives/8914,google,1,1,1,3,4,0,0
/global/archives/8972,chatgpt.com,1,1,1,116,7,0,0
/global/archives/8972,google,1,1,1,72,5,0,0
/global/archives/9043,google,1,1,1,0,4,0,0
/global/archives/9079,(direct),1,1,1,4,5,0,0
/global/archives/9191,google,1,1,1,13,5,0,0
/global/archives/9250,google,1,1,1,27,4,0,0
/global/archives/9415,google,1,1,1,28,5,0,0
/global/archives/9509,google,1,1,1,38,4,0,0
/global/archives/9596,google,1,1,1,10,3,0,0
/global/archives/9616,bing,1,1,1,16,5,0,0
/global/archives/9668,(direct),1,1,1,0,4,0,0
/global/archives/9709,google,1,1,1,0,4,0,0
/global/archives/9740,(direct),1,1,1,16,5,0,0
/global/archives/9740,yahoo,1,1,1,20,5,0,0
/global/archives/9877,google,1,1,1,0,4,0,0
/global/archives/9893,google,1,1,1,31,5,0,0
/global/archives/9910,bing,1,1,1,302,6,0,0
/global/archives/9910,linkedin.com,1,1,1,0,2,0,0
/global/archives/9951,google,1,1,1,172,6,0,0
/global/archives/category/corporate/sk-on,(direct),1,0,0,0,3,0,0
/global/archives/category/corporates,bing,1,1,1,18,4,0,0
/global/archives/category/corporates,cn.bing.com,1,1,1,1,3,0,0
/global/archives/category/corporates,eng.skearthon.com,1,1,1,1,5,0,0
/global/archives/category/corporates/sk-earthon,eng.skgeocentric.com,1,1,1,2,3,0,0
/global/archives/category/corporates/sk-energy,(not set),1,1,1,0,3,0,0
/global/archives/category/corporates/sk-energy,skenergy.com,1,1,1,33,4,0,0
/global/archives/category/corporates/sk-enmove,bing,1,1,1,37,4,0,0
/global/archives/category/corporates/sk-enmove,ozmailer.com,1,0,0,0,2,0,0
/global/archives/category/corporates/sk-enmove,skenmove.com,1,1,1,6,4,0,0
/global/archives/category/corporates/sk-enmove,skinnovation.com,1,1,1,35,4,0,0
/global/archives/category/corporates/sk-enterm,eng.skgeocentric.com,1,1,1,3,4,0,0
/global/archives/category/corporates/sk-ie-technology,(direct),1,1,1,2,4,0,0
/global/archives/category/corporates/sk-innovation,(not set),1,1,1,20,4,0,0
/global/archives/category/corporates/sk-on,(not set),1,1,1,23,4,0,0
/global/archives/category/corporates/sk-on,chatgpt.com,1,1,1,0,3,0,0
/global/archives/category/corporates/sk-on,eng.sk-on.com,1,1,1,32,4,0,0
/global/archives/category/corporates/sk-on,eng.skgeocentric.com,1,1,1,2,3,0,0
/global/archives/category/corporates/sk-on,skinnovation.com,1,1,1,24,3,0,0
/global/archives/category/corporates/sk-rading-international,cn.bing.com,1,1,1,6,3,0,0
/global/archives/category/insight,googleadservices.com,1,1,1,0,4,0,0
/global/archives/category/insight,linkedin.com,1,1,1,5,4,0,0
/global/archives/category/insight,skinnovation.com,1,1,1,0,5,0,0
/global/archives/category/insight/expert-voice,linkedin.com,1,1,1,1,4,0,0
/global/archives/category/insight/trend_report,linkedin.com,1,1,1,0,5,0,0
/global/archives/category/people/inno-people,(not set),1,1,1,0,2,0,0
/global/archives/category/people/sustainability,ecosia.org,1,1,1,0,2,0,0
/global/archives/category/people/sustainability,eng.skgeocentric.com,1,1,1,12,4,0,0
/global/archives/category/press-room,bing,1,1,1,5,4,0,0
/global/archives/category/press-room,chn.sk-on.com,1,1,1,10,3,0,0
/global/archives/category/press-room,cn.bing.com,1,1,1,8,3,0,0
/global/archives/category/press-room,ecosia.org,1,1,1,9,4,0,0
/global/archives/category/press-room,eng.sk-on.com,1,1,1,1,5,0,0
/global/archives/category/press-room,knoxnews.com,1,1,1,0,3,0,0
/global/archives/category/press-room,skenergy.com,1,1,1,1,3,0,0
/global/archives/category/press-room,skenmove.com,1,1,1,20,3,0,0
/global/archives/category/press-room/financial-results,cn.bing.com,1,1,1,6,3,0,0
/global/archives/category/press-room/financial-results,ecosia.org,1,1,1,0,3,0,0
/global/archives/category/press-room/financial-results,eng.skglobalchemical.com,1,1,1,9,4,0,0
/global/archives/category/press-room/financial-results,skinnovation.com,1,1,1,8,4,0,0
/global/archives/category/press-room/issue-fact,(direct),1,1,1,6,4,0,0
/global/archives/category/press-room/issue-fact,skinnovation.com,1,1,1,10,4,0,0
/global/archives/category/press-room/press-release,chn.sk-on.com,1,1,1,100,3,0,0
/global/archives/category/press-room/press-release,cn.bing.com,1,1,1,18,3,0,0
/global/archives/category/press-room/press-release,ecosia.org,1,1,1,0,2,0,0
/global/archives/category/press-room/press-release,eng.sk-on.com,1,1,1,9,4,0,0
/global/archives/category/press-room/press-release,skenergy.com,1,1,1,1,3,0,0
/global/archives/category/social-value/csr-program,google,1,1,1,37,4,0,0
/global/archives/tag/2022-esg-report,(direct),1,1,1,3,5,0,0
/global/archives/tag/ankara,google,1,1,1,1,5,0,0
/global/archives/tag/battery,google,1,1,1,11,4,0,0
/global/archives/tag/best-oil-company,google,1,1,1,7,3,0,0
/global/archives/tag/bio-feedstocks,skinnovation.com,1,1,1,5,3,0,0
/global/archives/tag/carbon-neutral,google,1,1,1,5,5,0,0
/global/archives/tag/cathode,google,1,1,1,5,5,0,0
/global/archives/tag/ccs-hub-project,google,1,1,1,20,4,0,0
/global/archives/tag/cic,google,1,1,1,8,5,0,0
/global/archives/tag/daejeon,google,1,1,1,19,6,0,0
/global/archives/tag/drone,google,1,1,1,3,5,0,0
/global/archives/tag/ecopro,google,1,1,1,0,4,0,0
/global/archives/tag/ek-energy,google,1,1,1,5,6,0,0
/global/archives/tag/esg,(direct),1,1,1,5,5,0,0
/global/archives/tag/ev,google,1,1,1,54,4,0,0
/global/archives/tag/ev-battery,google,1,1,1,55,4,0,0
/global/archives/tag/ev-sales,google,1,1,1,0,3,0,0
/global/archives/tag/evs,google,1,1,1,0,3,0,0
/global/archives/tag/ford,google,1,1,1,6,5,0,0
/global/archives/tag/gem,(direct),1,1,1,9,4,0,0
/global/archives/tag/global-talent,google,1,1,1,72,4,0,0
/global/archives/tag/grc,google,1,1,1,14,5,0,0
/global/archives/tag/green-bonds,ecosia.org,1,1,1,0,3,0,0
/global/archives/tag/group-iii-base-oil,google,1,1,1,2,5,0,0
/global/archives/tag/ionomer,google,1,1,1,8,5,0,0
/global/archives/tag/jet-fuel,google,1,1,1,14,4,0,0
/global/archives/tag/komarom,google,1,1,1,12,6,0,0
/global/archives/tag/liquid-cooling,google,1,1,1,5,4,0,0
/global/archives/tag/lithium-ion-batteries,google,1,1,1,4,4,0,0
/global/archives/tag/malaysia,google,1,1,1,30,4,0,0
/global/archives/tag/merger,skinnovation.com,1,1,1,15,4,0,0
/global/archives/tag/ncm9,google,1,1,1,12,6,0,0
/global/archives/tag/patra-sk,google,1,1,1,8,6,0,0
/global/archives/tag/plogging-campaign,google,1,1,1,4,5,0,0
/global/archives/tag/podio-ferrari,google,1,1,1,2,4,0,0
/global/archives/tag/pop-up-store,google,1,1,1,7,5,0,0
/global/archives/tag/re100,google,1,1,1,0,6,0,0
/global/archives/tag/renew,google,1,1,1,3,5,0,0
/global/archives/tag/revenue,google,1,1,1,2,4,0,0
/global/archives/tag/rhee-jang-weon,google,1,1,1,7,5,0,0
/global/archives/tag/russia,google,1,1,1,2,5,0,0
/global/archives/tag/senior,(direct),1,1,1,17,5,0,0
/global/archives/tag/sk-battery-america,google,1,1,1,20,5,0,0
/global/archives/tag/sk-block-427,google,1,1,1,12,4,0,0
/global/archives/tag/sk-energy,google,1,1,1,54,3,0,0
/global/archives/tag/sk-global-chemical,google,1,1,1,3,5,0,0
/global/archives/tag/sk-global-forum,google,1,1,1,10,5,0,0
/global/archives/tag/sk-hi-tech-battery-materials-poland,google,1,1,1,22,5,0,0
/global/archives/tag/sk-lubricants,bing,1,1,1,40,4,0,0
/global/archives/tag/sk-primacor-americas,google,1,1,1,3,6,0,0
/global/archives/tag/sk-supex-council,google,1,1,1,6,5,0,0
/global/archives/tag/skbm,google,1,1,1,18,6,0,0
/global/archives/tag/skbmp,google,1,1,1,0,4,0,0
/global/archives/tag/skei,google,1,1,1,0,4,0,0
/global/archives/tag/sken,google,1,1,1,10,5,0,0
/global/archives/tag/skgca,bing,1,1,1,3,5,0,0
/global/archives/tag/skle,bing,1,1,1,11,5,0,0
/global/archives/tag/sk综合化学,cn.bing.com,1,1,1,13,4,0,0
/global/archives/tag/sk综合化学上海,cn.bing.com,1,1,1,4,4,0,0
/global/archives/tag/sustainability,(direct),1,1,1,4,5,0,0
/global/archives/tag/sustainability-report,(direct),1,1,1,3,5,0,0
/global/archives/tag/tesla,fahnd.com,1,1,1,0,4,0,0
/global/archives/tag/the-world-bank-group,google,1,1,1,5,4,0,0
/global/archives/tag/ulsan-clx,google,1,1,1,35,4,0,0
/global/archives/tag/unep,google,1,1,1,4,4,0,0
/global/latestnews,chn.sk-on.com,1,1,1,7,2,0,0
/global/latestnews,skenergy.com,1,1,1,16,3,0,0
/global/latestnews,tools.opoint.com,1,1,1,4,5,0,0
/global/privacy-policy,(direct),1,1,1,4,3,0,0
/global/who-we-are,google,1,1,1,16,6,0,0
/global/archives/11596,(not set),0,1,0,0,1,0,0
/global/archives/13130,(not set),0,1,0,17,2,0,0
/global/archives/14491,(not set),0,1,0,3,2,0,0
/global/archives/14962,(not set),0,1,0,43,2,0,0
/global/archives/15259,(not set),0,0,0,0,1,0,0
/global/archives/15490,(not set),0,0,0,0,1,0,0
/global/archives/16060,(not set),0,1,0,79,5,0,0
/global/archives/17426,(not set),0,1,0,9,2,0,0
/global/archives/17476,(not set),0,1,0,258,2,0,0
/global/archives/17595,(not set),0,1,0,0,1,0,0
/global/archives/18107,(not set),0,3,0,73.33333333333333,8,0,0
/global/archives/19078,(not set),0,1,0,0,1,0,0
/global/archives/19154,bing,0,0,0,0,2,0,0
/global/archives/6377,(not set),0,1,0,0,1,0,0
/global/archives/7596,(direct),0,1,0,0,2,0,0
/global/archives/7633,(not set),0,1,0,0,1,0,0
/global/archives/7784,(not set),0,1,0,0,1,0,0
/global/archives/8298,(not set),0,1,0,32,2,0,0
/global/archives/9740,(not set),0,1,0,12,1,0,0
/global/archives/9910,(not set),0,1,0,0,1,0,0
/global/archives/category/people/inno-people,skenergy.com,0,1,0,30,2,0,0
/global/archives/tag/raw-material,(not set),0,1,0,23,3,0,0
/global/archives/tag/refrigerant,skenmove.com,0,0,0,0,2,0,0
/global/archives/tag/sk-energy-americas,(not set),0,1,0,5,2,0,0
/global/archives/tag/sko,(not set),0,1,0,4,2,0,0
/global/latestnews,(not set),0,18,0,18.333333333333332,18,0,0