# ----------------------------------------
# 보고서 CSV 내보내기
# 계정: SK이노베이션(한글)
# 속성: SK이노베이션 - GA4
# ----------------------------------------
# 
# 모든 사용자
# 시작일: 20240526
# 종료일: 20240526
기기 카테고리,페이지 경로 및 화면 클래스,총 사용자,새 사용자 수,조회수
mobile,/archives/115209,61,58,67
mobile,/archives/32828,33,32,35
desktop,/,39,15,62
desktop,/archives/84588,17,12,19
mobile,/archives/96864,11,11,11
desktop,/archives/113797,12,10,13
desktop,/archives/22283,10,9,10
desktop,/archives/115057,9,8,10
desktop,/archives/104002,7,7,8
desktop,/archives/107142,7,7,12
desktop,/archives/32828,7,7,7
desktop,/archives/114973,10,6,14
desktop,/archives/48028,8,6,8
mobile,/,13,6,21
mobile,/archives/24686,6,6,6
mobile,/archives/49884,6,6,6
desktop,/archives/48881,5,5,5
desktop,/archives/60291,5,5,5
mobile,/archives/16295,5,5,5
desktop,/archives/113159,11,4,16
desktop,/archives/114153,6,4,5
desktop,/archives/98107,5,4,6
desktop,/archives/98215,4,4,4
mobile,/archives/113952,4,4,4
mobile,/archives/115057,4,4,4
mobile,/archives/8448,4,4,5
mobile,/archives/84762,4,4,5
mobile,/archives/85006,5,4,6
mobile,/archives/category/business/sk-enmove,4,4,5
desktop,/archives/111540,4,3,5
desktop,/archives/111831,4,3,4
desktop,/archives/112956,4,3,5
desktop,/archives/113952,3,3,3
desktop,/archives/114094,3,3,3
desktop,/archives/114773,3,3,4
desktop,/archives/23352,3,3,3
desktop,/archives/50898,3,3,3
desktop,/archives/6688,3,3,3
desktop,/archives/89977,3,3,3
desktop,/archives/96864,4,3,4
desktop,/archives/category/business,7,3,9
mobile,/archives/113797,4,3,4
mobile,/archives/114094,3,3,3
mobile,/archives/28782,3,3,3
mobile,/archives/60291,3,3,5
mobile,/archives/91050,3,3,3
desktop,/archives/10557,2,2,2
desktop,/archives/107411,2,2,2
desktop,/archives/109090,2,2,2
desktop,/archives/111929,2,2,2
desktop,/archives/112776,4,2,5
desktop,/archives/114138,4,2,7
desktop,/archives/18301,3,2,3
desktop,/archives/22310,2,2,2
desktop,/archives/28520,2,2,7
desktop,/archives/36237,3,2,3
desktop,/archives/36253,2,2,2
desktop,/archives/45364,2,2,2
desktop,/archives/48279,5,2,6
desktop,/archives/69357,2,2,2
desktop,/archives/7268,2,2,2
desktop,/archives/83065,2,2,2
desktop,/archives/83720,2,2,2
desktop,/archives/8422,2,2,2
desktop,/archives/8544,2,2,2
desktop,/archives/97077,2,2,3
desktop,/archives/category/industry-and-insight,3,2,3
desktop,/archives/category/press/press-release,4,2,4
desktop,/archives/tag/sk이노베이션-울산complex,2,2,3
mobile,/archives/10815,2,2,2
mobile,/archives/111831,2,2,2
mobile,/archives/112580,2,2,2
mobile,/archives/112956,2,2,2
mobile,/archives/114810,2,2,3
mobile,/archives/12929,2,2,2
mobile,/archives/21277,3,2,3
mobile,/archives/23352,2,2,3
mobile,/archives/25711,2,2,2
mobile,/archives/25903,4,2,7
mobile,/archives/29742,2,2,2
mobile,/archives/65154,2,2,2
mobile,/archives/83720,2,2,2
mobile,/archives/8422,3,2,3
mobile,/archives/8482,2,2,2
mobile,/archives/8544,2,2,2
mobile,/archives/8935,2,2,3
mobile,/archives/89977,2,2,3
mobile,/archives/category/business/sk-enterm,2,2,4
mobile,/archives/category/business/sk-on,2,2,3
tablet,/archives/115057,2,2,4
desktop,/)에서,1,1,2
desktop,/archives/10005,1,1,1
desktop,/archives/100515,1,1,1
desktop,/archives/102043,1,1,1
desktop,/archives/102095,1,1,1
desktop,/archives/102299,1,1,1
desktop,/archives/102756,1,1,2
desktop,/archives/103054,1,1,1
desktop,/archives/10330,1,1,2
desktop,/archives/103947,1,1,1
desktop,/archives/104187,2,1,3
desktop,/archives/105299,1,1,1
desktop,/archives/105770,1,1,2
desktop,/archives/105850,1,1,1
desktop,/archives/107289,1,1,1
desktop,/archives/107304,1,1,2
desktop,/archives/10815,1,1,1
desktop,/archives/108815,1,1,1
desktop,/archives/108889,1,1,1
desktop,/archives/110156,1,1,1
desktop,/archives/110245,1,1,1
desktop,/archives/110323,3,1,2
desktop,/archives/110536,1,1,1
desktop,/archives/110959,1,1,1
desktop,/archives/111245,1,1,1
desktop,/archives/111949,1,1,1
desktop,/archives/111978,1,1,1
desktop,/archives/112487,2,1,2
desktop,/archives/112614,1,1,1
desktop,/archives/112686,1,1,1
desktop,/archives/11371,1,1,2
desktop,/archives/114065,3,1,3
desktop,/archives/114221,2,1,2
desktop,/archives/114327,2,1,3
desktop,/archives/114483,2,1,2
desktop,/archives/114632,3,1,4
desktop,/archives/114688,2,1,2
desktop,/archives/114999,3,1,3
desktop,/archives/11700,1,1,1
desktop,/archives/11848,1,1,1
desktop,/archives/11993,1,1,1
desktop,/archives/16210,1,1,1
desktop,/archives/16295,1,1,1
desktop,/archives/17131,1,1,1
desktop,/archives/17479,1,1,1
desktop,/archives/19981,1,1,1
desktop,/archives/21261,1,1,1
desktop,/archives/21277,1,1,1
desktop,/archives/21314,1,1,1
desktop,/archives/21558,1,1,1
desktop,/archives/21617,1,1,1
desktop,/archives/22252,1,1,1
desktop,/archives/25711,3,1,3
desktop,/archives/25903,5,1,5
desktop,/archives/2624,1,1,1
desktop,/archives/28045,1,1,1
desktop,/archives/28157,1,1,1
desktop,/archives/28579,1,1,1
desktop,/archives/2885,1,1,1
desktop,/archives/29155,2,1,2
desktop,/archives/30153,1,1,3
desktop,/archives/31741,1,1,1
desktop,/archives/32708,1,1,1
desktop,/archives/33074,1,1,1
desktop,/archives/33139,1,1,1
desktop,/archives/33833,1,1,1
desktop,/archives/38098,1,1,1
desktop,/archives/45433,3,1,3
desktop,/archives/4846,1,1,1
desktop,/archives/51077,1,1,1
desktop,/archives/51614,2,1,2
desktop,/archives/52070,1,1,1
desktop,/archives/53520,1,1,1
desktop,/archives/53791,1,1,2
desktop,/archives/54917,1,1,2
desktop,/archives/56972,1,1,1
desktop,/archives/58468,1,1,1
desktop,/archives/59667,1,1,1
desktop,/archives/61250,1,1,1
desktop,/archives/63622,1,1,1
desktop,/archives/64591,1,1,1
desktop,/archives/66432,1,1,1
desktop,/archives/6811,2,1,5
desktop,/archives/69107,1,1,1
desktop,/archives/70099,1,1,1
desktop,/archives/72162,1,1,1
desktop,/archives/74664,1,1,1
desktop,/archives/75150,2,1,2
desktop,/archives/75713,2,1,1
desktop,/archives/76420,1,1,1
desktop,/archives/76643,1,1,1
desktop,/archives/77996,1,1,1
desktop,/archives/78278,1,1,1
desktop,/archives/7868,1,1,2
desktop,/archives/8034,1,1,1
desktop,/archives/80400,1,1,1
desktop,/archives/83166,1,1,1
desktop,/archives/83181,1,1,2
desktop,/archives/8355,1,1,1
desktop,/archives/83571,1,1,1
desktop,/archives/84210,1,1,1
desktop,/archives/84762,2,1,2
desktop,/archives/8482,1,1,1
desktop,/archives/85006,1,1,1
desktop,/archives/8502,1,1,2
desktop,/archives/85445,1,1,1
desktop,/archives/85853,1,1,1
desktop,/archives/86272,1,1,2
desktop,/archives/86654,1,1,1
desktop,/archives/87190,1,1,1
desktop,/archives/87448,1,1,1
desktop,/archives/88198,3,1,3
desktop,/archives/88287,1,1,1
desktop,/archives/88430,1,1,1
desktop,/archives/8856,1,1,2
desktop,/archives/8935,1,1,1
desktop,/archives/90293,1,1,1
desktop,/archives/9072,1,1,1
desktop,/archives/91442,1,1,1
desktop,/archives/92064,1,1,1
desktop,/archives/9249,1,1,1
desktop,/archives/93157,1,1,1
desktop,/archives/95110,3,1,4
desktop,/archives/95180,1,1,1
desktop,/archives/95466,1,1,1
desktop,/archives/96097,1,1,1
desktop,/archives/96200,1,1,1
desktop,/archives/96768,1,1,1
desktop,/archives/9705,1,1,1
desktop,/archives/97463,1,1,1
desktop,/archives/9782,1,1,1
desktop,/archives/9807,1,1,1
desktop,/archives/98991,1,1,2
desktop,/archives/99699,1,1,1
desktop,/archives/category/business/sk-energy,7,1,8
desktop,/archives/category/business/sk-on,4,1,9
desktop,/archives/category/social-news/social-company,1,1,1
desktop,/archives/tag/big-picture-of-innovation,1,1,2
desktop,/archives/tag/esg-우수사례,1,1,1
desktop,/archives/tag/flexible-cover-window,1,1,1
desktop,/archives/tag/libs,1,1,1
desktop,/archives/tag/lsfo,1,1,2
desktop,/archives/tag/sk지크,1,1,1
desktop,/archives/tag/생물다양성,1,1,1
desktop,/archives/tag/숯불에-삼겹살,1,1,1
desktop,/archives/tag/얼음컵만들기,1,1,1
desktop,/archives/tag/열분해유,1,1,2
desktop,/archives/tag/오픈-이노베이션,1,1,2
desktop,/archives/tag/직무소개,1,1,2
desktop,/archives/tag/화살표-청년,1,1,2
desktop,/posts,1,1,1
mobile,/archives/103250,1,1,1
mobile,/archives/103400,1,1,1
mobile,/archives/103830,1,1,2
mobile,/archives/103932,1,1,2
mobile,/archives/103947,1,1,1
mobile,/archives/104002,1,1,1
mobile,/archives/104439,1,1,1
mobile,/archives/104459,1,1,1
mobile,/archives/104504,1,1,2
mobile,/archives/105707,1,1,1
mobile,/archives/105883,1,1,1
mobile,/archives/107411,1,1,1
mobile,/archives/107845,1,1,1
mobile,/archives/108874,1,1,1
mobile,/archives/109148,1,1,1
mobile,/archives/109462,1,1,1
mobile,/archives/111387,1,1,1
mobile,/archives/111540,1,1,1
mobile,/archives/111929,1,1,1
mobile,/archives/111978,1,1,1
mobile,/archives/113159,2,1,3
mobile,/archives/114153,1,1,1
mobile,/archives/114773,1,1,1
mobile,/archives/114931,1,1,1
mobile,/archives/114973,1,1,1
mobile,/archives/115249,2,1,5
mobile,/archives/11596,1,1,1
mobile,/archives/14225,1,1,1
mobile,/archives/15214,1,1,1
mobile,/archives/18301,1,1,1
mobile,/archives/18606,1,1,1
mobile,/archives/24485,1,1,1
mobile,/archives/2964,1,1,1
mobile,/archives/29775,1,1,1
mobile,/archives/30153,1,1,1
mobile,/archives/31846,1,1,1
mobile,/archives/3759,1,1,1
mobile,/archives/38936,1,1,2
mobile,/archives/45433,1,1,1
mobile,/archives/47879,1,1,1
mobile,/archives/48028,2,1,7
mobile,/archives/48279,1,1,1
mobile,/archives/48881,1,1,1
mobile,/archives/51614,1,1,2
mobile,/archives/5506,1,1,1
mobile,/archives/56046,1,1,1
mobile,/archives/57901,1,1,2
mobile,/archives/59030,1,1,1
mobile,/archives/61110,1,1,1
mobile,/archives/63622,1,1,1
mobile,/archives/63879,1,1,1
mobile,/archives/64364,1,1,1
mobile,/archives/69107,1,1,1
mobile,/archives/72104,1,1,1
mobile,/archives/72120,1,1,2
mobile,/archives/7380,1,1,1
mobile,/archives/7636,1,1,1
mobile,/archives/76494,1,1,1
mobile,/archives/76541,1,1,1
mobile,/archives/78120,1,1,1
mobile,/archives/80568,1,1,1
mobile,/archives/83571,2,1,3
mobile,/archives/84588,1,1,1
mobile,/archives/84916,1,1,1
mobile,/archives/84993,1,1,1
mobile,/archives/8502,1,1,1
mobile,/archives/85853,1,1,2
mobile,/archives/85894,1,1,1
mobile,/archives/87738,1,1,1
mobile,/archives/88269,1,1,1
mobile,/archives/8856,1,1,1
mobile,/archives/88816,1,1,1
mobile,/archives/89361,1,1,1
mobile,/archives/9049,1,1,1
mobile,/archives/90543,1,1,1
mobile,/archives/93583,1,1,1
mobile,/archives/94030,1,1,1
mobile,/archives/9412,1,1,1
mobile,/archives/94311,1,1,1
mobile,/archives/95110,1,1,1
mobile,/archives/95377,1,1,1
mobile,/archives/95617,1,1,2
mobile,/archives/96322,1,1,1
mobile,/archives/96339,1,1,1
mobile,/archives/97391,1,1,1
mobile,/archives/9782,1,1,1
mobile,/archives/98325,1,1,1
mobile,/archives/99298,1,1,1
mobile,/archives/category/business/sk-energy,2,1,2
mobile,/archives/category/field-news,1,1,1
mobile,/archives/category/industry-and-insight/basics,1,1,1
mobile,/archives/tag/chat-gpt,1,1,1
mobile,/archives/tag/skinnotech,1,1,1
mobile,/archives/tag/sk서린빌딩,1,1,1
mobile,/archives/tag/sk지크,1,1,1
mobile,/archives/tag/sk행복어린이집,1,1,1
mobile,/archives/tag/steam-purge,1,1,1
mobile,/archives/tag/고소영,1,1,1
mobile,/archives/tag/김정기,1,1,1
mobile,/archives/tag/바이킹-챌린지,1,1,2
mobile,/archives/tag/세대공감-clan,1,1,1
mobile,/archives/tag/아모지,1,1,1
mobile,/archives/tag/울트론,1,1,2
mobile,/archives/tag/초등학생-화학캠프,1,1,1
mobile,/archives/tag/코로나19-백신,1,1,1
mobile,/archives/tag/프리다이빙,1,1,2
mobile,/archives/tag/해양-광물자원,1,1,1
mobile,/archives/tag/행복모음,1,1,1
mobile,/newsroom-guide,1,1,1
mobile,/privacy-policy,1,1,1
tablet,/,1,1,1
tablet,/archives/10557,1,1,2
tablet,/archives/111831,1,1,1
tablet,/archives/11223,1,1,1
tablet,/archives/113891,1,1,1
tablet,/archives/14875,1,1,1
tablet,/archives/23352,1,1,1
tablet,/archives/28782,1,1,1
tablet,/archives/48279,1,1,1
tablet,/archives/73326,1,1,1
tablet,/archives/83065,1,1,1
tablet,/archives/96864,1,1,1
desktop,/archives/100130,1,0,1
desktop,/archives/100309,1,0,1
desktop,/archives/100892,2,0,2
desktop,/archives/101213,1,0,1
desktop,/archives/102531,2,0,1
desktop,/archives/102980,2,0,2
desktop,/archives/103003,1,0,1
desktop,/archives/103302,1,0,1
desktop,/archives/104439,1,0,1
desktop,/archives/105362,1,0,4
desktop,/archives/105458,2,0,3
desktop,/archives/105914,1,0,1
desktop,/archives/106254,1,0,0
desktop,/archives/107557,1,0,1
desktop,/archives/107660,1,0,1
desktop,/archives/107845,1,0,1
desktop,/archives/108874,1,0,1
desktop,/archives/109169,1,0,1
desktop,/archives/109888,1,0,1
desktop,/archives/110055,1,0,1
desktop,/archives/110471,1,0,1
desktop,/archives/110819,2,0,2
desktop,/archives/111406,2,0,2
desktop,/archives/111968,1,0,1
desktop,/archives/112024,1,0,3
desktop,/archives/112411,1,0,1
desktop,/archives/112418,1,0,1
desktop,/archives/112761,1,0,1
desktop,/archives/112771,2,0,2
desktop,/archives/112815,2,0,1
desktop,/archives/112882,1,0,1
desktop,/archives/113083,1,0,1
desktop,/archives/113297,1,0,1
desktop,/archives/113462,1,0,0
desktop,/archives/113520,1,0,1
desktop,/archives/113680,2,0,2
desktop,/archives/113855,1,0,1
desktop,/archives/113942,1,0,1
desktop,/archives/113998,3,0,2
desktop,/archives/114052,1,0,2
desktop,/archives/114084,1,0,1
desktop,/archives/114354,1,0,1
desktop,/archives/114430,1,0,1
desktop,/archives/114522,1,0,1
desktop,/archives/114610,1,0,1
desktop,/archives/114689,1,0,3
desktop,/archives/114751,1,0,1
desktop,/archives/114810,2,0,1
desktop,/archives/114931,3,0,2
desktop,/archives/115043,1,0,1
desktop,/archives/115099,1,0,1
desktop,/archives/115209,2,0,1
desktop,/archives/115249,1,0,2
desktop,/archives/115258,7,0,8
desktop,/archives/115300,1,0,1
desktop,/archives/14651,1,0,1
desktop,/archives/19881,1,0,0
desktop,/archives/20287,1,0,1
desktop,/archives/22421,1,0,1
desktop,/archives/23662,1,0,1
desktop,/archives/2410,1,0,0
desktop,/archives/24435,1,0,1
desktop,/archives/25579,1,0,2
desktop,/archives/31516,1,0,1
desktop,/archives/31718,1,0,1
desktop,/archives/32845,1,0,2
desktop,/archives/33770,1,0,1
desktop,/archives/34203,1,0,1
desktop,/archives/34475,1,0,1
desktop,/archives/38114,1,0,1
desktop,/archives/45061,2,0,4
desktop,/archives/48168,1,0,1
desktop,/archives/49759,1,0,1
desktop,/archives/49884,2,0,2
desktop,/archives/59030,1,0,1
desktop,/archives/62742,1,0,1
desktop,/archives/62987,1,0,1
desktop,/archives/64647,1,0,1
desktop,/archives/69322,1,0,1
desktop,/archives/70759,1,0,0
desktop,/archives/71803,1,0,1
desktop,/archives/72104,1,0,0
desktop,/archives/7359/image006-6,1,0,1
desktop,/archives/75226,1,0,1
desktop,/archives/77306,1,0,1
desktop,/archives/78457,2,0,2
desktop,/archives/7938,1,0,1
desktop,/archives/8004,1,0,1
desktop,/archives/80546,1,0,1
desktop,/archives/80603,1,0,1
desktop,/archives/82456,1,0,1
desktop,/archives/82878,1,0,1
desktop,/archives/83217,1,0,1
desktop,/archives/91050,1,0,1
desktop,/archives/91623,1,0,0
desktop,/archives/91758,1,0,1
desktop,/archives/92961,1,0,1
desktop,/archives/93340,1,0,1
desktop,/archives/93938,1,0,1
desktop,/archives/94104,1,0,1
desktop,/archives/94397,1,0,1
desktop,/archives/95134,1,0,2
desktop,/archives/97151,1,0,1
desktop,/archives/98325,1,0,1
desktop,/archives/98610,1,0,1
desktop,/archives/98756,1,0,1
desktop,/archives/99361,2,0,1
desktop,/archives/category/business/sk-enmove,1,0,1
desktop,/archives/category/business/sk-geo-centric,3,0,5
desktop,/archives/category/business/sk-incheonpetrochem,1,0,3
desktop,/archives/category/business/sk-innovation,9,0,10
desktop,/archives/category/field-news,4,0,5
desktop,/archives/category/field-news/inno-field,3,0,3
desktop,/archives/category/field-news/inno-people,1,0,1
desktop,/archives/category/field-news/management,2,0,3
desktop,/archives/category/industry-and-insight/basics,2,0,2
desktop,/archives/category/industry-and-insight/inno-column,2,0,3
desktop,/archives/category/press,3,0,3
desktop,/archives/category/press/notice,2,0,3
desktop,/archives/category/social-news/csr,1,0,1
desktop,/archives/tag/ces-2020,1,0,1
desktop,/archives/tag/sk-울산clx,1,0,1
desktop,/archives/tag/기업pr-캠페인,1,0,1
desktop,/archives/tag/바이든,1,0,3
desktop,/archives/tag/세계-환경의-날,1,0,3
desktop,/archives/tag/아스팔트,1,0,1
desktop,/archives/tag/친환경,1,0,1
desktop,/archives/tag/트럼프,1,0,1
mobile,/archives/102285,1,0,1
mobile,/archives/102756,1,0,1
mobile,/archives/102992,1,0,1
mobile,/archives/103003,1,0,3
mobile,/archives/105945,1,0,1
mobile,/archives/112071,1,0,1
mobile,/archives/114172,1,0,1
mobile,/archives/114278,1,0,1
mobile,/archives/115258,2,0,2
mobile,/archives/16528,1,0,1
mobile,/archives/29535,1,0,1
mobile,/archives/29765,1,0,1
mobile,/archives/31912,1,0,1
mobile,/archives/49979,1,0,1
mobile,/archives/63816,1,0,0
mobile,/archives/64577,1,0,1
mobile,/archives/79918,1,0,1
mobile,/archives/95134,1,0,1
mobile,/archives/97077,1,0,1
mobile,/archives/97461,1,0,1
mobile,/archives/category/business,1,0,1
mobile,/archives/category/business/sk-incheonpetrochem,1,0,1
mobile,/archives/category/business/sk-innovation,2,0,2
mobile,/archives/category/press/archive/photo,1,0,1
mobile,/archives/category/press/press-release,1,0,1
mobile,/archives/tag/sk이노베이션-울산complex,1,0,1
mobile,/archives/tag/고급-휘발유,1,0,1
mobile,/archives/tag/우와쏭,1,0,1
mobile,/archives/tag/장애인,1,0,1
mobile,/posts,2,0,4
mobile,/privacy20210908,1,0,1
tablet,/archives/12929,1,0,1
tablet,/archives/32016,1,0,1
tablet,/archives/98215,1,0,1