# ----------------------------------------
# 보고서 CSV 내보내기
# 계정: skinno global
# 속성: skinno 글로벌 - GA4
# ----------------------------------------
# 
# 모든 사용자
# 시작일: 20240715
# 종료일: 20240721
페이지 경로 및 화면 클래스,세션 소스,조회수,세션수,사용자,사용자당 조회수,평균 참여 시간,이벤트 수,주요 이벤트,총 수익
/global/archives/18546,(direct),491,491,402,1.2213930348258706,38.89054726368159,2091,0,0
/global/archives/18546,linkedin.com,245,252,221,1.1085972850678734,18.34389140271493,1055,0,0
/global/archives/18546,google,173,187,132,1.3106060606060606,77.02272727272727,781,0,0
/global/archives/18388,google,156,112,84,1.8571428571428572,1.7976190476190477,503,0,0
/global/,(direct),155,120,89,1.7415730337078652,13.786516853932584,631,0,0
/global/,google,112,69,58,1.9310344827586208,25.051724137931036,478,0,0
/global/archives/category/corporates/sk-enterm,google,92,62,49,1.8775510204081634,12.877551020408163,402,0,0
/global/archives/category/press-room/financial-results,google,86,40,30,2.8666666666666667,25,339,0,0
/global/,skinnovation.com,80,57,50,1.6,24.56,368,0,0
/global/latestnews,(direct),78,74,65,1.2,19.584615384615386,306,0,0
/global/archives/17426,google,56,47,36,1.5555555555555556,72.27777777777777,242,0,0
/global/archives/category/press-room/press-release,(direct),54,49,32,1.6875,24.3125,210,0,0
/global/archives/category/corporates/sk-on,google,46,41,28,1.6428571428571428,26.035714285714285,180,0,0
/global/archives/18546,skinnovation.com,44,39,26,1.6923076923076923,73.61538461538461,166,0,0
/global/latestnews,google,43,43,19,2.263157894736842,24.05263157894737,147,0,0
/global/archives/18065,google,39,33,22,1.7727272727272727,76.36363636363636,164,0,0
/global/archives/18283,(direct),37,35,30,1.2333333333333334,67.5,154,0,0
/global/archives/18388,(direct),34,30,24,1.4166666666666667,35.541666666666664,130,0,0
/global/archives/category/press-room/press-release,google,32,29,24,1.3333333333333333,10.375,128,0,0
/global/archives/18546,zalo,31,32,31,1,10.612903225806452,133,0,0
/global/archives/category/corporates,google,31,23,18,1.7222222222222223,12.333333333333334,111,0,0
/global/archives/17216,(direct),29,27,22,1.3181818181818181,64,105,0,0
/global/archives/category/corporates/sk-innovation,google,28,27,24,1.1666666666666667,10.333333333333334,103,0,0
/global/archives/18140,google,26,24,9,2.888888888888889,16.22222222222222,83,0,0
/global/archives/17216,google,25,31,23,1.0869565217391304,43.82608695652174,118,0,0
/global/archives/17426,(direct),24,16,14,1.7142857142857142,26.928571428571427,97,0,0
/global/archives/9910,google,24,25,21,1.1428571428571428,59.80952380952381,115,0,0
/global/archives/16448,google,23,27,19,1.2105263157894737,18.68421052631579,94,0,0
/global/archives/18478,(direct),23,19,17,1.3529411764705883,8.647058823529411,87,0,0
/global/archives/16834,google,22,22,15,1.4666666666666666,40.266666666666666,96,0,0
/global/archives/category/press-room/financial-results,(direct),22,10,9,2.4444444444444446,21.666666666666668,80,0,0
/global/archives/18065,(direct),21,10,7,3,130.85714285714286,65,0,0
/global/archives/15374,google,20,20,16,1.25,20.0625,91,0,0
/global/archives/18500,(direct),20,22,19,1.0526315789473684,6.473684210526316,74,0,0
/global/archives/6216,google,20,22,17,1.1764705882352942,25.823529411764707,104,0,0
/global/,eng.sk-on.com,19,13,13,1.4615384615384615,22.76923076923077,87,0,0
/global/archives/15664,google,19,21,17,1.1176470588235294,28.647058823529413,84,0,0
/global/archives/18500,google,19,20,17,1.1176470588235294,11.470588235294118,84,0,0
/global/archives/18283,google,18,19,13,1.3846153846153846,52.07692307692308,68,0,0
/global/archives/category/press-room/press-release,skinnovation.com,17,16,13,1.3076923076923077,25.53846153846154,69,0,0
/global/archives/16463,google,16,15,13,1.2307692307692308,20.923076923076923,72,0,0
/global/archives/16532,google,16,18,9,1.7777777777777777,41.77777777777778,64,0,0
/global/archives/18283,stocktwits.com,16,13,13,1.2307692307692308,54,61,0,0
/global/archives/15462,google,15,12,11,1.3636363636363635,60.54545454545455,64,0,0
/global/archives/category/people/sustainability,(direct),15,10,5,3,26.8,59,0,0
/global/,bing,14,7,6,2.3333333333333335,47.333333333333336,47,0,0
/global/archives/15687,google,14,13,11,1.2727272727272727,36.63636363636363,59,0,0
/global/archives/17499,google,14,13,10,1.4,18.5,60,0,0
/global/archives/18107,google,14,13,11,1.2727272727272727,98.18181818181819,63,0,0
/global/archives/18546,lnkd.in,14,14,13,1.0769230769230769,11.23076923076923,66,0,0
/global/,eng.skearthon.com,13,10,6,2.1666666666666665,43.333333333333336,63,0,0
/global/,linkedin.com,13,12,4,3.25,9.75,50,0,0
/global/archives/13521,google,13,11,10,1.3,4.8,51,0,0
/global/archives/16060,google,13,10,7,1.8571428571428572,20.142857142857142,55,0,0
/global/archives/17169,google,13,12,12,1.0833333333333333,19.333333333333332,61,0,0
/global/archives/18546,newsletter,13,10,9,1.4444444444444444,16.333333333333332,49,0,0
/global/archives/3820,google,13,10,8,1.625,27.875,52,0,0
/global/archives/category/corporates/sk-energy,google,13,10,8,1.625,19.5,50,0,0
/global/archives/10774,google,12,11,10,1.2,32.4,55,0,0
/global/archives/12022,google,12,13,11,1.0909090909090908,11.636363636363637,57,0,0
/global/archives/12306,google,12,13,10,1.2,28.6,55,0,0
/global/archives/13521,azureford.sharepoint.com,12,13,11,1.0909090909090908,120.72727272727273,58,0,0
/global/archives/14491,google,12,10,10,1.2,37.3,53,0,0
/global/archives/17990,google,12,10,5,2.4,51.6,47,0,0
/global/archives/18478,google,12,10,10,1.2,4.7,40,0,0
/global/,eng.skgeocentric.com,11,6,3,3.6666666666666665,13.666666666666666,38,0,0
/global/archives/13130,(direct),11,7,5,2.2,70,44,0,0
/global/archives/17313,skenmove.com,11,11,8,1.375,20.5,39,0,0
/global/archives/18361,google,11,12,11,1,38.90909090909091,47,0,0
/global/archives/13595,google,10,7,7,1.4285714285714286,113.28571428571429,46,0,0
/global/archives/17426,bing,10,9,6,1.6666666666666667,74.33333333333333,45,0,0
/global/archives/17595,(direct),10,7,7,1.4285714285714286,12.714285714285714,33,0,0
/global/archives/17595,google,10,12,8,1.25,8.375,42,0,0
/global/archives/18361,(direct),10,9,8,1.25,18.125,37,0,0
/global/archives/category/corporates/sk-incheon-petrochem,google,10,6,4,2.5,45.5,37,0,0
/global/archives/category/insight,(direct),10,10,10,1,16.3,40,0,0
/global/archives/13329,google,9,8,7,1.2857142857142858,34,40,0,0
/global/archives/15937,google,9,11,6,1.5,4.833333333333333,39,0,0
/global/archives/18436,(direct),9,8,6,1.5,6.5,32,0,0
/global/archives/18546,statics.teams.cdn.office.net,9,11,7,1.2857142857142858,44.857142857142854,41,0,0
/global/archives/category/corporates/sk-ie-technology,google,9,4,4,2.25,21.75,34,0,0
/global/archives/category/corporates/sk-innovation,(direct),9,10,8,1.125,9.25,34,0,0
/global/archives/category/corporates/sk-innovation,skinnovation.com,9,8,7,1.2857142857142858,23.428571428571427,34,0,0
/global/archives/category/people,google,9,5,4,2.25,16.5,33,0,0
/global/archives/category/press-room,(direct),9,9,8,1.125,9.25,35,0,0
/global/archives/10835,google,8,8,5,1.6,20,34,0,0
/global/archives/15490,(direct),8,9,7,1.1428571428571428,20.428571428571427,36,0,0
/global/archives/17356,google,8,8,8,1,16.5,37,0,0
/global/archives/18478,skinnovation.com,8,8,7,1.1428571428571428,16.285714285714285,32,0,0
/global/archives/18500,skinnovation.com,8,6,5,1.6,22.8,29,0,0
/global/archives/4921,google,8,8,7,1.1428571428571428,28.285714285714285,38,0,0
/global/archives/9668,google,8,8,7,1.1428571428571428,30.142857142857142,36,0,0
/global/archives/category/corporate/sk-enmove,skenmove.com,8,7,5,1.6,14,40,0,0
/global/archives/category/corporate/sk-incheon-petrochem,(direct),8,1,1,8,43,30,0,0
/global/archives/category/corporates,(direct),8,5,4,2,6.5,30,0,0
/global/archives/category/corporates/sk-geo-centric,google,8,5,5,1.6,36,32,0,0
/global/archives/category/corporates/sk-on,(direct),8,9,7,1.1428571428571428,22.428571428571427,28,0,0
/global/archives/category/corporates/sk-rading-international,google,8,7,7,1.1428571428571428,11.285714285714286,33,0,0
/global/archives/category/people/sustainability,google,8,4,4,2,20,32,0,0
/global/archives/category/press-room,gateway.zscalerthree.net,8,7,1,8,16,33,0,0
/global/archives/11161,google,7,7,5,1.4,33.4,35,0,0
/global/archives/12106,google,7,6,6,1.1666666666666667,19.5,30,0,0
/global/archives/12190,(direct),7,3,3,2.3333333333333335,24.666666666666668,22,0,0
/global/archives/13780,google,7,6,6,1.1666666666666667,38.666666666666664,31,0,0
/global/archives/15664,(direct),7,8,7,1,19.571428571428573,28,0,0
/global/archives/17426,chn.sk-on.com,7,2,1,7,481,26,0,0
/global/archives/18374,google,7,5,4,1.75,36.5,26,0,0
/global/archives/18388,linkedin.com,7,7,6,1.1666666666666667,1.5,29,0,0
/global/archives/18445,(direct),7,8,6,1.1666666666666667,31,27,0,0
/global/archives/18500,news.google.com,7,7,7,1,0,26,0,0
/global/archives/9709,google,7,5,4,1.75,11.25,25,0,0
/global/archives/category/corporates/sk-enmove,google,7,4,4,1.75,81.25,24,0,0
/global/archives/category/people,(direct),7,8,8,0.875,11.625,26,0,0
/global/archives/category/people/ceo-leaders,google,7,3,2,3.5,103,29,0,0
/global/archives/category/press-room,google,7,8,7,1,14.142857142857142,27,0,0
/global/archives/tag/sko,google,7,7,7,1,21.142857142857142,33,0,0
/global/archives/tag/skti,google,7,6,5,1.4,7.4,33,0,0
/global/,sktradinginternational.com,6,2,1,6,31,19,0,0
/global/archives/11087,google,6,9,6,1,42.333333333333336,30,0,0
/global/archives/14309,(direct),6,2,2,3,24,21,0,0
/global/archives/14634,google,6,5,4,1.5,48.25,23,0,0
/global/archives/16376,google,6,8,5,1.2,41.6,28,0,0
/global/archives/16493,google,6,6,5,1.2,16.4,25,0,0
/global/archives/17216,stocktwits.com,6,7,5,1.2,4.6,24,0,0
/global/archives/17569,google,6,7,6,1,28.666666666666668,30,0,0
/global/archives/17990,(direct),6,6,6,1,6.833333333333333,25,0,0
/global/archives/18500,newsletter,6,5,4,1.5,2.75,18,0,0
/global/archives/18546,eng.skearthon.com,6,6,4,1.5,96.5,21,0,0
/global/archives/4612,google,6,5,5,1.2,51,24,0,0
/global/archives/5129,(direct),6,5,5,1.2,183,24,0,0
/global/archives/564,google,6,6,4,1.5,72,28,0,0
/global/archives/8972,google,6,3,2,3,132,24,0,0
/global/archives/category/corporates/sk-earthon,google,6,4,3,2,44.333333333333336,26,0,0
/global/archives/category/press-room,skinnovation.com,6,7,6,1,8,23,0,0
/global/archives/tag/2023-sk-global-forum,google,6,4,4,1.5,5.75,27,0,0
/global/archives/10913,google,5,5,5,1,51.4,24,0,0
/global/archives/12008,google,5,4,4,1.25,11.25,25,0,0
/global/archives/12147,google,5,5,5,1,30.6,22,0,0
/global/archives/12667,electrive.com,5,3,3,1.6666666666666667,135.66666666666666,23,0,0
/global/archives/14688,(direct),5,2,1,5,0,13,0,0
/global/archives/14766,google,5,6,4,1.25,40.5,25,0,0
/global/archives/1493,google,5,5,3,1.6666666666666667,20.666666666666668,19,0,0
/global/archives/15103,google,5,4,4,1.25,6.5,18,0,0
/global/archives/16169,google,5,6,5,1,9.4,24,0,0
/global/archives/17446,google,5,7,5,1,20.2,27,0,0
/global/archives/18546,bing,5,6,3,1.6666666666666667,61,21,0,0
/global/archives/18546,eng.sk-on.com,5,6,5,1,81.6,18,0,0
/global/archives/3962,google,5,5,5,1,61.8,24,0,0
/global/archives/7245,(direct),5,5,5,1,1.6,20,0,0
/global/archives/7961,google,5,4,2,2.5,35,22,0,0
/global/archives/9096,(direct),5,3,1,5,93,20,0,0
/global/archives/9740,google,5,5,4,1.25,11.5,23,0,0
/global/archives/category/corporates/sk-enterm,(direct),5,4,3,1.6666666666666667,15.333333333333334,21,0,0
/global/archives/category/corporates/sk-innovation,eng.skearthon.com,5,2,2,2.5,44,17,0,0
/global/archives/category/insight/trend_report,electrive.com,5,5,1,5,79,19,0,0
/global/archives/tag/pouch-type-battery,google,5,3,3,1.6666666666666667,7.666666666666667,21,0,0
/global/archives/tag/solid-power,google,5,3,3,1.6666666666666667,40,24,0,0
/global/latestnews,linkedin.com,5,7,2,2.5,5.5,22,0,0
/global/latestnews,skinnovation.com,5,5,4,1.25,20.5,21,0,0
/global/,chn.sk-on.com,4,5,4,1,21.5,23,0,0
/global/archives/10985,google,4,3,3,1.3333333333333333,39.333333333333336,17,0,0
/global/archives/11087,skenergy.com,4,4,4,1,30.75,20,0,0
/global/archives/12269,google,4,5,4,1,37.75,18,0,0
/global/archives/12306,(direct),4,4,4,1,4.75,18,0,0
/global/archives/12950,google,4,4,4,1,4.75,14,0,0
/global/archives/13130,chn.sk-on.com,4,2,1,4,213,14,0,0
/global/archives/13130,google,4,3,3,1.3333333333333333,36,14,0,0
/global/archives/13521,(direct),4,4,3,1.3333333333333333,10.333333333333334,17,0,0
/global/archives/14193,(direct),4,4,3,1.3333333333333333,301.6666666666667,18,0,0
/global/archives/15259,google,4,4,4,1,9.5,16,0,0
/global/archives/15462,(direct),4,4,4,1,27.25,18,0,0
/global/archives/15490,google,4,4,4,1,37,19,0,0
/global/archives/15592,google,4,2,2,2,20.5,15,0,0
/global/archives/15689,google,4,3,3,1.3333333333333333,20.333333333333332,15,0,0
/global/archives/16480,google,4,4,3,1.3333333333333333,3,15,0,0
/global/archives/16834,bing,4,4,3,1.3333333333333333,26,14,0,0
/global/archives/16970,google,4,3,3,1.3333333333333333,20.666666666666668,16,0,0
/global/archives/17356,skenmove.com,4,5,4,1,5.5,18,0,0
/global/archives/17499,(direct),4,5,3,1.3333333333333333,51,19,0,0
/global/archives/17623,google,4,5,4,1,50.25,21,0,0
/global/archives/17817,google,4,4,1,4,2,13,0,0
/global/archives/18022,skinnovation.com,4,4,4,1,16.25,20,0,0
/global/archives/18065,bing,4,5,3,1.3333333333333333,74.66666666666667,16,0,0
/global/archives/18065,chn.sk-on.com,4,3,1,4,139,15,0,0
/global/archives/18301,google,4,4,4,1,34.5,19,0,0
/global/archives/18421,(direct),4,3,3,1.3333333333333333,8.333333333333334,12,0,0
/global/archives/18436,google,4,5,3,1.3333333333333333,6,15,0,0
/global/archives/18436,skinnovation.com,4,4,4,1,21.25,18,0,0
/global/archives/18546,eng.skgeocentric.com,4,4,2,2,5.5,15,0,0
/global/archives/1960,google,4,4,3,1.3333333333333333,55.333333333333336,20,0,0
/global/archives/3005,google,4,1,1,4,282,15,0,0
/global/archives/3709,google,4,4,2,2,32,17,0,0
/global/archives/4844,(direct),4,4,4,1,9.25,17,0,0
/global/archives/5892,google,4,4,4,1,39.5,19,0,0
/global/archives/6216,bing,4,5,4,1,111.5,20,0,0
/global/archives/6343,google,4,4,3,1.3333333333333333,26,18,0,0
/global/archives/6462,google,4,1,1,4,30,16,0,0
/global/archives/6710,google,4,2,2,2,60.5,16,0,0
/global/archives/7445,google,4,4,3,1.3333333333333333,11.666666666666666,17,0,0
/global/archives/7476,google,4,4,4,1,44.5,18,0,0
/global/archives/8067,google,4,3,3,1.3333333333333333,29.333333333333332,18,0,0
/global/archives/9668,(direct),4,4,4,1,0.75,14,0,0
/global/archives/9910,(direct),4,4,4,1,0.25,14,0,0
/global/archives/category/corporates/sk-enmove,(direct),4,2,2,2,57,15,0,0
/global/archives/category/corporates/sk-enterm,skinnovation.com,4,1,1,4,22,15,0,0
/global/archives/category/corporates/sk-rading-international,sktradinginternational.com,4,1,1,4,63,16,0,0
/global/archives/category/people/ceo-leaders,bing,4,5,2,2,9.5,18,0,0
/global/archives/category/people/inno-people,(direct),4,2,2,2,50,16,0,0
/global/archives/category/people/inno-people,google,4,4,4,1,20.25,16,0,0
/global/archives/category/people/onsite-report,(direct),4,2,2,2,33.5,16,0,0
/global/archives/category/press-room/issue-fact,google,4,4,4,1,4.5,14,0,0
/global/archives/category/press-room/press-release,eng.skgeocentric.com,4,2,2,2,10,14,0,0
/global/archives/tag/2023-q4,(direct),4,2,2,2,17,15,0,0
/global/archives/tag/2024-q1,google,4,3,3,1.3333333333333333,4,15,0,0
/global/archives/tag/financial-results,(direct),4,1,1,4,59,13,0,0
/global/archives/tag/green-bonds,google,4,3,3,1.3333333333333333,12.666666666666666,20,0,0
/global/archives/tag/pbat,google,4,5,5,0.8,5.4,16,0,0
/global/archives/tag/pop-up-store,google,4,1,1,4,21,17,0,0
/global/archives/tag/sk-gc-americas,google,4,4,4,1,10.75,18,0,0
/global/archives/tag/sk-global-forum,google,4,4,4,1,6,18,0,0
/global/archives/tag/sk-on,google,4,3,3,1.3333333333333333,10.666666666666666,18,0,0
/global/sustainability-report,(direct),4,4,2,2,18,20,0,0
/global/sustainability-report,google,4,4,4,1,5.25,22,0,0
/global/,newsletter,3,2,2,1.5,8,13,0,0
/global/,yahoo,3,2,1,3,37,13,0,0
/global/archives/10133,google,3,3,2,1.5,47,17,0,0
/global/archives/10767,google,3,4,3,1,28.666666666666668,14,0,0
/global/archives/10939,google,3,3,3,1,34.666666666666664,13,0,0
/global/archives/11004,google,3,2,2,1.5,24.5,12,0,0
/global/archives/11527,google,3,3,3,1,3.3333333333333335,14,0,0
/global/archives/12036,google,3,2,2,1.5,32.5,13,0,0
/global/archives/12072,google,3,2,2,1.5,22.5,14,0,0
/global/archives/12667,google,3,3,3,1,34.666666666666664,13,0,0
/global/archives/13211,google,3,3,3,1,12,14,0,0
/global/archives/13669,google,3,2,1,3,332,10,0,0
/global/archives/14193,google,3,3,3,1,6,12,0,0
/global/archives/14354,google,3,3,3,1,12.333333333333334,15,0,0
/global/archives/14415,google,3,3,3,1,12,12,0,0
/global/archives/14442,(direct),3,3,2,1.5,50,11,0,0
/global/archives/14755,google,3,3,3,1,8.666666666666666,12,0,0
/global/archives/14962,google,3,3,3,1,35,14,0,0
/global/archives/15204,google,3,2,1,3,4,9,0,0
/global/archives/15610,google,3,3,3,1,10.333333333333334,12,0,0
/global/archives/15840,google,3,2,2,1.5,29,14,0,0
/global/archives/15865,google,3,3,3,1,54.333333333333336,13,0,0
/global/archives/16154,google,3,3,1,3,63,10,0,0
/global/archives/16169,(direct),3,1,1,3,43,10,0,0
/global/archives/16463,(direct),3,3,3,1,6.333333333333333,12,0,0
/global/archives/16583,eng.skearthon.com,3,2,1,3,320,13,0,0
/global/archives/16613,google,3,3,1,3,10,11,0,0
/global/archives/16719,google,3,3,2,1.5,2,10,0,0
/global/archives/16939,google,3,3,3,1,36.333333333333336,14,0,0
/global/archives/17047,google,3,3,3,1,71.33333333333333,16,0,0
/global/archives/17476,google,3,4,3,1,40.666666666666664,16,0,0
/global/archives/17569,(direct),3,4,3,1,0,13,0,0
/global/archives/17737,google,3,3,3,1,7.666666666666667,13,0,0
/global/archives/17796,google,3,3,3,1,25,12,0,0
/global/archives/17863,linkedin.com,3,3,3,1,257.6666666666667,12,0,0
/global/archives/17950,google,3,3,3,1,29.666666666666668,12,0,0
/global/archives/17965,eng.skearthon.com,3,2,1,3,20,10,0,0
/global/archives/17965,google,3,4,3,1,0,13,0,0
/global/archives/18022,google,3,3,2,1.5,57,14,0,0
/global/archives/18140,skinnovation.com,3,3,3,1,31.666666666666668,16,0,0
/global/archives/18208,(direct),3,4,3,1,0,11,0,0
/global/archives/18332,(direct),3,3,3,1,26.333333333333332,12,0,0
/global/archives/18361,skinnovation.com,3,3,3,1,32.666666666666664,11,0,0
/global/archives/18421,google,3,4,3,1,29.666666666666668,16,0,0
/global/archives/18436,linkedin.com,3,3,3,1,10.666666666666666,14,0,0
/global/archives/18478,eng.sk-on.com,3,3,3,1,30.333333333333332,12,0,0
/global/archives/18546,naver,3,2,1,3,2,9,0,0
/global/archives/2329,google,3,3,3,1,65,12,0,0
/global/archives/3393,google,3,2,2,1.5,57,14,0,0
/global/archives/3820,bing,3,4,3,1,19,16,0,0
/global/archives/4308,google,3,3,3,1,13.666666666666666,15,0,0
/global/archives/4518,google,3,3,3,1,19.666666666666668,15,0,0
/global/archives/4751,google,3,3,3,1,30.333333333333332,12,0,0
/global/archives/489,google,3,3,3,1,50,14,0,0
/global/archives/5310,(direct),3,2,1,3,66,8,0,0
/global/archives/5772,google,3,3,3,1,5.666666666666667,15,0,0
/global/archives/6150,google,3,3,2,1.5,83.5,11,0,0
/global/archives/6216,(direct),3,2,2,1.5,18,12,0,0
/global/archives/6377,google,3,3,3,1,0.3333333333333333,13,0,0
/global/archives/6824,(direct),3,4,2,1.5,29.5,8,0,0
/global/archives/7794,(direct),3,2,1,3,88,9,0,0
/global/archives/7894,google,3,3,3,1,30.666666666666668,12,0,0
/global/archives/8360,google,3,3,2,1.5,61,13,0,0
/global/archives/9096,google,3,2,2,1.5,43,10,0,0
/global/archives/9548,google,3,3,3,1,21.666666666666668,12,0,0
/global/archives/9910,skenergy.com,3,1,1,3,71,12,0,0
/global/archives/MTM3ODAoMj,(direct),3,3,3,1,0,15,0,0
/global/archives/category/corporates/sk-enterm,sktradinginternational.com,3,1,1,3,23,11,0,0
/global/archives/category/insight,google,3,2,2,1.5,5.5,12,0,0
/global/archives/category/insight/trend_report,google,3,3,3,1,15,11,0,0
/global/archives/category/people/sustainability,skinnovation.com,3,3,3,1,8.666666666666666,9,0,0
/global/archives/category/press-room/issue-fact,(direct),3,3,3,1,14.666666666666666,10,0,0
/global/archives/category/press-room/press-release,eng.skearthon.com,3,3,2,1.5,28,13,0,0
/global/archives/tag/battery-plant,naver,3,1,1,3,35,14,0,0
/global/archives/tag/digital-transformation,google,3,1,1,3,18,11,0,0
/global/archives/tag/energy-company,google,3,2,2,1.5,4,11,0,0
/global/archives/tag/prismatic,google,3,4,3,1,2,13,0,0
/global/archives/tag/sk-block-427,google,3,1,1,3,7,9,0,0
/global/archives/tag/sk-energy-americas,google,3,2,2,1.5,11,14,0,0
/global/archives/tag/sk-primacor-europe,google,3,3,3,1,0.6666666666666666,11,0,0
/global/archives/tag/skba,google,3,3,3,1,8,13,0,0
/global/archives/tag/skei-singapore,google,3,2,2,1.5,5,13,0,0
/global/archives/tag/skti,yahoo,3,2,2,1.5,28,16,0,0
/global/,baidu,2,2,2,1,0,6,0,0
/global/,eng.skietechnology.com,2,2,2,1,105.5,9,0,0
/global/archives/10460,(direct),2,2,2,1,6.5,9,0,0
/global/archives/10511,google,2,3,2,1,12,11,0,0
/global/archives/10610,google,2,2,2,1,35.5,9,0,0
/global/archives/10654,google,2,2,2,1,58.5,8,0,0
/global/archives/10697,(direct),2,2,0,0,0,6,0,0
/global/archives/10835,(direct),2,2,2,1,11.5,9,0,0
/global/archives/10845,google,2,1,1,2,47,8,0,0
/global/archives/11037,skenergy.com,2,2,2,1,93.5,9,0,0
/global/archives/11400,google,2,2,1,2,7,10,0,0
/global/archives/11415,google,2,3,2,1,15,8,0,0
/global/archives/11512,sktradinginternational.com,2,2,2,1,9.5,8,0,0
/global/archives/11596,google,2,2,1,2,22,7,0,0
/global/archives/11596,skenergy.com,2,2,2,1,26,9,0,0
/global/archives/12036,(direct),2,2,2,1,0,7,0,0
/global/archives/12106,(direct),2,3,2,1,0,10,0,0
/global/archives/12190,google,2,2,2,1,29.5,9,0,0
/global/archives/12220,bing,2,3,2,1,0,9,0,0
/global/archives/12274/skee,google,2,2,2,1,2,10,0,0
/global/archives/12373,skenmove.com,2,1,1,2,26,8,0,0
/global/archives/12688,electrive.com,2,1,1,2,40,6,0,0
/global/archives/12878,google,2,2,2,1,27,10,0,0
/global/archives/12891,google,2,1,1,2,23,9,0,0
/global/archives/13327,google,2,3,1,2,10,9,0,0
/global/archives/13329,(direct),2,2,2,1,0,7,0,0
/global/archives/13521,bing,2,2,2,1,4.5,9,0,0
/global/archives/13595,(direct),2,2,2,1,188,7,0,0
/global/archives/13667,google,2,2,2,1,66,11,0,0
/global/archives/13879,google,2,2,2,1,28,10,0,0
/global/archives/1398,google,2,2,2,1,8.5,9,0,0
/global/archives/14030/06-7,lens.google.com,2,1,1,2,12,9,0,0
/global/archives/14065,google,2,2,1,2,6,8,0,0
/global/archives/14243,(direct),2,2,2,1,8,7,0,0
/global/archives/14243,google,2,3,2,1,29.5,8,0,0
/global/archives/14302,google,2,4,2,1,41,10,0,0
/global/archives/14309,chn.sk-on.com,2,1,1,2,17,7,0,0
/global/archives/14491,(direct),2,2,2,1,5.5,9,0,0
/global/archives/14962,bing,2,3,2,1,48.5,9,0,0
/global/archives/15007,google,2,3,2,1,24,12,0,0
/global/archives/15103,(direct),2,3,2,1,158,10,0,0
/global/archives/15353,google,2,2,2,1,20.5,8,0,0
/global/archives/15374,skenergy.com,2,2,2,1,28.5,11,0,0
/global/archives/15409,google,2,2,2,1,8,10,0,0
/global/archives/15490,statics.teams.cdn.office.net,2,2,2,1,11.5,9,0,0
/global/archives/15574,google,2,2,1,2,2,10,0,0
/global/archives/15592,(direct),2,1,1,2,15,9,0,0
/global/archives/15638,google,2,1,1,2,56,9,0,0
/global/archives/15687,skenmove.com,2,3,2,1,27.5,11,0,0
/global/archives/15760,google,2,1,1,2,13,9,0,0
/global/archives/15937,eng.skearthon.com,2,2,1,2,107,7,0,0
/global/archives/16025,google,2,2,2,1,30,9,0,0
/global/archives/16060,sktradinginternational.com,2,1,1,2,227,9,0,0
/global/archives/16286,(direct),2,2,2,1,0,6,0,0
/global/archives/16286,chn.sk-on.com,2,1,1,2,36,8,0,0
/global/archives/16286,google,2,2,2,1,114.5,9,0,0
/global/archives/16376,bing,2,2,2,1,94.5,11,0,0
/global/archives/16405,google,2,2,2,1,0,8,0,0
/global/archives/16613,(direct),2,2,2,1,6,8,0,0
/global/archives/16834,linkedin.com,2,3,2,1,48,8,0,0
/global/archives/17022,google,2,2,2,1,9,8,0,0
/global/archives/17144,(direct),2,1,1,2,44,8,0,0
/global/archives/17426,copilot.microsoft.com,2,4,1,2,0,12,0,0
/global/archives/17514,google,2,2,2,1,31,11,0,0
/global/archives/17623,(direct),2,2,2,1,3,8,0,0
/global/archives/17737,(direct),2,2,2,1,50,9,0,0
/global/archives/17737,linkedin.com,2,2,2,1,263.5,9,0,0
/global/archives/17950,skinnovation.com,2,1,1,2,192,8,0,0
/global/archives/17965,(direct),2,2,1,2,11,7,0,0
/global/archives/17989,(direct),2,2,1,2,219,7,0,0
/global/archives/18022,linkedin.com,2,2,1,2,1,8,0,0
/global/archives/18140,(direct),2,2,2,1,0,8,0,0
/global/archives/18208,google,2,2,2,1,10.5,6,0,0
/global/archives/18283,linkedin.com,2,2,1,2,0,7,0,0
/global/archives/18332,google,2,2,2,1,59,8,0,0
/global/archives/18374,linkedin.com,2,1,1,2,0,6,0,0
/global/archives/18421,skinnovation.com,2,3,2,1,11.5,7,0,0
/global/archives/18445,google,2,1,1,2,0,4,0,0
/global/archives/18445,linkedin.com,2,2,2,1,0,8,0,0
/global/archives/18445,skinnovation.com,2,2,2,1,11.5,10,0,0
/global/archives/18478,eng.skgeocentric.com,2,2,2,1,9,8,0,0
/global/archives/18478,linkedin.com,2,2,2,1,0,9,0,0
/global/archives/18546,cn.bing.com,2,1,1,2,56,9,0,0
/global/archives/18546,fs.jennison.com,2,1,1,2,3,8,0,0
/global/archives/18546,ibdweb.site.gs.com,2,2,2,1,18.5,9,0,0
/global/archives/2293,google,2,2,2,1,11,9,0,0
/global/archives/253,google,2,3,2,1,0,10,0,0
/global/archives/303,google,2,1,1,2,0,6,0,0
/global/archives/3123,(direct),2,2,2,1,0,8,0,0
/global/archives/3177,google,2,1,1,2,16,6,0,0
/global/archives/3464,google,2,2,2,1,1.5,8,0,0
/global/archives/3830,google,2,1,1,2,208,8,0,0
/global/archives/4218,google,2,2,2,1,27.5,10,0,0
/global/archives/4360,google,2,2,2,1,11,9,0,0
/global/archives/4518,edgeservices.bing.com,2,2,1,2,0,6,0,0
/global/archives/4585,google,2,3,2,1,6.5,7,0,0
/global/archives/507,google,2,3,2,1,13.5,11,0,0
/global/archives/5129,google,2,4,1,2,17,10,0,0
/global/archives/5609,google,2,1,1,2,18,8,0,0
/global/archives/5981,google,2,2,2,1,26,9,0,0
/global/archives/6504,(direct),2,2,1,2,104,4,0,0
/global/archives/7168,google,2,1,1,2,23,5,0,0
/global/archives/736,(direct),2,1,1,2,0,6,0,0
/global/archives/7379,skincheonpetrochem.com,2,2,1,2,12,10,0,0
/global/archives/7445,edgeservices.bing.com,2,2,1,2,0,7,0,0
/global/archives/7555,google,2,2,1,2,12,8,0,0
/global/archives/7740,ecosia.org,2,2,1,2,18,9,0,0
/global/archives/7906,google,2,2,2,1,14.5,10,0,0
/global/archives/7919,google,2,1,1,2,69,8,0,0
/global/archives/7991,google,2,2,2,1,44.5,8,0,0
/global/archives/8046,(direct),2,1,1,2,4,6,0,0
/global/archives/8105,google,2,1,1,2,35,6,0,0
/global/archives/8168,google,2,2,2,1,57,12,0,0
/global/archives/822,google,2,3,2,1,9,10,0,0
/global/archives/8310,cn.bing.com,2,1,1,2,35,5,0,0
/global/archives/8360,bing,2,1,1,2,64,8,0,0
/global/archives/8463,google,2,1,1,2,0,7,0,0
/global/archives/9310,google,2,2,2,1,7.5,9,0,0
/global/archives/9616,google,2,1,1,2,9,8,0,0
/global/archives/9682,bing,2,3,1,2,35,8,0,0
/global/archives/9740,skenergy.com,2,2,2,1,28.5,10,0,0
/global/archives/category/corporate/sk-ie-technology,eng.skietechnology.com,2,1,1,2,53,8,0,0
/global/archives/category/corporate/sk-on,skinnovation.com,2,2,1,2,10,7,0,0
/global/archives/category/corporate/sk-rading-international,app.reddintelligence.com,2,1,1,2,20,6,0,0
/global/archives/category/corporates,linkedin.com,2,2,2,1,2,8,0,0
/global/archives/category/corporates,skinnovation.com,2,2,2,1,7.5,7,0,0
/global/archives/category/corporates,sktradinginternational.com,2,1,1,2,7,8,0,0
/global/archives/category/corporates/sk-earthon,eng.skearthon.com,2,2,2,1,18.5,6,0,0
/global/archives/category/corporates/sk-enmove,skinnovation.co.kr,2,1,1,2,1,6,0,0
/global/archives/category/corporates/sk-on,bing,2,2,2,1,30.5,6,0,0
/global/archives/category/corporates/sk-on,eng.sk-on.com,2,2,2,1,13,7,0,0
/global/archives/category/corporates/sk-on,skinnovation.co.kr,2,1,1,2,8,6,0,0
/global/archives/category/insight/trend_report,(direct),2,2,2,1,11,8,0,0
/global/archives/category/insight/trend_report,linkedin.com,2,3,1,2,2,9,0,0
/global/archives/category/people,bing,2,2,2,1,13.5,7,0,0
/global/archives/category/people/inno-people,bing,2,2,2,1,3,6,0,0
/global/archives/category/people/onsite-report,google,2,2,2,1,15.5,8,0,0
/global/archives/category/people/sustainability,newsletter,2,1,1,2,19,8,0,0
/global/archives/category/press-room,bing,2,1,1,2,71,8,0,0
/global/archives/category/press-room/issue-fact,eng.skearthon.com,2,2,1,2,9,7,0,0
/global/archives/category/press-room/issue-fact,skenmove.com,2,1,1,2,8,8,0,0
/global/archives/category/press-room/press-release,bing,2,2,2,1,52,8,0,0
/global/archives/category/press-room/press-release,yahoo,2,2,1,2,32,8,0,0
/global/archives/tag/2022-esg-report,google,2,1,1,2,26,7,0,0
/global/archives/tag/autosilicon,google,2,1,1,2,7,9,0,0
/global/archives/tag/bio-aviation-fuel,google,2,1,1,2,7,8,0,0
/global/archives/tag/biodiversity,google,2,1,1,2,2,8,0,0
/global/archives/tag/f-150,google,2,1,1,2,15,9,0,0
/global/archives/tag/financial-results,google,2,1,1,2,13,8,0,0
/global/archives/tag/germany,google,2,2,2,1,8.5,11,0,0
/global/archives/tag/grc,google,2,1,1,2,11,8,0,0
/global/archives/tag/jee-dong-seob,google,2,2,2,1,4.5,8,0,0
/global/archives/tag/kentucky,google,2,3,2,1,13,10,0,0
/global/archives/tag/kolon,google,2,2,1,2,0,8,0,0
/global/archives/tag/lee-seong-jun,google,2,2,2,1,2,10,0,0
/global/archives/tag/lithium-ion-battery,google,2,3,2,1,3.5,10,0,0
/global/archives/tag/meatless-farm,google,2,2,2,1,3,10,0,0
/global/archives/tag/ncm811,google,2,2,2,1,5,11,0,0
/global/archives/tag/ncm9,google,2,2,2,1,18,11,0,0
/global/archives/tag/nmc,google,2,2,2,1,0.5,9,0,0
/global/archives/tag/poe,google,2,2,1,2,12,9,0,0
/global/archives/tag/sheco-ark,google,2,1,1,2,18,8,0,0
/global/archives/tag/sk-hi-tech-battery-materials-poland,google,2,2,2,1,1,9,0,0
/global/archives/tag/sk-on,naver,2,3,1,2,37,10,0,0
/global/archives/tag/skbmp,google,2,3,2,1,5.5,10,0,0
/global/archives/tag/skipc,google,2,2,2,1,9,8,0,0
/global/archives/tag/skoh,google,2,2,2,1,5.5,8,0,0
/global/archives/tag/sk综合化学,google,2,1,1,2,33,8,0,0
/global/archives/tag/turkey,(direct),2,2,2,1,0,9,0,0
/global/archives/tag/vietnam,google,2,2,2,1,3.5,8,0,0
/global/archives/tag/vwbe,google,2,2,2,1,11.5,11,0,0
/global/latestnews,gemini.google.com,2,1,1,2,4,9,0,0
/global/sustainability-report,bing,2,3,2,1,2.5,12,0,0
/global/terms-and-conditions,google,2,2,2,1,20,8,0,0
/global/who-we-are,google,2,3,2,1,6.5,11,0,0
/X8GiwUvq5b5SG7Y9A,(direct),1,1,1,1,0,2,0,0
/global/,home.resilinc.com,1,1,1,1,0,3,0,0
/global/,skenergy.com,1,1,1,1,14,4,0,0
/global/,skinnovation.co.kr,1,1,1,1,25,4,0,0
/global/archives/10264,google,1,1,1,1,10,5,0,0
/global/archives/10310,(direct),1,1,1,1,18,6,0,0
/global/archives/10322,google,1,1,1,1,18,5,0,0
/global/archives/1043,google,1,1,1,1,5,4,0,0
/global/archives/10460,google,1,2,1,1,2,6,0,0
/global/archives/10535,google,1,1,1,1,1,3,0,0
/global/archives/1058,google,1,1,1,1,260,5,0,0
/global/archives/10654,(direct),1,1,1,1,0,4,0,0
/global/archives/10680,google,1,2,1,1,0,5,0,0
/global/archives/10713,google,1,1,1,1,36,5,0,0
/global/archives/10767,(direct),1,2,1,1,0,6,0,0
/global/archives/10774,(direct),1,1,1,1,198,6,0,0
/global/archives/10802,google,1,1,1,1,11,4,0,0
/global/archives/10842,google,1,1,1,1,15,5,0,0
/global/archives/10872,(direct),1,1,1,1,44,3,0,0
/global/archives/10897,chn.sk-on.com,1,1,1,1,8,3,0,0
/global/archives/10897,google,1,1,1,1,36,3,0,0
/global/archives/10913,(direct),1,1,1,1,0,4,0,0
/global/archives/10985,bing,1,1,1,1,32,6,0,0
/global/archives/10985,linkedin.com,1,1,1,1,23,4,0,0
/global/archives/11082,google,1,1,1,1,13,5,0,0
/global/archives/1114,google,1,1,1,1,16,6,0,0
/global/archives/11147,google,1,1,1,1,8,5,0,0
/global/archives/11147,sktradinginternational.com,1,1,1,1,14,6,0,0
/global/archives/11180,google,1,1,1,1,53,4,0,0
/global/archives/11214,google,1,2,1,1,9,7,0,0
/global/archives/11237,(direct),1,1,1,1,0,4,0,0
/global/archives/1131,google,1,1,1,1,0,4,0,0
/global/archives/11376,google,1,1,1,1,39,3,0,0
/global/archives/11400,(direct),1,1,1,1,14,5,0,0
/global/archives/11400,skinnovation.com,1,1,1,1,38,4,0,0
/global/archives/11415,(direct),1,1,1,1,0,4,0,0
/global/archives/11429,google,1,1,1,1,1,3,0,0
/global/archives/11512,google,1,1,1,1,89,5,0,0
/global/archives/11527,(direct),1,1,1,1,11,5,0,0
/global/archives/11537,skenergy.com,1,1,1,1,238,4,0,0
/global/archives/11623,google,1,1,1,1,0,4,0,0
/global/archives/11683,google,1,1,1,1,13,3,0,0
/global/archives/1175,google,1,1,1,1,1,4,0,0
/global/archives/11756,google,1,1,1,1,103,5,0,0
/global/archives/11807,(direct),1,1,1,1,0,4,0,0
/global/archives/11807,google,1,2,1,1,0,6,0,0
/global/archives/11830,chn.sk-on.com,1,1,1,1,17,4,0,0
/global/archives/11830,google,1,1,1,1,20,4,0,0
/global/archives/11853,google,1,1,1,1,69,5,0,0
/global/archives/11955,bing,1,2,1,1,12,7,0,0
/global/archives/11980,(direct),1,1,1,1,14,5,0,0
/global/archives/11980,google,1,1,1,1,112,5,0,0
/global/archives/12022,(direct),1,1,1,1,263,5,0,0
/global/archives/12022,bing,1,1,1,1,10,5,0,0
/global/archives/12125,(direct),1,1,1,1,39,5,0,0
/global/archives/12147,lens.google.com,1,1,1,1,0,4,0,0
/global/archives/12220,(direct),1,1,1,1,51,5,0,0
/global/archives/12269,electrive.com,1,1,1,1,38,4,0,0
/global/archives/12274/skee,bing,1,1,1,1,0,4,0,0
/global/archives/12306,yahoo,1,1,1,1,18,4,0,0
/global/archives/12319,(direct),1,1,1,1,38,3,0,0
/global/archives/12373,google,1,1,1,1,25,6,0,0
/global/archives/12460,(direct),1,1,1,1,0,3,0,0
/global/archives/12603,(direct),1,1,1,1,8,4,0,0
/global/archives/12667,linkedin.com,1,1,1,1,47,4,0,0
/global/archives/12928,electrive.com,1,1,1,1,35,4,0,0
/global/archives/12950,(direct),1,1,1,1,0,3,0,0
/global/archives/12950,electrive.com,1,1,1,1,19,4,0,0
/global/archives/13018,google,1,1,1,1,0,4,0,0
/global/archives/13103,bing,1,1,1,1,26,4,0,0
/global/archives/13103,google,1,1,1,1,12,5,0,0
/global/archives/1321,google,1,1,1,1,39,4,0,0
/global/archives/13313,(direct),1,2,1,1,0,6,0,0
/global/archives/13313,google,1,2,1,1,0,4,0,0
/global/archives/13327,bing,1,1,1,1,11,4,0,0
/global/archives/13329,skenmove.com,1,1,1,1,26,4,0,0
/global/archives/13413,(direct),1,1,1,1,12,4,0,0
/global/archives/13413,google,1,1,1,1,6,5,0,0
/global/archives/13443,(direct),1,1,1,1,33,3,0,0
/global/archives/13521,cn.bing.com,1,2,1,1,0,6,0,0
/global/archives/13748,google,1,1,1,1,19,5,0,0
/global/archives/13804,cn.bing.com,1,1,1,1,72,5,0,0
/global/archives/13804,google,1,1,1,1,93,5,0,0
/global/archives/13932,news.google.com,1,1,1,1,0,3,0,0
/global/archives/13981,bing,1,1,1,1,0,3,0,0
/global/archives/1399,google,1,2,1,1,0,5,0,0
/global/archives/14004,google,1,1,1,1,4,5,0,0
/global/archives/14030,(direct),1,1,1,1,0,4,0,0
/global/archives/14030,google,1,1,1,1,90,3,0,0
/global/archives/14065,eng.skietechnology.com,1,1,1,1,22,4,0,0
/global/archives/14146,bing,1,1,1,1,83,5,0,0
/global/archives/14219,cn.bing.com,1,1,1,1,105,4,0,0
/global/archives/14219,google,1,1,1,1,34,5,0,0
/global/archives/14226,eng.skietechnology.com,1,1,1,1,14,4,0,0
/global/archives/14226,google,1,2,1,1,0,6,0,0
/global/archives/14264,cn.bing.com,1,1,1,1,30,5,0,0
/global/archives/14264,google,1,1,1,1,568,5,0,0
/global/archives/14309,google,1,1,1,1,28,4,0,0
/global/archives/14333,newsearchers.com,1,1,1,1,0,3,0,0
/global/archives/14384,eng.skearthon.com,1,1,1,1,28,4,0,0
/global/archives/14442,google,1,2,1,1,0,5,0,0
/global/archives/14442,newsletter,1,2,1,1,4,5,0,0
/global/archives/14491,fahnd.com,1,1,1,1,0,5,0,0
/global/archives/14565,google,1,1,1,1,0,3,0,0
/global/archives/14588,(direct),1,1,1,1,44,4,0,0
/global/archives/14588,google,1,1,1,1,22,4,0,0
/global/archives/14588,newsletter,1,1,1,1,21,4,0,0
/global/archives/14628,google,1,1,1,1,277,3,0,0
/global/archives/14668,(direct),1,1,1,1,0,3,0,0
/global/archives/14668,google,1,1,1,1,13,4,0,0
/global/archives/14766,(direct),1,1,1,1,390,4,0,0
/global/archives/14770,google,1,1,1,1,33,4,0,0
/global/archives/14788,fahnd.com,1,1,1,1,0,5,0,0
/global/archives/14788,google,1,1,1,1,13,5,0,0
/global/archives/15007/1969-개업한-국내-최초-현대식-주유소-서교동-청기와주유,google,1,2,1,1,4,7,0,0
/global/archives/15067,(direct),1,1,1,1,35,4,0,0
/global/archives/15067,google,1,1,1,1,13,4,0,0
/global/archives/15204,(direct),1,1,1,1,0,4,0,0
/global/archives/15204,linkedin.com,1,2,1,1,3,4,0,0
/global/archives/15259,(direct),1,1,1,1,0,3,0,0
/global/archives/15259,bing,1,2,1,1,25,5,0,0
/global/archives/15259,chn.sk-on.com,1,1,1,1,41,4,0,0
/global/archives/15317,google,1,1,1,1,23,5,0,0
/global/archives/15353,(direct),1,1,1,1,7,4,0,0
/global/archives/15353,bing,1,2,1,1,21,4,0,0
/global/archives/15374,bing,1,2,1,1,0,6,0,0
/global/archives/15462,bing,1,2,1,1,0,6,0,0
/global/archives/15497,(direct),1,1,1,1,61,4,0,0
/global/archives/15497,google,1,1,1,1,18,4,0,0
/global/archives/15574,(direct),1,1,1,1,236,4,0,0
/global/archives/15610,bing,1,1,1,1,7,5,0,0
/global/archives/15623,bing,1,1,1,1,27,6,0,0
/global/archives/15638,(direct),1,1,1,1,17,4,0,0
/global/archives/15638,eng.skietechnology.com,1,1,1,1,41,4,0,0
/global/archives/15654,google,1,1,1,1,12,5,0,0
/global/archives/15664,bing,1,1,1,1,18,4,0,0
/global/archives/15687,m.facebook.com,1,1,1,1,0,3,0,0
/global/archives/15689,(direct),1,2,1,1,0,6,0,0
/global/archives/15865,eng.skietechnology.com,1,1,1,1,17,3,0,0
/global/archives/15902,google,1,1,1,1,59,5,0,0
/global/archives/15925,(direct),1,1,1,1,0,2,0,0
/global/archives/15925,google,1,1,1,1,4,4,0,0
/global/archives/15964,google,1,2,1,1,0,5,0,0
/global/archives/15985,linkedin.com,1,2,1,1,0,6,0,0
/global/archives/16041,google,1,1,1,1,12,4,0,0
/global/archives/16154,(direct),1,1,0,0,0,3,0,0
/global/archives/16286,bing,1,1,1,1,10,4,0,0
/global/archives/16308,google,1,1,1,1,4,4,0,0
/global/archives/16334,google,1,1,1,1,0,4,0,0
/global/archives/16376,(direct),1,1,1,1,20,2,0,0
/global/archives/16448,(direct),1,1,1,1,12,4,0,0
/global/archives/16448,newsletter,1,1,1,1,15,4,0,0
/global/archives/16448,skinnovation.com,1,1,1,1,15,4,0,0
/global/archives/16448,sktradinginternational.com,1,1,1,1,0,2,0,0
/global/archives/16463,bing,1,1,1,1,38,3,0,0
/global/archives/16480,(direct),1,1,1,1,0,3,0,0
/global/archives/16480,cn.bing.com,1,2,1,1,20,6,0,0
/global/archives/16532,(direct),1,1,1,1,4,5,0,0
/global/archives/16532,eng.skearthon.com,1,1,1,1,9,4,0,0
/global/archives/16624,google,1,1,1,1,249,5,0,0
/global/archives/16787,google,1,1,1,1,0,4,0,0
/global/archives/16787,skinnovation.com,1,1,1,1,34,5,0,0
/global/archives/16810,(direct),1,1,1,1,11,4,0,0
/global/archives/16810,google,1,1,1,1,16,4,0,0
/global/archives/16834,(direct),1,1,1,1,0,4,0,0
/global/archives/16881,google,1,1,1,1,43,5,0,0
/global/archives/16925,linkedin.com,1,1,1,1,0,3,0,0
/global/archives/16952,google,1,2,0,0,0,5,0,0
/global/archives/16970,eng.skearthon.com,1,1,1,1,21,3,0,0
/global/archives/17010,(direct),1,1,1,1,7,3,0,0
/global/archives/17010,google,1,1,1,1,9,4,0,0
/global/archives/17047,(direct),1,1,1,1,0,4,0,0
/global/archives/17047/4-sk이노베이션_ces2024_sk원더랜드_sk-wonderland_판타스틱아일랜드_1,google,1,1,1,1,2,5,0,0
/global/archives/17134,google,1,1,1,1,13,5,0,0
/global/archives/17216,statics.teams.cdn.office.net,1,2,1,1,0,6,0,0
/global/archives/17292,(direct),1,1,1,1,11,4,0,0
/global/archives/17292,google,1,2,1,1,0,5,0,0
/global/archives/17313,google,1,2,1,1,0,4,0,0
/global/archives/17313,news.google.com,1,1,1,1,0,5,0,0
/global/archives/17386,google,1,2,1,1,0,6,0,0
/global/archives/17426,ecosia.org,1,2,1,1,0,4,0,0
/global/archives/1744,google,1,1,1,1,1,5,0,0
/global/archives/17446,skinnovation.com,1,1,1,1,14,4,0,0
/global/archives/17460,google,1,1,1,1,49,5,0,0
/global/archives/17514,skenergy.com,1,1,1,1,63,4,0,0
/global/archives/17514,skinnovation.com,1,1,1,1,41,4,0,0
/global/archives/17569,skenmove.com,1,1,1,1,24,4,0,0
/global/archives/17595,bing,1,1,1,1,0,2,0,0
/global/archives/17595,statics.teams.cdn.office.net,1,1,1,1,0,4,0,0
/global/archives/1768,google,1,1,1,1,8,5,0,0
/global/archives/17697,google,1,1,1,1,0,4,0,0
/global/archives/17697,linkedin.com,1,1,1,1,0,4,0,0
/global/archives/17737,electrive.com,1,1,1,1,50,4,0,0
/global/archives/17796,eng.skietechnology.com,1,1,1,1,17,4,0,0
/global/archives/17844,(direct),1,1,1,1,5,4,0,0
/global/archives/17844,google,1,1,1,1,0,4,0,0
/global/archives/17844,skinnovation.com,1,1,1,1,43,4,0,0
/global/archives/17893,google,1,1,1,1,38,5,0,0
/global/archives/17950,(direct),1,1,1,1,0,3,0,0
/global/archives/17950,linkedin.com,1,1,1,1,0,4,0,0
/global/archives/17965,bing,1,1,1,1,0,3,0,0
/global/archives/17978,(direct),1,1,1,1,5,4,0,0
/global/archives/17978,electrive.com,1,1,1,1,37,4,0,0
/global/archives/17978,google,1,1,1,1,12,6,0,0
/global/archives/17978,skinnovation.com,1,1,1,1,30,4,0,0
/global/archives/17989,facebook.com,1,1,1,1,7,5,0,0
/global/archives/17989,google,1,1,1,1,15,3,0,0
/global/archives/17989,l.facebook.com,1,1,1,1,0,4,0,0
/global/archives/17990,kimi.moonshot.cn,1,1,1,1,0,2,0,0
/global/archives/18065,ecosia.org,1,1,1,1,13,4,0,0
/global/archives/18076,lens.google.com,1,1,1,1,0,4,0,0
/global/archives/18167,yandex.ru,1,1,1,1,0,4,0,0
/global/archives/18283,bing,1,1,1,1,26,4,0,0
/global/archives/18283,pushevs.com,1,1,1,1,62,5,0,0
/global/archives/18283,stockstracker.com,1,1,1,1,46,5,0,0
/global/archives/18301,linkedin.com,1,2,1,1,15,7,0,0
/global/archives/18332,eng.sk-on.com,1,1,1,1,14,4,0,0
/global/archives/18361,bing,1,1,1,1,6,3,0,0
/global/archives/18374,(direct),1,1,1,1,9,4,0,0
/global/archives/18388,(not set),1,1,1,1,4,2,0,0
/global/archives/18388,skinnovation.com,1,1,1,1,37,5,0,0
/global/archives/18445,bing,1,1,1,1,5,3,0,0
/global/archives/18445,electrive.com,1,2,1,1,0,4,0,0
/global/archives/18445,eng.skietechnology.com,1,1,1,1,36,4,0,0
/global/archives/18478,bing,1,1,1,1,29,3,0,0
/global/archives/18478,eng.skearthon.com,1,1,1,1,8,4,0,0
/global/archives/18478,newsletter,1,1,1,1,15,5,0,0
/global/archives/18478,yahoo,1,1,1,1,8,4,0,0
/global/archives/18478/u0026ct=3Dga/u0026cd=3DCAEYAyoUMT=,(direct),1,1,1,1,0,5,0,0
/global/archives/18500,eng.skgeocentric.com,1,1,1,1,1,4,0,0
/global/archives/18500,linkedin.com,1,1,1,1,0,3,0,0
/global/archives/18546,app.contify.com,1,1,1,1,20,4,0,0
/global/archives/18546,app.reddintelligence.com,1,1,1,1,217,5,0,0
/global/archives/18546,athena.co.in,1,1,1,1,11,4,0,0
/global/archives/18546,baidu,1,1,1,1,0,3,0,0
/global/archives/18546,home.resilinc.com,1,2,1,1,0,4,0,0
/global/archives/18546,inoreader.com,1,2,1,1,53,7,0,0
/global/archives/18546,m.facebook.com,1,1,1,1,0,3,0,0
/global/archives/18546,mail.qq.com,1,3,1,1,0,8,0,0
/global/archives/18546,sktradinginternational.com,1,2,1,1,15,6,0,0
/global/archives/1960,(direct),1,1,1,1,0,4,0,0
/global/archives/2212,google,1,1,1,1,62,5,0,0
/global/archives/2490,google,1,1,1,1,78,5,0,0
/global/archives/2576,(direct),1,1,1,1,47,5,0,0
/global/archives/2635,google,1,1,1,1,3,3,0,0
/global/archives/2860,(direct),1,1,1,1,0,3,0,0
/global/archives/303,(direct),1,1,1,1,13,5,0,0
/global/archives/311,google,1,1,1,1,27,5,0,0
/global/archives/3473,google,1,2,1,1,0,6,0,0
/global/archives/3661,(direct),1,1,1,1,134,4,0,0
/global/archives/3674,google,1,2,1,1,0,6,0,0
/global/archives/3731,google,1,1,1,1,0,4,0,0
/global/archives/3830,bing,1,1,1,1,3,5,0,0
/global/archives/3922,google,1,1,1,1,0,4,0,0
/global/archives/4086,google,1,1,1,1,4,5,0,0
/global/archives/4146,google,1,2,1,1,45,4,0,0
/global/archives/4193,(direct),1,1,1,1,0,4,0,0
/global/archives/4193,google,1,1,1,1,27,5,0,0
/global/archives/4218,(direct),1,2,1,1,0,6,0,0
/global/archives/4309,kimi.moonshot.cn,1,1,1,1,121,6,0,0
/global/archives/4482,(direct),1,1,1,1,0,5,0,0
/global/archives/4482,google,1,1,1,1,0,4,0,0
/global/archives/4499,(direct),1,1,1,1,2,4,0,0
/global/archives/4499,google,1,1,1,1,104,5,0,0
/global/archives/4705,google,1,1,1,1,0,4,0,0
/global/archives/4751,(direct),1,1,1,1,0,4,0,0
/global/archives/4776,google,1,1,1,1,83,6,0,0
/global/archives/4812,google,1,1,1,1,101,5,0,0
/global/archives/4844,bing,1,1,1,1,2,5,0,0
/global/archives/4844,google,1,1,1,1,0,4,0,0
/global/archives/4844,yandex.ru,1,2,1,1,0,6,0,0
/global/archives/5040,google,1,1,1,1,152,3,0,0
/global/archives/5119,lens.google.com,1,1,1,1,15,6,0,0
/global/archives/514,yahoo,1,1,1,1,8,4,0,0
/global/archives/5310,google,1,1,1,1,40,3,0,0
/global/archives/5404,google,1,1,1,1,13,5,0,0
/global/archives/5611,cn.bing.com,1,1,1,1,3,4,0,0
/global/archives/564,(direct),1,1,1,1,0,2,0,0
/global/archives/5721,(direct),1,1,0,0,0,3,0,0
/global/archives/576,google,1,1,1,1,15,4,0,0
/global/archives/5772,lens.google.com,1,1,1,1,177,5,0,0
/global/archives/5893,bing,1,2,1,1,0,6,0,0
/global/archives/5944,google,1,1,1,1,43,6,0,0
/global/archives/6150,(direct),1,1,1,1,14,5,0,0
/global/archives/6150,skincheonpetrochem.com,1,1,1,1,44,5,0,0
/global/archives/6216,medium.com,1,1,1,1,0,3,0,0
/global/archives/6253,(direct),1,1,1,1,14,5,0,0
/global/archives/6253,google,1,1,1,1,58,6,0,0
/global/archives/6313,(direct),1,1,0,0,0,3,0,0
/global/archives/6313,marklines.com,1,2,1,1,16,6,0,0
/global/archives/6414,google,1,1,1,1,39,6,0,0
/global/archives/6436,google,1,1,1,1,1,3,0,0
/global/archives/648,google,1,2,1,1,0,6,0,0
/global/archives/6504,chn.sk-on.com,1,2,1,1,32,4,0,0
/global/archives/6504,google,1,1,1,1,20,4,0,0
/global/archives/6619,google,1,2,1,1,3,7,0,0
/global/archives/6658,google,1,2,2,0.5,59,5,0,0
/global/archives/6734,google,1,1,1,1,4,5,0,0
/global/archives/6807,skinnovation.com,1,1,1,1,23,4,0,0
/global/archives/6824,google,1,1,1,1,127,5,0,0
/global/archives/6834,google,1,2,1,1,48,6,0,0
/global/archives/6870,google,1,1,1,1,0,4,0,0
/global/archives/6971,google,1,1,1,1,17,3,0,0
/global/archives/7031,google,1,1,1,1,41,4,0,0
/global/archives/7177,google,1,1,1,1,12,4,0,0
/global/archives/7245,google,1,1,1,1,2,4,0,0
/global/archives/7292,(direct),1,1,1,1,0,4,0,0
/global/archives/7292,duckduckgo,1,1,1,1,0,4,0,0
/global/archives/7292,sktradinginternational.com,1,1,1,1,10,3,0,0
/global/archives/7319,google,1,1,1,1,49,4,0,0
/global/archives/733,(direct),1,1,1,1,132,5,0,0
/global/archives/733,google,1,1,1,1,24,6,0,0
/global/archives/736,google,1,1,1,1,34,5,0,0
/global/archives/7445,(direct),1,2,1,1,0,6,0,0
/global/archives/7445,elektrowoz-pl.cdn.ampproject.org,1,1,1,1,3,4,0,0
/global/archives/7670,google,1,1,1,1,177,5,0,0
/global/archives/7710,google,1,1,1,1,81,4,0,0
/global/archives/7740,eng.skearthon.com,1,1,1,1,269,4,0,0
/global/archives/7761,google,1,1,1,1,34,4,0,0
/global/archives/7784,google,1,1,1,1,18,6,0,0
/global/archives/7794,chn.sk-on.com,1,2,1,1,15,3,0,0
/global/archives/7794,google,1,1,1,1,25,4,0,0
/global/archives/7825,google,1,1,1,1,1,4,0,0
/global/archives/7906,bing,1,1,1,1,121,5,0,0
/global/archives/7979,(direct),1,2,1,1,0,5,0,0
/global/archives/8087,google,1,2,1,1,18,4,0,0
/global/archives/8152,google,1,1,1,1,18,5,0,0
/global/archives/8298,google,1,1,1,1,19,5,0,0
/global/archives/8327,google,1,1,1,1,35,5,0,0
/global/archives/8350,google,1,1,1,1,1,4,0,0
/global/archives/8400,google,1,1,1,1,82,6,0,0
/global/archives/8829,naver,1,1,1,1,16,3,0,0
/global/archives/9096,chn.sk-on.com,1,2,1,1,56,4,0,0
/global/archives/9096,copilot.microsoft.com,1,2,1,1,54,4,0,0
/global/archives/9129,google,1,1,1,1,13,4,0,0
/global/archives/9286,google,1,1,1,1,6,4,0,0
/global/archives/9299,google,1,1,1,1,5,5,0,0
/global/archives/9493,google,1,2,1,1,0,6,0,0
/global/archives/9493,marklines.com,1,1,1,1,37,4,0,0
/global/archives/9509,(direct),1,1,1,1,16,5,0,0
/global/archives/9509,google,1,1,1,1,80,5,0,0
/global/archives/9548,(direct),1,1,1,1,5,3,0,0
/global/archives/9616,sktradinginternational.com,1,2,1,1,20,3,0,0
/global/archives/9695,google,1,1,1,1,23,5,0,0
/global/archives/9709,(direct),1,1,1,1,21,6,0,0
/global/archives/9740,(direct),1,1,1,1,0,3,0,0
/global/archives/9951,(direct),1,1,1,1,0,4,0,0
/global/archives/9978,chn.sk-on.com,1,1,1,1,4,3,0,0
/global/archives/9978,google,1,1,1,1,19,3,0,0
/global/archives/category/ces/ces-2022-ces-2022,(direct),1,1,1,1,0,4,0,0
/global/archives/category/ces/ces-2022-ces-2022,google,1,1,1,1,5,4,0,0
/global/archives/category/ces/ces-2023,google,1,1,1,1,2,5,0,0
/global/archives/category/corporate/sk-energy,skenergy.com,1,1,1,1,0,4,0,0
/global/archives/category/corporate/sk-enmove,google,1,2,1,1,0,4,0,0
/global/archives/category/corporate/sk-enterm,cn.bing.com,1,1,1,1,0,3,0,0
/global/archives/category/corporate/sk-incheon-petrochem,google,1,1,1,1,0,4,0,0
/global/archives/category/corporate/sk-incheon-petrochem,skincheonpetrochem.com,1,1,1,1,68,6,0,0
/global/archives/category/corporate/sk-on,(direct),1,1,1,1,9,5,0,0
/global/archives/category/corporate/sk-on,bing,1,1,1,1,10,5,0,0
/global/archives/category/corporate/sk-rading-international,sktradinginternational.com,1,1,1,1,7,4,0,0
/global/archives/category/corporates,bing,1,1,1,1,7,3,0,0
/global/archives/category/corporates,electrive.com,1,1,1,1,20,4,0,0
/global/archives/category/corporates,eng.skearthon.com,1,1,1,1,15,4,0,0
/global/archives/category/corporates,skenmove.com,1,1,1,1,19,4,0,0
/global/archives/category/corporates/sk-earthon,electrive.com,1,1,1,1,10,4,0,0
/global/archives/category/corporates/sk-earthon,linkedin.com,1,1,1,1,33,4,0,0
/global/archives/category/corporates/sk-earthon,skinnovation.co.kr,1,1,1,1,4,3,0,0
/global/archives/category/corporates/sk-energy,(direct),1,1,1,1,4,4,0,0
/global/archives/category/corporates/sk-energy,electrive.com,1,1,1,1,5,4,0,0
/global/archives/category/corporates/sk-energy,skinnovation.co.kr,1,1,1,1,10,4,0,0
/global/archives/category/corporates/sk-energy,skinnovation.com,1,1,1,1,36,4,0,0
/global/archives/category/corporates/sk-enmove,eng.sk-on.com,1,1,1,1,9,4,0,0
/global/archives/category/corporates/sk-enterm,eng.sk-on.com,1,1,1,1,6,3,0,0
/global/archives/category/corporates/sk-enterm,skinnovation.co.kr,1,1,1,1,5,4,0,0
/global/archives/category/corporates/sk-geo-centric,electrive.com,1,1,1,1,23,4,0,0
/global/archives/category/corporates/sk-geo-centric,skinnovation.co.kr,1,1,1,1,0,2,0,0
/global/archives/category/corporates/sk-ie-technology,(direct),1,1,1,1,5,4,0,0
/global/archives/category/corporates/sk-ie-technology,skinnovation.co.kr,1,1,1,1,4,4,0,0
/global/archives/category/corporates/sk-incheon-petrochem,(direct),1,1,1,1,3,4,0,0
/global/archives/category/corporates/sk-incheon-petrochem,skinnovation.co.kr,1,1,1,1,5,4,0,0
/global/archives/category/corporates/sk-innovation,bing,1,1,1,1,6,4,0,0
/global/archives/category/corporates/sk-innovation,cn.bing.com,1,1,1,1,8,3,0,0
/global/archives/category/corporates/sk-innovation,linkedin.com,1,1,1,1,0,2,0,0
/global/archives/category/corporates/sk-innovation,naver,1,1,1,1,8,5,0,0
/global/archives/category/corporates/sk-on,app.reddintelligence.com,1,1,1,1,17,4,0,0
/global/archives/category/corporates/sk-on,chn.sk-on.com,1,1,1,1,0,2,0,0
/global/archives/category/corporates/sk-on,skinnovation.com,1,1,1,1,19,4,0,0
/global/archives/category/corporates/sk-rading-international,cn.bing.com,1,1,1,1,0,3,0,0
/global/archives/category/corporates/sk-rading-international,skinnovation.co.kr,1,1,1,1,4,4,0,0
/global/archives/category/insight,eng.sk-on.com,1,1,1,1,26,4,0,0
/global/archives/category/insight,skinnovation.com,1,1,1,1,16,4,0,0
/global/archives/category/insight/expert-voice,google,1,1,1,1,22,4,0,0
/global/archives/category/insight/expert-voice,linkedin.com,1,1,1,1,2,4,0,0
/global/archives/category/insight/expert-voice,skenergy.com,1,1,1,1,22,4,0,0
/global/archives/category/insight/series,google,1,1,1,1,8,3,0,0
/global/archives/category/insight/trend_report,skinnovation.com,1,1,1,1,8,4,0,0
/global/archives/category/people,skincheonpetrochem.com,1,1,1,1,4,4,0,0
/global/archives/category/people,sktradinginternational.com,1,1,1,1,0,3,0,0
/global/archives/category/people/inno-people,linkedin.com,1,1,1,1,0,2,0,0
/global/archives/category/people/inno-people,skenergy.com,1,1,1,1,74,4,0,0
/global/archives/category/people/onsite-report,eng.skearthon.com,1,1,1,1,0,3,0,0
/global/archives/category/people/onsite-report,skinnovation.com,1,1,1,1,14,4,0,0
/global/archives/category/people/sustainability,linkedin.com,1,1,1,1,29,4,0,0
/global/archives/category/press-room,sktradinginternational.com,1,2,1,1,28,4,0,0
/global/archives/category/press-room/financial-results,bing,1,2,1,1,0,5,0,0
/global/archives/category/press-room/financial-results,linkedin.com,1,1,1,1,12,4,0,0
/global/archives/category/press-room/financial-results,skinnovation.com,1,1,1,1,0,2,0,0
/global/archives/category/press-room/issue-fact,skinnovation.com,1,1,1,1,13,4,0,0
/global/archives/category/press-room/press-release,skenergy.com,1,1,1,1,0,3,0,0
/global/archives/tag/2023-q4,google,1,1,1,1,4,3,0,0
/global/archives/tag/aramid,google,1,1,1,1,4,5,0,0
/global/archives/tag/arc,google,1,1,1,1,5,5,0,0
/global/archives/tag/baas,google,1,1,1,1,4,5,0,0
/global/archives/tag/carbon-to-green,google,1,1,1,1,0,3,0,0
/global/archives/tag/ccs,google,1,1,1,1,8,5,0,0
/global/archives/tag/ces-2023,google,1,1,1,1,2,4,0,0
/global/archives/tag/china-ev-100-forum,google,1,1,1,1,10,6,0,0
/global/archives/tag/cho-kyung-mok,google,1,1,1,1,2,4,0,0
/global/archives/tag/cic,google,1,1,1,1,0,4,0,0
/global/archives/tag/dac,bing,1,1,1,1,3,5,0,0
/global/archives/tag/daejeon,google,1,1,1,1,4,4,0,0
/global/archives/tag/digital-twin,skinnovation.com,1,1,1,1,3,3,0,0
/global/archives/tag/ecopro,google,1,1,1,1,9,5,0,0
/global/archives/tag/ecopro-bm,(direct),1,1,1,1,1,4,0,0
/global/archives/tag/electric-vehicles,google,1,1,1,1,17,5,0,0
/global/archives/tag/energy-company,(direct),1,1,1,1,6,3,0,0
/global/archives/tag/ess,google,1,1,1,1,3,5,0,0
/global/archives/tag/ev,google,1,1,1,1,4,5,0,0
/global/archives/tag/ev-batteries,google,1,2,1,1,0,5,0,0
/global/archives/tag/ev-battery,google,1,1,1,1,34,5,0,0
/global/archives/tag/global-forum,google,1,1,1,1,15,6,0,0
/global/archives/tag/hungary,google,1,1,1,1,40,5,0,0
/global/archives/tag/hyundai-mobis,google,1,1,1,1,8,6,0,0
/global/archives/tag/interbattery-2023,google,1,1,1,1,9,4,0,0
/global/archives/tag/ioniq-5,google,1,1,1,1,14,4,0,0
/global/archives/tag/iot-technology,skenergy.com,1,1,1,1,9,4,0,0
/global/archives/tag/jet-fuel,google,1,1,1,1,6,5,0,0
/global/archives/tag/malaysia,google,1,1,1,1,0,3,0,0
/global/archives/tag/net-zero-oil,google,1,1,1,1,8,5,0,0
/global/archives/tag/northvolt,google,1,1,1,1,4,5,0,0
/global/archives/tag/pct,google,1,1,1,1,0,4,0,0
/global/archives/tag/prismatic,(direct),1,1,1,1,0,4,0,0
/global/archives/tag/pta,google,1,1,1,1,8,5,0,0
/global/archives/tag/pyrolysis,google,1,1,1,1,6,3,0,0
/global/archives/tag/reforestation,google,1,1,1,1,1,5,0,0
/global/archives/tag/rhee-jang-weon,google,1,1,1,1,1,5,0,0
/global/archives/tag/roadmap,google,1,2,1,1,0,4,0,0
/global/archives/tag/sabic-sk-nexlene-company,google,1,1,1,1,0,3,0,0
/global/archives/tag/seaweed,google,1,2,1,1,8,7,0,0
/global/archives/tag/separator,google,1,1,1,1,14,5,0,0
/global/archives/tag/singapore,google,1,1,1,1,0,4,0,0
/global/archives/tag/sk-battery-america,google,1,1,1,1,4,5,0,0
/global/archives/tag/sk-earthon,skenergy.com,1,1,1,1,49,4,0,0
/global/archives/tag/sk-eco-plant,google,1,1,1,1,1,5,0,0
/global/archives/tag/sk-energy,google,1,1,1,1,29,4,0,0
/global/archives/tag/sk-enmove,google,1,1,1,1,158,4,0,0
/global/archives/tag/sk-global-chemical-shanghai,google,1,1,1,1,14,5,0,0
/global/archives/tag/sk-innovation,linkedin.com,1,1,1,1,38,4,0,0
/global/archives/tag/sk-innovation,skinnovation.com,1,1,1,1,10,4,0,0
/global/archives/tag/sk-innovations-institute-of-environmental-science-technology,google,1,1,1,1,15,5,0,0
/global/archives/tag/sk-on-hungary-skoh-and-sk-battery-manufacturing,google,1,1,1,1,4,4,0,0
/global/archives/tag/sk-tank-terminal,google,1,2,1,1,0,5,0,0
/global/archives/tag/skba,(direct),1,1,1,1,0,3,0,0
/global/archives/tag/skces2023,(direct),1,1,1,1,0,4,0,0
/global/archives/tag/skeo,google,1,1,1,1,24,5,0,0
/global/archives/tag/smart-plant-solutions,google,1,1,1,1,6,4,0,0
/global/archives/tag/spinoff,google,1,1,1,1,5,5,0,0
/global/archives/tag/story-day,google,1,1,1,1,5,4,0,0
/global/archives/tag/sunwoda,google,1,1,1,1,11,5,0,0
/global/archives/tag/tesla,google,1,1,1,1,6,5,0,0
/global/archives/tag/tra-vinh,google,1,1,1,1,30,4,0,0
/global/archives/tag/ulsan,naver,1,1,1,1,5,5,0,0
/global/archives/tag/used-car,google,1,1,1,1,3,6,0,0
/global/archives/tag/vietnamese-mekong-delta,google,1,1,1,1,8,5,0,0
/global/archives/tag/vinfast,google,1,1,1,1,0,4,0,0
/global/archives/tag/yubase,(direct),1,1,1,1,10,5,0,0
/global/archives/tag/中国,bing,1,1,1,1,27,5,0,0
/global/latestnews,bing,1,1,1,1,5,4,0,0
/global/latestnews,electrive.com,1,1,1,1,27,4,0,0
/global/latestnews,eng.sk-on.com,1,1,1,1,6,4,0,0
/global/latestnews,sktradinginternational.com,1,1,1,1,26,4,0,0
/global/latestnews,yahoo,1,1,1,1,15,4,0,0
/ih6L6RaqEKST3PjM8,(direct),1,1,1,1,0,4,0,0
/global/,(not set),0,1,1,0,27,2,0,0
/global/archives/11087,bing,0,1,0,0,0,2,0,0
/global/archives/13521,(not set),0,1,1,0,5,1,0,0
/global/archives/13595,cn.bing.com,0,1,1,0,0,2,0,0
/global/archives/15664,cn.bing.com,0,1,1,0,166,1,0,0
/global/archives/16376,cn.bing.com,0,1,1,0,44,1,0,0
/global/archives/17595,chn.sk-on.com,0,1,1,0,5,1,0,0
/global/archives/17595,cn.bing.com,0,1,1,0,129,1,0,0
/global/archives/17990,cn.bing.com,0,1,1,0,0,2,0,0
/global/archives/18546,(not set),0,2,1,0,31,3,0,0
/global/archives/category/corporates/sk-on,cn.bing.com,0,1,1,0,40,1,0,0
/global/latestnews,(not set),0,3,3,0,13.333333333333334,3,0,0