# ----------------------------------------
# 보고서 CSV 내보내기
# 계정: skinno global
# 속성: skinno 글로벌 - GA4
# ----------------------------------------
# 
# 모든 사용자
# 시작일: 20240715
# 종료일: 20240721
페이지 경로 및 화면 클래스,기기 카테고리,조회수,세션수,사용자,사용자당 조회수,평균 참여 시간,이벤트 수,주요 이벤트,총 수익
/global/archives/18546,desktop,595,649,463,1.285097192224622,55.76025917926566,2666,0,0
/global/archives/18546,mobile,455,426,392,1.1607142857142858,19.900510204081634,1841,0,0
/global/,desktop,407,289,218,1.8669724770642202,22.701834862385322,1724,0,0
/global/archives/18388,mobile,150,109,80,1.875,1.225,491,0,0
/global/latestnews,desktop,132,132,94,1.4042553191489362,19.72340425531915,502,0,0
/global/archives/category/press-room/financial-results,desktop,110,53,40,2.75,23.875,425,0,0
/global/archives/category/press-room/press-release,desktop,102,92,66,1.5454545454545454,23.015151515151516,401,0,0
/global/archives/category/corporates/sk-enterm,desktop,94,61,49,1.9183673469387754,14.020408163265307,406,0,0
/global/archives/17426,desktop,91,72,50,1.82,74.72,390,0,0
/global/archives/18065,desktop,67,50,31,2.161290322580645,95.87096774193549,256,0,0
/global/archives/18283,mobile,50,45,38,1.3157894736842106,56.89473684210526,200,0,0
/global/archives/18500,desktop,49,50,42,1.1666666666666667,8.095238095238095,193,0,0
/global/archives/category/corporates/sk-innovation,desktop,49,45,38,1.2894736842105263,13.605263157894736,182,0,0
/global/archives/18478,desktop,47,42,38,1.236842105263158,11.421052631578947,178,0,0
/global/archives/18388,desktop,43,36,29,1.4827586206896552,32.96551724137931,155,0,0
/global/archives/category/corporates/sk-on,desktop,40,39,31,1.2903225806451613,23.161290322580644,153,0,0
/global/archives/category/corporates,desktop,39,28,27,1.4444444444444444,9.925925925925926,150,0,0
/global/archives/category/press-room,desktop,33,34,24,1.375,14,130,0,0
/global/,mobile,32,22,20,1.6,16.15,129,0,0
/global/archives/17216,desktop,31,38,28,1.1071428571428572,37.82142857142857,140,0,0
/global/archives/17216,mobile,30,29,23,1.3043478260869565,60,113,0,0
/global/archives/13521,desktop,29,28,24,1.2083333333333333,59,127,0,0
/global/archives/category/people/sustainability,desktop,28,17,13,2.1538461538461537,22.153846153846153,108,0,0
/global/archives/16448,desktop,25,28,20,1.25,18.45,99,0,0
/global/archives/18283,desktop,25,26,20,1.25,68.8,102,0,0
/global/archives/16834,desktop,24,25,16,1.5,42.1875,99,0,0
/global/archives/6216,desktop,24,26,20,1.2,45.55,121,0,0
/global/archives/18140,mobile,23,22,7,3.2857142857142856,0.8571428571428571,71,0,0
/global/archives/18361,desktop,23,23,21,1.0952380952380953,29.428571428571427,89,0,0
/global/archives/15374,desktop,22,22,18,1.2222222222222223,21,102,0,0
/global/archives/category/corporates/sk-on,mobile,22,19,11,2,30.545454545454547,81,0,0
/global/archives/15664,desktop,21,25,21,1,38.333333333333336,98,0,0
/global/archives/13130,desktop,19,12,9,2.111111111111111,74.55555555555556,72,0,0
/global/archives/17595,desktop,19,21,15,1.2666666666666666,19.133333333333333,73,0,0
/global/archives/9910,desktop,19,18,15,1.2666666666666666,53.46666666666667,86,0,0
/global/archives/15462,desktop,18,16,14,1.2857142857142858,55.357142857142854,80,0,0
/global/archives/18436,desktop,18,18,14,1.2857142857142858,11.642857142857142,71,0,0
/global/archives/12306,desktop,17,18,15,1.1333333333333333,21.533333333333335,77,0,0
/global/archives/16463,desktop,17,16,14,1.2142857142857142,20.785714285714285,73,0,0
/global/archives/16532,desktop,16,18,10,1.6,34.5,65,0,0
/global/archives/3820,desktop,16,14,11,1.4545454545454546,25.454545454545453,68,0,0
/global/archives/category/people,desktop,16,15,15,1.0666666666666667,10.733333333333333,60,0,0
/global/archives/16060,desktop,15,11,8,1.875,46,64,0,0
/global/archives/category/corporates/sk-energy,desktop,14,13,11,1.2727272727272727,13.272727272727273,55,0,0
/global/archives/category/corporates/sk-enmove,desktop,14,8,8,1.75,56.125,49,0,0
/global/archives/18500,mobile,13,12,11,1.1818181818181819,9.454545454545455,45,0,0
/global/archives/category/corporates/sk-rading-international,desktop,13,9,9,1.4444444444444444,13.222222222222221,52,0,0
/global/archives/category/insight,desktop,13,12,12,1.0833333333333333,18,56,0,0
/global/archives/category/insight/trend_report,desktop,13,14,8,1.625,19.5,51,0,0
/global/archives/category/press-room/press-release,mobile,13,12,11,1.1818181818181819,4.7272727272727275,52,0,0
/global/archives/15490,desktop,12,13,11,1.0909090909090908,15.363636363636363,55,0,0
/global/archives/9910,mobile,12,12,11,1.0909090909090908,47.81818181818182,55,0,0
/global/archives/category/corporates/sk-enterm,mobile,12,9,6,2,7.666666666666667,50,0,0
/global/archives/10774,desktop,11,10,9,1.2222222222222223,52.55555555555556,52,0,0
/global/archives/12022,desktop,11,12,11,1,31.09090909090909,53,0,0
/global/archives/13595,desktop,11,9,8,1.375,125.125,50,0,0
/global/archives/14491,desktop,11,9,9,1.2222222222222223,37.888888888888886,49,0,0
/global/archives/17499,mobile,11,9,6,1.8333333333333333,31,42,0,0
/global/archives/17990,desktop,11,11,9,1.2222222222222223,27.555555555555557,48,0,0
/global/archives/category/corporates/sk-earthon,desktop,11,9,8,1.375,27.125,43,0,0
/global/archives/category/corporates/sk-incheon-petrochem,desktop,11,7,5,2.2,33,41,0,0
/global/archives/category/people/ceo-leaders,desktop,11,8,4,2.75,56.25,47,0,0
/global/archives/category/people/inno-people,desktop,11,9,9,1.2222222222222223,29,42,0,0
/global/archives/category/press-room/issue-fact,desktop,11,10,9,1.2222222222222223,8.777777777777779,39,0,0
/global/archives/10835,desktop,10,10,7,1.4285714285714286,17.571428571428573,43,0,0
/global/archives/11087,desktop,10,14,10,1,37.7,52,0,0
/global/archives/18107,mobile,10,10,9,1.1111111111111112,51,45,0,0
/global/archives/18445,desktop,10,12,9,1.1111111111111112,9.333333333333334,39,0,0
/global/archives/9096,desktop,10,9,5,2,57.8,38,0,0
/global/archives/9668,desktop,10,11,10,1,16.2,41,0,0
/global/archives/category/corporates,mobile,10,9,4,2.5,16.75,29,0,0
/global/archives/category/corporates/sk-geo-centric,desktop,10,7,7,1.4285714285714286,29,38,0,0
/global/sustainability-report,desktop,10,11,8,1.25,7.75,54,0,0
/global/archives/12106,desktop,9,9,8,1.125,14.625,40,0,0
/global/archives/12190,desktop,9,5,5,1.8,26.6,31,0,0
/global/archives/14309,desktop,9,4,4,2.25,23.25,32,0,0
/global/archives/15687,mobile,9,8,7,1.2857142857142858,23.857142857142858,34,0,0
/global/archives/17356,desktop,9,10,9,1,14.666666666666666,42,0,0
/global/archives/17426,mobile,9,8,7,1.2857142857142858,24.285714285714285,36,0,0
/global/archives/category/corporate/sk-enmove,desktop,9,9,6,1.5,11.666666666666666,44,0,0
/global/archives/category/corporate/sk-incheon-petrochem,desktop,9,2,2,4.5,21.5,34,0,0
/global/archives/15687,desktop,8,9,7,1.1428571428571428,41.57142857142857,39,0,0
/global/archives/16169,desktop,8,7,6,1.3333333333333333,15,34,0,0
/global/archives/17169,desktop,8,8,8,1,18.25,38,0,0
/global/archives/17737,desktop,8,8,8,1,87.5,35,0,0
/global/archives/17965,desktop,8,8,5,1.6,6.2,29,0,0
/global/archives/18140,desktop,8,7,7,1.1428571428571428,33.57142857142857,36,0,0
/global/archives/18374,desktop,8,6,5,1.6,31,30,0,0
/global/archives/18421,desktop,8,9,7,1.1428571428571428,8,30,0,0
/global/archives/18546,tablet,8,6,6,1.3333333333333333,86.66666666666667,32,0,0
/global/archives/5129,desktop,8,9,6,1.3333333333333333,155.33333333333334,34,0,0
/global/archives/9709,desktop,8,6,5,1.6,13.2,31,0,0
/global/archives/category/people/onsite-report,desktop,8,6,6,1.3333333333333333,18.666666666666668,31,0,0
/global/archives/13780,desktop,7,6,6,1.1666666666666667,38.666666666666664,31,0,0
/global/archives/16286,desktop,7,6,6,1.1666666666666667,45.833333333333336,27,0,0
/global/archives/16376,desktop,7,10,7,1,51.285714285714285,34,0,0
/global/archives/17313,mobile,7,6,4,1.75,3.75,25,0,0
/global/archives/17499,desktop,7,9,7,1,21.714285714285715,37,0,0
/global/archives/4844,desktop,7,8,7,1,5.571428571428571,32,0,0
/global/archives/564,desktop,7,7,5,1.4,57.6,30,0,0
/global/archives/7445,desktop,7,8,5,1.4,7,30,0,0
/global/archives/9740,desktop,7,7,6,1.1666666666666667,17.166666666666668,33,0,0
/global/archives/10913,desktop,6,6,6,1,42.833333333333336,28,0,0
/global/archives/11161,desktop,6,6,4,1.5,41.75,31,0,0
/global/archives/12667,desktop,6,5,5,1.2,37.8,26,0,0
/global/archives/12950,desktop,6,6,6,1,6.333333333333333,21,0,0
/global/archives/13329,desktop,6,6,6,1,15.833333333333334,27,0,0
/global/archives/13329,mobile,6,5,4,1.5,42.25,24,0,0
/global/archives/14193,desktop,6,6,4,1.5,230.75,26,0,0
/global/archives/14766,desktop,6,7,5,1.2,110.4,29,0,0
/global/archives/15259,desktop,6,7,6,1,17.333333333333332,25,0,0
/global/archives/15592,desktop,6,3,3,2,18.666666666666668,24,0,0
/global/archives/15664,mobile,6,6,4,1.5,0.75,19,0,0
/global/archives/15937,desktop,6,8,5,1.2,27.2,30,0,0
/global/archives/16480,desktop,6,7,5,1.2,5.8,24,0,0
/global/archives/16493,desktop,6,6,5,1.2,16.4,25,0,0
/global/archives/17313,desktop,6,8,6,1,24.833333333333332,23,0,0
/global/archives/17446,desktop,6,8,6,1,19.166666666666668,31,0,0
/global/archives/17950,desktop,6,5,5,1.2,43.2,24,0,0
/global/archives/18022,desktop,6,6,5,1.2,13.8,26,0,0
/global/archives/18388,tablet,6,6,6,1,0,23,0,0
/global/archives/18445,mobile,6,5,5,1.2,33.2,21,0,0
/global/archives/4612,desktop,6,5,5,1.2,51,24,0,0
/global/archives/8972,mobile,6,3,2,3,132,24,0,0
/global/archives/category/corporates/sk-ie-technology,mobile,6,1,1,6,31,23,0,0
/global/archives/category/corporates/sk-innovation,mobile,6,6,6,1,13.166666666666666,20,0,0
/global/archives/tag/2023-sk-global-forum,desktop,6,4,4,1.5,5.75,27,0,0
/global/archives/tag/financial-results,desktop,6,2,2,3,36,21,0,0
/global/archives/tag/skti,desktop,6,4,4,1.5,11.75,29,0,0
/global/latestnews,mobile,6,6,5,1.2,18.4,26,0,0
/global/archives/10985,desktop,5,4,4,1.25,43,24,0,0
/global/archives/12008,desktop,5,4,4,1.25,11.25,25,0,0
/global/archives/12036,desktop,5,4,4,1.25,16.25,20,0,0
/global/archives/12269,desktop,5,6,5,1,37.8,22,0,0
/global/archives/14442,desktop,5,7,4,1.25,26,21,0,0
/global/archives/14688,mobile,5,2,1,5,0,13,0,0
/global/archives/15103,desktop,5,5,4,1.25,85.5,20,0,0
/global/archives/15937,mobile,5,5,2,2.5,0,16,0,0
/global/archives/16834,mobile,5,5,5,1,20.6,23,0,0
/global/archives/16970,desktop,5,4,4,1.25,20.75,19,0,0
/global/archives/17169,mobile,5,4,4,1.25,21.5,23,0,0
/global/archives/17569,desktop,5,7,5,1,14.8,24,0,0
/global/archives/17569,mobile,5,5,5,1,24.4,23,0,0
/global/archives/18208,desktop,5,6,5,1,4.2,17,0,0
/global/archives/18478,mobile,5,5,5,1,0,20,0,0
/global/archives/1960,desktop,5,5,4,1.25,41.5,24,0,0
/global/archives/3962,desktop,5,5,5,1,61.8,24,0,0
/global/archives/4518,desktop,5,5,4,1.25,14.75,21,0,0
/global/archives/4921,mobile,5,5,5,1,35.4,24,0,0
/global/archives/6150,desktop,5,5,4,1.25,56.25,21,0,0
/global/archives/7245,desktop,5,5,5,1,1.6,20,0,0
/global/archives/7794,desktop,5,5,3,1.6666666666666667,42.666666666666664,16,0,0
/global/archives/8360,desktop,5,4,3,1.6666666666666667,62,21,0,0
/global/archives/tag/2023-q4,desktop,5,3,3,1.6666666666666667,12.666666666666666,18,0,0
/global/archives/tag/pouch-type-battery,desktop,5,3,3,1.6666666666666667,7.666666666666667,21,0,0
/global/archives/tag/sk-on,desktop,5,5,3,1.6666666666666667,20.333333333333332,25,0,0
/global/archives/tag/sko,desktop,5,5,5,1,29.6,25,0,0
/global/archives/11400,desktop,4,4,3,1.3333333333333333,19.666666666666668,19,0,0
/global/archives/11527,desktop,4,4,4,1,5.25,19,0,0
/global/archives/11596,desktop,4,4,3,1.3333333333333333,24.666666666666668,16,0,0
/global/archives/12147,desktop,4,4,4,1,29.75,16,0,0
/global/archives/14243,desktop,4,5,4,1,18.75,15,0,0
/global/archives/14491,mobile,4,4,4,1,10.75,18,0,0
/global/archives/14634,mobile,4,3,2,2,0,13,0,0
/global/archives/14962,desktop,4,5,4,1,28,18,0,0
/global/archives/15353,desktop,4,5,4,1,17.25,16,0,0
/global/archives/15610,desktop,4,4,4,1,9.5,17,0,0
/global/archives/15638,desktop,4,3,3,1.3333333333333333,38,17,0,0
/global/archives/16613,desktop,4,4,3,1.3333333333333333,7.333333333333333,16,0,0
/global/archives/17047,desktop,4,4,4,1,53.5,20,0,0
/global/archives/17623,mobile,4,4,4,1,48,17,0,0
/global/archives/17978,desktop,4,4,4,1,21,18,0,0
/global/archives/17989,desktop,4,4,3,1.3333333333333333,80.33333333333333,15,0,0
/global/archives/17990,mobile,4,3,2,2,13,14,0,0
/global/archives/17990,tablet,4,4,1,4,25,14,0,0
/global/archives/18107,desktop,4,3,2,2,310.5,18,0,0
/global/archives/18301,mobile,4,4,4,1,34.5,19,0,0
/global/archives/18332,desktop,4,4,4,1,52.5,17,0,0
/global/archives/3005,desktop,4,1,1,4,282,15,0,0
/global/archives/3709,desktop,4,4,2,2,32,17,0,0
/global/archives/4751,desktop,4,4,4,1,22.75,16,0,0
/global/archives/5310,desktop,4,3,2,2,53,11,0,0
/global/archives/5892,desktop,4,4,4,1,39.5,19,0,0
/global/archives/6462,desktop,4,1,1,4,30,16,0,0
/global/archives/6504,desktop,4,5,3,1.3333333333333333,52,12,0,0
/global/archives/6710,desktop,4,2,2,2,60.5,16,0,0
/global/archives/8067,desktop,4,3,3,1.3333333333333333,29.333333333333332,18,0,0
/global/archives/category/corporate/sk-on,desktop,4,4,3,1.3333333333333333,9.666666666666666,17,0,0
/global/archives/category/corporates/sk-ie-technology,desktop,4,4,4,1,6.75,16,0,0
/global/archives/category/people,mobile,4,2,1,4,29,13,0,0
/global/archives/tag/2024-q1,desktop,4,3,3,1.3333333333333333,4,15,0,0
/global/archives/tag/energy-company,desktop,4,3,3,1.3333333333333333,4.666666666666667,14,0,0
/global/archives/tag/green-bonds,desktop,4,3,3,1.3333333333333333,12.666666666666666,20,0,0
/global/archives/tag/pop-up-store,mobile,4,1,1,4,21,17,0,0
/global/archives/tag/prismatic,desktop,4,5,4,1,1.5,17,0,0
/global/archives/tag/skti,mobile,4,4,3,1.3333333333333333,15.333333333333334,20,0,0
/global/archives/tag/solid-power,desktop,4,2,2,2,58.5,19,0,0
/global/archives/10133,desktop,3,3,2,1.5,47,17,0,0
/global/archives/10460,desktop,3,4,3,1,5,15,0,0
/global/archives/10767,desktop,3,4,3,1,28.666666666666668,14,0,0
/global/archives/11415,desktop,3,4,3,1,10,12,0,0
/global/archives/12022,mobile,3,3,2,1.5,29.5,14,0,0
/global/archives/12072,desktop,3,2,2,1.5,22.5,14,0,0
/global/archives/12220,desktop,3,4,3,1,17,14,0,0
/global/archives/12274/skee,desktop,3,3,3,1,1.3333333333333333,14,0,0
/global/archives/12373,desktop,3,2,2,1.5,25.5,14,0,0
/global/archives/12667,mobile,3,2,2,1.5,184.5,14,0,0
/global/archives/13327,desktop,3,4,2,1.5,10.5,13,0,0
/global/archives/13521,mobile,3,5,4,0.75,1.25,15,0,0
/global/archives/13669,mobile,3,2,1,3,332,10,0,0
/global/archives/14065,desktop,3,3,2,1.5,14,12,0,0
/global/archives/14415,desktop,3,3,3,1,12,12,0,0
/global/archives/14588,desktop,3,3,3,1,29,12,0,0
/global/archives/14755,desktop,3,3,3,1,8.666666666666666,12,0,0
/global/archives/1493,desktop,3,3,2,1.5,31,13,0,0
/global/archives/15204,desktop,3,3,2,1.5,3.5,10,0,0
/global/archives/15574,desktop,3,3,2,1.5,119,14,0,0
/global/archives/15689,desktop,3,4,3,1,5,15,0,0
/global/archives/15840,desktop,3,2,2,1.5,29,14,0,0
/global/archives/16154,mobile,3,3,0,0,0,9,0,0
/global/archives/16463,mobile,3,3,3,1,12.666666666666666,14,0,0
/global/archives/16583,desktop,3,2,1,3,320,13,0,0
/global/archives/16939,desktop,3,3,3,1,36.333333333333336,14,0,0
/global/archives/17356,mobile,3,3,3,1,7.333333333333333,13,0,0
/global/archives/17476,desktop,3,4,3,1,40.666666666666664,16,0,0
/global/archives/17514,desktop,3,3,3,1,40.333333333333336,14,0,0
/global/archives/17595,mobile,3,2,2,1.5,1.5,10,0,0
/global/archives/17796,desktop,3,3,3,1,8.666666666666666,12,0,0
/global/archives/17817,desktop,3,3,1,3,2,10,0,0
/global/archives/17844,desktop,3,3,3,1,16,12,0,0
/global/archives/17863,desktop,3,3,3,1,257.6666666666667,12,0,0
/global/archives/18022,mobile,3,3,2,1.5,55.5,16,0,0
/global/archives/2329,desktop,3,3,3,1,65,12,0,0
/global/archives/303,desktop,3,2,2,1.5,6.5,11,0,0
/global/archives/3393,desktop,3,2,2,1.5,57,14,0,0
/global/archives/4218,desktop,3,4,3,1,18.333333333333332,16,0,0
/global/archives/4308,desktop,3,3,3,1,13.666666666666666,15,0,0
/global/archives/4921,desktop,3,3,2,1.5,10.5,14,0,0
/global/archives/5772,desktop,3,3,3,1,64.33333333333333,15,0,0
/global/archives/6216,mobile,3,3,3,1,3.3333333333333335,13,0,0
/global/archives/6824,desktop,3,4,2,1.5,29.5,8,0,0
/global/archives/7292,desktop,3,3,3,1,3.3333333333333335,11,0,0
/global/archives/736,desktop,3,2,2,1.5,17,11,0,0
/global/archives/7476,desktop,3,3,3,1,29.666666666666668,15,0,0
/global/archives/7740,desktop,3,3,2,1.5,143.5,13,0,0
/global/archives/7894,desktop,3,3,3,1,30.666666666666668,12,0,0
/global/archives/7906,desktop,3,3,3,1,50,15,0,0
/global/archives/7961,mobile,3,3,1,3,21,12,0,0
/global/archives/9548,desktop,3,3,3,1,20.333333333333332,12,0,0
/global/archives/9616,desktop,3,3,2,1.5,14.5,11,0,0
/global/archives/MTM3ODAoMj,desktop,3,3,3,1,0,15,0,0
/global/archives/category/corporates/sk-energy,mobile,3,1,1,3,65,11,0,0
/global/archives/category/insight/expert-voice,desktop,3,3,3,1,15.333333333333334,12,0,0
/global/archives/tag/battery-plant,desktop,3,1,1,3,35,14,0,0
/global/archives/tag/digital-transformation,desktop,3,1,1,3,18,11,0,0
/global/archives/tag/pbat,desktop,3,4,4,0.75,6.75,14,0,0
/global/archives/tag/sk-block-427,desktop,3,1,1,3,7,9,0,0
/global/archives/tag/sk-energy-americas,desktop,3,2,2,1.5,11,14,0,0
/global/archives/tag/sk-gc-americas,desktop,3,3,3,1,14.333333333333334,14,0,0
/global/archives/10511,desktop,2,3,2,1,12,11,0,0
/global/archives/10610,desktop,2,2,2,1,35.5,9,0,0
/global/archives/10654,desktop,2,2,2,1,58.5,8,0,0
/global/archives/10697,mobile,2,2,0,0,0,6,0,0
/global/archives/10845,desktop,2,1,1,2,47,8,0,0
/global/archives/10897,desktop,2,2,2,1,22,6,0,0
/global/archives/10939,mobile,2,2,2,1,46,9,0,0
/global/archives/11004,mobile,2,1,1,2,49,8,0,0
/global/archives/11037,desktop,2,2,2,1,93.5,9,0,0
/global/archives/11147,desktop,2,2,2,1,11,11,0,0
/global/archives/11512,desktop,2,2,2,1,9.5,8,0,0
/global/archives/11807,desktop,2,3,2,1,0,10,0,0
/global/archives/11830,desktop,2,2,2,1,18.5,8,0,0
/global/archives/11980,desktop,2,2,2,1,63,10,0,0
/global/archives/12147,mobile,2,2,2,1,17,10,0,0
/global/archives/12688,mobile,2,1,1,2,40,6,0,0
/global/archives/12878,desktop,2,2,2,1,27,10,0,0
/global/archives/12891,desktop,2,1,1,2,23,9,0,0
/global/archives/13103,desktop,2,2,2,1,19,9,0,0
/global/archives/13211,mobile,2,2,2,1,4.5,9,0,0
/global/archives/13313,desktop,2,4,2,1,0,10,0,0
/global/archives/1398,mobile,2,2,2,1,8.5,9,0,0
/global/archives/14030,desktop,2,2,2,1,45,7,0,0
/global/archives/14030/06-7,desktop,2,1,1,2,12,9,0,0
/global/archives/14219,desktop,2,2,2,1,69.5,9,0,0
/global/archives/14226,desktop,2,3,2,1,7,10,0,0
/global/archives/14264,desktop,2,2,2,1,299,10,0,0
/global/archives/14302,desktop,2,4,2,1,41,10,0,0
/global/archives/14354,desktop,2,2,2,1,11,11,0,0
/global/archives/14634,desktop,2,2,2,1,96.5,10,0,0
/global/archives/14668,desktop,2,2,2,1,6.5,7,0,0
/global/archives/1493,mobile,2,2,1,2,0,6,0,0
/global/archives/15007,desktop,2,3,2,1,24,12,0,0
/global/archives/15067,desktop,2,2,2,1,24,8,0,0
/global/archives/15103,mobile,2,2,2,1,0,8,0,0
/global/archives/15204,mobile,2,2,1,2,0,7,0,0
/global/archives/15409,desktop,2,2,2,1,8,10,0,0
/global/archives/15462,mobile,2,2,2,1,0,8,0,0
/global/archives/15490,mobile,2,2,2,1,72.5,9,0,0
/global/archives/15497,desktop,2,2,2,1,39.5,8,0,0
/global/archives/15689,mobile,2,1,1,2,46,6,0,0
/global/archives/15760,desktop,2,1,1,2,13,9,0,0
/global/archives/15865,desktop,2,2,2,1,49,7,0,0
/global/archives/15865,mobile,2,2,2,1,41,9,0,0
/global/archives/15925,desktop,2,2,2,1,2,6,0,0
/global/archives/16025,desktop,2,2,2,1,30,9,0,0
/global/archives/16376,mobile,2,2,1,2,102,8,0,0
/global/archives/16405,mobile,2,2,2,1,0,8,0,0
/global/archives/16448,mobile,2,3,2,1,14,9,0,0
/global/archives/16532,mobile,2,2,1,2,44,8,0,0
/global/archives/16719,desktop,2,2,1,2,2,7,0,0
/global/archives/16810,desktop,2,2,2,1,13.5,8,0,0
/global/archives/17010,desktop,2,2,2,1,8,7,0,0
/global/archives/17022,desktop,2,2,2,1,9,8,0,0
/global/archives/17144,desktop,2,1,1,2,44,8,0,0
/global/archives/17292,desktop,2,3,2,1,5.5,9,0,0
/global/archives/17623,desktop,2,3,2,1,7.5,12,0,0
/global/archives/17697,mobile,2,2,2,1,0,8,0,0
/global/archives/18065,mobile,2,2,2,1,0,8,0,0
/global/archives/18332,mobile,2,2,2,1,0.5,7,0,0
/global/archives/18361,mobile,2,2,2,1,29.5,9,0,0
/global/archives/18374,mobile,2,1,1,2,0,6,0,0
/global/archives/18436,mobile,2,2,2,1,5.5,8,0,0
/global/archives/18478,tablet,2,1,1,2,43,6,0,0
/global/archives/3123,desktop,2,2,2,1,0,8,0,0
/global/archives/3177,mobile,2,1,1,2,16,6,0,0
/global/archives/3830,desktop,2,1,1,2,208,8,0,0
/global/archives/4193,desktop,2,2,2,1,13.5,9,0,0
/global/archives/4360,desktop,2,2,2,1,11,9,0,0
/global/archives/4585,desktop,2,3,2,1,6.5,7,0,0
/global/archives/489,mobile,2,2,2,1,75,10,0,0
/global/archives/507,desktop,2,3,2,1,13.5,11,0,0
/global/archives/5609,mobile,2,1,1,2,18,8,0,0
/global/archives/5981,desktop,2,2,2,1,26,9,0,0
/global/archives/6313,desktop,2,3,1,2,16,9,0,0
/global/archives/6343,desktop,2,2,1,2,38,8,0,0
/global/archives/6343,mobile,2,2,2,1,20,10,0,0
/global/archives/6377,mobile,2,2,2,1,0,8,0,0
/global/archives/7168,desktop,2,1,1,2,23,5,0,0
/global/archives/733,mobile,2,2,2,1,78,11,0,0
/global/archives/7379,desktop,2,2,1,2,12,10,0,0
/global/archives/7555,desktop,2,2,1,2,12,8,0,0
/global/archives/7919,desktop,2,1,1,2,69,8,0,0
/global/archives/7961,desktop,2,1,1,2,49,10,0,0
/global/archives/7991,desktop,2,2,2,1,44.5,8,0,0
/global/archives/8046,desktop,2,1,1,2,4,6,0,0
/global/archives/8105,mobile,2,1,1,2,35,6,0,0
/global/archives/8168,desktop,2,2,2,1,57,12,0,0
/global/archives/8310,desktop,2,1,1,2,35,5,0,0
/global/archives/8463,desktop,2,1,1,2,0,7,0,0
/global/archives/9310,desktop,2,2,2,1,7.5,9,0,0
/global/archives/9493,desktop,2,3,2,1,18.5,10,0,0
/global/archives/9509,desktop,2,2,2,1,48,10,0,0
/global/archives/9668,mobile,2,1,1,2,52,9,0,0
/global/archives/9682,desktop,2,3,1,2,35,8,0,0
/global/archives/9978,desktop,2,2,2,1,11.5,6,0,0
/global/archives/category/ces/ces-2022-ces-2022,desktop,2,2,2,1,2.5,8,0,0
/global/archives/category/corporate/sk-ie-technology,desktop,2,1,1,2,53,8,0,0
/global/archives/category/corporate/sk-rading-international,mobile,2,1,1,2,20,6,0,0
/global/archives/category/insight,mobile,2,2,2,1,0,4,0,0
/global/archives/tag/2022-esg-report,desktop,2,1,1,2,26,7,0,0
/global/archives/tag/autosilicon,desktop,2,1,1,2,7,9,0,0
/global/archives/tag/bio-aviation-fuel,desktop,2,1,1,2,7,8,0,0
/global/archives/tag/biodiversity,desktop,2,1,1,2,2,8,0,0
/global/archives/tag/f-150,desktop,2,1,1,2,15,9,0,0
/global/archives/tag/germany,desktop,2,2,2,1,8.5,11,0,0
/global/archives/tag/grc,desktop,2,1,1,2,11,8,0,0
/global/archives/tag/kolon,desktop,2,2,1,2,0,8,0,0
/global/archives/tag/lithium-ion-battery,desktop,2,3,2,1,3.5,10,0,0
/global/archives/tag/meatless-farm,desktop,2,2,2,1,3,10,0,0
/global/archives/tag/ncm811,desktop,2,2,2,1,5,11,0,0
/global/archives/tag/nmc,desktop,2,2,2,1,0.5,9,0,0
/global/archives/tag/poe,desktop,2,2,1,2,12,9,0,0
/global/archives/tag/sheco-ark,desktop,2,1,1,2,18,8,0,0
/global/archives/tag/sk-global-forum,desktop,2,2,2,1,7.5,9,0,0
/global/archives/tag/sk-global-forum,mobile,2,2,2,1,4.5,9,0,0
/global/archives/tag/sk-hi-tech-battery-materials-poland,desktop,2,2,2,1,1,9,0,0
/global/archives/tag/sk-innovation,desktop,2,2,2,1,24,8,0,0
/global/archives/tag/sk-primacor-europe,desktop,2,2,2,1,1,8,0,0
/global/archives/tag/skba,desktop,2,2,2,1,12,9,0,0
/global/archives/tag/skba,mobile,2,2,2,1,0,7,0,0
/global/archives/tag/skbmp,desktop,2,3,2,1,5.5,10,0,0
/global/archives/tag/skei-singapore,mobile,2,1,1,2,6,7,0,0
/global/archives/tag/sk综合化学,mobile,2,1,1,2,33,8,0,0
/global/archives/tag/turkey,mobile,2,2,2,1,0,9,0,0
/global/archives/tag/vietnam,mobile,2,2,2,1,3.5,8,0,0
/global/terms-and-conditions,desktop,2,2,2,1,20,8,0,0
/global/who-we-are,desktop,2,3,2,1,6.5,11,0,0
/X8GiwUvq5b5SG7Y9A,mobile,1,1,1,1,0,2,0,0
/global/,tablet,1,1,1,1,3,5,0,0
/global/archives/10264,desktop,1,1,1,1,10,5,0,0
/global/archives/10310,mobile,1,1,1,1,18,6,0,0
/global/archives/10322,desktop,1,1,1,1,18,5,0,0
/global/archives/1043,mobile,1,1,1,1,5,4,0,0
/global/archives/10535,desktop,1,1,1,1,1,3,0,0
/global/archives/1058,desktop,1,1,1,1,260,5,0,0
/global/archives/10654,mobile,1,1,1,1,0,4,0,0
/global/archives/10680,desktop,1,2,1,1,0,5,0,0
/global/archives/10713,desktop,1,1,1,1,36,5,0,0
/global/archives/10767,mobile,1,2,1,1,0,6,0,0
/global/archives/10774,mobile,1,1,1,1,49,5,0,0
/global/archives/10774,tablet,1,1,1,1,0,4,0,0
/global/archives/10802,desktop,1,1,1,1,11,4,0,0
/global/archives/10842,desktop,1,1,1,1,15,5,0,0
/global/archives/10872,desktop,1,1,1,1,44,3,0,0
/global/archives/10939,desktop,1,1,1,1,12,4,0,0
/global/archives/10985,mobile,1,1,1,1,1,3,0,0
/global/archives/11004,desktop,1,1,1,1,0,4,0,0
/global/archives/11082,desktop,1,1,1,1,13,5,0,0
/global/archives/1114,desktop,1,1,1,1,16,6,0,0
/global/archives/11161,mobile,1,1,1,1,0,4,0,0
/global/archives/11180,desktop,1,1,1,1,53,4,0,0
/global/archives/11214,desktop,1,2,1,1,9,7,0,0
/global/archives/11237,desktop,1,1,1,1,0,4,0,0
/global/archives/1131,mobile,1,1,1,1,0,4,0,0
/global/archives/11376,desktop,1,1,1,1,39,3,0,0
/global/archives/11429,desktop,1,1,1,1,1,3,0,0
/global/archives/11512,mobile,1,1,1,1,89,5,0,0
/global/archives/11537,desktop,1,1,1,1,238,4,0,0
/global/archives/11623,desktop,1,1,1,1,0,4,0,0
/global/archives/11683,desktop,1,1,1,1,13,3,0,0
/global/archives/1175,desktop,1,1,1,1,1,4,0,0
/global/archives/11756,desktop,1,1,1,1,103,5,0,0
/global/archives/11853,desktop,1,1,1,1,69,5,0,0
/global/archives/11955,desktop,1,2,1,1,12,7,0,0
/global/archives/12125,desktop,1,1,1,1,39,5,0,0
/global/archives/12319,desktop,1,1,1,1,38,3,0,0
/global/archives/12460,desktop,1,1,1,1,0,3,0,0
/global/archives/12603,desktop,1,1,1,1,8,4,0,0
/global/archives/12928,desktop,1,1,1,1,35,4,0,0
/global/archives/13018,desktop,1,1,1,1,0,4,0,0
/global/archives/1321,mobile,1,1,1,1,39,4,0,0
/global/archives/13211,desktop,1,1,1,1,27,5,0,0
/global/archives/13413,desktop,1,1,1,1,12,4,0,0
/global/archives/13413,mobile,1,1,1,1,6,5,0,0
/global/archives/13443,desktop,1,1,1,1,33,3,0,0
/global/archives/13595,mobile,1,1,1,1,168,5,0,0
/global/archives/13667,desktop,1,1,1,1,4,5,0,0
/global/archives/13667,tablet,1,1,1,1,128,6,0,0
/global/archives/13748,desktop,1,1,1,1,19,5,0,0
/global/archives/13804,desktop,1,1,1,1,72,5,0,0
/global/archives/13804,mobile,1,1,1,1,93,5,0,0
/global/archives/13879,desktop,1,1,1,1,18,5,0,0
/global/archives/13879,mobile,1,1,1,1,38,5,0,0
/global/archives/13932,desktop,1,1,1,1,0,3,0,0
/global/archives/13981,mobile,1,1,1,1,0,3,0,0
/global/archives/1399,desktop,1,2,1,1,0,5,0,0
/global/archives/14004,mobile,1,1,1,1,4,5,0,0
/global/archives/14146,desktop,1,1,1,1,83,5,0,0
/global/archives/14193,mobile,1,1,1,1,0,4,0,0
/global/archives/14333,mobile,1,1,1,1,0,3,0,0
/global/archives/14354,mobile,1,1,1,1,15,4,0,0
/global/archives/14384,desktop,1,1,1,1,28,4,0,0
/global/archives/14565,desktop,1,1,1,1,0,3,0,0
/global/archives/14628,desktop,1,1,1,1,277,3,0,0
/global/archives/14770,desktop,1,1,1,1,33,4,0,0
/global/archives/14788,desktop,1,1,1,1,13,5,0,0
/global/archives/14788,smart tv,1,1,1,1,0,5,0,0
/global/archives/14962,mobile,1,1,1,1,90,5,0,0
/global/archives/15007/1969-개업한-국내-최초-현대식-주유소-서교동-청기와주유,mobile,1,2,1,1,4,7,0,0
/global/archives/15259,mobile,1,1,1,1,0,3,0,0
/global/archives/15317,desktop,1,1,1,1,23,5,0,0
/global/archives/15374,mobile,1,2,1,1,0,6,0,0
/global/archives/15623,desktop,1,1,1,1,27,6,0,0
/global/archives/15654,mobile,1,1,1,1,12,5,0,0
/global/archives/15902,desktop,1,1,1,1,59,5,0,0
/global/archives/15964,desktop,1,2,1,1,0,5,0,0
/global/archives/15985,desktop,1,2,1,1,0,6,0,0
/global/archives/16041,desktop,1,1,1,1,12,4,0,0
/global/archives/16154,desktop,1,1,1,1,63,4,0,0
/global/archives/16308,desktop,1,1,1,1,4,4,0,0
/global/archives/16334,desktop,1,1,1,1,0,4,0,0
/global/archives/16613,mobile,1,1,0,0,0,3,0,0
/global/archives/16624,desktop,1,1,1,1,249,5,0,0
/global/archives/16719,mobile,1,1,1,1,2,3,0,0
/global/archives/16787,desktop,1,1,1,1,34,5,0,0
/global/archives/16787,mobile,1,1,1,1,0,4,0,0
/global/archives/16881,desktop,1,1,1,1,43,5,0,0
/global/archives/16925,desktop,1,1,1,1,0,3,0,0
/global/archives/16952,desktop,1,2,0,0,0,5,0,0
/global/archives/17047/4-sk이노베이션_ces2024_sk원더랜드_sk-wonderland_판타스틱아일랜드_1,desktop,1,1,1,1,2,5,0,0
/global/archives/17134,desktop,1,1,1,1,13,5,0,0
/global/archives/17386,mobile,1,2,1,1,0,6,0,0
/global/archives/1744,mobile,1,1,1,1,1,5,0,0
/global/archives/17460,mobile,1,1,1,1,49,5,0,0
/global/archives/17514,mobile,1,1,1,1,45,5,0,0
/global/archives/1768,desktop,1,1,1,1,8,5,0,0
/global/archives/17796,mobile,1,1,1,1,66,4,0,0
/global/archives/17817,mobile,1,1,0,0,0,3,0,0
/global/archives/17893,desktop,1,1,1,1,38,5,0,0
/global/archives/17950,mobile,1,1,1,1,65,3,0,0
/global/archives/17965,mobile,1,1,1,1,0,4,0,0
/global/archives/17989,mobile,1,1,1,1,0,4,0,0
/global/archives/18076,desktop,1,1,1,1,0,4,0,0
/global/archives/18167,mobile,1,1,1,1,0,4,0,0
/global/archives/18283,tablet,1,1,0,0,0,2,0,0
/global/archives/18301,desktop,1,2,1,1,15,7,0,0
/global/archives/18421,mobile,1,1,1,1,81,5,0,0
/global/archives/18478/u0026ct=3Dga/u0026cd=3DCAEYAyoUMT=,desktop,1,1,1,1,0,5,0,0
/global/archives/2212,desktop,1,1,1,1,62,5,0,0
/global/archives/2293,desktop,1,1,1,1,22,5,0,0
/global/archives/2293,mobile,1,1,1,1,0,4,0,0
/global/archives/2490,desktop,1,1,1,1,78,5,0,0
/global/archives/253,desktop,1,2,1,1,0,6,0,0
/global/archives/253,mobile,1,1,1,1,0,4,0,0
/global/archives/2576,mobile,1,1,1,1,47,5,0,0
/global/archives/2635,desktop,1,1,1,1,3,3,0,0
/global/archives/2860,desktop,1,1,1,1,0,3,0,0
/global/archives/311,mobile,1,1,1,1,27,5,0,0
/global/archives/3464,desktop,1,1,1,1,3,4,0,0
/global/archives/3464,mobile,1,1,1,1,0,4,0,0
/global/archives/3473,desktop,1,2,1,1,0,6,0,0
/global/archives/3661,desktop,1,1,1,1,134,4,0,0
/global/archives/3674,mobile,1,2,1,1,0,6,0,0
/global/archives/3731,desktop,1,1,1,1,0,4,0,0
/global/archives/3830,mobile,1,1,1,1,3,5,0,0
/global/archives/3922,mobile,1,1,1,1,0,4,0,0
/global/archives/4086,mobile,1,1,1,1,4,5,0,0
/global/archives/4146,desktop,1,2,1,1,45,4,0,0
/global/archives/4309,desktop,1,1,1,1,121,6,0,0
/global/archives/4482,desktop,1,1,1,1,0,5,0,0
/global/archives/4482,mobile,1,1,1,1,0,4,0,0
/global/archives/4499,desktop,1,1,1,1,2,4,0,0
/global/archives/4499,mobile,1,1,1,1,104,5,0,0
/global/archives/4705,mobile,1,1,1,1,0,4,0,0
/global/archives/4776,desktop,1,1,1,1,83,6,0,0
/global/archives/4812,desktop,1,1,1,1,101,5,0,0
/global/archives/489,desktop,1,1,1,1,0,4,0,0
/global/archives/5040,desktop,1,1,1,1,152,3,0,0
/global/archives/5119,desktop,1,1,1,1,15,6,0,0
/global/archives/514,desktop,1,1,1,1,8,4,0,0
/global/archives/5404,mobile,1,1,1,1,13,5,0,0
/global/archives/5611,desktop,1,1,1,1,3,4,0,0
/global/archives/5721,mobile,1,1,0,0,0,3,0,0
/global/archives/576,desktop,1,1,1,1,15,4,0,0
/global/archives/5772,mobile,1,1,1,1,1,5,0,0
/global/archives/5893,desktop,1,2,1,1,0,6,0,0
/global/archives/5944,desktop,1,1,1,1,43,6,0,0
/global/archives/6216,tablet,1,1,1,1,0,5,0,0
/global/archives/6253,desktop,1,1,1,1,58,6,0,0
/global/archives/6253,mobile,1,1,1,1,14,5,0,0
/global/archives/6377,desktop,1,1,1,1,1,5,0,0
/global/archives/6414,desktop,1,1,1,1,39,6,0,0
/global/archives/6436,desktop,1,1,1,1,1,3,0,0
/global/archives/648,desktop,1,2,1,1,0,6,0,0
/global/archives/6619,desktop,1,2,1,1,3,7,0,0
/global/archives/6658,desktop,1,2,2,0.5,59,5,0,0
/global/archives/6734,mobile,1,1,1,1,4,5,0,0
/global/archives/6807,desktop,1,1,1,1,23,4,0,0
/global/archives/6824,mobile,1,1,1,1,127,5,0,0
/global/archives/6834,desktop,1,2,1,1,48,6,0,0
/global/archives/6870,mobile,1,1,1,1,0,4,0,0
/global/archives/6971,desktop,1,1,1,1,17,3,0,0
/global/archives/7031,desktop,1,1,1,1,41,4,0,0
/global/archives/7177,desktop,1,1,1,1,12,4,0,0
/global/archives/7245,mobile,1,1,1,1,2,4,0,0
/global/archives/7319,desktop,1,1,1,1,49,4,0,0
/global/archives/7445,mobile,1,1,1,1,3,4,0,0
/global/archives/7476,mobile,1,1,1,1,89,3,0,0
/global/archives/7670,desktop,1,1,1,1,177,5,0,0
/global/archives/7710,desktop,1,1,1,1,81,4,0,0
/global/archives/7761,desktop,1,1,1,1,34,4,0,0
/global/archives/7784,desktop,1,1,1,1,18,6,0,0
/global/archives/7825,mobile,1,1,1,1,1,4,0,0
/global/archives/7979,desktop,1,2,1,1,0,5,0,0
/global/archives/8087,desktop,1,2,1,1,18,4,0,0
/global/archives/8152,desktop,1,1,1,1,18,5,0,0
/global/archives/822,desktop,1,2,1,1,0,6,0,0
/global/archives/822,mobile,1,1,1,1,18,4,0,0
/global/archives/8298,desktop,1,1,1,1,19,5,0,0
/global/archives/8327,desktop,1,1,1,1,35,5,0,0
/global/archives/8350,desktop,1,1,1,1,1,4,0,0
/global/archives/8400,desktop,1,1,1,1,82,6,0,0
/global/archives/8829,desktop,1,1,1,1,16,3,0,0
/global/archives/9129,mobile,1,1,1,1,13,4,0,0
/global/archives/9286,desktop,1,1,1,1,6,4,0,0
/global/archives/9299,desktop,1,1,1,1,5,5,0,0
/global/archives/9548,mobile,1,1,1,1,9,3,0,0
/global/archives/9695,desktop,1,1,1,1,23,5,0,0
/global/archives/9740,mobile,1,1,1,1,0,3,0,0
/global/archives/9951,desktop,1,1,1,1,0,4,0,0
/global/archives/category/ces/ces-2023,desktop,1,1,1,1,2,5,0,0
/global/archives/category/corporate/sk-energy,desktop,1,1,1,1,0,4,0,0
/global/archives/category/corporate/sk-enterm,desktop,1,1,1,1,0,3,0,0
/global/archives/category/corporate/sk-incheon-petrochem,mobile,1,1,1,1,68,6,0,0
/global/archives/category/corporate/sk-rading-international,desktop,1,1,1,1,7,4,0,0
/global/archives/category/corporates/sk-ie-technology,tablet,1,1,1,1,38,3,0,0
/global/archives/category/corporates/sk-incheon-petrochem,mobile,1,1,1,1,25,4,0,0
/global/archives/category/corporates/sk-on,tablet,1,1,1,1,3,4,0,0
/global/archives/category/corporates/sk-rading-international,mobile,1,1,1,1,27,4,0,0
/global/archives/category/insight/series,desktop,1,1,1,1,8,3,0,0
/global/archives/category/people/inno-people,mobile,1,1,1,1,0,2,0,0
/global/archives/category/people/sustainability,mobile,1,2,1,1,0,4,0,0
/global/archives/category/press-room/financial-results,mobile,1,1,1,1,2,5,0,0
/global/archives/category/press-room/issue-fact,mobile,1,1,1,1,13,4,0,0
/global/archives/tag/aramid,desktop,1,1,1,1,4,5,0,0
/global/archives/tag/arc,desktop,1,1,1,1,5,5,0,0
/global/archives/tag/baas,desktop,1,1,1,1,4,5,0,0
/global/archives/tag/carbon-to-green,desktop,1,1,1,1,0,3,0,0
/global/archives/tag/ccs,mobile,1,1,1,1,8,5,0,0
/global/archives/tag/ces-2023,desktop,1,1,1,1,2,4,0,0
/global/archives/tag/china-ev-100-forum,desktop,1,1,1,1,10,6,0,0
/global/archives/tag/cho-kyung-mok,mobile,1,1,1,1,2,4,0,0
/global/archives/tag/cic,desktop,1,1,1,1,0,4,0,0
/global/archives/tag/dac,desktop,1,1,1,1,3,5,0,0
/global/archives/tag/daejeon,desktop,1,1,1,1,4,4,0,0
/global/archives/tag/digital-twin,desktop,1,1,1,1,3,3,0,0
/global/archives/tag/ecopro,desktop,1,1,1,1,9,5,0,0
/global/archives/tag/ecopro-bm,desktop,1,1,1,1,1,4,0,0
/global/archives/tag/electric-vehicles,desktop,1,1,1,1,17,5,0,0
/global/archives/tag/ess,desktop,1,1,1,1,3,5,0,0
/global/archives/tag/ev,desktop,1,1,1,1,4,5,0,0
/global/archives/tag/ev-batteries,mobile,1,2,1,1,0,5,0,0
/global/archives/tag/ev-battery,desktop,1,1,1,1,34,5,0,0
/global/archives/tag/global-forum,desktop,1,1,1,1,15,6,0,0
/global/archives/tag/hungary,desktop,1,1,1,1,40,5,0,0
/global/archives/tag/hyundai-mobis,mobile,1,1,1,1,8,6,0,0
/global/archives/tag/interbattery-2023,desktop,1,1,1,1,9,4,0,0
/global/archives/tag/ioniq-5,mobile,1,1,1,1,14,4,0,0
/global/archives/tag/iot-technology,desktop,1,1,1,1,9,4,0,0
/global/archives/tag/jee-dong-seob,desktop,1,1,1,1,9,4,0,0
/global/archives/tag/jee-dong-seob,mobile,1,1,1,1,0,4,0,0
/global/archives/tag/jet-fuel,desktop,1,1,1,1,6,5,0,0
/global/archives/tag/kentucky,desktop,1,2,1,1,0,5,0,0
/global/archives/tag/kentucky,tablet,1,1,1,1,26,5,0,0
/global/archives/tag/lee-seong-jun,desktop,1,1,1,1,2,5,0,0
/global/archives/tag/lee-seong-jun,mobile,1,1,1,1,2,5,0,0
/global/archives/tag/malaysia,desktop,1,1,1,1,0,3,0,0
/global/archives/tag/ncm9,desktop,1,1,1,1,34,6,0,0
/global/archives/tag/ncm9,mobile,1,1,1,1,2,5,0,0
/global/archives/tag/net-zero-oil,desktop,1,1,1,1,8,5,0,0
/global/archives/tag/northvolt,desktop,1,1,1,1,4,5,0,0
/global/archives/tag/pbat,mobile,1,1,1,1,0,2,0,0
/global/archives/tag/pct,mobile,1,1,1,1,0,4,0,0
/global/archives/tag/pta,desktop,1,1,1,1,8,5,0,0
/global/archives/tag/pyrolysis,desktop,1,1,1,1,6,3,0,0
/global/archives/tag/reforestation,desktop,1,1,1,1,1,5,0,0
/global/archives/tag/rhee-jang-weon,desktop,1,1,1,1,1,5,0,0
/global/archives/tag/roadmap,desktop,1,2,1,1,0,4,0,0
/global/archives/tag/sabic-sk-nexlene-company,desktop,1,1,1,1,0,3,0,0
/global/archives/tag/seaweed,desktop,1,2,1,1,8,7,0,0
/global/archives/tag/separator,mobile,1,1,1,1,14,5,0,0
/global/archives/tag/singapore,desktop,1,1,1,1,0,4,0,0
/global/archives/tag/sk-battery-america,desktop,1,1,1,1,4,5,0,0
/global/archives/tag/sk-earthon,desktop,1,1,1,1,49,4,0,0
/global/archives/tag/sk-eco-plant,desktop,1,1,1,1,1,5,0,0
/global/archives/tag/sk-energy,mobile,1,1,1,1,29,4,0,0
/global/archives/tag/sk-enmove,mobile,1,1,1,1,158,4,0,0
/global/archives/tag/sk-gc-americas,mobile,1,1,1,1,0,4,0,0
/global/archives/tag/sk-global-chemical-shanghai,desktop,1,1,1,1,14,5,0,0
/global/archives/tag/sk-innovations-institute-of-environmental-science-technology,desktop,1,1,1,1,15,5,0,0
/global/archives/tag/sk-on,mobile,1,1,1,1,8,3,0,0
/global/archives/tag/sk-on-hungary-skoh-and-sk-battery-manufacturing,desktop,1,1,1,1,4,4,0,0
/global/archives/tag/sk-primacor-europe,mobile,1,1,1,1,0,3,0,0
/global/archives/tag/sk-tank-terminal,desktop,1,2,1,1,0,5,0,0
/global/archives/tag/skces2023,desktop,1,1,1,1,0,4,0,0
/global/archives/tag/skei-singapore,desktop,1,1,1,1,4,6,0,0
/global/archives/tag/skeo,desktop,1,1,1,1,24,5,0,0
/global/archives/tag/skipc,desktop,1,1,1,1,7,3,0,0
/global/archives/tag/skipc,mobile,1,1,1,1,11,5,0,0
/global/archives/tag/sko,mobile,1,1,1,1,0,4,0,0
/global/archives/tag/sko,tablet,1,1,1,1,0,4,0,0
/global/archives/tag/skoh,desktop,1,1,1,1,11,5,0,0
/global/archives/tag/skoh,tablet,1,1,1,1,0,3,0,0
/global/archives/tag/smart-plant-solutions,desktop,1,1,1,1,6,4,0,0
/global/archives/tag/solid-power,mobile,1,1,1,1,3,5,0,0
/global/archives/tag/spinoff,desktop,1,1,1,1,5,5,0,0
/global/archives/tag/story-day,desktop,1,1,1,1,5,4,0,0
/global/archives/tag/sunwoda,desktop,1,1,1,1,11,5,0,0
/global/archives/tag/tesla,desktop,1,1,1,1,6,5,0,0
/global/archives/tag/tra-vinh,mobile,1,1,1,1,30,4,0,0
/global/archives/tag/ulsan,desktop,1,1,1,1,5,5,0,0
/global/archives/tag/used-car,mobile,1,1,1,1,3,6,0,0
/global/archives/tag/vietnamese-mekong-delta,desktop,1,1,1,1,8,5,0,0
/global/archives/tag/vinfast,mobile,1,1,1,1,0,4,0,0
/global/archives/tag/vwbe,desktop,1,1,1,1,4,5,0,0
/global/archives/tag/vwbe,mobile,1,1,1,1,19,6,0,0
/global/archives/tag/yubase,desktop,1,1,1,1,10,5,0,0
/global/archives/tag/中国,desktop,1,1,1,1,27,5,0,0
/ih6L6RaqEKST3PjM8,mobile,1,1,1,1,0,4,0,0