# ----------------------------------------
# 보고서 CSV 내보내기
# 계정: skinno global
# 속성: skinno 글로벌 - GA4
# ----------------------------------------
# 
# 모든 사용자
# 시작일: 20241014
# 종료일: 20241020
페이지 경로 및 화면 클래스,기기 카테고리,조회수,세션수,활성 사용자,활성 사용자당 조회수,활성 사용자당 평균 참여 시간,이벤트 수,주요 이벤트,총 수익
/global/archives/19179,desktop,262,255,243,1.0781893004115226,3.065843621399177,973,0,0
/global/archives/19179,mobile,230,192,148,1.554054054054054,4.837837837837838,850,0,0
/global/,desktop,170,147,112,1.5178571428571428,14.517857142857142,1475,0,0
/global/latestnews,desktop,131,144,105,1.2476190476190476,19.4,487,0,0
/global/archives/18546,desktop,70,83,56,1.25,57.732142857142854,303,0,0
/global/archives/17426,desktop,66,50,37,1.7837837837837838,72.86486486486487,274,0,0
/global/archives/category/press-room/financial-results,desktop,64,38,33,1.9393939393939394,36.39393939393939,248,0,0
/global/archives/19078,desktop,52,46,41,1.2682926829268293,41.8780487804878,226,0,0
/global/archives/category/press-room/press-release,desktop,51,41,29,1.7586206896551724,42.44827586206897,192,0,0
/global/archives/19230,desktop,44,41,32,1.375,16.625,175,0,0
/pagead/aclk,mobile,39,31,31,1.2580645161290323,0,134,0,0
/global/archives/19045,desktop,33,39,27,1.2222222222222223,47.7037037037037,149,0,0
/global/archives/category/press-room,desktop,32,27,20,1.6,16.35,118,0,0
/global/archives/18770,desktop,26,21,16,1.625,47.3125,99,0,0
/global/archives/category/corporates,desktop,25,14,12,2.0833333333333335,37.333333333333336,102,0,0
/global/archives/18107,desktop,23,24,18,1.2777777777777777,89.22222222222223,100,0,0
/global/archives/6216,desktop,22,24,18,1.2222222222222223,87.27777777777777,107,0,0
/global/archives/category/corporates/sk-on,desktop,22,18,17,1.2941176470588236,33.05882352941177,80,0,0
/global/archives/18608,desktop,21,22,17,1.2352941176470589,26.294117647058822,95,0,0
/global/archives/19078,mobile,19,18,10,1.9,23.5,66,0,0
/global/archives/4612,desktop,19,12,9,2.111111111111111,25.88888888888889,79,0,0
/global/,mobile,18,11,11,1.6363636363636365,20.818181818181817,90,0,0
/global/archives/10774,desktop,18,20,17,1.0588235294117647,36.411764705882355,91,0,0
/global/archives/15374,desktop,18,22,15,1.2,70.73333333333333,78,0,0
/global/archives/15490,desktop,18,19,16,1.125,43.8125,86,0,0
/global/archives/15664,desktop,18,14,11,1.6363636363636365,87.54545454545455,71,0,0
/global/archives/17595,desktop,18,18,13,1.3846153846153846,11.461538461538462,74,0,0
/global/archives/19230,mobile,18,10,8,2.25,26.125,70,0,0
/global/archives/19045,mobile,17,17,11,1.5454545454545454,26.90909090909091,64,0,0
/global/archives/category/people,desktop,17,18,14,1.2142857142857142,17.428571428571427,71,0,0
/global/archives/18445,desktop,16,17,12,1.3333333333333333,133.58333333333334,80,0,0
/global/archives/7445,desktop,16,6,6,2.6666666666666665,23.666666666666668,64,0,0
/global/archives/15865,desktop,14,10,4,3.5,50.75,47,0,0
/global/archives/16376,desktop,14,15,13,1.0769230769230769,20.846153846153847,63,0,0
/global/archives/17216,desktop,14,13,12,1.1666666666666667,78.66666666666667,58,0,0
/global/archives/18107,mobile,14,13,13,1.0769230769230769,90.15384615384616,64,0,0
/global/archives/19149,desktop,14,15,12,1.1666666666666667,23.833333333333332,51,0,0
/global/archives/category/corporates/sk-innovation,desktop,14,13,13,1.0769230769230769,12,55,0,0
/global/archives/14491,desktop,13,14,11,1.1818181818181819,49.27272727272727,60,0,0
/global/archives/16493,desktop,13,13,13,1,17,56,0,0
/global/archives/17623,desktop,13,14,12,1.0833333333333333,107.25,61,0,0
/global/archives/4921,mobile,13,12,11,1.1818181818181819,22.90909090909091,55,0,0
/global/archives/12950,desktop,12,16,14,0.8571428571428571,12.142857142857142,45,0,0
/global/archives/13780,desktop,12,14,10,1.2,47.7,56,0,0
/global/archives/15985,desktop,12,11,10,1.2,13.9,52,0,0
/global/archives/17356,desktop,12,14,10,1.2,19.5,50,0,0
/global/archives/17446,desktop,12,12,12,1,20.5,46,0,0
/global/archives/19154,desktop,12,11,11,1.0909090909090908,17.90909090909091,51,0,0
/global/archives/3820,desktop,12,13,8,1.5,22.75,50,0,0
/global/archives/15687,desktop,11,9,8,1.375,40.75,49,0,0
/global/archives/17737,desktop,11,13,10,1.1,19.1,53,0,0
/global/archives/18546,mobile,11,11,9,1.2222222222222223,30.77777777777778,48,0,0
/global/archives/18659,desktop,11,11,9,1.2222222222222223,112,46,0,0
/global/archives/19202,desktop,11,11,10,1.1,53.7,43,0,0
/global/archives/6807,desktop,11,10,8,1.375,9.125,48,0,0
/global/archives/9910,mobile,11,10,9,1.2222222222222223,5.777777777777778,45,0,0
/global/archives/category/corporates/sk-enmove,desktop,11,10,8,1.375,10.75,39,0,0
/global/archives/category/corporates/sk-geo-centric,desktop,11,12,9,1.2222222222222223,36.77777777777778,44,0,0
/global/archives/category/insight,desktop,11,10,10,1.1,14.3,42,0,0
/global/archives/11087,desktop,10,11,9,1.1111111111111112,23.333333333333332,48,0,0
/global/archives/12106,desktop,10,11,7,1.4285714285714286,17,42,0,0
/global/archives/13130,desktop,10,7,5,2,0,35,0,0
/global/archives/18283,desktop,10,8,7,1.4285714285714286,36.142857142857146,43,0,0
/global/archives/19179,tablet,10,8,5,2,15.8,35,0,0
/global/archives/6253,mobile,10,8,6,1.6666666666666667,74.66666666666667,39,0,0
/global/archives/tag/sko,desktop,10,10,8,1.25,14.5,51,0,0
/global/archives/11004,desktop,9,7,6,1.5,15.666666666666666,37,0,0
/global/archives/11807,desktop,9,10,7,1.2857142857142858,33.285714285714285,45,0,0
/global/archives/16463,desktop,9,9,8,1.125,38.25,43,0,0
/global/archives/18388,desktop,9,9,7,1.2857142857142858,15.285714285714286,37,0,0
/global/archives/18436,desktop,9,12,10,0.9,9.5,45,0,0
/global/archives/9910,desktop,9,13,8,1.125,28.25,38,0,0
/global/archives/10939,desktop,8,9,7,1.1428571428571428,2.4285714285714284,35,0,0
/global/archives/15409,desktop,8,11,5,1.6,73.6,32,0,0
/global/archives/16376,mobile,8,8,0,0,0,23,0,0
/global/archives/17499,mobile,8,9,8,1,41.25,37,0,0
/global/archives/17514,desktop,8,7,6,1.3333333333333333,39.5,35,0,0
/global/archives/18065,desktop,8,7,6,1.3333333333333333,39.5,28,0,0
/global/archives/9740,desktop,8,8,8,1,40.5,35,0,0
/global/archives/category/corporates/sk-earthon,desktop,8,11,6,1.3333333333333333,15.166666666666666,35,0,0
/global/archives/12022,desktop,7,6,6,1.1666666666666667,25.833333333333332,30,0,0
/global/archives/14634,desktop,7,7,5,1.4,117.8,34,0,0
/global/archives/14688,desktop,7,5,5,1.4,32.2,30,0,0
/global/archives/15937,desktop,7,10,4,1.75,68.25,29,0,0
/global/archives/16286,desktop,7,7,7,1,3.142857142857143,28,0,0
/global/archives/17047,desktop,7,5,4,1.75,129.75,33,0,0
/global/archives/17569,desktop,7,8,6,1.1666666666666667,48.833333333333336,33,0,0
/global/archives/18022,desktop,7,7,6,1.1666666666666667,46,34,0,0
/global/archives/18332,desktop,7,8,6,1.1666666666666667,44.666666666666664,36,0,0
/global/archives/4751,desktop,7,5,5,1.4,32.4,30,0,0
/global/archives/489,desktop,7,6,5,1.4,9.6,28,0,0
/global/archives/10654,desktop,6,3,3,2,112.66666666666667,26,0,0
/global/archives/10767,desktop,6,8,6,1,5.666666666666667,30,0,0
/global/archives/10913,desktop,6,8,4,1.5,21,30,0,0
/global/archives/12220,desktop,6,4,2,3,113.5,24,0,0
/global/archives/12274/skee,desktop,6,5,5,1.2,8.8,27,0,0
/global/archives/14766,desktop,6,7,5,1.2,22.8,23,0,0
/global/archives/15259,desktop,6,6,6,1,4.666666666666667,23,0,0
/global/archives/16834,desktop,6,6,6,1,11.666666666666666,28,0,0
/global/archives/17499,desktop,6,6,6,1,53.333333333333336,29,0,0
/global/archives/18301,mobile,6,6,6,1,53.333333333333336,27,0,0
/global/archives/18388,mobile,6,6,3,2,0,20,0,0
/global/archives/7761,desktop,6,7,4,1.5,106.75,29,0,0
/global/archives/category/corporates/sk-ie-technology,desktop,6,4,4,1.5,55,23,0,0
/global/sustainability-report,desktop,6,7,5,1.2,5.8,30,0,0
/global/who-we-are,desktop,6,6,6,1,7.5,28,0,0
/global/archives/11400,desktop,5,6,3,1.6666666666666667,3.6666666666666665,17,0,0
/global/archives/12036,desktop,5,4,3,1.6666666666666667,53,20,0,0
/global/archives/12306,desktop,5,6,5,1,3,25,0,0
/global/archives/14193,desktop,5,5,5,1,11.2,24,0,0
/global/archives/14309,desktop,5,5,5,1,0,20,0,0
/global/archives/15204,desktop,5,4,4,1.25,19.5,21,0,0
/global/archives/16154,mobile,5,3,2,2.5,2.5,16,0,0
/global/archives/17623,mobile,5,5,5,1,32.6,24,0,0
/global/archives/17817,desktop,5,4,4,1.25,17.75,19,0,0
/global/archives/17965,desktop,5,5,5,1,40.8,22,0,0
/global/archives/17978,desktop,5,5,5,1,58.6,24,0,0
/global/archives/17990,desktop,5,6,5,1,22.6,26,0,0
/global/archives/18500,desktop,5,5,3,1.6666666666666667,9.666666666666666,18,0,0
/global/archives/18989,desktop,5,7,3,1.6666666666666667,21.333333333333332,22,0,0
/global/archives/19149,mobile,5,4,4,1.25,76.5,18,0,0
/global/archives/19251,desktop,5,5,5,1,22,19,0,0
/global/archives/2280,desktop,5,2,2,2.5,67,22,0,0
/global/archives/253,desktop,5,4,4,1.25,45.5,21,0,0
/global/archives/3962,desktop,5,9,5,1,0,28,0,0
/global/archives/7245,desktop,5,4,4,1.25,42,24,0,0
/global/archives/7302,desktop,5,5,4,1.25,20.25,19,0,0
/global/archives/7870,desktop,5,5,2,2.5,18,22,0,0
/global/archives/7919,desktop,5,5,3,1.6666666666666667,10,19,0,0
/global/archives/822,mobile,5,4,4,1.25,57.5,22,0,0
/global/archives/category/people/inno-people,desktop,5,5,4,1.25,26.5,21,0,0
/global/archives/12072,desktop,4,3,3,1.3333333333333333,2.6666666666666665,16,0,0
/global/archives/12147,desktop,4,4,4,1,4,18,0,0
/global/archives/12667,mobile,4,4,4,1,9.75,18,0,0
/global/archives/13595,desktop,4,5,4,1,34,19,0,0
/global/archives/13780,mobile,4,3,3,1.3333333333333333,38.666666666666664,19,0,0
/global/archives/14493,desktop,4,4,2,2,64.5,14,0,0
/global/archives/14634,mobile,4,4,3,1.3333333333333333,2.3333333333333335,17,0,0
/global/archives/15574,desktop,4,4,4,1,6.25,19,0,0
/global/archives/16405,desktop,4,5,4,1,15.25,20,0,0
/global/archives/16532,desktop,4,6,3,1.3333333333333333,42.333333333333336,19,0,0
/global/archives/16719,desktop,4,5,4,1,83.5,17,0,0
/global/archives/16787,desktop,4,4,2,2,0,13,0,0
/global/archives/17022,desktop,4,4,4,1,8.5,19,0,0
/global/archives/17460,mobile,4,4,3,1.3333333333333333,6.666666666666667,17,0,0
/global/archives/17476,desktop,4,4,4,1,14.75,19,0,0
/global/archives/17476,mobile,4,4,4,1,72.25,20,0,0
/global/archives/17796,desktop,4,3,3,1.3333333333333333,45.666666666666664,17,0,0
/global/archives/18140,desktop,4,2,2,2,33,14,0,0
/global/archives/18140,mobile,4,4,1,4,0,13,0,0
/global/archives/18301,desktop,4,4,4,1,61.25,17,0,0
/global/archives/18361,desktop,4,5,4,1,0.5,19,0,0
/global/archives/18690,desktop,4,4,4,1,21,15,0,0
/global/archives/18708,desktop,4,4,4,1,73.75,14,0,0
/global/archives/18743,desktop,4,4,4,1,79,17,0,0
/global/archives/19128,desktop,4,4,3,1.3333333333333333,22.333333333333332,16,0,0
/global/archives/3123,desktop,4,4,2,2,16.5,16,0,0
/global/archives/3674,desktop,4,4,4,1,0.25,15,0,0
/global/archives/3709,desktop,4,5,4,1,15.75,18,0,0
/global/archives/489,mobile,4,4,4,1,17.5,19,0,0
/global/archives/6377,mobile,4,3,3,1.3333333333333333,18.666666666666668,18,0,0
/global/archives/6824,desktop,4,4,4,1,0,12,0,0
/global/archives/7292,desktop,4,2,2,2,9.5,16,0,0
/global/archives/7784,desktop,4,4,2,2,85,20,0,0
/global/archives/8327,desktop,4,5,4,1,15.5,20,0,0
/global/archives/9509,desktop,4,4,4,1,32.5,19,0,0
/global/archives/category/corporate/sk-enmove,desktop,4,5,4,1,27.25,22,0,0
/global/archives/category/corporate/sk-ie-technology,desktop,4,2,2,2,29.5,17,0,0
/global/archives/category/corporates/sk-enterm,desktop,4,3,2,2,17.5,18,0,0
/global/archives/category/insight/trend_report,desktop,4,3,3,1.3333333333333333,37.333333333333336,16,0,0
/global/archives/category/press-room/issue-fact,desktop,4,5,4,1,5.25,16,0,0
/global/archives/tag/europe,desktop,4,4,2,2,7.5,17,0,0
/global/archives/tag/pouch-type-battery,desktop,4,4,3,1.3333333333333333,11.333333333333334,15,0,0
/global/archives/tag/sinopec-sk-wuhan-petrochemical,desktop,4,4,3,1.3333333333333333,14,21,0,0
/global/archives/tag/ulsan-complex,mobile,4,2,2,2,16.5,18,0,0
/global/archives/1058,desktop,3,4,3,1,9.666666666666666,14,0,0
/global/archives/11161,desktop,3,1,1,3,35,12,0,0
/global/archives/11537,desktop,3,6,3,1,1.3333333333333333,17,0,0
/global/archives/12022,mobile,3,3,3,1,3.3333333333333335,13,0,0
/global/archives/12147,mobile,3,3,3,1,17.333333333333332,15,0,0
/global/archives/12306,mobile,3,2,2,1.5,63,14,0,0
/global/archives/13329,desktop,3,3,3,1,18.333333333333332,11,0,0
/global/archives/13521,desktop,3,4,3,1,1.6666666666666667,16,0,0
/global/archives/13850,desktop,3,3,3,1,15,12,0,0
/global/archives/14049,mobile,3,3,1,3,0,10,0,0
/global/archives/14788,desktop,3,3,3,1,9,12,0,0
/global/archives/15374,mobile,3,3,2,1.5,47.5,13,0,0
/global/archives/15490,mobile,3,3,3,1,20.666666666666668,13,0,0
/global/archives/15760,desktop,3,4,3,1,16.333333333333332,17,0,0
/global/archives/16060,desktop,3,3,1,3,23,11,0,0
/global/archives/16154,desktop,3,6,3,1,0,18,0,0
/global/archives/16169,desktop,3,3,3,1,21.333333333333332,11,0,0
/global/archives/16448,desktop,3,2,2,1.5,11,15,0,0
/global/archives/16463,mobile,3,3,3,1,8.666666666666666,12,0,0
/global/archives/16480,desktop,3,3,3,1,40,14,0,0
/global/archives/16583,desktop,3,4,3,1,79.33333333333333,11,0,0
/global/archives/16939,desktop,3,3,2,1.5,26,12,0,0
/global/archives/17169,desktop,3,4,3,1,590,12,0,0
/global/archives/17313,desktop,3,4,3,1,50.666666666666664,10,0,0
/global/archives/17386,desktop,3,3,3,1,5.666666666666667,13,0,0
/global/archives/17386,mobile,3,3,3,1,35,14,0,0
/global/archives/17697,desktop,3,4,3,1,27.333333333333332,16,0,0
/global/archives/18107,tablet,3,3,3,1,68,16,0,0
/global/archives/18445,mobile,3,3,3,1,39.666666666666664,15,0,0
/global/archives/18695,desktop,3,2,2,1.5,9.5,11,0,0
/global/archives/18989,mobile,3,3,3,1,46,12,0,0
/global/archives/19095,desktop,3,3,3,1,12.333333333333334,12,0,0
/global/archives/3304,desktop,3,3,3,1,1,12,0,0
/global/archives/3689,desktop,3,3,3,1,11.333333333333334,13,0,0
/global/archives/4146,desktop,3,3,3,1,27,15,0,0
/global/archives/4308,desktop,3,4,2,1.5,0,12,0,0
/global/archives/4705,desktop,3,3,3,1,15.666666666666666,13,0,0
/global/archives/4921,desktop,3,3,3,1,54.333333333333336,15,0,0
/global/archives/5234,desktop,3,3,2,1.5,53,14,0,0
/global/archives/6014,desktop,3,6,3,1,59.333333333333336,19,0,0
/global/archives/6090,desktop,3,4,3,1,11.333333333333334,13,0,0
/global/archives/6343,desktop,3,3,3,1,48.666666666666664,16,0,0
/global/archives/6546,desktop,3,2,2,1.5,22.5,12,0,0
/global/archives/7463,desktop,3,3,3,1,191.66666666666666,17,0,0
/global/archives/7710,desktop,3,2,2,1.5,48,13,0,0
/global/archives/7740,desktop,3,2,2,1.5,40.5,14,0,0
/global/archives/7919,mobile,3,3,2,1.5,106,10,0,0
/global/archives/7961,desktop,3,3,3,1,10,11,0,0
/global/archives/8152,desktop,3,4,3,1,31.333333333333332,13,0,0
/global/archives/8383,desktop,3,2,2,1.5,21,10,0,0
/global/archives/9079,desktop,3,2,2,1.5,42.5,11,0,0
/global/archives/9493,desktop,3,3,3,1,2,14,0,0
/global/archives/9709,desktop,3,4,2,1.5,5,12,0,0
/global/archives/category/corporate/sk-on,desktop,3,3,1,3,16,11,0,0
/global/archives/category/corporates,mobile,3,1,1,3,8,11,0,0
/global/archives/category/corporates/sk-energy,desktop,3,4,3,1,0.6666666666666666,10,0,0
/global/archives/category/corporates/sk-energy,mobile,3,3,3,1,8,10,0,0
/global/archives/tag/2024-q2,desktop,3,2,2,1.5,12,12,0,0
/global/archives/tag/lithium-ion-battery,desktop,3,2,2,1.5,28.5,13,0,0
/global/archives/tag/lithium-ion-battery,mobile,3,3,3,1,0.6666666666666666,12,0,0
/global/archives/tag/sk-global-chemical,desktop,3,2,2,1.5,8.5,12,0,0
/global/archives/tag/sk-hi-tech-battery-materials-poland,desktop,3,2,2,1.5,5.5,10,0,0
/global/archives/tag/sk-lubricants,desktop,3,1,1,3,103,12,0,0
/global/archives/tag/skgca,desktop,3,2,2,1.5,4.5,14,0,0
/global/archives/tag/sko,mobile,3,2,2,1.5,17,14,0,0
/global/archives/10133,desktop,2,2,2,1,2.5,8,0,0
/global/archives/10478,desktop,2,2,2,1,19.5,8,0,0
/global/archives/1058,mobile,2,2,2,1,56.5,11,0,0
/global/archives/10774,mobile,2,1,1,2,57,8,0,0
/global/archives/10842,desktop,2,2,2,1,1.5,8,0,0
/global/archives/10985,desktop,2,3,2,1,2.5,11,0,0
/global/archives/11087,mobile,2,2,2,1,25.5,11,0,0
/global/archives/11486,desktop,2,2,2,1,48.5,8,0,0
/global/archives/11596,desktop,2,1,1,2,4,5,0,0
/global/archives/11596,mobile,2,2,2,1,0,8,0,0
/global/archives/12190,desktop,2,2,2,1,59,8,0,0
/global/archives/12610,desktop,2,2,2,1,8,9,0,0
/global/archives/12617,desktop,2,1,1,2,3,9,0,0
/global/archives/12688,desktop,2,3,2,1,24,12,0,0
/global/archives/13036,desktop,2,2,2,1,17,10,0,0
/global/archives/13103,desktop,2,3,2,1,21.5,10,0,0
/global/archives/13230,desktop,2,2,2,1,33.5,9,0,0
/global/archives/13256,desktop,2,2,1,2,201,8,0,0
/global/archives/13595,mobile,2,1,1,2,11,9,0,0
/global/archives/13748,desktop,2,2,2,1,0,7,0,0
/global/archives/14065,desktop,2,2,2,1,20,7,0,0
/global/archives/14146,desktop,2,2,2,1,16,9,0,0
/global/archives/14179,desktop,2,2,2,1,33,9,0,0
/global/archives/14354,desktop,2,2,2,1,0,7,0,0
/global/archives/14400,desktop,2,2,2,1,28,9,0,0
/global/archives/14740,desktop,2,2,2,1,0,8,0,0
/global/archives/14962,desktop,2,2,2,1,2.5,6,0,0
/global/archives/15204,mobile,2,2,2,1,3,9,0,0
/global/archives/1521,desktop,2,3,2,1,20.5,12,0,0
/global/archives/15353,desktop,2,2,2,1,28,11,0,0
/global/archives/15462,desktop,2,2,2,1,16.5,8,0,0
/global/archives/15490,tablet,2,2,1,2,0,6,0,0
/global/archives/15610,mobile,2,2,2,1,15.5,10,0,0
/global/archives/15664,mobile,2,1,1,2,197,8,0,0
/global/archives/15687,mobile,2,2,2,1,6,8,0,0
/global/archives/16131,desktop,2,2,2,1,16.5,8,0,0
/global/archives/16480,mobile,2,2,0,0,0,5,0,0
/global/archives/16624,desktop,2,2,2,1,39.5,8,0,0
/global/archives/16834,mobile,2,1,1,2,120,7,0,0
/global/archives/16881,desktop,2,1,1,2,10,9,0,0
/global/archives/16970,desktop,2,3,2,1,11,10,0,0
/global/archives/17010,desktop,2,2,2,1,3.5,9,0,0
/global/archives/17047,mobile,2,2,2,1,25.5,9,0,0
/global/archives/17047/4-sk이노베이션_ces2024_sk원더랜드_sk-wonderland_판타스틱아일랜드_ai-포-2,desktop,2,2,1,2,17,9,0,0
/global/archives/17292,desktop,2,2,2,1,14,8,0,0
/global/archives/17595,mobile,2,2,2,1,148,8,0,0
/global/archives/17737,mobile,2,1,1,2,0,6,0,0
/global/archives/17844,desktop,2,2,2,1,5.5,8,0,0
/global/archives/17863,desktop,2,2,2,1,6,7,0,0
/global/archives/17893,desktop,2,3,2,1,13,12,0,0
/global/archives/17989,desktop,2,2,2,1,19,10,0,0
/global/archives/18022,mobile,2,2,2,1,3,9,0,0
/global/archives/18167,desktop,2,3,2,1,12.5,9,0,0
/global/archives/18283,mobile,2,2,1,2,0,6,0,0
/global/archives/18421,desktop,2,2,2,1,0,5,0,0
/global/archives/18571,desktop,2,3,2,1,16,11,0,0
/global/archives/18608,mobile,2,2,2,1,65.5,9,0,0
/global/archives/18639,desktop,2,2,2,1,9.5,11,0,0
/global/archives/18753,desktop,2,3,2,1,17.5,9,0,0
/global/archives/18770,mobile,2,3,2,1,10,11,0,0
/global/archives/19078,tablet,2,2,1,2,0,6,0,0
/global/archives/2026,desktop,2,2,2,1,2,7,0,0
/global/archives/2293,desktop,2,2,2,1,5.5,9,0,0
/global/archives/303,desktop,2,2,2,1,11,8,0,0
/global/archives/3139,desktop,2,3,2,1,4.5,8,0,0
/global/archives/3197,desktop,2,3,2,1,5,10,0,0
/global/archives/3393,desktop,2,2,2,1,93,8,0,0
/global/archives/3473,desktop,2,2,2,1,9,11,0,0
/global/archives/3962,mobile,2,2,2,1,21.5,11,0,0
/global/archives/4086,desktop,2,1,1,2,0,6,0,0
/global/archives/4309,desktop,2,3,2,1,48.5,11,0,0
/global/archives/4360,desktop,2,2,2,1,136,9,0,0
/global/archives/4499,desktop,2,1,1,2,195,10,0,0
/global/archives/4518,desktop,2,2,2,1,22.5,6,0,0
/global/archives/4776,desktop,2,3,2,1,40.5,10,0,0
/global/archives/4793,desktop,2,2,2,1,26,9,0,0
/global/archives/6462,desktop,2,2,2,1,1,8,0,0
/global/archives/6517,desktop,2,2,2,1,46.5,9,0,0
/global/archives/6710,desktop,2,2,2,1,36,8,0,0
/global/archives/6760,desktop,2,3,2,1,6.5,12,0,0
/global/archives/7112,mobile,2,2,1,2,0,6,0,0
/global/archives/7476,desktop,2,3,2,1,32.5,10,0,0
/global/archives/7596,desktop,2,2,2,1,41,9,0,0
/global/archives/7761,mobile,2,2,2,1,0,8,0,0
/global/archives/8067,desktop,2,2,2,1,20,10,0,0
/global/archives/9191,desktop,2,2,2,1,15,6,0,0
/global/archives/9415,desktop,2,2,2,1,10,7,0,0
/global/archives/9668,mobile,2,2,2,1,25.5,10,0,0
/global/archives/9695,desktop,2,1,1,2,33,9,0,0
/global/archives/9740,mobile,2,2,2,1,25,8,0,0
/global/archives/9893,desktop,2,3,2,1,2.5,11,0,0
/global/archives/category/corporate/sk-energy,desktop,2,2,2,1,1.5,8,0,0
/global/archives/category/corporate/sk-innovation,desktop,2,1,1,2,32,7,0,0
/global/archives/category/corporates/sk-enmove,mobile,2,1,1,2,18,6,0,0
/global/archives/category/corporates/sk-rading-international,desktop,2,2,2,1,15.5,8,0,0
/global/archives/category/insight/expert-voice,desktop,2,1,1,2,11,7,0,0
/global/archives/category/people/sustainability,desktop,2,2,2,1,8,8,0,0
/global/archives/category/press-room/press-release,mobile,2,1,1,2,51,8,0,0
/global/archives/tag/1-4-butanediol,desktop,2,2,2,1,6,10,0,0
/global/archives/tag/australia,desktop,2,1,1,2,4,8,0,0
/global/archives/tag/g-15-ap-block,desktop,2,1,1,2,19,8,0,0
/global/archives/tag/green-bonds,desktop,2,1,1,2,1,8,0,0
/global/archives/tag/group-iii-base-oil,desktop,2,1,1,2,12,8,0,0
/global/archives/tag/ivancsa,desktop,2,1,1,2,14,10,0,0
/global/archives/tag/marine-innovation,desktop,2,3,1,2,0,7,0,0
/global/archives/tag/ncm9,desktop,2,2,2,1,4,10,0,0
/global/archives/tag/northvolt,desktop,2,2,2,1,1.5,10,0,0
/global/archives/tag/poland,desktop,2,2,2,1,4.5,10,0,0
/global/archives/tag/pouch-type-battery,mobile,2,1,1,2,15,8,0,0
/global/archives/tag/separator,desktop,2,1,1,2,22,7,0,0
/global/archives/tag/sk-gc-americas,desktop,2,2,2,1,16,12,0,0
/global/archives/tag/sk-primacor-europe,desktop,2,2,1,2,39,11,0,0
/global/archives/tag/ske,mobile,2,2,1,2,0,6,0,0
/global/archives/tag/skei-singapore,desktop,2,2,2,1,10.5,10,0,0
/global/archives/tag/skgc-japan,mobile,2,1,1,2,15,7,0,0
/global/archives/tag/skipc,desktop,2,3,2,1,6,12,0,0
/global/archives/tag/skti,desktop,2,2,2,1,2.5,11,0,0
/global/archives/tag/spain,desktop,2,1,1,2,3,9,0,0
/global/archives/tag/spinoff,desktop,2,3,2,1,1.5,10,0,0
/global/archives/tag/ulsan-clx,desktop,2,2,2,1,6,9,0,0
/global/archives/tag/ulsan-complex,desktop,2,2,2,1,16.5,10,0,0
/global/404,mobile,1,1,1,1,0,5,0,0
/global/archives/10133,mobile,1,1,1,1,20,5,0,0
/global/archives/10148,mobile,1,1,1,1,1,4,0,0
/global/archives/10478,mobile,1,1,1,1,5,5,0,0
/global/archives/10570,desktop,1,1,1,1,0,4,0,0
/global/archives/10610,desktop,1,1,1,1,0,3,0,0
/global/archives/10697,desktop,1,1,1,1,0,3,0,0
/global/archives/10872,desktop,1,2,1,1,0,6,0,0
/global/archives/10872,mobile,1,1,1,1,66,5,0,0
/global/archives/10913,mobile,1,1,1,1,16,5,0,0
/global/archives/10939,mobile,1,1,1,1,126,3,0,0
/global/archives/11037,desktop,1,2,1,1,550,7,0,0
/global/archives/11037,mobile,1,1,1,1,42,5,0,0
/global/archives/11147,desktop,1,1,1,1,74,5,0,0
/global/archives/11475,desktop,1,1,1,1,0,4,0,0
/global/archives/11527,desktop,1,1,1,1,0,4,0,0
/global/archives/11683,desktop,1,1,1,1,32,4,0,0
/global/archives/11756,desktop,1,2,1,1,34,4,0,0
/global/archives/11980,desktop,1,1,1,1,125,5,0,0
/global/archives/11992,desktop,1,1,1,1,0,4,0,0
/global/archives/12008,desktop,1,1,1,1,15,5,0,0
/global/archives/12044,mobile,1,1,1,1,0,4,0,0
/global/archives/12274/skee,mobile,1,1,1,1,2,5,0,0
/global/archives/12373,desktop,1,1,1,1,27,4,0,0
/global/archives/12471,desktop,1,1,1,1,25,4,0,0
/global/archives/12667,desktop,1,1,1,1,0,4,0,0
/global/archives/12823,desktop,1,2,1,1,1,7,0,0
/global/archives/12878,desktop,1,1,1,1,0,3,0,0
/global/archives/12891,desktop,1,2,1,1,0,5,0,0
/global/archives/13153,desktop,1,1,1,1,0,4,0,0
/global/archives/13211,mobile,1,1,1,1,8,5,0,0
/global/archives/13327,desktop,1,1,1,1,0,3,0,0
/global/archives/13437,desktop,1,2,1,1,0,6,0,0
/global/archives/13513,desktop,1,1,1,1,93,4,0,0
/global/archives/13795,desktop,1,1,1,1,11,5,0,0
/global/archives/13932,desktop,1,1,1,1,19,5,0,0
/global/archives/1399,desktop,1,1,1,1,48,5,0,0
/global/archives/1399,mobile,1,1,1,1,109,5,0,0
/global/archives/14030,desktop,1,1,1,1,20,4,0,0
/global/archives/14078,desktop,1,1,1,1,21,4,0,0
/global/archives/14083,desktop,1,1,1,1,0,3,0,0
/global/archives/14179,tablet,1,1,1,1,0,4,0,0
/global/archives/14226,desktop,1,1,1,1,3,5,0,0
/global/archives/14243,desktop,1,1,1,1,31,5,0,0
/global/archives/14264,desktop,1,1,1,1,3,4,0,0
/global/archives/14766,mobile,1,1,0,0,0,3,0,0
/global/archives/14770,desktop,1,1,1,1,41,5,0,0
/global/archives/1493,desktop,1,1,1,1,0,4,0,0
/global/archives/1493,mobile,1,1,1,1,0,4,0,0
/global/archives/15007,desktop,1,1,1,1,37,5,0,0
/global/archives/15067,desktop,1,1,1,1,58,4,0,0
/global/archives/15462,mobile,1,1,1,1,15,5,0,0
/global/archives/15592,desktop,1,1,1,1,0,3,0,0
/global/archives/15610,desktop,1,1,1,1,9,6,0,0
/global/archives/15623,desktop,1,1,1,1,14,5,0,0
/global/archives/15623,mobile,1,1,1,1,0,4,0,0
/global/archives/15638,desktop,1,2,1,1,0,5,0,0
/global/archives/15760,mobile,1,1,1,1,0,4,0,0
/global/archives/15840,mobile,1,2,1,1,0,6,0,0
/global/archives/15865,mobile,1,1,0,0,0,3,0,0
/global/archives/15937,mobile,1,1,0,0,0,3,0,0
/global/archives/16025,desktop,1,1,1,1,0,3,0,0
/global/archives/16187,desktop,1,1,1,1,64,6,0,0
/global/archives/16334,desktop,1,1,1,1,34,4,0,0
/global/archives/16532,mobile,1,1,1,1,9,4,0,0
/global/archives/16563,mobile,1,1,1,1,0,4,0,0
/global/archives/16613,desktop,1,1,1,1,2,5,0,0
/global/archives/16613,mobile,1,1,1,1,0,3,0,0
/global/archives/16719,mobile,1,1,1,1,0,4,0,0
/global/archives/16881,mobile,1,1,1,1,40,4,0,0
/global/archives/16952,desktop,1,1,1,1,7,5,0,0
/global/archives/17022,mobile,1,1,1,1,12,5,0,0
/global/archives/17169,mobile,1,1,1,1,0,4,0,0
/global/archives/1722,desktop,1,1,1,1,21,5,0,0
/global/archives/17356,mobile,1,1,1,1,175,5,0,0
/global/archives/17426,mobile,1,1,1,1,0,3,0,0
/global/archives/17569,mobile,1,1,1,1,0,3,0,0
/global/archives/17817,mobile,1,1,0,0,0,3,0,0
/global/archives/17950,desktop,1,1,1,1,0,2,0,0
/global/archives/18076,desktop,1,1,1,1,19,3,0,0
/global/archives/18208,desktop,1,1,1,1,112,3,0,0
/global/archives/18374,desktop,1,1,1,1,0,3,0,0
/global/archives/18571,mobile,1,1,1,1,428,5,0,0
/global/archives/18623,desktop,1,2,1,1,0,4,0,0
/global/archives/18639,mobile,1,1,1,1,0,4,0,0
/global/archives/19014,desktop,1,1,1,1,45,4,0,0
/global/archives/19095,mobile,1,1,1,1,3,4,0,0
/global/archives/19108,desktop,1,1,1,1,2,4,0,0
/global/archives/19154,mobile,1,1,1,1,0,4,0,0
/global/archives/1960,mobile,1,1,1,1,14,5,0,0
/global/archives/2241,desktop,1,1,1,1,40,5,0,0
/global/archives/2293,mobile,1,1,1,1,0,4,0,0
/global/archives/2329,desktop,1,1,1,1,39,5,0,0
/global/archives/2448,desktop,1,2,1,1,9,7,0,0
/global/archives/2490,desktop,1,1,1,1,0,3,0,0
/global/archives/255,desktop,1,1,1,1,34,5,0,0
/global/archives/255,mobile,1,1,1,1,80,6,0,0
/global/archives/2557,desktop,1,1,1,1,57,4,0,0
/global/archives/2568,desktop,1,1,1,1,4,4,0,0
/global/archives/2635,desktop,1,1,1,1,0,3,0,0
/global/archives/2701,desktop,1,1,1,1,0,3,0,0
/global/archives/2756,desktop,1,1,1,1,38,5,0,0
/global/archives/295,desktop,1,1,1,1,24,5,0,0
/global/archives/2962,desktop,1,1,1,1,10,4,0,0
/global/archives/3005,desktop,1,1,1,1,16,5,0,0
/global/archives/303,mobile,1,1,1,1,265,5,0,0
/global/archives/311,mobile,1,1,1,1,70,6,0,0
/global/archives/3393,mobile,1,1,1,1,0,4,0,0
/global/archives/349,desktop,1,1,1,1,50,5,0,0
/global/archives/3555,desktop,1,1,1,1,11,4,0,0
/global/archives/3820,mobile,1,1,1,1,0,4,0,0
/global/archives/3859,desktop,1,1,1,1,17,4,0,0
/global/archives/4077,desktop,1,1,1,1,0,3,0,0
/global/archives/4193,desktop,1,1,1,1,23,5,0,0
/global/archives/4499,mobile,1,1,1,1,53,5,0,0
/global/archives/4569,mobile,1,1,1,1,3,5,0,0
/global/archives/4585,desktop,1,1,1,1,0,4,0,0
/global/archives/4844,mobile,1,1,1,1,45,5,0,0
/global/archives/497,desktop,1,1,1,1,4,4,0,0
/global/archives/507,desktop,1,1,1,1,3,5,0,0
/global/archives/5129,desktop,1,1,1,1,25,6,0,0
/global/archives/5247,mobile,1,1,1,1,0,3,0,0
/global/archives/5404,desktop,1,1,1,1,4,3,0,0
/global/archives/5721,desktop,1,1,1,1,29,5,0,0
/global/archives/5772,desktop,1,2,1,1,17,7,0,0
/global/archives/5892,desktop,1,1,1,1,19,5,0,0
/global/archives/5944,desktop,1,1,1,1,0,4,0,0
/global/archives/5994,desktop,1,1,1,1,0,4,0,0
/global/archives/6119,mobile,1,1,1,1,0,4,0,0
/global/archives/6150,desktop,1,1,1,1,20,4,0,0
/global/archives/6150,mobile,1,1,1,1,43,5,0,0
/global/archives/6216,mobile,1,1,1,1,70,5,0,0
/global/archives/6253,desktop,1,2,1,1,0,6,0,0
/global/archives/6313,desktop,1,1,1,1,0,3,0,0
/global/archives/6377,desktop,1,1,1,1,54,4,0,0
/global/archives/6394,desktop,1,1,1,1,2,5,0,0
/global/archives/6658,desktop,1,1,1,1,30,5,0,0
/global/archives/6683,desktop,1,1,1,1,20,5,0,0
/global/archives/6734,desktop,1,1,1,1,0,3,0,0
/global/archives/6784,desktop,1,1,1,1,14,5,0,0
/global/archives/6998,mobile,1,1,1,1,39,6,0,0
/global/archives/7043,desktop,1,1,1,1,3,4,0,0
/global/archives/7177,desktop,1,1,1,1,25,5,0,0
/global/archives/7245,mobile,1,1,1,1,97,5,0,0
/global/archives/733,mobile,1,1,1,1,5,4,0,0
/global/archives/736,desktop,1,1,1,1,2,5,0,0
/global/archives/7379,desktop,1,1,1,1,36,6,0,0
/global/archives/7445,mobile,1,1,1,1,0,4,0,0
/global/archives/7476,mobile,1,1,1,1,12,3,0,0
/global/archives/7633,desktop,1,2,1,1,9,7,0,0
/global/archives/7784,mobile,1,1,1,1,187,4,0,0
/global/archives/7906,mobile,1,1,1,1,479,5,0,0
/global/archives/7961,tablet,1,1,1,1,59,5,0,0
/global/archives/8046,mobile,1,1,1,1,0,4,0,0
/global/archives/8087,desktop,1,1,1,1,9,5,0,0
/global/archives/8105,desktop,1,1,1,1,54,6,0,0
/global/archives/8152,mobile,1,1,1,1,22,4,0,0
/global/archives/8168,desktop,1,2,1,1,0,6,0,0
/global/archives/822,desktop,1,1,1,1,11,5,0,0
/global/archives/8255,desktop,1,1,1,1,0,3,0,0
/global/archives/831,mobile,1,1,1,1,47,5,0,0
/global/archives/8327,mobile,1,1,1,1,9,5,0,0
/global/archives/8360,desktop,1,1,1,1,9,5,0,0
/global/archives/8400,desktop,1,1,1,1,7,5,0,0
/global/archives/8463,desktop,1,1,1,1,0,3,0,0
/global/archives/878,desktop,1,1,1,1,17,4,0,0
/global/archives/8846,desktop,1,1,1,1,28,5,0,0
/global/archives/8972,desktop,1,2,1,1,0,6,0,0
/global/archives/9096,desktop,1,2,1,1,0,6,0,0
/global/archives/9236,mobile,1,1,1,1,0,5,0,0
/global/archives/9264,mobile,1,1,1,1,19,3,0,0
/global/archives/9616,desktop,1,1,1,1,112,5,0,0
/global/archives/9695,mobile,1,1,1,1,13,5,0,0
/global/archives/9770,mobile,1,1,1,1,0,4,0,0
/global/archives/9951,desktop,1,1,1,1,22,6,0,0
/global/archives/category/corporates/sk-incheon-petrochem,desktop,1,1,1,1,21,4,0,0
/global/archives/category/corporates/sk-innovation,mobile,1,1,1,1,12,4,0,0
/global/archives/category/insight/expert-voice,mobile,1,1,1,1,2,3,0,0
/global/archives/category/people/ceo-leaders,mobile,1,1,1,1,63,4,0,0
/global/archives/category/people/onsite-report,desktop,1,1,1,1,20,4,0,0
/global/archives/category/people/onsite-report,mobile,1,1,1,1,20,4,0,0
/global/archives/category/press-room,mobile,1,1,1,1,35,3,0,0
/global/archives/tag/ai,desktop,1,1,1,1,3,4,0,0
/global/archives/tag/arc,desktop,1,1,1,1,2,5,0,0
/global/archives/tag/aviation-fuel,desktop,1,1,1,1,12,3,0,0
/global/archives/tag/award,desktop,1,1,1,1,0,4,0,0
/global/archives/tag/baas,desktop,1,1,1,1,1,5,0,0
/global/archives/tag/best-oil-company,desktop,1,1,1,1,6,4,0,0
/global/archives/tag/canada,desktop,1,1,1,1,24,6,0,0
/global/archives/tag/cathode,mobile,1,1,1,1,0,3,0,0
/global/archives/tag/cdp,desktop,1,1,1,1,4,2,0,0
/global/archives/tag/changzhou,desktop,1,1,1,1,55,5,0,0
/global/archives/tag/deep-change,desktop,1,1,1,1,26,4,0,0
/global/archives/tag/doosan,desktop,1,1,1,1,3,4,0,0
/global/archives/tag/ecopro-bm,desktop,1,1,1,1,11,6,0,0
/global/archives/tag/ek-energy,desktop,1,1,1,1,2,5,0,0
/global/archives/tag/electric-vehicle-industry,desktop,1,1,1,1,0,3,0,0
/global/archives/tag/energy-super-station,desktop,1,1,1,1,18,4,0,0
/global/archives/tag/envirun-for-the-earth,desktop,1,1,1,1,10,4,0,0
/global/archives/tag/f-150-lightning,desktop,1,1,1,1,4,4,0,0
/global/archives/tag/financial-results,desktop,1,1,1,1,11,4,0,0
/global/archives/tag/fuel-cells,desktop,1,1,1,1,0,4,0,0
/global/archives/tag/fulcrum-bioenergy,desktop,1,1,1,1,6,5,0,0
/global/archives/tag/germany,desktop,1,1,1,1,5,5,0,0
/global/archives/tag/germany,mobile,1,1,1,1,0,4,0,0
/global/archives/tag/grc,desktop,1,2,0,0,0,5,0,0
/global/archives/tag/gs-energy,mobile,1,1,1,1,9,6,0,0
/global/archives/tag/hyundai-mobis,desktop,1,1,1,1,8,6,0,0
/global/archives/tag/iscc,desktop,1,1,1,1,4,5,0,0
/global/archives/tag/iscc,mobile,1,1,1,1,75,6,0,0
/global/archives/tag/ketapu-cluster,desktop,1,1,1,1,6,5,0,0
/global/archives/tag/loop,desktop,1,1,1,1,5,4,0,0
/global/archives/tag/northvolt,mobile,1,1,1,1,2,5,0,0
/global/archives/tag/patra-sk,desktop,1,1,1,1,3,5,0,0
/global/archives/tag/pbat,desktop,1,2,1,1,0,6,0,0
/global/archives/tag/pcr,desktop,1,1,1,1,9,5,0,0
/global/archives/tag/poe,desktop,1,1,1,1,32,6,0,0
/global/archives/tag/poland,mobile,1,1,1,1,3,5,0,0
/global/archives/tag/polycarbonate,desktop,1,1,1,1,2,5,0,0
/global/archives/tag/russia,desktop,1,1,1,1,4,3,0,0
/global/archives/tag/secondary-battery,desktop,1,1,1,1,0,4,0,0
/global/archives/tag/shepherd-ccs-project,desktop,1,2,1,1,0,6,0,0
/global/archives/tag/sinopec,desktop,1,1,1,1,17,4,0,0
/global/archives/tag/sk-enmove,desktop,1,1,1,1,4,4,0,0
/global/archives/tag/sk-geo-centric,desktop,1,1,1,1,0,2,0,0
/global/archives/tag/sk-hi-tech-battery-materials,desktop,1,2,1,1,4,7,0,0
/global/archives/tag/sk-incheon-petrochem,desktop,1,1,1,1,0,3,0,0
/global/archives/tag/sk-primacor-americas,desktop,1,1,1,1,0,4,0,0
/global/archives/tag/skbh,desktop,1,1,1,1,6,3,0,0
/global/archives/tag/skei,mobile,1,1,1,1,0,4,0,0
/global/archives/tag/skei-singapore,mobile,1,1,1,1,5,5,0,0
/global/archives/tag/sken,desktop,1,1,1,1,20,6,0,0
/global/archives/tag/sken,mobile,1,1,1,1,47,6,0,0
/global/archives/tag/skeo,desktop,1,2,1,1,21,7,0,0
/global/archives/tag/skeo,mobile,1,1,1,1,0,4,0,0
/global/archives/tag/skgc-shanghai,desktop,1,1,1,1,0,5,0,0
/global/archives/tag/skiet,mobile,1,1,1,1,0,3,0,0
/global/archives/tag/social-value,desktop,1,1,1,1,0,3,0,0
/global/archives/tag/turkey,desktop,1,1,1,1,0,4,0,0
/global/archives/tag/vwbe,mobile,1,1,1,1,8,5,0,0
/global/archives/tag/z-folding,desktop,1,1,1,1,8,4,0,0
/global/archives/tag/zhejiang-satellite-petrochemical,desktop,1,1,1,1,15,5,0,0
/global/archives/tag/zic,desktop,1,1,1,1,16,3,0,0
/global/latestnews,mobile,1,1,1,1,0,4,0,0
/global/legal-notices,desktop,1,1,1,1,12,5,0,0
/global/privacy-policy,desktop,1,1,1,1,0,3,0,0
/global/sigin,desktop,1,1,1,1,2,4,0,0
/global/terms-and-conditions,desktop,1,1,1,1,0,4,0,0
/global/who-we-are,mobile,1,1,1,1,31,6,0,0
/global/archives/733,desktop,0,1,0,0,0,2,0,0
/global/archives/7906,desktop,0,1,0,0,0,2,0,0
/global/archives/tag/sk-energy,desktop,0,1,0,0,0,2,0,0