# ----------------------------------------
# 보고서 CSV 내보내기
# 계정: skinno global
# 속성: skinno 글로벌 - GA4
# ----------------------------------------
# 
# 모든 사용자
# 시작일: 20241014
# 종료일: 20241020
페이지 경로 및 화면 클래스,세션 소스,조회수,세션수,활성 사용자,활성 사용자당 조회수,활성 사용자당 평균 참여 시간,이벤트 수,주요 이벤트,총 수익
/global/archives/19179,google,246,209,162,1.5185185185185186,5.351851851851852,919,0,0
/global/archives/19179,(direct),233,231,225,1.0355555555555556,2.16,865,0,0
/global/latestnews,(direct),118,118,90,1.3111111111111111,19.011111111111113,420,0,0
/global/,(direct),72,62,57,1.263157894736842,5.859649122807017,348,0,0
/global/archives/18546,google,51,60,43,1.186046511627907,60.06976744186046,224,0,0
/global/archives/category/press-room/financial-results,google,49,27,23,2.130434782608696,32.21739130434783,196,0,0
/global/archives/17426,google,47,34,30,1.5666666666666667,80.03333333333333,197,0,0
/global/,google,45,37,33,1.3636363636363635,12.636363636363637,196,0,0
/global/archives/18107,google,39,39,33,1.1818181818181819,90.36363636363636,177,0,0
/global/archives/19078,google,39,39,28,1.3928571428571428,59.892857142857146,170,0,0
/pagead/aclk,google,39,31,31,1.2580645161290323,0,134,0,0
/global/archives/19045,google,30,30,23,1.3043478260869565,41.391304347826086,130,0,0
/global/,linkedin.com,27,21,5,5.4,22.2,131,0,0
/global/archives/18770,google,22,16,12,1.8333333333333333,58.583333333333336,85,0,0
/global/archives/18546,(direct),21,22,16,1.3125,47.625,83,0,0
/global/archives/18608,google,21,22,17,1.2352941176470589,33.1764705882353,97,0,0
/global/,skinnovation.com,19,18,13,1.4615384615384615,36.84615384615385,86,0,0
/global/archives/19078,(direct),19,15,14,1.3571428571428572,10.214285714285714,72,0,0
/global/archives/19230,google,18,15,10,1.8,28.3,81,0,0
/global/archives/15490,google,17,17,14,1.2142857142857142,50.5,75,0,0
/global/archives/19230,(direct),17,13,13,1.3076923076923077,20,64,0,0
/global/archives/category/press-room/press-release,(direct),17,15,7,2.4285714285714284,119.71428571428571,62,0,0
/global/archives/17595,google,15,15,10,1.5,41.6,63,0,0
/global/archives/18445,google,15,16,11,1.3636363636363635,44.18181818181818,73,0,0
/global/archives/category/corporates/sk-on,google,15,12,11,1.3636363636363635,25.727272727272727,56,0,0
/global/archives/15865,google,14,10,3,4.666666666666667,53.666666666666664,46,0,0
/global/archives/16376,google,14,14,6,2.3333333333333335,27.666666666666668,50,0,0
/global/archives/17623,google,14,15,13,1.0769230769230769,96.61538461538461,67,0,0
/global/archives/4921,google,14,13,12,1.1666666666666667,30.166666666666668,60,0,0
/global/archives/category/corporates,google,14,9,8,1.75,14.875,56,0,0
/global/archives/category/press-room,google,14,13,9,1.5555555555555556,9.666666666666666,54,0,0
/global/archives/category/press-room/press-release,google,13,11,11,1.1818181818181819,14.636363636363637,50,0,0
/global/archives/category/press-room/press-release,skinnovation.com,13,6,5,2.6,32.4,47,0,0
/global/archives/tag/sko,google,13,12,10,1.3,15,65,0,0
/global/archives/10774,google,12,11,10,1.2,50.3,58,0,0
/global/archives/13780,google,12,13,10,1.2,54.3,58,0,0
/global/archives/16463,google,12,12,11,1.0909090909090908,30.181818181818183,55,0,0
/global/archives/9910,google,12,13,10,1.2,16.8,51,0,0
/global/archives/category/press-room,(direct),12,10,7,1.7142857142857142,13.714285714285714,41,0,0
/global/archives/12950,(direct),11,14,13,0.8461538461538461,10.076923076923077,39,0,0
/global/archives/14634,google,11,11,8,1.375,74.5,51,0,0
/global/archives/19230,ozmailer.com,11,7,5,2.2,1.8,35,0,0
/global/archives/6216,google,11,10,9,1.2222222222222223,76.33333333333333,55,0,0
/global/archives/category/corporates,skinnovation.com,11,3,2,5.5,53.5,45,0,0
/global/archives/17737,google,10,11,9,1.1111111111111112,21.11111111111111,46,0,0
/global/archives/19179,bing,10,3,2,5,44.5,31,0,0
/global/archives/3820,google,10,11,8,1.25,19.625,43,0,0
/global/archives/4612,bing,10,1,1,10,105,37,0,0
/global/archives/7445,emobilitypoland.sharepoint.com,10,1,1,10,107,40,0,0
/global/archives/category/corporates/sk-innovation,google,10,9,9,1.1111111111111112,16,40,0,0
/global/archives/15374,google,9,11,7,1.2857142857142858,7.142857142857143,38,0,0
/global/archives/15664,google,9,9,8,1.125,33.875,41,0,0
/global/archives/17499,google,9,10,9,1,39.22222222222222,45,0,0
/global/archives/19078,bing,9,4,3,3,5,28,0,0
/global/archives/19154,google,9,8,8,1.125,23.625,39,0,0
/global/archives/19230,linkedin.com,9,9,6,1.5,21.833333333333332,40,0,0
/global/archives/9740,google,9,9,9,1,9.444444444444445,39,0,0
/global/archives/12022,google,8,7,7,1.1428571428571428,13.714285714285714,38,0,0
/global/archives/14491,google,8,7,6,1.3333333333333333,54.5,32,0,0
/global/archives/15664,bing,8,3,1,8,753,22,0,0
/global/archives/15687,google,8,6,5,1.6,16.8,35,0,0
/global/archives/17047,google,8,6,5,1.6,114,38,0,0
/global/archives/17216,google,8,8,7,1.1428571428571428,125.71428571428571,36,0,0
/global/archives/17446,(direct),8,9,9,0.8888888888888888,11.777777777777779,29,0,0
/global/archives/17476,google,8,8,8,1,43.5,39,0,0
/global/archives/17514,google,8,7,6,1.3333333333333333,39.5,35,0,0
/global/archives/18283,(direct),8,6,4,2,49,31,0,0
/global/archives/18301,google,8,8,8,1,69.875,37,0,0
/global/archives/category/people,google,8,6,4,2,33,31,0,0
/global/,eng.sk-on.com,7,4,3,2.3333333333333335,50.666666666666664,40,0,0
/global/archives/10913,google,7,9,5,1.4,20,35,0,0
/global/archives/12274/skee,google,7,6,6,1.1666666666666667,7.666666666666667,32,0,0
/global/archives/14688,google,7,5,5,1.4,32.2,30,0,0
/global/archives/14766,google,7,8,5,1.4,22.8,26,0,0
/global/archives/15204,google,7,6,6,1.1666666666666667,14,30,0,0
/global/archives/15409,google,7,10,4,1.75,92,29,0,0
/global/archives/15985,(direct),7,6,6,1.1666666666666667,18.833333333333332,30,0,0
/global/archives/16493,google,7,7,7,1,30.714285714285715,33,0,0
/global/archives/16834,google,7,6,6,1.1666666666666667,31.666666666666668,31,0,0
/global/archives/17426,(direct),7,5,3,2.3333333333333335,38.333333333333336,28,0,0
/global/archives/18388,(direct),7,7,3,2.3333333333333335,0,24,0,0
/global/archives/19045,bing,7,9,6,1.1666666666666667,24.5,29,0,0
/global/archives/19149,google,7,9,6,1.1666666666666667,31.666666666666668,26,0,0
/global/archives/4751,google,7,5,5,1.4,32.4,30,0,0
/global/archives/6216,(direct),7,8,6,1.1666666666666667,155.5,33,0,0
/global/archives/7919,google,7,6,3,2.3333333333333335,79.66666666666667,25,0,0
/global/archives/category/people,(direct),7,10,8,0.875,12.125,32,0,0
/global/archives/category/press-room/financial-results,(direct),7,5,4,1.75,17,22,0,0
/global/who-we-are,google,7,7,7,1,10.857142857142858,34,0,0
/global/archives/10654,google,6,3,3,2,112.66666666666667,26,0,0
/global/archives/11087,google,6,7,6,1,27.166666666666668,32,0,0
/global/archives/11807,google,6,8,5,1.2,37,32,0,0
/global/archives/12147,google,6,6,6,1,11.333333333333334,29,0,0
/global/archives/12306,google,6,5,5,1.2,27.6,28,0,0
/global/archives/13130,chatgpt.com,6,3,1,6,0,19,0,0
/global/archives/15937,google,6,8,3,2,44,26,0,0
/global/archives/16154,google,6,7,4,1.5,1.25,27,0,0
/global/archives/18065,google,6,5,4,1.5,59.25,21,0,0
/global/archives/18332,google,6,6,5,1.2,36.6,29,0,0
/global/archives/19045,(direct),6,8,6,1,5.5,30,0,0
/global/archives/19149,(direct),6,5,5,1.2,37.6,21,0,0
/global/archives/489,google,6,7,6,1,13,29,0,0
/global/archives/6253,google,6,6,4,1.5,93.75,26,0,0
/global/archives/822,google,6,5,5,1.2,48.2,27,0,0
/global/archives/category/corporates/sk-enmove,google,6,5,4,1.5,21,22,0,0
/global/archives/tag/lithium-ion-battery,google,6,5,5,1.2,11.8,25,0,0
/global/latestnews,google,6,6,5,1.2,12,26,0,0
/global/latestnews,linkedin.com,6,10,1,6,16,28,0,0
/global/,bing,5,4,4,1.25,46.75,701,0,0
/global/archives/10774,(direct),5,6,5,1,30,26,0,0
/global/archives/10939,google,5,6,5,1,28.6,23,0,0
/global/archives/11004,(direct),5,4,4,1.25,6.25,21,0,0
/global/archives/12036,google,5,4,3,1.6666666666666667,53,20,0,0
/global/archives/12106,google,5,4,4,1.25,28.5,21,0,0
/global/archives/12220,google,5,3,1,5,137,19,0,0
/global/archives/13595,google,5,4,4,1.25,34.25,21,0,0
/global/archives/14309,(direct),5,5,5,1,0,20,0,0
/global/archives/15490,(direct),5,5,5,1,11.2,24,0,0
/global/archives/15985,google,5,5,4,1.25,6.5,22,0,0
/global/archives/16480,google,5,5,3,1.6666666666666667,40,19,0,0
/global/archives/16719,google,5,6,5,1,66.8,21,0,0
/global/archives/17216,(direct),5,4,4,1.25,15.25,18,0,0
/global/archives/17356,google,5,6,5,1,51,21,0,0
/global/archives/17386,google,5,5,5,1,24.4,24,0,0
/global/archives/17426,chatgpt.com,5,3,2,2.5,56,20,0,0
/global/archives/17426,skinnovation.com,5,5,1,5,42,18,0,0
/global/archives/17499,(direct),5,5,5,1,59.4,21,0,0
/global/archives/17569,google,5,6,4,1.25,64.5,26,0,0
/global/archives/17990,google,5,6,5,1,22.6,26,0,0
/global/archives/19179,statics.teams.cdn.office.net,5,4,2,2.5,15,17,0,0
/global/archives/19251,(direct),5,5,5,1,22,19,0,0
/global/archives/253,google,5,4,4,1.25,45.5,21,0,0
/global/archives/3962,google,5,8,5,1,5,27,0,0
/global/archives/6253,(direct),5,4,3,1.6666666666666667,24.333333333333332,19,0,0
/global/archives/6807,(not set),5,1,1,5,35,17,0,0
/global/archives/7302,google,5,5,4,1.25,20.25,19,0,0
/global/archives/7445,google,5,4,4,1.25,8.75,21,0,0
/global/archives/7784,google,5,5,3,1.6666666666666667,119,24,0,0
/global/archives/category/corporates/sk-energy,google,5,5,5,1,5.2,15,0,0
/global/archives/category/corporates/sk-geo-centric,google,5,6,5,1,4.6,21,0,0
/global/archives/category/insight,(direct),5,6,6,0.8333333333333334,11.333333333333334,19,0,0
/global/archives/1058,google,4,5,4,1,35.5,22,0,0
/global/archives/10767,(direct),4,5,4,1,7.5,20,0,0
/global/archives/11004,google,4,3,2,2,34.5,16,0,0
/global/archives/14193,google,4,4,4,1,14,20,0,0
/global/archives/14491,(direct),4,5,4,1,51.5,21,0,0
/global/archives/15374,(direct),4,4,4,1,176.5,18,0,0
/global/archives/15760,google,4,5,4,1,12.25,21,0,0
/global/archives/16286,(direct),4,4,4,1,0,16,0,0
/global/archives/16376,(direct),4,5,5,0.8,6.2,18,0,0
/global/archives/16405,google,4,5,4,1,15.25,20,0,0
/global/archives/16493,(direct),4,4,4,1,1,16,0,0
/global/archives/16787,(direct),4,4,2,2,0,13,0,0
/global/archives/17022,google,4,4,4,1,11.5,20,0,0
/global/archives/17446,google,4,3,3,1.3333333333333333,46.666666666666664,17,0,0
/global/archives/17460,google,4,4,3,1.3333333333333333,6.666666666666667,17,0,0
/global/archives/18022,google,4,3,3,1.3333333333333333,31.666666666666668,18,0,0
/global/archives/18388,google,4,4,4,1,17.5,17,0,0
/global/archives/18659,google,4,3,3,1.3333333333333333,37.666666666666664,18,0,0
/global/archives/19202,google,4,4,3,1.3333333333333333,15.333333333333334,15,0,0
/global/archives/2280,duckduckgo,4,1,1,4,122,17,0,0
/global/archives/4612,(direct),4,4,4,1,8,17,0,0
/global/archives/4612,google,4,6,3,1.3333333333333333,27.666666666666668,21,0,0
/global/archives/489,(direct),4,2,2,2,0.5,12,0,0
/global/archives/7245,google,4,3,3,1.3333333333333333,72.66666666666667,19,0,0
/global/archives/7292,google,4,2,2,2,9.5,16,0,0
/global/archives/7761,google,4,5,3,1.3333333333333333,6.333333333333333,20,0,0
/global/archives/7870,chatgpt.com,4,4,1,4,23,16,0,0
/global/archives/7961,google,4,4,4,1,22.25,16,0,0
/global/archives/8152,google,4,4,4,1,15,16,0,0
/global/archives/category/corporate/sk-enmove,skenmove.com,4,5,4,1,27.25,22,0,0
/global/archives/category/corporate/sk-ie-technology,eng.skietechnology.com,4,2,2,2,29.5,17,0,0
/global/archives/category/corporates/sk-enterm,google,4,3,2,2,17.5,18,0,0
/global/archives/category/corporates/sk-innovation,skinnovation.com,4,4,4,1,4.5,15,0,0
/global/archives/tag/europe,google,4,4,2,2,7.5,17,0,0
/global/archives/tag/pouch-type-battery,google,4,3,3,1.3333333333333333,6.666666666666667,15,0,0
/global/archives/tag/sinopec-sk-wuhan-petrochemical,google,4,4,3,1.3333333333333333,14,21,0,0
/global/,chatgpt.com,3,2,2,1.5,7,11,0,0
/global/archives/10133,google,3,3,3,1,8.333333333333334,13,0,0
/global/archives/11087,skenergy.com,3,3,3,1,24,14,0,0
/global/archives/11161,google,3,1,1,3,35,12,0,0
/global/archives/11400,(direct),3,3,1,3,0,7,0,0
/global/archives/12106,bing,3,5,1,3,0,13,0,0
/global/archives/12667,google,3,3,3,1,5.333333333333333,13,0,0
/global/archives/13130,(direct),3,3,3,1,0,12,0,0
/global/archives/13780,(direct),3,3,3,1,16.666666666666668,14,0,0
/global/archives/14049,google,3,3,1,3,0,10,0,0
/global/archives/14788,google,3,3,3,1,9,12,0,0
/global/archives/15259,(direct),3,3,3,1,0,12,0,0
/global/archives/15374,eng.skearthon.com,3,5,2,1.5,1,11,0,0
/global/archives/15374,skenergy.com,3,3,3,1,94,15,0,0
/global/archives/15462,google,3,3,3,1,16,13,0,0
/global/archives/15610,google,3,3,3,1,13.333333333333334,16,0,0
/global/archives/16286,google,3,3,3,1,7.333333333333333,12,0,0
/global/archives/16376,chatgpt.com,3,3,1,3,34,12,0,0
/global/archives/16448,google,3,2,2,1.5,11,15,0,0
/global/archives/16532,google,3,3,3,1,41.333333333333336,14,0,0
/global/archives/16881,google,3,2,2,1.5,25,13,0,0
/global/archives/16939,google,3,3,2,1.5,26,12,0,0
/global/archives/17169,google,3,4,3,1,425,12,0,0
/global/archives/17356,chatgpt.com,3,3,1,3,30,13,0,0
/global/archives/17623,(direct),3,3,3,1,63.333333333333336,15,0,0
/global/archives/17697,google,3,4,3,1,27.333333333333332,16,0,0
/global/archives/17817,google,3,2,1,3,66,11,0,0
/global/archives/17978,google,3,3,3,1,21.666666666666668,14,0,0
/global/archives/18022,(direct),3,3,3,1,52,14,0,0
/global/archives/18140,google,3,3,1,3,24,10,0,0
/global/archives/18140,greenproduction.co.jp,3,1,1,3,42,10,0,0
/global/archives/18283,google,3,3,3,1,10.666666666666666,13,0,0
/global/archives/18500,(direct),3,2,1,3,0,10,0,0
/global/archives/18546,bing,3,5,2,1.5,22.5,17,0,0
/global/archives/18571,google,3,4,3,1,153.33333333333334,16,0,0
/global/archives/18639,google,3,3,3,1,6.333333333333333,15,0,0
/global/archives/18659,(direct),3,3,3,1,0,12,0,0
/global/archives/18743,google,3,3,3,1,105.33333333333333,13,0,0
/global/archives/18770,skinnovation.com,3,4,3,1,23.333333333333332,12,0,0
/global/archives/18989,google,3,4,3,1,67,16,0,0
/global/archives/18989,linkedin.com,3,4,1,3,0,11,0,0
/global/archives/19045,chat.zalo.me,3,3,1,3,0,8,0,0
/global/archives/19128,google,3,3,2,1.5,33.5,12,0,0
/global/archives/19149,skinnovation.com,3,3,3,1,61,10,0,0
/global/archives/19179,skinnovation.com,3,4,3,1,11.666666666666666,13,0,0
/global/archives/19202,(direct),3,3,3,1,19.666666666666668,12,0,0
/global/archives/3123,google,3,2,1,3,23,11,0,0
/global/archives/3304,(direct),3,3,3,1,1,12,0,0
/global/archives/3709,google,3,3,3,1,19.666666666666668,14,0,0
/global/archives/3820,bing,3,2,1,3,0,10,0,0
/global/archives/4308,google,3,4,2,1.5,0,12,0,0
/global/archives/4499,google,3,2,2,1.5,124,15,0,0
/global/archives/5234,google,3,3,2,1.5,53,14,0,0
/global/archives/6090,google,3,4,3,1,11.333333333333334,13,0,0
/global/archives/6343,google,3,3,3,1,48.666666666666664,16,0,0
/global/archives/6377,google,3,2,2,1.5,55,14,0,0
/global/archives/6807,(direct),3,4,4,0.75,0,13,0,0
/global/archives/7710,google,3,2,2,1.5,48,13,0,0
/global/archives/7740,bing,3,2,2,1.5,40.5,14,0,0
/global/archives/8327,google,3,3,3,1,20.666666666666668,15,0,0
/global/archives/8383,google,3,2,2,1.5,21,10,0,0
/global/archives/9493,google,3,3,3,1,2,14,0,0
/global/archives/9910,(direct),3,3,3,1,12,15,0,0
/global/archives/9910,bing,3,3,3,1,17,11,0,0
/global/archives/category/corporates/sk-earthon,eng.skearthon.com,3,5,2,1.5,32,14,0,0
/global/archives/category/corporates/sk-earthon,google,3,3,3,1,5.666666666666667,11,0,0
/global/archives/category/corporates/sk-enmove,(direct),3,3,2,1.5,1.5,9,0,0
/global/archives/category/corporates/sk-enmove,linkedin.com,3,2,2,1.5,8,11,0,0
/global/archives/category/corporates/sk-ie-technology,skinnovation.com,3,1,1,3,162,12,0,0
/global/archives/category/insight,google,3,3,3,1,6,11,0,0
/global/archives/category/insight,skinnovation.com,3,1,1,3,57,12,0,0
/global/archives/category/people/inno-people,google,3,4,3,1,4.333333333333333,13,0,0
/global/archives/category/press-room,skinnovation.com,3,3,3,1,15.333333333333334,10,0,0
/global/archives/category/press-room/issue-fact,google,3,3,3,1,7,11,0,0
/global/archives/tag/northvolt,google,3,3,3,1,1.6666666666666667,15,0,0
/global/archives/tag/poland,google,3,3,3,1,4,15,0,0
/global/archives/tag/sk-global-chemical,google,3,2,2,1.5,8.5,12,0,0
/global/archives/tag/sk-hi-tech-battery-materials-poland,google,3,2,2,1.5,5.5,10,0,0
/global/archives/tag/sk-lubricants,google,3,1,1,3,103,12,0,0
/global/archives/tag/skei-singapore,google,3,3,3,1,8.666666666666666,15,0,0
/global/archives/tag/skgca,google,3,2,2,1.5,4.5,14,0,0
/global/archives/tag/ulsan-complex,(direct),3,1,1,3,17,13,0,0
/global/archives/tag/ulsan-complex,google,3,3,3,1,16.333333333333332,15,0,0
/global/sustainability-report,google,3,3,2,1.5,8.5,16,0,0
/global/,chn.sk-on.com,2,2,2,1,3,10,0,0
/global/,eng.skearthon.com,2,2,2,1,24.5,9,0,0
/global/archives/10478,google,2,2,2,1,22,9,0,0
/global/archives/10767,google,2,3,2,1,2,10,0,0
/global/archives/10842,google,2,2,2,1,1.5,8,0,0
/global/archives/10872,google,2,3,2,1,33,11,0,0
/global/archives/10939,(direct),2,1,1,2,0,7,0,0
/global/archives/10985,google,2,3,2,1,2.5,11,0,0
/global/archives/11037,skenergy.com,2,3,2,1,296,12,0,0
/global/archives/11087,bing,2,2,2,1,13,9,0,0
/global/archives/11400,google,2,3,2,1,5.5,10,0,0
/global/archives/11486,google,2,2,2,1,48.5,8,0,0
/global/archives/11537,google,2,4,2,1,2,11,0,0
/global/archives/11596,(direct),2,1,1,2,4,5,0,0
/global/archives/11807,chatgpt.com,2,1,1,2,48,9,0,0
/global/archives/12072,bing,2,1,1,2,6,7,0,0
/global/archives/12106,(direct),2,2,2,1,2.5,8,0,0
/global/archives/12190,google,2,2,2,1,59,8,0,0
/global/archives/12610,google,2,2,2,1,8,9,0,0
/global/archives/12617,google,2,1,1,2,3,9,0,0
/global/archives/13036,google,2,2,2,1,17,10,0,0
/global/archives/13329,google,2,2,2,1,11,6,0,0
/global/archives/13521,google,2,2,2,1,2.5,10,0,0
/global/archives/13850,(direct),2,2,2,1,0,8,0,0
/global/archives/14146,google,2,2,2,1,16,9,0,0
/global/archives/14179,google,2,2,2,1,33,9,0,0
/global/archives/14354,google,2,2,2,1,0,7,0,0
/global/archives/14400,google,2,2,2,1,28,9,0,0
/global/archives/14493,google,2,2,0,0,0,6,0,0
/global/archives/14740,(direct),2,2,2,1,0,8,0,0
/global/archives/1493,google,2,2,2,1,0,8,0,0
/global/archives/1521,google,2,3,2,1,20.5,12,0,0
/global/archives/15259,google,2,2,2,1,7.5,6,0,0
/global/archives/15574,google,2,2,2,1,8,10,0,0
/global/archives/15664,(direct),2,2,2,1,34.5,11,0,0
/global/archives/15687,linkedin.com,2,2,2,1,8.5,7,0,0
/global/archives/15687,skenmove.com,2,2,2,1,118.5,11,0,0
/global/archives/16060,google,2,2,1,2,23,8,0,0
/global/archives/16131,google,2,2,2,1,16.5,8,0,0
/global/archives/16154,(direct),2,2,1,2,0,7,0,0
/global/archives/16169,google,2,2,2,1,9,8,0,0
/global/archives/16532,eng.skearthon.com,2,4,1,2,12,9,0,0
/global/archives/16583,google,2,2,2,1,3,7,0,0
/global/archives/16613,(direct),2,2,2,1,1,8,0,0
/global/archives/17047/4-sk이노베이션_ces2024_sk원더랜드_sk-wonderland_판타스틱아일랜드_ai-포-2,google,2,2,1,2,17,9,0,0
/global/archives/17313,skenmove.com,2,2,2,1,58.5,6,0,0
/global/archives/17356,skenmove.com,2,3,2,1,42.5,12,0,0
/global/archives/17426,bing,2,2,2,1,12,9,0,0
/global/archives/17569,skenmove.com,2,2,2,1,17.5,8,0,0
/global/archives/17595,(direct),2,2,2,1,0.5,8,0,0
/global/archives/17737,linkedin.com,2,2,1,2,0,8,0,0
/global/archives/17796,google,2,1,1,2,24,8,0,0
/global/archives/17817,(direct),2,2,2,1,0,8,0,0
/global/archives/17893,google,2,3,2,1,13,12,0,0
/global/archives/17965,google,2,2,2,1,16.5,10,0,0
/global/archives/17989,google,2,2,2,1,19,10,0,0
/global/archives/18065,(direct),2,2,2,1,0,7,0,0
/global/archives/18140,(direct),2,2,1,2,0,7,0,0
/global/archives/18167,google,2,3,2,1,12.5,9,0,0
/global/archives/18361,(direct),2,2,2,1,0,8,0,0
/global/archives/18361,google,2,3,2,1,1,11,0,0
/global/archives/18388,linkedin.com,2,3,2,1,4,7,0,0
/global/archives/18388,skinnovation.com,2,1,1,2,29,9,0,0
/global/archives/18436,(direct),2,2,2,1,8.5,8,0,0
/global/archives/18436,bing,2,2,2,1,1.5,7,0,0
/global/archives/18436,google,2,4,2,1,0,12,0,0
/global/archives/18436,skinnovation.com,2,3,3,0.6666666666666666,24,13,0,0
/global/archives/18445,(direct),2,2,2,1,451,11,0,0
/global/archives/18445,skinnovation.com,2,2,2,1,167,11,0,0
/global/archives/18546,zalo,2,2,1,2,9,10,0,0
/global/archives/18608,(direct),2,2,2,1,7,7,0,0
/global/archives/18659,eng.skearthon.com,2,3,1,2,628,8,0,0
/global/archives/18695,linkedin.com,2,1,1,2,16,7,0,0
/global/archives/18708,(direct),2,2,2,1,119.5,7,0,0
/global/archives/18708,google,2,2,2,1,28,7,0,0
/global/archives/18753,skinnovation.com,2,3,2,1,17.5,9,0,0
/global/archives/18770,(direct),2,2,2,1,2,8,0,0
/global/archives/19045,linkedin.com,2,2,1,2,0,7,0,0
/global/archives/19078,skinnovation.com,2,2,2,1,19,8,0,0
/global/archives/19149,digimind-evolution.com,2,1,1,2,22,8,0,0
/global/archives/19154,(direct),2,2,2,1,0,8,0,0
/global/archives/19179,(not set),2,1,1,2,0,3,0,0
/global/archives/19179,linkedin.com,2,2,2,1,14,5,0,0
/global/archives/19202,skinnovation.com,2,2,2,1,212,7,0,0
/global/archives/19230,bing,2,2,1,2,5,7,0,0
/global/archives/19230,skinnovation.com,2,2,2,1,10,8,0,0
/global/archives/2026,google,2,2,2,1,2,7,0,0
/global/archives/2293,(direct),2,2,2,1,5.5,9,0,0
/global/archives/255,google,2,2,2,1,57,11,0,0
/global/archives/303,google,2,2,2,1,143.5,10,0,0
/global/archives/3393,google,2,2,2,1,93,9,0,0
/global/archives/3674,(direct),2,2,2,1,0,7,0,0
/global/archives/3962,bing,2,3,2,1,9,12,0,0
/global/archives/4086,google,2,1,1,2,0,6,0,0
/global/archives/4146,google,2,2,2,1,35.5,10,0,0
/global/archives/4309,cn.bing.com,2,3,2,1,48.5,11,0,0
/global/archives/4360,google,2,2,2,1,136,9,0,0
/global/archives/4705,google,2,2,2,1,23.5,10,0,0
/global/archives/4793,google,2,2,2,1,26,9,0,0
/global/archives/6014,(direct),2,4,2,1,89,13,0,0
/global/archives/6150,google,2,2,2,1,31.5,9,0,0
/global/archives/6216,getliner.com,2,1,1,2,16,8,0,0
/global/archives/6377,(direct),2,2,2,1,0,8,0,0
/global/archives/6546,google,2,1,1,2,45,9,0,0
/global/archives/6710,google,2,2,2,1,36,8,0,0
/global/archives/6760,google,2,3,2,1,6.5,12,0,0
/global/archives/6807,google,2,2,2,1,12,10,0,0
/global/archives/6824,(direct),2,2,2,1,0,6,0,0
/global/archives/6824,cn.bing.com,2,2,2,1,0,6,0,0
/global/archives/7112,google,2,2,1,2,0,6,0,0
/global/archives/7445,bing,2,2,2,1,0,7,0,0
/global/archives/7463,(direct),2,2,2,1,244.5,11,0,0
/global/archives/7476,google,2,3,2,1,38.5,10,0,0
/global/archives/7596,bing,2,2,2,1,41,9,0,0
/global/archives/7761,(direct),2,2,2,1,41.5,9,0,0
/global/archives/7761,linkedin.com,2,2,2,1,162.5,8,0,0
/global/archives/9079,bing,2,1,1,2,46,7,0,0
/global/archives/9509,google,2,2,2,1,65,11,0,0
/global/archives/9509,t.yesware.com,2,2,2,1,0,8,0,0
/global/archives/9668,google,2,2,2,1,25.5,10,0,0
/global/archives/9695,google,2,1,1,2,33,9,0,0
/global/archives/9709,google,2,3,2,1,5,10,0,0
/global/archives/9910,eng.skearthon.com,2,4,1,2,23,6,0,0
/global/archives/category/corporate/sk-innovation,google,2,1,1,2,32,7,0,0
/global/archives/category/corporate/sk-on,eng.sk-on.com,2,2,1,2,16,8,0,0
/global/archives/category/corporates/sk-earthon,bing,2,1,1,2,10,7,0,0
/global/archives/category/corporates/sk-geo-centric,(direct),2,3,2,1,5,8,0,0
/global/archives/category/corporates/sk-geo-centric,(not set),2,1,1,2,35,7,0,0
/global/archives/category/corporates/sk-ie-technology,google,2,2,2,1,8.5,7,0,0
/global/archives/category/corporates/sk-on,eng.sk-on.com,2,1,1,2,176,7,0,0
/global/archives/category/corporates/sk-on,skinnovation.com,2,2,2,1,45,7,0,0
/global/archives/category/insight/expert-voice,linkedin.com,2,1,1,2,11,7,0,0
/global/archives/category/insight/trend_report,linkedin.com,2,1,1,2,23,8,0,0
/global/archives/category/people/inno-people,skinnovation.com,2,1,1,2,93,8,0,0
/global/archives/category/people/sustainability,google,2,2,2,1,8,8,0,0
/global/archives/category/press-room,bing,2,1,1,2,126,8,0,0
/global/archives/category/press-room,yahoo,2,1,1,2,7,8,0,0
/global/archives/category/press-room/financial-results,chatgpt.com,2,1,1,2,24,9,0,0
/global/archives/category/press-room/financial-results,chn.sk-on.com,2,1,1,2,14,8,0,0
/global/archives/category/press-room/press-release,digimind-evolution.com,2,1,1,2,61,8,0,0
/global/archives/category/press-room/press-release,eng.sk-on.com,2,2,2,1,14,8,0,0
/global/archives/category/press-room/press-release,eng.skgeocentric.com,2,2,1,2,10,8,0,0
/global/archives/category/press-room/press-release,statics.teams.cdn.office.net,2,2,1,2,3,8,0,0
/global/archives/tag/1-4-butanediol,google,2,2,2,1,6,10,0,0
/global/archives/tag/2024-q2,google,2,1,1,2,12,8,0,0
/global/archives/tag/australia,google,2,1,1,2,4,8,0,0
/global/archives/tag/g-15-ap-block,google,2,1,1,2,19,8,0,0
/global/archives/tag/germany,google,2,2,2,1,2.5,9,0,0
/global/archives/tag/green-bonds,google,2,1,1,2,1,8,0,0
/global/archives/tag/group-iii-base-oil,google,2,1,1,2,12,8,0,0
/global/archives/tag/iscc,google,2,2,2,1,39.5,11,0,0
/global/archives/tag/ivancsa,google,2,1,1,2,14,10,0,0
/global/archives/tag/marine-innovation,chatgpt.com,2,3,1,2,0,7,0,0
/global/archives/tag/ncm9,google,2,2,2,1,4,10,0,0
/global/archives/tag/pouch-type-battery,chatgpt.com,2,1,1,2,27,7,0,0
/global/archives/tag/separator,yahoo,2,1,1,2,22,7,0,0
/global/archives/tag/sk-gc-americas,google,2,2,2,1,16,12,0,0
/global/archives/tag/sk-primacor-europe,google,2,2,1,2,39,11,0,0
/global/archives/tag/ske,google,2,2,1,2,0,6,0,0
/global/archives/tag/sken,google,2,2,2,1,33.5,12,0,0
/global/archives/tag/skeo,google,2,3,2,1,10.5,11,0,0
/global/archives/tag/skgc-japan,google,2,1,1,2,15,7,0,0
/global/archives/tag/skipc,google,2,3,2,1,6,12,0,0
/global/archives/tag/spain,google,2,1,1,2,3,9,0,0
/global/archives/tag/spinoff,google,2,3,2,1,1.5,10,0,0
/global/archives/tag/ulsan-clx,google,2,2,2,1,6,9,0,0
/global/latestnews,eng.sk-on.com,2,2,1,2,41,8,0,0
/global/sustainability-report,bing,2,3,2,1,6,10,0,0
/global/,chat.zalo.me,1,1,1,1,14,6,0,0
/global/,cn.bing.com,1,1,1,1,4,3,0,0
/global/,duckduckgo,1,1,1,1,40,4,0,0
/global/,eng.skgeocentric.com,1,1,1,1,33,11,0,0
/global/,eng.skietechnology.com,1,1,1,1,14,5,0,0
/global/,ozmailer.com,1,1,1,1,1,4,0,0
/global/404,(direct),1,1,1,1,0,5,0,0
/global/archives/10148,google,1,1,1,1,1,4,0,0
/global/archives/10478,(direct),1,1,1,1,0,4,0,0
/global/archives/10570,google,1,1,1,1,0,4,0,0
/global/archives/1058,news.google.com,1,1,1,1,0,3,0,0
/global/archives/10610,(direct),1,1,1,1,0,3,0,0
/global/archives/10697,(direct),1,1,1,1,0,3,0,0
/global/archives/10774,bing,1,1,1,1,2,4,0,0
/global/archives/10774,chatgpt.com,1,1,1,1,8,5,0,0
/global/archives/10774,cn.bing.com,1,2,1,1,13,6,0,0
/global/archives/10939,bing,1,1,1,1,0,4,0,0
/global/archives/10939,edgeservices.bing.com,1,2,1,1,0,4,0,0
/global/archives/11087,(direct),1,1,1,1,0,4,0,0
/global/archives/11147,sktradinginternational.com,1,1,1,1,74,5,0,0
/global/archives/11475,google,1,1,1,1,0,4,0,0
/global/archives/11527,google,1,1,1,1,0,4,0,0
/global/archives/11537,bing,1,2,1,1,0,6,0,0
/global/archives/11596,google,1,1,1,1,0,4,0,0
/global/archives/11596,skenergy.com,1,1,1,1,0,4,0,0
/global/archives/11683,google,1,1,1,1,32,4,0,0
/global/archives/11756,eng.skearthon.com,1,2,1,1,34,4,0,0
/global/archives/11807,(direct),1,1,1,1,0,4,0,0
/global/archives/11980,google,1,1,1,1,125,5,0,0
/global/archives/11992,chatgpt.com,1,1,1,1,0,4,0,0
/global/archives/12008,google,1,1,1,1,15,5,0,0
/global/archives/12022,chatgpt.com,1,1,1,1,0,2,0,0
/global/archives/12022,skenmove.com,1,1,1,1,69,3,0,0
/global/archives/12044,google,1,1,1,1,0,4,0,0
/global/archives/12072,(direct),1,1,1,1,0,4,0,0
/global/archives/12072,google,1,1,1,1,2,5,0,0
/global/archives/12147,(direct),1,1,1,1,0,4,0,0
/global/archives/12220,chatgpt.com,1,1,1,1,90,5,0,0
/global/archives/12306,(direct),1,1,1,1,3,5,0,0
/global/archives/12306,bing,1,2,1,1,0,6,0,0
/global/archives/12373,google,1,1,1,1,27,4,0,0
/global/archives/12471,google,1,1,1,1,25,4,0,0
/global/archives/12667,electrive.com,1,1,1,1,23,5,0,0
/global/archives/12667,facebook.com,1,1,1,1,0,4,0,0
/global/archives/12688,google,1,1,1,1,0,4,0,0
/global/archives/12688,naver,1,1,1,1,48,6,0,0
/global/archives/12823,google,1,2,1,1,1,7,0,0
/global/archives/12878,google,1,1,1,1,0,3,0,0
/global/archives/12891,google,1,2,1,1,0,5,0,0
/global/archives/12950,google,1,2,1,1,39,6,0,0
/global/archives/13103,(direct),1,1,1,1,0,3,0,0
/global/archives/13103,bing,1,2,1,1,43,7,0,0
/global/archives/13130,google,1,1,1,1,0,4,0,0
/global/archives/13153,google,1,1,1,1,0,4,0,0
/global/archives/13211,google,1,1,1,1,8,5,0,0
/global/archives/13230,(direct),1,1,1,1,11,4,0,0
/global/archives/13230,google,1,1,1,1,56,5,0,0
/global/archives/13256,(direct),1,1,1,1,0,3,0,0
/global/archives/13256,google,1,1,1,1,201,5,0,0
/global/archives/13327,(direct),1,1,1,1,0,3,0,0
/global/archives/13329,(direct),1,1,1,1,33,5,0,0
/global/archives/13437,google,1,2,1,1,0,6,0,0
/global/archives/13513,skinnovation.com,1,1,1,1,93,4,0,0
/global/archives/13521,chatgpt.com,1,1,1,1,0,4,0,0
/global/archives/13595,edisonawards.com,1,2,1,1,10,7,0,0
/global/archives/13748,(direct),1,1,1,1,0,3,0,0
/global/archives/13748,google,1,1,1,1,0,4,0,0
/global/archives/13780,chatgpt.com,1,1,0,0,0,3,0,0
/global/archives/13795,google,1,1,1,1,11,5,0,0
/global/archives/13850,google,1,1,1,1,45,4,0,0
/global/archives/13932,google,1,1,1,1,19,5,0,0
/global/archives/1399,bing,1,1,1,1,48,5,0,0
/global/archives/1399,google,1,1,1,1,109,5,0,0
/global/archives/14030,google,1,1,1,1,20,4,0,0
/global/archives/14065,(direct),1,1,1,1,34,3,0,0
/global/archives/14065,google,1,1,1,1,6,4,0,0
/global/archives/14078,google,1,1,1,1,21,4,0,0
/global/archives/14083,google,1,1,1,1,0,3,0,0
/global/archives/14179,evkx.net,1,1,1,1,0,4,0,0
/global/archives/14193,bing,1,1,1,1,0,4,0,0
/global/archives/14226,google,1,1,1,1,3,5,0,0
/global/archives/14243,10.30.221.70:15871,1,1,1,1,31,5,0,0
/global/archives/14264,chatgpt.com,1,1,1,1,3,4,0,0
/global/archives/14491,bing,1,2,1,1,9,7,0,0
/global/archives/14493,(direct),1,1,1,1,0,4,0,0
/global/archives/14493,eng.skietechnology.com,1,1,1,1,129,4,0,0
/global/archives/14770,(direct),1,1,1,1,41,5,0,0
/global/archives/14962,(direct),1,1,1,1,0,3,0,0
/global/archives/14962,google,1,1,1,1,5,3,0,0
/global/archives/15007,google,1,1,1,1,37,5,0,0
/global/archives/15067,skinnovation.com,1,1,1,1,58,4,0,0
/global/archives/15259,chatgpt.com,1,1,1,1,13,5,0,0
/global/archives/15353,cn.bing.com,1,1,1,1,36,6,0,0
/global/archives/15353,google,1,1,1,1,20,5,0,0
/global/archives/15374,bing,1,1,1,1,81,3,0,0
/global/archives/15374,naver,1,1,1,1,35,6,0,0
/global/archives/15409,(direct),1,1,1,1,0,3,0,0
/global/archives/15490,statics.teams.cdn.office.net,1,2,1,1,0,6,0,0
/global/archives/15574,bing,1,1,1,1,4,5,0,0
/global/archives/15574,skenmove.com,1,1,1,1,5,4,0,0
/global/archives/15592,(direct),1,1,1,1,0,3,0,0
/global/archives/15623,cn.bing.com,1,1,1,1,14,5,0,0
/global/archives/15623,google,1,1,1,1,0,4,0,0
/global/archives/15638,google,1,2,1,1,0,5,0,0
/global/archives/15664,sr05.dreamsseotools.com,1,1,1,1,67,5,0,0
/global/archives/15687,chatgpt.com,1,1,1,1,0,4,0,0
/global/archives/15840,google,1,2,1,1,0,6,0,0
/global/archives/15865,skinnovation.com,1,1,1,1,42,4,0,0
/global/archives/15937,bing,1,1,1,1,0,2,0,0
/global/archives/15937,eng.skearthon.com,1,2,1,1,141,4,0,0
/global/archives/16025,(direct),1,1,1,1,0,3,0,0
/global/archives/16060,bing,1,1,0,0,0,3,0,0
/global/archives/16169,skinnovation.com,1,1,1,1,46,3,0,0
/global/archives/16187,google,1,1,1,1,64,6,0,0
/global/archives/16334,google,1,1,1,1,34,4,0,0
/global/archives/16376,bing,1,1,1,1,40,6,0,0
/global/archives/16493,chatgpt.com,1,1,1,1,2,5,0,0
/global/archives/16493,skinnovation.com,1,1,1,1,0,2,0,0
/global/archives/16563,google,1,1,1,1,0,4,0,0
/global/archives/16583,bing,1,1,1,1,0,3,0,0
/global/archives/16624,(direct),1,1,1,1,0,3,0,0
/global/archives/16624,google,1,1,1,1,79,5,0,0
/global/archives/16834,(direct),1,1,1,1,0,4,0,0
/global/archives/16952,google,1,1,1,1,7,5,0,0
/global/archives/16970,google,1,2,1,1,10,7,0,0
/global/archives/16970,skinnovation.com,1,1,1,1,12,3,0,0
/global/archives/17010,google,1,1,1,1,5,5,0,0
/global/archives/17010,skinnovation.com,1,1,1,1,2,4,0,0
/global/archives/17022,(direct),1,1,1,1,0,4,0,0
/global/archives/17047,(direct),1,1,1,1,0,4,0,0
/global/archives/17169,skinnovation.com,1,1,1,1,495,4,0,0
/global/archives/17216,skinnovation.com,1,1,1,1,3,4,0,0
/global/archives/1722,google,1,1,1,1,21,5,0,0
/global/archives/17292,(direct),1,1,1,1,0,4,0,0
/global/archives/17292,google,1,1,1,1,28,4,0,0
/global/archives/17313,google,1,2,1,1,35,4,0,0
/global/archives/17356,(direct),1,1,1,1,0,4,0,0
/global/archives/17356,eng.sk-on.com,1,1,1,1,0,2,0,0
/global/archives/17356,news.google.com,1,1,1,1,0,3,0,0
/global/archives/17386,(direct),1,1,1,1,0,3,0,0
/global/archives/17426,edgeservices.bing.com,1,2,1,1,2,5,0,0
/global/archives/17569,(direct),1,1,1,1,0,2,0,0
/global/archives/17595,chatgpt.com,1,1,1,1,0,3,0,0
/global/archives/17595,skinnovation.com,1,1,1,1,10,3,0,0
/global/archives/17595,statics.teams.cdn.office.net,1,1,1,1,18,5,0,0
/global/archives/17623,linkedin.com,1,1,1,1,4,3,0,0
/global/archives/17737,(direct),1,1,1,1,1,5,0,0
/global/archives/17796,eng.skietechnology.com,1,1,1,1,103,4,0,0
/global/archives/17796,linkedin.com,1,1,1,1,10,5,0,0
/global/archives/17817,skinnovation.com,1,1,1,1,5,3,0,0
/global/archives/17844,google,1,1,1,1,8,5,0,0
/global/archives/17844,skinnovation.com,1,1,1,1,3,3,0,0
/global/archives/17863,google,1,1,1,1,9,3,0,0
/global/archives/17863,linkedin.com,1,1,1,1,3,4,0,0
/global/archives/17950,google,1,1,1,1,0,2,0,0
/global/archives/17965,bing,1,1,1,1,13,4,0,0
/global/archives/17965,chatgpt.com,1,1,1,1,2,5,0,0
/global/archives/17965,skinnovation.com,1,1,1,1,156,3,0,0
/global/archives/17978,bing,1,1,1,1,13,4,0,0
/global/archives/17978,search.brave.com,1,1,1,1,215,6,0,0
/global/archives/18022,linkedin.com,1,2,1,1,0,5,0,0
/global/archives/18022,skinnovation.com,1,1,1,1,31,6,0,0
/global/archives/18076,skinnovation.com,1,1,1,1,19,3,0,0
/global/archives/18107,skinnovation.com,1,1,1,1,0,3,0,0
/global/archives/18208,google,1,1,1,1,112,3,0,0
/global/archives/18283,skinnovation.com,1,1,1,1,25,5,0,0
/global/archives/18301,(direct),1,1,1,1,0,3,0,0
/global/archives/18301,skinnovation.com,1,1,1,1,6,4,0,0
/global/archives/18332,(direct),1,2,1,1,85,7,0,0
/global/archives/18374,google,1,1,1,1,0,3,0,0
/global/archives/18421,(direct),1,1,1,1,0,1,0,0
/global/archives/18421,google,1,1,1,1,0,4,0,0
/global/archives/18436,chatgpt.com,1,1,1,1,3,5,0,0
/global/archives/18500,google,1,2,1,1,0,5,0,0
/global/archives/18500,skinnovation.com,1,1,1,1,29,3,0,0
/global/archives/18546,chat.zalo.me,1,2,1,1,0,6,0,0
/global/archives/18546,publishing.gs.com,1,1,0,0,0,3,0,0
/global/archives/18546,search.brave.com,1,1,1,1,0,3,0,0
/global/archives/18546,statics.teams.cdn.office.net,1,1,1,1,111,5,0,0
/global/archives/18623,linkedin.com,1,2,1,1,0,4,0,0
/global/archives/18659,bing,1,1,1,1,245,4,0,0
/global/archives/18659,skinnovation.com,1,1,1,1,22,4,0,0
/global/archives/18690,(direct),1,1,1,1,30,4,0,0
/global/archives/18690,bing,1,1,1,1,37,4,0,0
/global/archives/18690,google,1,1,1,1,9,4,0,0
/global/archives/18690,skinnovation.com,1,1,1,1,8,3,0,0
/global/archives/18695,skinnovation.com,1,1,1,1,3,4,0,0
/global/archives/18743,(direct),1,1,1,1,0,4,0,0
/global/archives/18770,bing,1,2,1,1,0,5,0,0
/global/archives/18989,(direct),1,1,1,1,0,3,0,0
/global/archives/18989,ozmailer.com,1,1,1,1,1,4,0,0
/global/archives/19014,google,1,1,1,1,45,4,0,0
/global/archives/19045,edgeservices.bing.com,1,1,1,1,50,4,0,0
/global/archives/19045,eng.skearthon.com,1,3,1,1,402,5,0,0
/global/archives/19078,cn.bing.com,1,1,1,1,39,5,0,0
/global/archives/19078,greenproduction.co.jp,1,1,1,1,19,4,0,0
/global/archives/19078,ozmailer.com,1,1,1,1,2,4,0,0
/global/archives/19078,translate.google.com,1,1,1,1,19,5,0,0
/global/archives/19095,(direct),1,1,1,1,0,4,0,0
/global/archives/19095,bing,1,1,1,1,30,5,0,0
/global/archives/19095,google,1,1,1,1,3,4,0,0
/global/archives/19095,ozmailer.com,1,1,1,1,7,3,0,0
/global/archives/19108,ozmailer.com,1,1,1,1,2,4,0,0
/global/archives/19128,(direct),1,1,1,1,0,4,0,0
/global/archives/19149,eng.skietechnology.com,1,1,1,1,9,4,0,0
/global/archives/19154,bing,1,1,1,1,8,5,0,0
/global/archives/19154,lubesngreases.com,1,1,1,1,0,3,0,0
/global/archives/19179,app.getbee.io,1,1,1,1,5,5,0,0
/global/archives/19202,beyondweb.ixxo.fr,1,1,1,1,0,4,0,0
/global/archives/19202,digimind-evolution.com,1,1,1,1,8,5,0,0
/global/archives/19230,eng.skgeocentric.com,1,1,1,1,0,2,0,0
/global/archives/19230,lnkd.in,1,1,1,1,6,5,0,0
/global/archives/19230,skenmove.com,1,1,1,1,27,3,0,0
/global/archives/1960,google,1,1,1,1,14,5,0,0
/global/archives/2241,google,1,1,1,1,40,5,0,0
/global/archives/2280,google,1,1,1,1,12,5,0,0
/global/archives/2293,google,1,1,1,1,0,4,0,0
/global/archives/2329,google,1,1,1,1,39,5,0,0
/global/archives/2448,google,1,2,1,1,9,7,0,0
/global/archives/2490,chatgpt.com,1,1,1,1,0,3,0,0
/global/archives/2557,google,1,1,1,1,57,4,0,0
/global/archives/2568,google,1,1,1,1,4,4,0,0
/global/archives/2635,(direct),1,1,1,1,0,3,0,0
/global/archives/2701,(direct),1,1,1,1,0,3,0,0
/global/archives/2756,google,1,1,1,1,38,5,0,0
/global/archives/295,google,1,1,1,1,24,5,0,0
/global/archives/2962,google,1,1,1,1,10,4,0,0
/global/archives/3005,google,1,1,1,1,16,5,0,0
/global/archives/303,(direct),1,1,1,1,0,3,0,0
/global/archives/311,google,1,1,1,1,70,6,0,0
/global/archives/3123,chatgpt.com,1,1,1,1,0,3,0,0
/global/archives/3139,(direct),1,1,1,1,0,2,0,0
/global/archives/3139,google,1,2,2,0.5,4.5,6,0,0
/global/archives/3197,(direct),1,1,1,1,10,5,0,0
/global/archives/3197,google,1,2,1,1,0,5,0,0
/global/archives/3393,news.google.com,1,1,1,1,0,3,0,0
/global/archives/3473,(direct),1,1,1,1,4,5,0,0
/global/archives/3473,google,1,1,1,1,14,6,0,0
/global/archives/349,google,1,1,1,1,50,5,0,0
/global/archives/3555,linkedin.com,1,1,1,1,11,4,0,0
/global/archives/3674,google,1,1,1,1,1,5,0,0
/global/archives/3674,news.google.com,1,1,1,1,0,3,0,0
/global/archives/3689,bing,1,1,1,1,0,4,0,0
/global/archives/3689,google,1,1,1,1,17,5,0,0
/global/archives/3689,linkedin.com,1,1,1,1,17,4,0,0
/global/archives/3709,linkedin.com,1,2,1,1,4,4,0,0
/global/archives/3859,google,1,1,1,1,17,4,0,0
/global/archives/4077,cn.bing.com,1,1,1,1,0,3,0,0
/global/archives/4146,chatgpt.com,1,1,1,1,10,5,0,0
/global/archives/4193,google,1,1,1,1,23,5,0,0
/global/archives/4518,emobilitypoland.sharepoint.com,1,1,1,1,40,3,0,0
/global/archives/4518,google,1,1,1,1,5,3,0,0
/global/archives/4569,google,1,1,1,1,3,5,0,0
/global/archives/4585,(direct),1,1,1,1,0,4,0,0
/global/archives/4612,cn.bing.com,1,1,1,1,13,4,0,0
/global/archives/4705,(direct),1,1,1,1,0,3,0,0
/global/archives/4776,(direct),1,1,1,1,0,3,0,0
/global/archives/4776,cn.bing.com,1,2,1,1,81,7,0,0
/global/archives/4844,google,1,1,1,1,45,5,0,0
/global/archives/489,bing,1,1,1,1,39,6,0,0
/global/archives/4921,(direct),1,1,1,1,2,5,0,0
/global/archives/4921,bing,1,1,1,1,51,5,0,0
/global/archives/497,google,1,1,1,1,4,4,0,0
/global/archives/507,google,1,1,1,1,3,5,0,0
/global/archives/5129,google,1,1,1,1,25,6,0,0
/global/archives/5247,(direct),1,1,1,1,0,3,0,0
/global/archives/5404,google,1,1,1,1,4,3,0,0
/global/archives/5721,google,1,1,1,1,29,5,0,0
/global/archives/5772,google,1,2,1,1,17,7,0,0
/global/archives/5892,google,1,1,1,1,19,5,0,0
/global/archives/5944,google,1,1,1,1,0,4,0,0
/global/archives/5994,google,1,1,1,1,0,4,0,0
/global/archives/6014,google,1,2,1,1,0,6,0,0
/global/archives/6119,google,1,1,1,1,0,4,0,0
/global/archives/6216,bing,1,3,2,0.5,2.5,7,0,0
/global/archives/6216,chatgpt.com,1,1,1,1,0,3,0,0
/global/archives/6216,statics.teams.cdn.office.net,1,2,1,1,0,6,0,0
/global/archives/6313,news.google.com,1,1,1,1,0,3,0,0
/global/archives/6394,google,1,1,1,1,2,5,0,0
/global/archives/6462,(direct),1,1,1,1,0,4,0,0
/global/archives/6462,google,1,1,1,1,2,4,0,0
/global/archives/6517,(direct),1,1,1,1,1,5,0,0
/global/archives/6517,google,1,1,1,1,92,4,0,0
/global/archives/6546,(direct),1,1,1,1,0,3,0,0
/global/archives/6658,bing,1,1,1,1,30,5,0,0
/global/archives/6683,google,1,1,1,1,20,5,0,0
/global/archives/6734,google,1,1,1,1,0,3,0,0
/global/archives/6784,google,1,1,1,1,14,5,0,0
/global/archives/6807,bing,1,3,2,0.5,7,8,0,0
/global/archives/6998,news.google.com,1,1,1,1,39,6,0,0
/global/archives/7043,lens.google.com,1,1,1,1,3,4,0,0
/global/archives/7177,google,1,1,1,1,25,5,0,0
/global/archives/7245,(direct),1,1,1,1,0,4,0,0
/global/archives/7245,bing,1,1,1,1,47,6,0,0
/global/archives/733,google,1,2,1,1,5,6,0,0
/global/archives/736,google,1,1,1,1,2,5,0,0
/global/archives/7379,skincheonpetrochem.com,1,1,1,1,36,6,0,0
/global/archives/7463,google,1,1,1,1,86,6,0,0
/global/archives/7476,(direct),1,1,1,1,0,3,0,0
/global/archives/7633,chatgpt.com,1,2,1,1,9,7,0,0
/global/archives/7870,google,1,1,1,1,13,6,0,0
/global/archives/7906,google,1,2,1,1,479,7,0,0
/global/archives/7919,(direct),1,1,1,1,0,3,0,0
/global/archives/8046,chatgpt.com,1,1,1,1,0,4,0,0
/global/archives/8067,bing,1,1,1,1,27,6,0,0
/global/archives/8067,google,1,1,1,1,13,4,0,0
/global/archives/8087,google,1,1,1,1,9,5,0,0
/global/archives/8105,google,1,1,1,1,54,6,0,0
/global/archives/8168,lens.google.com,1,2,1,1,0,6,0,0
/global/archives/8255,(direct),1,1,1,1,0,3,0,0
/global/archives/831,google,1,1,1,1,47,5,0,0
/global/archives/8327,bing,1,2,1,1,0,5,0,0
/global/archives/8327,yahoo,1,1,1,1,9,5,0,0
/global/archives/8360,google,1,1,1,1,9,5,0,0
/global/archives/8400,google,1,1,1,1,7,5,0,0
/global/archives/8463,(direct),1,1,1,1,0,3,0,0
/global/archives/878,linkedin.com,1,1,1,1,17,4,0,0
/global/archives/8846,naver,1,1,1,1,28,5,0,0
/global/archives/8972,google,1,2,1,1,0,6,0,0
/global/archives/9079,(direct),1,1,1,1,39,4,0,0
/global/archives/9096,google,1,2,1,1,0,6,0,0
/global/archives/9191,google,1,1,1,1,30,3,0,0
/global/archives/9191,news.google.com,1,1,1,1,0,3,0,0
/global/archives/9236,duckduckgo,1,1,1,1,0,5,0,0
/global/archives/9264,google,1,1,1,1,19,3,0,0
/global/archives/9415,(direct),1,1,1,1,0,3,0,0
/global/archives/9415,google,1,1,1,1,20,4,0,0
/global/archives/9616,sktradinginternational.com,1,1,1,1,112,5,0,0
/global/archives/9695,(direct),1,1,1,1,13,5,0,0
/global/archives/9709,(direct),1,1,0,0,0,2,0,0
/global/archives/9740,skenergy.com,1,1,1,1,289,4,0,0
/global/archives/9770,google,1,1,1,1,0,4,0,0
/global/archives/9893,google,1,2,1,1,0,6,0,0
/global/archives/9893,lens.google.com,1,1,1,1,5,5,0,0
/global/archives/9951,google,1,1,1,1,22,6,0,0
/global/archives/category/corporate/sk-energy,(direct),1,1,1,1,3,4,0,0
/global/archives/category/corporate/sk-energy,skenergy.com,1,1,1,1,0,4,0,0
/global/archives/category/corporate/sk-on,(direct),1,1,0,0,0,3,0,0
/global/archives/category/corporates,cn.bing.com,1,1,1,1,49,4,0,0
/global/archives/category/corporates,naver,1,1,1,1,160,4,0,0
/global/archives/category/corporates,skenmove.com,1,1,1,1,21,4,0,0
/global/archives/category/corporates/sk-energy,(direct),1,1,1,1,0,3,0,0
/global/archives/category/corporates/sk-enmove,skenmove.com,1,1,1,1,1,3,0,0
/global/archives/category/corporates/sk-geo-centric,bing,1,1,1,1,251,4,0,0
/global/archives/category/corporates/sk-geo-centric,naver,1,1,1,1,12,4,0,0
/global/archives/category/corporates/sk-ie-technology,duckduckgo,1,1,1,1,41,4,0,0
/global/archives/category/corporates/sk-incheon-petrochem,google,1,1,1,1,21,4,0,0
/global/archives/category/corporates/sk-innovation,(direct),1,1,1,1,6,4,0,0
/global/archives/category/corporates/sk-on,chatgpt.com,1,1,1,1,2,4,0,0
/global/archives/category/corporates/sk-on,cn.bing.com,1,1,1,1,0,2,0,0
/global/archives/category/corporates/sk-on,linkedin.com,1,1,1,1,11,4,0,0
/global/archives/category/corporates/sk-rading-international,google,1,1,1,1,8,4,0,0
/global/archives/category/corporates/sk-rading-international,sktradinginternational.com,1,1,1,1,23,4,0,0
/global/archives/category/insight/expert-voice,(direct),1,1,1,1,2,3,0,0
/global/archives/category/insight/trend_report,chn.sk-on.com,1,1,1,1,4,4,0,0
/global/archives/category/insight/trend_report,google,1,1,1,1,85,4,0,0
/global/archives/category/people,naver,1,1,1,1,8,4,0,0
/global/archives/category/people,skinnovation.com,1,1,1,1,7,4,0,0
/global/archives/category/people/ceo-leaders,google,1,1,1,1,63,4,0,0
/global/archives/category/people/onsite-report,google,1,1,1,1,20,4,0,0
/global/archives/category/people/onsite-report,skinnovation.com,1,1,1,1,20,4,0,0
/global/archives/category/press-room/financial-results,bing,1,1,1,1,14,4,0,0
/global/archives/category/press-room/financial-results,skenmove.com,1,1,1,1,226,4,0,0
/global/archives/category/press-room/financial-results,skinnovation.com,1,1,1,1,0,1,0,0
/global/archives/category/press-room/financial-results,yahoo,1,1,1,1,114,4,0,0
/global/archives/category/press-room/issue-fact,bing,1,2,1,1,0,5,0,0
/global/archives/category/press-room/press-release,bing,1,1,1,1,19,4,0,0
/global/archives/category/press-room/press-release,chat.zalo.me,1,2,1,1,0,5,0,0
/global/archives/tag/2024-q2,bing,1,1,1,1,12,4,0,0
/global/archives/tag/ai,google,1,1,1,1,3,4,0,0
/global/archives/tag/arc,google,1,1,1,1,2,5,0,0
/global/archives/tag/aviation-fuel,greenproduction.co.jp,1,1,1,1,12,3,0,0
/global/archives/tag/award,(direct),1,1,1,1,0,4,0,0
/global/archives/tag/baas,google,1,1,1,1,1,5,0,0
/global/archives/tag/best-oil-company,(direct),1,1,1,1,6,4,0,0
/global/archives/tag/canada,google,1,1,1,1,24,6,0,0
/global/archives/tag/cathode,google,1,1,1,1,0,3,0,0
/global/archives/tag/cdp,bing,1,1,1,1,4,2,0,0
/global/archives/tag/changzhou,google,1,1,1,1,55,5,0,0
/global/archives/tag/deep-change,(not set),1,1,1,1,26,4,0,0
/global/archives/tag/doosan,google,1,1,1,1,3,4,0,0
/global/archives/tag/ecopro-bm,google,1,1,1,1,11,6,0,0
/global/archives/tag/ek-energy,google,1,1,1,1,2,5,0,0
/global/archives/tag/electric-vehicle-industry,google,1,1,1,1,0,3,0,0
/global/archives/tag/energy-super-station,google,1,1,1,1,18,4,0,0
/global/archives/tag/envirun-for-the-earth,google,1,1,1,1,10,4,0,0
/global/archives/tag/f-150-lightning,google,1,1,1,1,4,4,0,0
/global/archives/tag/financial-results,bing,1,1,1,1,11,4,0,0
/global/archives/tag/fuel-cells,google,1,1,1,1,0,4,0,0
/global/archives/tag/fulcrum-bioenergy,google,1,1,1,1,6,5,0,0
/global/archives/tag/grc,google,1,2,0,0,0,5,0,0
/global/archives/tag/gs-energy,google,1,1,1,1,9,6,0,0
/global/archives/tag/hyundai-mobis,google,1,1,1,1,8,6,0,0
/global/archives/tag/ketapu-cluster,bing,1,1,1,1,6,5,0,0
/global/archives/tag/loop,google,1,1,1,1,5,4,0,0
/global/archives/tag/patra-sk,google,1,1,1,1,3,5,0,0
/global/archives/tag/pbat,google,1,2,1,1,0,6,0,0
/global/archives/tag/pcr,google,1,1,1,1,9,5,0,0
/global/archives/tag/poe,google,1,1,1,1,32,6,0,0
/global/archives/tag/polycarbonate,google,1,1,1,1,2,5,0,0
/global/archives/tag/russia,google,1,1,1,1,4,3,0,0
/global/archives/tag/secondary-battery,google,1,1,1,1,0,4,0,0
/global/archives/tag/shepherd-ccs-project,google,1,2,1,1,0,6,0,0
/global/archives/tag/sinopec,bing,1,1,1,1,17,4,0,0
/global/archives/tag/sk-enmove,google,1,1,1,1,4,4,0,0
/global/archives/tag/sk-geo-centric,google,1,1,1,1,0,2,0,0
/global/archives/tag/sk-hi-tech-battery-materials,google,1,2,1,1,4,7,0,0
/global/archives/tag/sk-incheon-petrochem,(direct),1,1,1,1,0,3,0,0
/global/archives/tag/sk-primacor-americas,google,1,1,1,1,0,4,0,0
/global/archives/tag/skbh,google,1,1,1,1,6,3,0,0
/global/archives/tag/skei,google,1,1,1,1,0,4,0,0
/global/archives/tag/skgc-shanghai,google,1,1,1,1,0,5,0,0
/global/archives/tag/skiet,google,1,1,1,1,0,3,0,0
/global/archives/tag/skti,ecosia.org,1,1,1,1,3,6,0,0
/global/archives/tag/skti,google,1,1,1,1,2,5,0,0
/global/archives/tag/social-value,(direct),1,1,1,1,0,3,0,0
/global/archives/tag/turkey,google,1,1,1,1,0,4,0,0
/global/archives/tag/vwbe,google,1,1,1,1,8,5,0,0
/global/archives/tag/z-folding,google,1,1,1,1,8,4,0,0
/global/archives/tag/zhejiang-satellite-petrochemical,google,1,1,1,1,15,5,0,0
/global/archives/tag/zic,(direct),1,1,1,1,16,3,0,0
/global/legal-notices,(direct),1,1,1,1,12,5,0,0
/global/privacy-policy,(direct),1,1,1,1,0,3,0,0
/global/sigin,linkedin.com,1,1,1,1,2,4,0,0
/global/sustainability-report,(direct),1,1,1,1,0,4,0,0
/global/terms-and-conditions,(direct),1,1,1,1,0,4,0,0
/global/archives/12688,(direct),0,1,1,0,0,2,0,0
/global/archives/13521,bing,0,1,1,0,0,2,0,0
/global/archives/16583,eng.skearthon.com,0,1,1,0,232,1,0,0
/global/archives/19078,(not set),0,2,1,0,0,2,0,0
/global/archives/3123,bing,0,1,1,0,10,2,0,0
/global/archives/3820,emobilitypoland.sharepoint.com,0,1,1,0,25,1,0,0
/global/archives/7919,(not set),0,1,1,0,3,1,0,0
/global/archives/8152,emobilitypoland.sharepoint.com,0,1,1,0,56,1,0,0
/global/archives/category/corporates/sk-earthon,(direct),0,1,1,0,0,2,0,0
/global/archives/category/corporates/sk-earthon,(not set),0,1,1,0,0,1,0,0
/global/archives/category/corporates/sk-energy,eng.sk-on.com,0,1,0,0,0,2,0,0
/global/archives/tag/pouch-type-battery,bing,0,1,1,0,2,1,0,0
/global/archives/tag/sk-energy,google,0,1,0,0,0,2,0,0
/global/latestnews,(not set),0,9,9,0,23.22222222222222,9,0,0