# ----------------------------------------
# 보고서 CSV 내보내기
# 계정: SK이노베이션(한글)
# 속성: SK이노베이션 - GA4
# ----------------------------------------
# 
# 모든 사용자
# 시작일: 20240301
# 종료일: 20240301
기기 카테고리,페이지 경로 및 화면 클래스,총 사용자,새 사용자 수,조회수
mobile,/archives/24686,100,94,111
mobile,/archives/32828,35,34,38
desktop,/,28,21,36
mobile,/archives/96864,15,12,13
desktop,/posts,7,6,12
mobile,/archives/103947,6,6,6
mobile,/,8,5,10
mobile,/archives/10815,4,4,5
mobile,/archives/16295,4,4,4
desktop,/archives/100667,4,3,4
desktop,/archives/32828,4,3,4
desktop,/archives/84588,4,3,4
desktop,/archives/96864,4,3,3
desktop,/archives/97077,6,3,7
desktop,/archives/category/business/sk-on,7,3,12
mobile,/archives/109462,3,3,3
mobile,/archives/113680,5,3,4
mobile,/archives/113998,3,3,3
mobile,/archives/30434,3,3,3
mobile,/archives/51614,3,3,4
mobile,/archives/63622,3,3,4
mobile,/archives/85006,3,3,3
desktop,/archives/100892,2,2,4
desktop,/archives/103947,2,2,3
desktop,/archives/104002,3,2,3
desktop,/archives/14875,2,2,2
desktop,/archives/24686,3,2,2
desktop,/archives/36253,2,2,2
desktop,/archives/49884,2,2,2
desktop,/archives/95110,2,2,2
desktop,/archives/98731,2,2,2
desktop,/archives/category/field-news,3,2,3
desktop,/archives/category/industry-and-insight,3,2,3
desktop,/archives/category/social-news,2,2,2
mobile,/archives/103932,2,2,2
mobile,/archives/104504,2,2,2
mobile,/archives/107557,2,2,3
mobile,/archives/113952,3,2,2
mobile,/archives/114094,2,2,2
mobile,/archives/8422,2,2,2
mobile,/archives/8935,2,2,2
mobile,/archives/92808,2,2,2
mobile,/archives/97391,2,2,3
mobile,/archives/98613,2,2,2
mobile,/archives/category/business/sk-enmove,2,2,2
mobile,/archives/category/business/sk-incheonpetrochem,3,2,5
mobile,/archives/category/business/sk-on,4,2,7
mobile,/newsroom-guide,3,2,5
tablet,/archives/32828,2,2,2
desktop,/archives/100327,1,1,1
desktop,/archives/10131,1,1,1
desktop,/archives/102328,1,1,2
desktop,/archives/103803,1,1,1
desktop,/archives/103818,1,1,1
desktop,/archives/103989,1,1,1
desktop,/archives/105395,1,1,2
desktop,/archives/105532,1,1,1
desktop,/archives/105914,1,1,1
desktop,/archives/107411,1,1,1
desktop,/archives/107845,1,1,1
desktop,/archives/107963,1,1,1
desktop,/archives/108874,1,1,1
desktop,/archives/109462,2,1,2
desktop,/archives/110015,1,1,1
desktop,/archives/110186,1,1,1
desktop,/archives/110206,1,1,1
desktop,/archives/110323,3,1,1
desktop,/archives/110536,1,1,1
desktop,/archives/111373,1,1,1
desktop,/archives/111406,1,1,2
desktop,/archives/111978,1,1,1
desktop,/archives/112133,1,1,1
desktop,/archives/112210,1,1,1
desktop,/archives/112480,1,1,1
desktop,/archives/112908,1,1,1
desktop,/archives/113105,1,1,1
desktop,/archives/113289,1,1,1
desktop,/archives/113680,1,1,1
desktop,/archives/113998,2,1,2
desktop,/archives/114065,1,1,1
desktop,/archives/114138,1,1,1
desktop,/archives/13682,1,1,1
desktop,/archives/17876,1,1,1
desktop,/archives/20706,1,1,1
desktop,/archives/20855,1,1,1
desktop,/archives/20948,1,1,1
desktop,/archives/22022,1,1,1
desktop,/archives/24874,1,1,1
desktop,/archives/25579,1,1,1
desktop,/archives/25711,1,1,1
desktop,/archives/25955,1,1,1
desktop,/archives/27825,1,1,1
desktop,/archives/28782,1,1,1
desktop,/archives/32713,1,1,1
desktop,/archives/34128,1,1,1
desktop,/archives/34426,1,1,1
desktop,/archives/37693,1,1,1
desktop,/archives/45433,1,1,3
desktop,/archives/47192,1,1,1
desktop,/archives/47645,1,1,1
desktop,/archives/48028,1,1,1
desktop,/archives/49054,1,1,2
desktop,/archives/52962,1,1,1
desktop,/archives/61743,1,1,1
desktop,/archives/63622,2,1,2
desktop,/archives/70639,1,1,2
desktop,/archives/7636,1,1,1
desktop,/archives/76541,1,1,1
desktop,/archives/79784,1,1,1
desktop,/archives/8034,1,1,1
desktop,/archives/83065,1,1,1
desktop,/archives/83181,1,1,1
desktop,/archives/83720,2,1,2
desktop,/archives/8422,1,1,1
desktop,/archives/8448,1,1,1
desktop,/archives/84762,1,1,1
desktop,/archives/85006,1,1,2
desktop,/archives/8502,1,1,1
desktop,/archives/8935,1,1,1
desktop,/archives/91050,2,1,2
desktop,/archives/95080,1,1,1
desktop,/archives/9512,1,1,1
desktop,/archives/95380,1,1,1
desktop,/archives/95467,1,1,1
desktop,/archives/9562,1,1,1
desktop,/archives/96339,1,1,1
desktop,/archives/96475,1,1,1
desktop,/archives/96759,1,1,1
desktop,/archives/98107,1,1,1
desktop,/archives/98325,1,1,1
desktop,/archives/99820,1,1,1
desktop,/archives/99932,1,1,1
desktop,/archives/category/press/press-release,3,1,2
desktop,/archives/tag/디지털-트랜스포메이션,1,1,3
mobile,/archives/100222,1,1,1
mobile,/archives/102043,1,1,1
mobile,/archives/102075,1,1,1
mobile,/archives/104136,1,1,1
mobile,/archives/104399,1,1,1
mobile,/archives/104517,1,1,1
mobile,/archives/104978,3,1,2
mobile,/archives/105532,1,1,1
mobile,/archives/105641,1,1,1
mobile,/archives/105821,1,1,2
mobile,/archives/106205,1,1,1
mobile,/archives/110144,1,1,1
mobile,/archives/111387,1,1,1
mobile,/archives/111495,1,1,2
mobile,/archives/111540,1,1,1
mobile,/archives/111831,1,1,1
mobile,/archives/112133,1,1,1
mobile,/archives/112418,1,1,1
mobile,/archives/112956,1,1,1
mobile,/archives/113159,1,1,1
mobile,/archives/113855,2,1,2
mobile,/archives/114052,1,1,1
mobile,/archives/11700,1,1,3
mobile,/archives/13104,1,1,1
mobile,/archives/15233,1,1,1
mobile,/archives/21617,1,1,1
mobile,/archives/22421,1,1,1
mobile,/archives/23134,1,1,1
mobile,/archives/23352,2,1,2
mobile,/archives/23662,1,1,1
mobile,/archives/23925,1,1,1
mobile,/archives/24874,1,1,2
mobile,/archives/25336,1,1,1
mobile,/archives/25711,1,1,1
mobile,/archives/25903,2,1,2
mobile,/archives/29155,1,1,2
mobile,/archives/31846,1,1,1
mobile,/archives/32685,1,1,1
mobile,/archives/36237,1,1,1
mobile,/archives/36253,1,1,1
mobile,/archives/37258,1,1,1
mobile,/archives/45601,1,1,1
mobile,/archives/47000,1,1,1
mobile,/archives/47699,1,1,1
mobile,/archives/47748,1,1,1
mobile,/archives/49884,1,1,1
mobile,/archives/53520,1,1,1
mobile,/archives/55965,1,1,1
mobile,/archives/60564,1,1,1
mobile,/archives/69483,1,1,1
mobile,/archives/75835,1,1,1
mobile,/archives/7636,1,1,1
mobile,/archives/76541,1,1,1
mobile,/archives/78785,1,1,1
mobile,/archives/80837,1,1,1
mobile,/archives/83065,1,1,1
mobile,/archives/8448,1,1,1
mobile,/archives/84500,1,1,1
mobile,/archives/84762,1,1,1
mobile,/archives/85278,1,1,1
mobile,/archives/8544,2,1,1
mobile,/archives/90087,1,1,1
mobile,/archives/90219,1,1,1
mobile,/archives/9049,1,1,1
mobile,/archives/9249,1,1,1
mobile,/archives/92695,1,1,1
mobile,/archives/93460,1,1,1
mobile,/archives/93799,1,1,1
mobile,/archives/94081,1,1,1
mobile,/archives/94468,1,1,1
mobile,/archives/9463,1,1,1
mobile,/archives/9512,1,1,1
mobile,/archives/95134,1,1,1
mobile,/archives/96097,1,1,1
mobile,/archives/96339,1,1,2
mobile,/archives/9670,1,1,1
mobile,/archives/96846,1,1,3
mobile,/archives/97638,1,1,1
mobile,/archives/99298,1,1,1
mobile,/archives/99361,1,1,1
mobile,/archives/category/business/sk-energy,1,1,1
mobile,/archives/category/business/sk-innovation,2,1,2
mobile,/archives/tag/safety-golden-rule,1,1,1
mobile,/archives/tag/sk-gc-americas,1,1,1
mobile,/archives/tag/사내문화,1,1,1
mobile,/archives/tag/온라인-심층역량검사,1,1,1
mobile,/archives/tag/유공,1,1,1
tablet,/archives/107557,1,1,2
tablet,/archives/113462,1,1,2
tablet,/archives/24686,1,1,1
tablet,/archives/34678,1,1,1
tablet,/archives/8355,2,1,4
tablet,/archives/96387,1,1,1
desktop,/archives/100041,1,0,1
desktop,/archives/101143,1,0,2
desktop,/archives/101258,1,0,1
desktop,/archives/102398,1,0,1
desktop,/archives/102980,1,0,1
desktop,/archives/104187,1,0,0
desktop,/archives/104532,1,0,1
desktop,/archives/105313,1,0,1
desktop,/archives/105770,1,0,1
desktop,/archives/107610,1,0,1
desktop,/archives/108461,1,0,0
desktop,/archives/109888,1,0,1
desktop,/archives/109977,1,0,1
desktop,/archives/110120,1,0,1
desktop,/archives/112046,1,0,1
desktop,/archives/112331,1,0,1
desktop,/archives/112411,2,0,2
desktop,/archives/112487,1,0,0
desktop,/archives/112566,1,0,1
desktop,/archives/112776,2,0,3
desktop,/archives/112956,2,0,2
desktop,/archives/113192,1,0,1
desktop,/archives/113565,1,0,1
desktop,/archives/113855,1,0,1
desktop,/archives/114084,1,0,1
desktop,/archives/14040,1,0,1
desktop,/archives/38098,1,0,1
desktop,/archives/60522,1,0,0
desktop,/archives/61356,1,0,1
desktop,/archives/70139,1,0,1
desktop,/archives/70737,1,0,1
desktop,/archives/70749,1,0,0
desktop,/archives/77592,1,0,0
desktop,/archives/84284,1,0,2
desktop,/archives/93636,1,0,1
desktop,/archives/94318,1,0,1
desktop,/archives/96097,1,0,1
desktop,/archives/9807,1,0,1
desktop,/archives/category/business,1,0,5
desktop,/archives/category/business/sk-geo-centric,2,0,8
desktop,/archives/category/business/sk-innovation,1,0,1
desktop,/archives/category/business/sk-tradinginternational,1,0,1
desktop,/archives/category/field-news/inno-field,1,0,1
desktop,/archives/category/field-news/inno-people,1,0,1
desktop,/archives/category/industry-and-insight/basics,1,0,1
desktop,/archives/tag/ccs,1,0,2
desktop,/archives/tag/세대공감-clan,1,0,1
mobile,/archives/100553,1,0,1
mobile,/archives/100739,1,0,1
mobile,/archives/101442,1,0,1
mobile,/archives/103704,1,0,1
mobile,/archives/107506,1,0,0
mobile,/archives/107738,1,0,1
mobile,/archives/112513,1,0,1
mobile,/archives/112908,1,0,1
mobile,/archives/112989,1,0,1
mobile,/archives/113268,1,0,1
mobile,/archives/114118,2,0,2
mobile,/archives/114138,4,0,12
mobile,/archives/13718,1,0,1
mobile,/archives/14600,1,0,1
mobile,/archives/26999,1,0,1
mobile,/archives/28823,1,0,1
mobile,/archives/31702,1,0,1
mobile,/archives/32006,1,0,1
mobile,/archives/34403,1,0,1
mobile,/archives/53209,1,0,0
mobile,/archives/63101,2,0,2
mobile,/archives/64499,1,0,1
mobile,/archives/69322,1,0,1
mobile,/archives/82567,1,0,1
mobile,/archives/82853,1,0,1
mobile,/archives/96879,1,0,1
mobile,/archives/category/field-news,1,0,1
mobile,/archives/category/industry-and-insight,1,0,1
mobile,/archives/tag/sk-on-hungary,1,0,1
mobile,/archives/tag/sk트레이딩인터내셔널,1,0,1
mobile,/archives/tag/목도리매는법,1,0,1
tablet,/,1,0,4
tablet,/archives/113520,1,0,2
tablet,/archives/113998,1,0,2
tablet,/archives/114052,1,0,1
tablet,/archives/114118,1,0,1
tablet,/archives/114138,1,0,1