# ----------------------------------------
# 보고서 CSV 내보내기
# 계정: SK이노베이션(한글)
# 속성: SK이노베이션 - GA4
# ----------------------------------------
# 
# 모든 사용자
# 시작일: 20240310
# 종료일: 20240310
기기 카테고리,페이지 경로 및 화면 클래스,총 사용자,새 사용자 수,조회수
mobile,/archives/32828,53,51,53
mobile,/archives/24686,51,47,56
mobile,/archives/114172,50,45,50
desktop,/,29,21,44
desktop,/archives/84588,26,20,28
mobile,/archives/96864,18,17,19
mobile,/archives/85006,12,12,14
desktop,/archives/32828,9,9,9
mobile,/,11,7,29
mobile,/archives/16295,6,6,10
desktop,/archives/104002,9,5,9
desktop,/archives/48028,5,5,7
desktop,/archives/8502,6,5,5
mobile,/archives/8448,5,5,5
desktop,/archives/107411,4,4,4
desktop,/archives/8935,4,4,5
mobile,/archives/113952,4,4,4
mobile,/archives/49884,4,4,7
mobile,/archives/84588,4,4,4
mobile,/archives/8935,5,4,5
mobile,/archives/9463,4,4,4
mobile,/newsroom-guide,4,4,5
desktop,/archives/56046,3,3,4
desktop,/archives/96864,6,3,6
desktop,/archives/99361,3,3,4
mobile,/archives/113998,5,3,7
mobile,/archives/70300,3,3,3
mobile,/archives/8355,3,3,5
mobile,/archives/8422,3,3,5
mobile,/archives/category/business/sk-on,3,3,4
tablet,/archives/32828,3,3,3
desktop,/archives/103947,2,2,2
desktop,/archives/106345,2,2,2
desktop,/archives/108755,2,2,2
desktop,/archives/113998,4,2,4
desktop,/archives/114153,3,2,3
desktop,/archives/13682,2,2,2
desktop,/archives/14875,2,2,2
desktop,/archives/45433,3,2,3
desktop,/archives/49884,4,2,12
desktop,/archives/57901,2,2,2
desktop,/archives/7475,3,2,3
desktop,/archives/76420,2,2,2
desktop,/archives/76541,3,2,3
desktop,/archives/83065,2,2,2
desktop,/archives/83571,2,2,2
desktop,/archives/84762,2,2,2
desktop,/archives/88816,2,2,3
desktop,/archives/91050,2,2,2
desktop,/archives/category/business/sk-enmove,3,2,3
desktop,/archives/category/industry-and-insight,4,2,4
mobile,/archives/10330,2,2,2
mobile,/archives/103947,2,2,2
mobile,/archives/104978,2,2,3
mobile,/archives/109462,2,2,2
mobile,/archives/111540,2,2,2
mobile,/archives/24192,2,2,2
mobile,/archives/25596,2,2,2
mobile,/archives/30101,2,2,2
mobile,/archives/30434,2,2,2
mobile,/archives/31491,2,2,2
mobile,/archives/36237,2,2,2
mobile,/archives/69107,2,2,2
mobile,/archives/80564,2,2,2
mobile,/archives/92030,2,2,2
mobile,/archives/category/business/sk-enterm,2,2,2
mobile,/archives/category/business/sk-incheonpetrochem,3,2,5
tablet,/archives/96864,2,2,2
desktop,/archives/100222,1,1,1
desktop,/archives/100667,2,1,2
desktop,/archives/100840,1,1,1
desktop,/archives/100851,1,1,2
desktop,/archives/102980,1,1,1
desktop,/archives/103349,1,1,1
desktop,/archives/103774,1,1,1
desktop,/archives/103932,1,1,1
desktop,/archives/105499,1,1,1
desktop,/archives/10557,1,1,1
desktop,/archives/105883,1,1,1
desktop,/archives/107289,1,1,3
desktop,/archives/10815,1,1,1
desktop,/archives/108563,1,1,1
desktop,/archives/108889,1,1,2
desktop,/archives/109118,1,1,1
desktop,/archives/109888,1,1,2
desktop,/archives/110120,2,1,1
desktop,/archives/110323,1,1,1
desktop,/archives/110382,1,1,1
desktop,/archives/110536,1,1,1
desktop,/archives/111406,1,1,1
desktop,/archives/111540,1,1,1
desktop,/archives/112024,1,1,2
desktop,/archives/112776,1,1,1
desktop,/archives/112908,3,1,2
desktop,/archives/113159,1,1,1
desktop,/archives/113289,1,1,1
desktop,/archives/113475,1,1,1
desktop,/archives/113475/3-sk이노베이션_ces2024_sk원더랜드_sk-wonderland_원더글로브_2-2,1,1,2
desktop,/archives/113565,1,1,1
desktop,/archives/113797,3,1,3
desktop,/archives/114065,1,1,3
desktop,/archives/11700,1,1,1
desktop,/archives/11993,1,1,1
desktop,/archives/16295,1,1,1
desktop,/archives/20706,1,1,2
desktop,/archives/21558,2,1,1
desktop,/archives/24686,1,1,1
desktop,/archives/27324,1,1,1
desktop,/archives/27825,1,1,1
desktop,/archives/3095,1,1,1
desktop,/archives/32685,1,1,1
desktop,/archives/34162,1,1,1
desktop,/archives/34678,1,1,1
desktop,/archives/36237,1,1,1
desktop,/archives/37759,1,1,1
desktop,/archives/38114,1,1,2
desktop,/archives/48279,1,1,1
desktop,/archives/4846,1,1,3
desktop,/archives/51614,1,1,1
desktop,/archives/55133,1,1,1
desktop,/archives/60291,1,1,1
desktop,/archives/61110,1,1,1
desktop,/archives/61743,1,1,1
desktop,/archives/61918,1,1,1
desktop,/archives/62742,1,1,1
desktop,/archives/63128,1,1,1
desktop,/archives/63622,1,1,1
desktop,/archives/67904,1,1,2
desktop,/archives/68608,1,1,1
desktop,/archives/69357,1,1,1
desktop,/archives/69589,1,1,1
desktop,/archives/70521,2,1,1
desktop,/archives/70929,1,1,1
desktop,/archives/72036,1,1,1
desktop,/archives/7268,1,1,1
desktop,/archives/73326,1,1,1
desktop,/archives/73355,1,1,1
desktop,/archives/73965,1,1,1
desktop,/archives/77408,1,1,1
desktop,/archives/78457,1,1,1
desktop,/archives/78785,1,1,1
desktop,/archives/80526,1,1,1
desktop,/archives/80564,1,1,1
desktop,/archives/8422,1,1,1
desktop,/archives/8482,1,1,1
desktop,/archives/85006,1,1,1
desktop,/archives/88269,2,1,1
desktop,/archives/88339,1,1,1
desktop,/archives/9049,1,1,2
desktop,/archives/90963,1,1,1
desktop,/archives/9192,1,1,1
desktop,/archives/92263,1,1,1
desktop,/archives/9351,1,1,1
desktop,/archives/93770,1,1,1
desktop,/archives/9463,1,1,1
desktop,/archives/95110,1,1,1
desktop,/archives/95234,1,1,1
desktop,/archives/95463,1,1,1
desktop,/archives/96387,1,1,1
desktop,/archives/96454,1,1,3
desktop,/archives/96879,1,1,2
desktop,/archives/97077,2,1,1
desktop,/archives/97113,1,1,1
desktop,/archives/97638,1,1,1
desktop,/archives/9782,1,1,1
desktop,/archives/98610,2,1,2
desktop,/archives/99191,1,1,1
desktop,/archives/99525,2,1,1
desktop,/archives/99547,1,1,1
desktop,/archives/category/field-news,2,1,2
desktop,/archives/tag/safety-golden-rule,1,1,1
desktop,/archives/tag/sk이노베이션-울산complex,1,1,1
desktop,/archives/tag/배터리,1,1,1
desktop,/archives/tag/솔룩스-플러스,1,1,1
desktop,/archives/tag/행코,1,1,1
desktop,/newsroom-guide,2,1,2
desktop,/posts,2,1,2
mobile,/archives/100159,1,1,1
mobile,/archives/100222,1,1,1
mobile,/archives/101143,1,1,1
mobile,/archives/102733,1,1,1
mobile,/archives/102896,1,1,1
mobile,/archives/103932,1,1,1
mobile,/archives/104187,1,1,1
mobile,/archives/104504,1,1,1
mobile,/archives/104517,1,1,2
mobile,/archives/105048,1,1,1
mobile,/archives/105362,1,1,1
mobile,/archives/105914,1,1,1
mobile,/archives/106205,1,1,1
mobile,/archives/107411,1,1,1
mobile,/archives/107738,1,1,2
mobile,/archives/109148,1,1,1
mobile,/archives/10963,1,1,1
mobile,/archives/110819,1,1,1
mobile,/archives/111454,1,1,1
mobile,/archives/112480,1,1,2
mobile,/archives/112754,1,1,1
mobile,/archives/113099,1,1,1
mobile,/archives/113289,1,1,1
mobile,/archives/114118,1,1,1
mobile,/archives/114153,1,1,1
mobile,/archives/11700,1,1,1
mobile,/archives/14070,1,1,2
mobile,/archives/14188,1,1,1
mobile,/archives/14225,1,1,1
mobile,/archives/14427,1,1,1
mobile,/archives/15214,1,1,1
mobile,/archives/20948,1,1,2
mobile,/archives/21277,1,1,1
mobile,/archives/21558,1,1,1
mobile,/archives/23134,1,1,1
mobile,/archives/24523,1,1,1
mobile,/archives/24874,1,1,1
mobile,/archives/26278,1,1,1
mobile,/archives/27745,1,1,1
mobile,/archives/28782,1,1,2
mobile,/archives/34678,1,1,1
mobile,/archives/36348,1,1,1
mobile,/archives/36456,1,1,1
mobile,/archives/45433,1,1,1
mobile,/archives/48881,1,1,1
mobile,/archives/49027,1,1,2
mobile,/archives/59820,1,1,1
mobile,/archives/63622,2,1,2
mobile,/archives/68188,1,1,1
mobile,/archives/69864,1,1,1
mobile,/archives/74727,1,1,1
mobile,/archives/75835,1,1,1
mobile,/archives/7636,1,1,1
mobile,/archives/76541,1,1,1
mobile,/archives/77592,1,1,1
mobile,/archives/80837,1,1,1
mobile,/archives/82343,1,1,1
mobile,/archives/8269,1,1,1
mobile,/archives/8326,1,1,1
mobile,/archives/83326,1,1,1
mobile,/archives/83571,1,1,2
mobile,/archives/83613,1,1,1
mobile,/archives/83720,1,1,2
mobile,/archives/8502,1,1,1
mobile,/archives/85278,1,1,1
mobile,/archives/90700,1,1,1
mobile,/archives/90978,1,1,1
mobile,/archives/9192,1,1,1
mobile,/archives/9439,1,1,1
mobile,/archives/9512,1,1,1
mobile,/archives/97077,1,1,1
mobile,/archives/97638,1,1,2
mobile,/archives/97942,1,1,2
mobile,/archives/98107,1,1,1
mobile,/archives/99361,1,1,1
mobile,/archives/99425,1,1,1
mobile,/archives/99892,1,1,2
mobile,/archives/category/business/sk-innovation,2,1,3
mobile,/archives/category/social-news/csr,1,1,1
mobile,/archives/tag/미소택배,1,1,1
mobile,/archives/tag/배터리,1,1,1
mobile,/archives/tag/벚꽃축제,1,1,2
mobile,/archives/tag/유베이스,1,1,1
mobile,/archives/tag/제주유나이티드fc,1,1,1
mobile,/archives/tag/직무-만족도-높은-기업,1,1,1
tablet,/archives/104002,1,1,2
tablet,/archives/114172,1,1,1
tablet,/archives/24686,1,1,1
tablet,/archives/8935,1,1,1
tablet,/archives/category/business/sk-on,1,1,1
desktop,/archives/100553,1,0,1
desktop,/archives/100614,1,0,1
desktop,/archives/102285,1,0,1
desktop,/archives/102756,1,0,3
desktop,/archives/103092,1,0,1
desktop,/archives/103372,1,0,1
desktop,/archives/106626,1,0,1
desktop,/archives/106868,1,0,2
desktop,/archives/108736,1,0,1
desktop,/archives/110819,2,0,2
desktop,/archives/110846,2,0,2
desktop,/archives/111421,1,0,1
desktop,/archives/111831,1,0,1
desktop,/archives/112418,1,0,1
desktop,/archives/112815,1,0,1
desktop,/archives/113881,1,0,1
desktop,/archives/114014,1,0,1
desktop,/archives/114138,1,0,1
desktop,/archives/114172,1,0,1
desktop,/archives/114208,3,0,6
desktop,/archives/114278,5,0,6
desktop,/archives/13718,1,0,1
desktop,/archives/14040,1,0,1
desktop,/archives/14965,1,0,1
desktop,/archives/15214,1,0,0
desktop,/archives/18648,2,0,2
desktop,/archives/21314,1,0,1
desktop,/archives/21354,1,0,1
desktop,/archives/21543,1,0,1
desktop,/archives/26011,1,0,1
desktop,/archives/27964,1,0,1
desktop,/archives/28634,1,0,1
desktop,/archives/29155,1,0,1
desktop,/archives/32845,1,0,1
desktop,/archives/33074,1,0,2
desktop,/archives/37693,1,0,0
desktop,/archives/47614,1,0,1
desktop,/archives/47741,1,0,2
desktop,/archives/47895,1,0,0
desktop,/archives/59389,1,0,1
desktop,/archives/6811,1,0,1
desktop,/archives/72120,1,0,1
desktop,/archives/7380,1,0,1
desktop,/archives/81090,1,0,1
desktop,/archives/83720,1,0,2
desktop,/archives/86766,1,0,1
desktop,/archives/8754,1,0,1
desktop,/archives/87900,1,0,1
desktop,/archives/88319,1,0,0
desktop,/archives/88639,1,0,1
desktop,/archives/89053,1,0,1
desktop,/archives/92030,1,0,1
desktop,/archives/92277,1,0,1
desktop,/archives/96633,1,0,1
desktop,/archives/96752,1,0,0
desktop,/archives/97593,1,0,3
desktop,/archives/98107,1,0,0
desktop,/archives/category/business,1,0,1
desktop,/archives/category/business/sk-earthon,1,0,1
desktop,/archives/category/business/sk-enterm,1,0,2
desktop,/archives/category/business/sk-geo-centric,1,0,1
desktop,/archives/category/business/sk-incheonpetrochem,1,0,1
desktop,/archives/category/business/sk-innovation,2,0,4
desktop,/archives/category/business/sk-on,3,0,5
desktop,/archives/category/field-news/inno-field,1,0,1
desktop,/archives/category/industry-and-insight/basics,1,0,1
desktop,/archives/category/industry-and-insight/inno-column,1,0,1
desktop,/archives/category/press/press-release,3,0,3
desktop,/archives/category/social-news/biz-social,1,0,2
desktop,/archives/tag/손바닥-지압,1,0,1
desktop,/archives/tag/철도,1,0,1
desktop,/archives/tag/하모니아,1,0,1
mobile,/archives/100438,1,0,1
mobile,/archives/100892,1,0,1
mobile,/archives/102756,1,0,1
mobile,/archives/106345,1,0,1
mobile,/archives/10815,1,0,2
mobile,/archives/110536,1,0,1
mobile,/archives/111245,1,0,1
mobile,/archives/111929,1,0,1
mobile,/archives/112908,1,0,1
mobile,/archives/112956,1,0,1
mobile,/archives/113925,1,0,1
mobile,/archives/114208,1,0,1
mobile,/archives/114278,1,0,1
mobile,/archives/21261,1,0,1
mobile,/archives/49178,1,0,1
mobile,/archives/69750,1,0,1
mobile,/archives/72120,1,0,0
mobile,/archives/81090,1,0,1
mobile,/archives/81636,1,0,2
mobile,/archives/82853,1,0,1
mobile,/archives/83166,1,0,1
mobile,/archives/88552,1,0,1
mobile,/archives/95080,1,0,1
mobile,/archives/95467,1,0,1
mobile,/archives/95827,1,0,1
mobile,/archives/98149,1,0,1
mobile,/archives/98215,1,0,1
mobile,/archives/98307,1,0,1
mobile,/archives/category/business/sk-energy,1,0,1
mobile,/archives/category/business/sk-geo-centric,1,0,1
mobile,/archives/category/field-news,2,0,2
mobile,/archives/category/field-news/inno-people,1,0,3
mobile,/archives/category/press/archive/photo,1,0,2
mobile,/archives/category/press/press-release,1,0,1
mobile,/archives/tag/행복cc,1,0,1
mobile,/posts,4,0,4