# ----------------------------------------
# 보고서 CSV 내보내기
# 계정: SK이노베이션(한글)
# 속성: SK이노베이션 - GA4
# ----------------------------------------
# 
# 모든 사용자
# 시작일: 20240321
# 종료일: 20240321
기기 카테고리,페이지 경로 및 화면 클래스,총 사용자,새 사용자 수,조회수
mobile,/archives/32828,34,34,38
desktop,/,88,30,199
mobile,/archives/24686,30,27,34
desktop,/archives/84588,29,23,33
desktop,/archives/49884,14,12,16
mobile,/archives/category/business/sk-enmove,11,11,16
desktop,/archives/103947,12,9,14
desktop,/archives/8448,10,9,12
desktop,/archives/98107,9,9,9
desktop,/archives/32828,9,8,8
desktop,/archives/107411,7,7,7
desktop,/archives/114153,11,7,14
desktop,/archives/57901,7,7,7
mobile,/,12,7,18
mobile,/archives/8448,9,7,10
mobile,/archives/8502,7,7,8
mobile,/archives/16295,6,6,6
tablet,/archives/8448,6,6,9
desktop,/archives/113797,8,5,7
desktop,/archives/113998,12,5,16
desktop,/archives/6688,5,5,8
desktop,/archives/8355,6,5,7
desktop,/archives/category/business/sk-on,16,5,34
mobile,/archives/113998,5,5,7
mobile,/archives/49884,6,5,6
mobile,/archives/85006,5,5,5
desktop,/archives/100159,4,4,5
desktop,/archives/104002,6,4,8
desktop,/archives/18301,5,4,6
desktop,/archives/60291,4,4,4
desktop,/archives/83571,5,4,6
desktop,/archives/95110,8,4,9
desktop,/archives/97077,5,4,5
desktop,/archives/category/business/sk-enterm,7,4,10
mobile,/archives/113797,4,4,4
mobile,/archives/48279,4,4,6
mobile,/archives/8422,4,4,5
desktop,/archives/109888,3,3,3
desktop,/archives/110015,3,3,3
desktop,/archives/111406,5,3,5
desktop,/archives/111540,4,3,4
desktop,/archives/111978,4,3,3
desktop,/archives/113952,5,3,6
desktop,/archives/114309,6,3,8
desktop,/archives/32337,5,3,5
desktop,/archives/34678,3,3,3
desktop,/archives/36237,3,3,3
desktop,/archives/37693,3,3,3
desktop,/archives/45433,3,3,3
desktop,/archives/48028,3,3,5
desktop,/archives/48279,4,3,3
desktop,/archives/63622,3,3,3
desktop,/archives/70139,3,3,3
desktop,/archives/83720,3,3,4
desktop,/archives/85006,3,3,5
desktop,/archives/88816,3,3,4
desktop,/archives/8935,3,3,3
desktop,/archives/94311,3,3,3
desktop,/archives/99361,3,3,3
desktop,/archives/category/business/sk-energy,11,3,11
desktop,/archives/category/field-news,8,3,10
desktop,/archives/tag/액침냉각,3,3,5
mobile,/archives/21277,3,3,5
mobile,/archives/70521,3,3,3
mobile,/archives/8935,5,3,6
mobile,/archives/category/business/sk-on,3,3,4
desktop,/archives/100641,2,2,2
desktop,/archives/100667,3,2,3
desktop,/archives/100892,3,2,4
desktop,/archives/10179,2,2,2
desktop,/archives/104978,3,2,3
desktop,/archives/105331,3,2,3
desktop,/archives/106345,4,2,4
desktop,/archives/107142,2,2,2
desktop,/archives/107557,3,2,3
desktop,/archives/110206,3,2,5
desktop,/archives/112428,2,2,2
desktop,/archives/112908,4,2,4
desktop,/archives/113565,2,2,2
desktop,/archives/113680,6,2,7
desktop,/archives/114094,2,2,2
desktop,/archives/114118,2,2,2
desktop,/archives/114327,17,2,24
desktop,/archives/13682,2,2,3
desktop,/archives/16295,2,2,2
desktop,/archives/20893,2,2,3
desktop,/archives/25579,2,2,2
desktop,/archives/25903,3,2,4
desktop,/archives/28782,2,2,2
desktop,/archives/48881,3,2,3
desktop,/archives/51077,4,2,4
desktop,/archives/60780,2,2,2
desktop,/archives/62987,3,2,4
desktop,/archives/76541,3,2,5
desktop,/archives/78785,2,2,2
desktop,/archives/8034,2,2,2
desktop,/archives/8269,3,2,3
desktop,/archives/83181,2,2,2
desktop,/archives/8502,3,2,4
desktop,/archives/85187,2,2,2
desktop,/archives/8544,2,2,2
desktop,/archives/88269,2,2,4
desktop,/archives/89099,2,2,2
desktop,/archives/89977,2,2,2
desktop,/archives/9049,2,2,2
desktop,/archives/91050,2,2,3
desktop,/archives/9249,2,2,2
desktop,/archives/93757,2,2,2
desktop,/archives/9562,2,2,2
desktop,/archives/96387,2,2,3
desktop,/archives/96864,2,2,2
desktop,/archives/96879,2,2,2
desktop,/archives/97638,2,2,3
desktop,/archives/98605,3,2,3
desktop,/archives/category/business/sk-enmove,8,2,8
desktop,/archives/tag/sk-battery-america,2,2,2
desktop,/archives/tag/sk경영경제연구소,3,2,3
desktop,/archives/tag/sk이노베이션-울산complex,4,2,6
desktop,/posts,5,2,5
mobile,/archives/100553,3,2,3
mobile,/archives/104002,2,2,2
mobile,/archives/104978,2,2,2
mobile,/archives/10557,2,2,2
mobile,/archives/109462,2,2,2
mobile,/archives/110975,2,2,2
mobile,/archives/111454,2,2,2
mobile,/archives/114172,2,2,2
mobile,/archives/114309,2,2,2
mobile,/archives/21617,2,2,2
mobile,/archives/28782,2,2,2
mobile,/archives/32337,2,2,2
mobile,/archives/33788,2,2,2
mobile,/archives/36237,3,2,11
mobile,/archives/47000,2,2,2
mobile,/archives/48881,2,2,3
mobile,/archives/51614,3,2,3
mobile,/archives/70071,2,2,2
mobile,/archives/83720,2,2,2
mobile,/archives/84588,2,2,2
mobile,/archives/86689,2,2,2
mobile,/archives/96864,2,2,2
mobile,/archives/category/business/sk-enterm,2,2,2
mobile,/newsroom-guide,2,2,2
tablet,/archives/48028,2,2,2
tablet,/archives/49884,2,2,2
tablet,/archives/96864,2,2,2
desktop,/ARCHIVES/68575,1,1,1
desktop,/archives/100113,1,1,1
desktop,/archives/100207,1,1,1
desktop,/archives/100222,1,1,2
desktop,/archives/100255,1,1,1
desktop,/archives/100739,3,1,3
desktop,/archives/100851,2,1,2
desktop,/archives/101089,1,1,1
desktop,/archives/10112,1,1,1
desktop,/archives/101143,1,1,1
desktop,/archives/101202,1,1,1
desktop,/archives/101248,1,1,1
desktop,/archives/101367,1,1,1
desktop,/archives/101589,1,1,1
desktop,/archives/102733,1,1,1
desktop,/archives/103336,1,1,1
desktop,/archives/103932,1,1,1
desktop,/archives/103989,2,1,2
desktop,/archives/104187,2,1,3
desktop,/archives/104439,3,1,3
desktop,/archives/104721,3,1,3
desktop,/archives/104788,2,1,3
desktop,/archives/104985,1,1,2
desktop,/archives/105048,1,1,1
desktop,/archives/105137,1,1,1
desktop,/archives/105208,1,1,1
desktop,/archives/105384,1,1,1
desktop,/archives/10557,1,1,1
desktop,/archives/105726,1,1,3
desktop,/archives/106868,1,1,1
desktop,/archives/107388,1,1,1
desktop,/archives/107610,2,1,2
desktop,/archives/107618,2,1,3
desktop,/archives/107738,1,1,1
desktop,/archives/107887,1,1,1
desktop,/archives/107963,1,1,1
desktop,/archives/108416,1,1,2
desktop,/archives/108755,2,1,3
desktop,/archives/108949,1,1,1
desktop,/archives/109462,1,1,1
desktop,/archives/109603,2,1,2
desktop,/archives/109977,1,1,1
desktop,/archives/110055,2,1,2
desktop,/archives/110328,2,1,1
desktop,/archives/110382,2,1,2
desktop,/archives/110425,1,1,1
desktop,/archives/110458,1,1,1
desktop,/archives/110681,1,1,2
desktop,/archives/110720,1,1,1
desktop,/archives/110846,1,1,1
desktop,/archives/111198,1,1,1
desktop,/archives/11127,2,1,2
desktop,/archives/111582,2,1,2
desktop,/archives/111667,1,1,1
desktop,/archives/112133,1,1,1
desktop,/archives/112411,1,1,1
desktop,/archives/112418,3,1,3
desktop,/archives/112580,3,1,2
desktop,/archives/112724,1,1,1
desktop,/archives/112776,2,1,1
desktop,/archives/112956,3,1,3
desktop,/archives/113083,1,1,1
desktop,/archives/113663,1,1,1
desktop,/archives/11371,1,1,1
desktop,/archives/113855,4,1,4
desktop,/archives/114065,4,1,4
desktop,/archives/114138,3,1,4
desktop,/archives/114172,4,1,4
desktop,/archives/114206,1,1,1
desktop,/archives/114278,8,1,8
desktop,/archives/11700,1,1,1
desktop,/archives/11848,1,1,1
desktop,/archives/14136,1,1,1
desktop,/archives/14875,1,1,1
desktop,/archives/15974,1,1,1
desktop,/archives/16075,1,1,1
desktop,/archives/17876,1,1,1
desktop,/archives/18264,1,1,1
desktop,/archives/18648,1,1,1
desktop,/archives/20263,1,1,1
desktop,/archives/20287,1,1,1
desktop,/archives/20687,1,1,1
desktop,/archives/20706,1,1,1
desktop,/archives/20948,1,1,1
desktop,/archives/21354,1,1,1
desktop,/archives/21558,1,1,1
desktop,/archives/22283,1,1,1
desktop,/archives/22607,1,1,1
desktop,/archives/22734,1,1,1
desktop,/archives/23283,1,1,1
desktop,/archives/24588,1,1,1
desktop,/archives/24686,1,1,1
desktop,/archives/25711,1,1,1
desktop,/archives/25955,1,1,3
desktop,/archives/26029,1,1,1
desktop,/archives/2624,1,1,1
desktop,/archives/27658,1,1,1
desktop,/archives/30153,1,1,1
desktop,/archives/30434,1,1,1
desktop,/archives/31776,1,1,1
desktop,/archives/32681,1,1,1
desktop,/archives/33788,1,1,1
desktop,/archives/34597,1,1,1
desktop,/archives/34905,1,1,1
desktop,/archives/36552,1,1,1
desktop,/archives/37044,1,1,1
desktop,/archives/38469,1,1,1
desktop,/archives/38490,1,1,1
desktop,/archives/46120,1,1,1
desktop,/archives/47479,1,1,1
desktop,/archives/48690,1,1,1
desktop,/archives/50688,1,1,1
desktop,/archives/50967,1,1,1
desktop,/archives/51614,1,1,1
desktop,/archives/51899,1,1,1
desktop,/archives/52251,1,1,1
desktop,/archives/53520,1,1,1
desktop,/archives/54014,1,1,1
desktop,/archives/56046,1,1,1
desktop,/archives/59030,2,1,2
desktop,/archives/59442,1,1,2
desktop,/archives/59768,1,1,1
desktop,/archives/60500,1,1,1
desktop,/archives/61057,1,1,1
desktop,/archives/61110,1,1,1
desktop,/archives/61743,1,1,1
desktop,/archives/62659,1,1,1
desktop,/archives/64591,1,1,1
desktop,/archives/67318,1,1,1
desktop,/archives/67841,2,1,2
desktop,/archives/68608,1,1,1
desktop,/archives/69107,1,1,1
desktop,/archives/69357,3,1,3
desktop,/archives/69621,1,1,1
desktop,/archives/70300,1,1,1
desktop,/archives/70471,1,1,1
desktop,/archives/70521,1,1,1
desktop,/archives/71038,1,1,1
desktop,/archives/72104,1,1,1
desktop,/archives/72162,1,1,1
desktop,/archives/72552,1,1,1
desktop,/archives/73392,1,1,1
desktop,/archives/7380,1,1,1
desktop,/archives/73965,2,1,1
desktop,/archives/74012,1,1,1
desktop,/archives/74464,1,1,1
desktop,/archives/74629,1,1,1
desktop,/archives/76606,2,1,2
desktop,/archives/77198,1,1,1
desktop,/archives/7820,1,1,1
desktop,/archives/78699,1,1,1
desktop,/archives/80192,2,1,2
desktop,/archives/80355,1,1,2
desktop,/archives/80526,1,1,1
desktop,/archives/80568,1,1,1
desktop,/archives/80603,1,1,1
desktop,/archives/81784,1,1,1
desktop,/archives/81824,1,1,1
desktop,/archives/8227,1,1,1
desktop,/archives/82324,1,1,1
desktop,/archives/8254,1,1,1
desktop,/archives/8482,1,1,1
desktop,/archives/85055,1,1,1
desktop,/archives/85586,1,1,1
desktop,/archives/85896,1,1,1
desktop,/archives/85944,1,1,1
desktop,/archives/86689,1,1,1
desktop,/archives/86766,2,1,2
desktop,/archives/86916,1,1,1
desktop,/archives/87190,1,1,1
desktop,/archives/8740,1,1,1
desktop,/archives/87685,1,1,1
desktop,/archives/87887,1,1,1
desktop,/archives/88198,2,1,2
desktop,/archives/88930,1,1,1
desktop,/archives/90311,1,1,1
desktop,/archives/90340,1,1,1
desktop,/archives/91844,1,1,1
desktop,/archives/92800,1,1,1
desktop,/archives/92961,1,1,1
desktop,/archives/93075,1,1,1
desktop,/archives/93157,1,1,1
desktop,/archives/93780,1,1,1
desktop,/archives/93909,1,1,1
desktop,/archives/94030,1,1,1
desktop,/archives/94170,1,1,1
desktop,/archives/9439,1,1,2
desktop,/archives/94397,1,1,1
desktop,/archives/94710,1,1,1
desktop,/archives/94886,1,1,1
desktop,/archives/95327,1,1,1
desktop,/archives/95661,1,1,1
desktop,/archives/9577,1,1,1
desktop,/archives/95988,1,1,1
desktop,/archives/96339,1,1,1
desktop,/archives/96768,1,1,1
desktop,/archives/96818,1,1,1
desktop,/archives/97027,1,1,1
desktop,/archives/97391,1,1,2
desktop,/archives/97418,1,1,1
desktop,/archives/9782,1,1,1
desktop,/archives/98182,1,1,1
desktop,/archives/98201,1,1,1
desktop,/archives/98215,1,1,1
desktop,/archives/98363,1,1,1
desktop,/archives/98404,1,1,1
desktop,/archives/98428,1,1,1
desktop,/archives/98731,2,1,2
desktop,/archives/category/business,12,1,16
desktop,/archives/category/industry-and-insight,3,1,3
desktop,/archives/category/today/oil-price,1,1,1
desktop,/archives/tag/carbon-to-green,1,1,1
desktop,/archives/tag/ncm9,1,1,2
desktop,/archives/tag/no-1-fcc생산1-unit,1,1,1
desktop,/archives/tag/독거노인사랑잇기,1,1,1
desktop,/archives/tag/뒤집는다,1,1,1
desktop,/archives/tag/석유,1,1,3
desktop,/archives/tag/수소충전소,1,1,1
desktop,/archives/tag/싱가포르-복합-정제마진,1,1,2
desktop,/archives/tag/열분해유,2,1,3
desktop,/archives/tag/유베이스,1,1,2
desktop,/archives/tag/지크,1,1,1
desktop,/archives/tag/창립기념일,1,1,1
desktop,/archives/tag/하모니아,1,1,1
desktop,/archives/tag/환경과학기술원,2,1,3
desktop,/newsletter_agreement,1,1,1
desktop,/privacy-policy,2,1,2
mobile,/archives/100387,1,1,1
mobile,/archives/100667,2,1,2
mobile,/archives/100739,2,1,3
mobile,/archives/102328,1,1,1
mobile,/archives/103092,1,1,1
mobile,/archives/10330,1,1,1
mobile,/archives/103594,1,1,1
mobile,/archives/103947,4,1,5
mobile,/archives/104331,1,1,1
mobile,/archives/104504,1,1,1
mobile,/archives/104517,1,1,1
mobile,/archives/107618,1,1,1
mobile,/archives/107738,1,1,1
mobile,/archives/10815,1,1,1
mobile,/archives/108874,1,1,1
mobile,/archives/110120,1,1,1
mobile,/archives/110144,1,1,1
mobile,/archives/110471,1,1,1
mobile,/archives/110489,1,1,1
mobile,/archives/110819,1,1,1
mobile,/archives/110959,1,1,1
mobile,/archives/11127,1,1,1
mobile,/archives/111324,1,1,1
mobile,/archives/111406,1,1,1
mobile,/archives/111831,1,1,1
mobile,/archives/112908,2,1,2
mobile,/archives/112956,1,1,1
mobile,/archives/113680,1,1,1
mobile,/archives/113855,1,1,2
mobile,/archives/113952,1,1,1
mobile,/archives/114094,1,1,1
mobile,/archives/114208,1,1,1
mobile,/archives/14070,1,1,1
mobile,/archives/15214,1,1,1
mobile,/archives/17730,1,1,1
mobile,/archives/18648,1,1,1
mobile,/archives/21215,1,1,1
mobile,/archives/21573,1,1,1
mobile,/archives/22421,1,1,1
mobile,/archives/22805,1,1,1
mobile,/archives/24588,1,1,1
mobile,/archives/24591,1,1,1
mobile,/archives/25139,1,1,1
mobile,/archives/25903,1,1,1
mobile,/archives/26127,1,1,2
mobile,/archives/26620,1,1,2
mobile,/archives/27926,1,1,1
mobile,/archives/28208,1,1,1
mobile,/archives/28345,1,1,1
mobile,/archives/29138,1,1,1
mobile,/archives/29155,1,1,1
mobile,/archives/30647,1,1,1
mobile,/archives/31586,1,1,1
mobile,/archives/31964,1,1,1
mobile,/archives/34355,1,1,1
mobile,/archives/34678,2,1,2
mobile,/archives/35195,1,1,1
mobile,/archives/36305,1,1,1
mobile,/archives/36348,1,1,1
mobile,/archives/36616,1,1,1
mobile,/archives/37693,1,1,1
mobile,/archives/38911,1,1,1
mobile,/archives/45364,1,1,1
mobile,/archives/45433,1,1,1
mobile,/archives/48028,1,1,1
mobile,/archives/50461,1,1,1
mobile,/archives/50898,1,1,1
mobile,/archives/53520,1,1,1
mobile,/archives/55181,1,1,1
mobile,/archives/56046,1,1,1
mobile,/archives/58745,1,1,1
mobile,/archives/61110,1,1,1
mobile,/archives/62623,1,1,1
mobile,/archives/63622,1,1,1
mobile,/archives/66493,1,1,1
mobile,/archives/68423,1,1,2
mobile,/archives/70300,1,1,2
mobile,/archives/71405,1,1,1
mobile,/archives/72390,1,1,1
mobile,/archives/7288,1,1,1
mobile,/archives/73628,1,1,2
mobile,/archives/7380,1,1,1
mobile,/archives/74339,1,1,1
mobile,/archives/76541,1,1,1
mobile,/archives/77093,1,1,1
mobile,/archives/78785,1,1,1
mobile,/archives/80564,1,1,2
mobile,/archives/80568,1,1,1
mobile,/archives/82496,1,1,1
mobile,/archives/83099,1,1,1
mobile,/archives/8355,1,1,1
mobile,/archives/84713,1,1,1
mobile,/archives/86439,1,1,1
mobile,/archives/88154,1,1,1
mobile,/archives/88198,1,1,2
mobile,/archives/88816,1,1,1
mobile,/archives/91297,1,1,1
mobile,/archives/92808,1,1,1
mobile,/archives/94081,1,1,1
mobile,/archives/9439,1,1,1
mobile,/archives/9463,1,1,2
mobile,/archives/9577,1,1,1
mobile,/archives/96846,1,1,1
mobile,/archives/9705,1,1,1
mobile,/archives/97207,1,1,1
mobile,/archives/97579,1,1,1
mobile,/archives/9782,1,1,1
mobile,/archives/98107,1,1,3
mobile,/archives/98905,1,1,1
mobile,/archives/98991,1,1,1
mobile,/archives/category/business/sk-energy,1,1,2
mobile,/archives/category/business/sk-incheonpetrochem,1,1,1
mobile,/archives/tag/epdm-공정,1,1,3
mobile,/archives/tag/nexlene,1,1,1
mobile,/archives/tag/sk에너지-축구단,1,1,1
mobile,/archives/tag/광고,1,1,1
mobile,/archives/tag/도시유전,1,1,1
mobile,/archives/tag/동탄드림주유소,1,1,2
mobile,/archives/tag/시노펙,1,1,1
mobile,/archives/tag/아카데미,1,1,1
mobile,/archives/tag/울산clx,1,1,1
mobile,/archives/tag/파라자일렌,1,1,3
mobile,/archives/tag/헝가리-코마롬,1,1,1
tablet,/archives/103947,1,1,1
tablet,/archives/104504,1,1,1
tablet,/archives/107255,1,1,3
tablet,/archives/111633,1,1,1
tablet,/archives/21617,1,1,1
tablet,/archives/3095,1,1,1
tablet,/archives/48279,1,1,1
tablet,/archives/69621,1,1,1
tablet,/archives/74611,1,1,1
tablet,/archives/8482,1,1,2
tablet,/archives/8502,1,1,1
desktop,/archives/100041,1,0,1
desktop,/archives/100474,1,0,1
desktop,/archives/101258,2,0,1
desktop,/archives/101342,1,0,1
desktop,/archives/102386,1,0,1
desktop,/archives/102980,2,0,5
desktop,/archives/103349,1,0,1
desktop,/archives/103803,2,0,2
desktop,/archives/103860,1,0,1
desktop,/archives/103938,1,0,1
desktop,/archives/104261,1,0,1
desktop,/archives/104532,3,0,4
desktop,/archives/104601,1,0,1
desktop,/archives/104629,1,0,1
desktop,/archives/105091,1,0,1
desktop,/archives/105258,1,0,1
desktop,/archives/105264,1,0,1
desktop,/archives/105676,1,0,1
desktop,/archives/105985,1,0,1
desktop,/archives/106126,2,0,2
desktop,/archives/106254,1,0,1
desktop,/archives/106459,1,0,1
desktop,/archives/106701,1,0,1
desktop,/archives/107289,1,0,2
desktop,/archives/107662,1,0,1
desktop,/archives/107845,1,0,1
desktop,/archives/108426,1,0,1
desktop,/archives/108889,1,0,2
desktop,/archives/109195,1,0,1
desktop,/archives/109216,1,0,1
desktop,/archives/109520,1,0,1
desktop,/archives/110144,2,0,2
desktop,/archives/110323,4,0,4
desktop,/archives/110471,1,0,1
desktop,/archives/110635,1,0,3
desktop,/archives/110819,1,0,1
desktop,/archives/110894,1,0,1
desktop,/archives/111394,3,0,3
desktop,/archives/111454,1,0,1
desktop,/archives/111486,3,0,3
desktop,/archives/111533,1,0,1
desktop,/archives/112183,1,0,1
desktop,/archives/112210,1,0,1
desktop,/archives/11223,1,0,1
desktop,/archives/112279,1,0,1
desktop,/archives/112480,1,0,1
desktop,/archives/112487,2,0,3
desktop,/archives/112815,1,0,1
desktop,/archives/112882,1,0,1
desktop,/archives/113121,1,0,1
desktop,/archives/113159,1,0,1
desktop,/archives/113186,1,0,1
desktop,/archives/113419,1,0,2
desktop,/archives/113432,1,0,0
desktop,/archives/113520,3,0,4
desktop,/archives/113881,1,0,1
desktop,/archives/113899,1,0,2
desktop,/archives/113925,1,0,1
desktop,/archives/114014,1,0,1
desktop,/archives/114038,1,0,1
desktop,/archives/114052,1,0,1
desktop,/archives/114199,1,0,2
desktop,/archives/114208,4,0,5
desktop,/archives/114221,3,0,3
desktop,/archives/12929,1,0,1
desktop,/archives/14965,1,0,1
desktop,/archives/16310,1,0,1
desktop,/archives/21261,1,0,2
desktop,/archives/21314,1,0,1
desktop,/archives/21649,1,0,1
desktop,/archives/23957,1,0,2
desktop,/archives/25466,1,0,1
desktop,/archives/25596,1,0,1
desktop,/archives/25623,1,0,2
desktop,/archives/25648,1,0,3
desktop,/archives/26548,1,0,1
desktop,/archives/27289,1,0,0
desktop,/archives/27324,1,0,1
desktop,/archives/27556,1,0,1
desktop,/archives/28045,1,0,1
desktop,/archives/28157,1,0,1
desktop,/archives/31702,1,0,1
desktop,/archives/34256,1,0,0
desktop,/archives/34426,1,0,1
desktop,/archives/34624,1,0,1
desktop,/archives/36253,1,0,1
desktop,/archives/38296,1,0,0
desktop,/archives/47000,1,0,1
desktop,/archives/47741,1,0,0
desktop,/archives/49118,1,0,1
desktop,/archives/49220,1,0,1
desktop,/archives/50461,1,0,1
desktop,/archives/54002,1,0,1
desktop,/archives/54675,1,0,1
desktop,/archives/56262,1,0,1
desktop,/archives/57021,1,0,1
desktop,/archives/59095,1,0,1
desktop,/archives/59917,1,0,1
desktop,/archives/60936,1,0,2
desktop,/archives/61250,1,0,1
desktop,/archives/6217,1,0,1
desktop,/archives/63101,2,0,3
desktop,/archives/63816,1,0,1
desktop,/archives/65346,1,0,1
desktop,/archives/65607,1,0,1
desktop,/archives/68575,1,0,1
desktop,/archives/71556,1,0,2
desktop,/archives/72310,1,0,1
desktop,/archives/7268,1,0,0
desktop,/archives/7577,1,0,1
desktop,/archives/76420,1,0,1
desktop,/archives/76643,1,0,1
desktop,/archives/79081,1,0,1
desktop,/archives/7918,1,0,1
desktop,/archives/79656,1,0,1
desktop,/archives/82496,1,0,1
desktop,/archives/82691,1,0,1
desktop,/archives/83097,2,0,2
desktop,/archives/83166,1,0,1
desktop,/archives/83231,1,0,1
desktop,/archives/83997,1,0,1
desktop,/archives/84762,1,0,1
desktop,/archives/85134,1,0,1
desktop,/archives/86173,1,0,1
desktop,/archives/87254,1,0,1
desktop,/archives/88291,1,0,1
desktop,/archives/89317,1,0,1
desktop,/archives/89828,1,0,1
desktop,/archives/90543,1,0,1
desktop,/archives/90836,1,0,2
desktop,/archives/91072,1,0,1
desktop,/archives/92917,1,0,7
desktop,/archives/92988,1,0,0
desktop,/archives/93938,1,0,1
desktop,/archives/94009,1,0,1
desktop,/archives/94104,2,0,2
desktop,/archives/94163,1,0,1
desktop,/archives/94248,1,0,1
desktop,/archives/94739,1,0,1
desktop,/archives/95080,1,0,1
desktop,/archives/95134,1,0,2
desktop,/archives/96454,1,0,1
desktop,/archives/97264,1,0,1
desktop,/archives/97461,2,0,2
desktop,/archives/97463,1,0,1
desktop,/archives/97687,1,0,1
desktop,/archives/98052,1,0,1
desktop,/archives/98253,1,0,2
desktop,/archives/98956,1,0,1
desktop,/archives/99191,1,0,1
desktop,/archives/category/9,1,0,1
desktop,/archives/category/business/sk-earthon,1,0,1
desktop,/archives/category/business/sk-geo-centric,7,0,10
desktop,/archives/category/business/sk-ietechnology,1,0,2
desktop,/archives/category/business/sk-incheonpetrochem,3,0,8
desktop,/archives/category/business/sk-innovation,10,0,11
desktop,/archives/category/field-news/inno-field,1,0,1
desktop,/archives/category/field-news/inno-people,2,0,4
desktop,/archives/category/field-news/management,2,0,2
desktop,/archives/category/industry-and-insight/basics,9,0,11
desktop,/archives/category/industry-and-insight/inno-column,4,0,7
desktop,/archives/category/press,8,0,11
desktop,/archives/category/press/archive,5,0,5
desktop,/archives/category/press/archive/photo,1,0,1
desktop,/archives/category/press/notice,8,0,10
desktop,/archives/category/press/pr-movie,1,0,1
desktop,/archives/category/press/press-release,13,0,24
desktop,/archives/category/social-news,1,0,2
desktop,/archives/tag/esg,1,0,1
desktop,/archives/tag/g-r-o-w-t-h,1,0,0
desktop,/archives/tag/vrds,1,0,1
desktop,/archives/tag/기업pr,1,0,1
desktop,/archives/tag/부모초청행사,1,0,2
desktop,/archives/tag/신입사원-교육과정,1,0,3
desktop,/archives/tag/알앤디,1,0,1
desktop,/archives/tag/울산clx,1,0,2
desktop,/archives/tag/전기차,1,0,1
desktop,/archives/tag/전기차-배터리,1,0,1
desktop,/archives/tag/조지아주,1,0,1
desktop,/archives/tag/증권사-리포트,1,0,1
desktop,/archives/tag/플로깅,1,0,1
desktop,/archives/tag/행복키움,1,0,1
desktop,/newsroom-guide,3,0,4
mobile,/archives/102863,1,0,1
mobile,/archives/108569,1,0,1
mobile,/archives/109977,1,0,1
mobile,/archives/110003,1,0,1
mobile,/archives/110055,1,0,1
mobile,/archives/110536,1,0,1
mobile,/archives/110894,1,0,1
mobile,/archives/111929,1,0,1
mobile,/archives/112250,1,0,1
mobile,/archives/112418,1,0,1
mobile,/archives/112603,1,0,1
mobile,/archives/113289,1,0,1
mobile,/archives/114065,2,0,4
mobile,/archives/114138,3,0,5
mobile,/archives/114278,2,0,2
mobile,/archives/114327,1,0,2
mobile,/archives/13682,1,0,1
mobile,/archives/20723,1,0,1
mobile,/archives/34939,1,0,1
mobile,/archives/50303,1,0,1
mobile,/archives/51077,1,0,1
mobile,/archives/59389,1,0,1
mobile,/archives/6688,1,0,2
mobile,/archives/81784,1,0,1
mobile,/archives/81931,1,0,1
mobile,/archives/97264,1,0,0
mobile,/archives/category/business/sk-earthon,1,0,2
mobile,/archives/category/field-news/inno-field,1,0,2
mobile,/archives/category/field-news/inno-people,1,0,1
mobile,/archives/category/press,1,0,4
mobile,/archives/category/press/archive,1,0,2
mobile,/archives/tag/hou,1,0,2
mobile,/archives/tag/엔지니어링-플라스틱,1,0,2
mobile,/archives/tag/친환경-플라스틱,1,0,1
mobile,/posts,1,0,1
tablet,/archives/110110,1,0,1
tablet,/archives/111495,1,0,1
tablet,/archives/113159,1,0,1
tablet,/archives/113797,1,0,1
tablet,/archives/114221,1,0,1
tablet,/archives/category/business/sk-energy,1,0,1
tablet,/archives/category/business/sk-innovation,1,0,2
tablet,/archives/category/industry-and-insight/inno-column,1,0,1