# ----------------------------------------
# 보고서 CSV 내보내기
# 계정: SK이노베이션(한글)
# 속성: SK이노베이션 - GA4
# ----------------------------------------
# 
# 모든 사용자
# 시작일: 20240701
# 종료일: 20240701
기기 카테고리,페이지 경로 및 화면 클래스,총 사용자,새 사용자 수,조회수
mobile,/archives/115558,100,88,105
desktop,/archives/category/press/press-release,60,47,63
desktop,/,95,39,149
desktop,/archives/113797,29,23,29
desktop,/archives/34678,20,20,21
mobile,/archives/32828,16,16,19
mobile,/archives/23352,14,13,13
desktop,/archives/84588,15,12,17
desktop,/archives/115558,18,11,21
mobile,/archives/34678,11,11,14
mobile,/,15,10,25
mobile,/archives/115057,10,10,11
mobile,/archives/109462,10,9,11
mobile,/archives/category/business/sk-on,12,9,14
desktop,/archives/115727,40,8,54
mobile,/archives/96864,8,8,10
desktop,/archives/104002,8,7,11
mobile,/archives/32685,7,7,9
desktop,/archives/100667,6,6,8
desktop,/archives/32828,6,6,7
desktop,/archives/category/business/sk-on,19,6,31
tablet,/archives/92880,6,6,7
desktop,/archives/100222,5,5,5
desktop,/archives/111831,9,5,9
desktop,/archives/115057,6,5,6
desktop,/archives/78553,5,5,6
desktop,/archives/83065,7,5,7
mobile,/archives/115706,6,5,9
desktop,/archives/114094,4,4,5
desktop,/archives/115587,7,4,8
desktop,/archives/27825,4,4,4
desktop,/archives/49884,6,4,6
desktop,/archives/8355,6,4,7
desktop,/archives/96864,5,4,4
mobile,/archives/114973,4,4,4
mobile,/archives/115727,14,4,18
desktop,/archives/100553,3,3,3
desktop,/archives/10557,3,3,4
desktop,/archives/107388,3,3,3
desktop,/archives/111978,3,3,4
desktop,/archives/112580,5,3,6
desktop,/archives/113855,4,3,4
desktop,/archives/113952,4,3,4
desktop,/archives/114138,4,3,5
desktop,/archives/114999,6,3,6
desktop,/archives/115537,9,3,8
desktop,/archives/23352,3,3,3
desktop,/archives/36253,3,3,3
desktop,/archives/48028,4,3,5
desktop,/archives/60291,3,3,3
desktop,/archives/61743,3,3,3
desktop,/archives/69357,3,3,3
desktop,/archives/81784,3,3,3
desktop,/archives/97077,5,3,5
desktop,/archives/99361,4,3,4
desktop,/archives/tag/sk경영경제연구소,3,3,3
desktop,/archives/tag/열분해유,3,3,3
desktop,/posts,10,3,13
mobile,/archives/19961,3,3,5
mobile,/archives/7696,3,3,3
mobile,/archives/9439,3,3,3
tablet,/archives/115558,3,3,3
desktop,/archives/100159,2,2,2
desktop,/archives/10179,2,2,2
desktop,/archives/103989,2,2,2
desktop,/archives/106205,2,2,2
desktop,/archives/107411,2,2,2
desktop,/archives/10815,2,2,2
desktop,/archives/108755,2,2,2
desktop,/archives/109888,2,2,3
desktop,/archives/110323,4,2,4
desktop,/archives/110471,2,2,2
desktop,/archives/114153,5,2,5
desktop,/archives/114309,2,2,2
desktop,/archives/114688,2,2,2
desktop,/archives/114810,3,2,5
desktop,/archives/114973,3,2,5
desktop,/archives/115258,3,2,3
desktop,/archives/115394,4,2,5
desktop,/archives/115706,12,2,12
desktop,/archives/21973,2,2,4
desktop,/archives/28782,2,2,2
desktop,/archives/33974,2,2,2
desktop,/archives/59030,2,2,2
desktop,/archives/6688,2,2,6
desktop,/archives/73326,2,2,2
desktop,/archives/76541,2,2,2
desktop,/archives/78785,3,2,3
desktop,/archives/83720,2,2,2
desktop,/archives/84762,2,2,2
desktop,/archives/88816,2,2,2
desktop,/archives/9049,2,2,2
desktop,/archives/94311,3,2,3
desktop,/archives/95110,4,2,6
desktop,/archives/96879,2,2,2
desktop,/archives/97693,2,2,2
desktop,/archives/98107,2,2,2
desktop,/archives/98731,2,2,2
desktop,/archives/category/business/sk-energy,8,2,8
desktop,/archives/tag/sk이노베이션-울산complex,2,2,2
desktop,/archives/tag/베이징-besk-테크놀로지,3,2,7
desktop,/archives/tag/오픈-이노베이션,2,2,3
desktop,/archives/tag/탄소중립,2,2,2
mobile,/archives/105676,2,2,2
mobile,/archives/112580,2,2,2
mobile,/archives/114094,2,2,2
mobile,/archives/114407,2,2,4
mobile,/archives/115353,2,2,2
mobile,/archives/115394,2,2,2
mobile,/archives/115537,2,2,2
mobile,/archives/16295,2,2,2
mobile,/archives/21277,2,2,2
mobile,/archives/21617,2,2,2
mobile,/archives/24192,2,2,2
mobile,/archives/25596,2,2,2
mobile,/archives/37693,2,2,2
mobile,/archives/48028,3,2,3
mobile,/archives/61743,2,2,2
mobile,/archives/7380,2,2,2
mobile,/archives/78553,2,2,3
mobile,/archives/8355,2,2,2
mobile,/archives/84588,2,2,2
mobile,/archives/8935,2,2,2
mobile,/archives/9049,2,2,2
mobile,/archives/92880,2,2,2
mobile,/archives/9512,2,2,2
mobile,/archives/9782,2,2,2
mobile,/archives/category/business/sk-energy,2,2,2
mobile,/archives/category/business/sk-incheonpetrochem,2,2,2
desktop,/archives/100130,2,1,4
desktop,/archives/100515,2,1,2
desktop,/archives/101143,1,1,1
desktop,/archives/101465,2,1,4
desktop,/archives/102268,1,1,1
desktop,/archives/102285,1,1,2
desktop,/archives/102419,1,1,1
desktop,/archives/102835,1,1,1
desktop,/archives/103287,1,1,1
desktop,/archives/10330,1,1,1
desktop,/archives/103302,1,1,1
desktop,/archives/103349,1,1,1
desktop,/archives/103947,4,1,6
desktop,/archives/104439,1,1,1
desktop,/archives/104532,2,1,2
desktop,/archives/106387,1,1,1
desktop,/archives/107142,1,1,1
desktop,/archives/107579,1,1,1
desktop,/archives/107610,1,1,1
desktop,/archives/107809,1,1,1
desktop,/archives/109090,1,1,1
desktop,/archives/109169,1,1,1
desktop,/archives/109216,1,1,1
desktop,/archives/109962,1,1,1
desktop,/archives/110015,3,1,3
desktop,/archives/110055,1,1,2
desktop,/archives/110104,1,1,1
desktop,/archives/110144,2,1,2
desktop,/archives/110458,2,1,2
desktop,/archives/111324,1,1,1
desktop,/archives/111387,1,1,1
desktop,/archives/111394,2,1,2
desktop,/archives/111435,1,1,2
desktop,/archives/111540,3,1,3
desktop,/archives/111652,1,1,1
desktop,/archives/112011,1,1,1
desktop,/archives/112024,1,1,1
desktop,/archives/11223,1,1,1
desktop,/archives/112418,4,1,4
desktop,/archives/112513,1,1,1
desktop,/archives/113121,1,1,1
desktop,/archives/113159,3,1,3
desktop,/archives/113419,1,1,1
desktop,/archives/113680,1,1,1
desktop,/archives/113881,1,1,1
desktop,/archives/113899,1,1,1
desktop,/archives/113998,3,1,3
desktop,/archives/114118,1,1,1
desktop,/archives/114172,1,1,1
desktop,/archives/114327,1,1,1
desktop,/archives/114407,1,1,1
desktop,/archives/114751,1,1,1
desktop,/archives/114789,1,1,1
desktop,/archives/114931,2,1,2
desktop,/archives/115390,1,1,1
desktop,/archives/115517,1,1,1
desktop,/archives/12513,1,1,1
desktop,/archives/12554,1,1,1
desktop,/archives/12657,1,1,1
desktop,/archives/13264,1,1,1
desktop,/archives/14070,1,1,2
desktop,/archives/14188,1,1,1
desktop,/archives/14651,1,1,1
desktop,/archives/14965,1,1,2
desktop,/archives/16254,1,1,1
desktop,/archives/18301,2,1,1
desktop,/archives/19349,1,1,1
desktop,/archives/19392,1,1,1
desktop,/archives/19961,1,1,1
desktop,/archives/20157,1,1,1
desktop,/archives/20723,1,1,1
desktop,/archives/21277,1,1,1
desktop,/archives/21488,1,1,1
desktop,/archives/21543,1,1,3
desktop,/archives/21558,2,1,2
desktop,/archives/22292,1,1,1
desktop,/archives/22567,1,1,1
desktop,/archives/23283,1,1,2
desktop,/archives/24588,2,1,3
desktop,/archives/24686,1,1,1
desktop,/archives/25596,1,1,1
desktop,/archives/25711,3,1,5
desktop,/archives/25903,1,1,1
desktop,/archives/25955,1,1,1
desktop,/archives/26466,1,1,2
desktop,/archives/27389,1,1,1
desktop,/archives/27519,1,1,1
desktop,/archives/28157,1,1,1
desktop,/archives/30273,1,1,2
desktop,/archives/30539,2,1,3
desktop,/archives/3095,1,1,2
desktop,/archives/31846,1,1,1
desktop,/archives/32220,1,1,1
desktop,/archives/32685,1,1,1
desktop,/archives/32839,1,1,1
desktop,/archives/33139,1,1,1
desktop,/archives/34190,1,1,1
desktop,/archives/34578,1,1,1
desktop,/archives/34905,1,1,1
desktop,/archives/35072,1,1,1
desktop,/archives/35678,2,1,3
desktop,/archives/36237,1,1,1
desktop,/archives/37159,1,1,1
desktop,/archives/37795,1,1,1
desktop,/archives/38114,2,1,2
desktop,/archives/38706,1,1,1
desktop,/archives/4298,1,1,1
desktop,/archives/45237,1,1,1
desktop,/archives/45433,1,1,2
desktop,/archives/45977,1,1,1
desktop,/archives/46873,1,1,1
desktop,/archives/47000,1,1,1
desktop,/archives/4735,1,1,1
desktop,/archives/47741,1,1,1
desktop,/archives/47895,2,1,3
desktop,/archives/48168,2,1,2
desktop,/archives/48279,1,1,1
desktop,/archives/48881,1,1,3
desktop,/archives/50967,1,1,1
desktop,/archives/51077,2,1,3
desktop,/archives/51614,1,1,1
desktop,/archives/53447,1,1,3
desktop,/archives/54808,1,1,1
desktop,/archives/55295,1,1,1
desktop,/archives/55965,1,1,1
desktop,/archives/56657,1,1,1
desktop,/archives/57650,1,1,1
desktop,/archives/59623,1,1,1
desktop,/archives/59820,1,1,1
desktop,/archives/60780,1,1,1
desktop,/archives/61771,1,1,1
desktop,/archives/61897,1,1,1
desktop,/archives/62987,2,1,2
desktop,/archives/63284,1,1,1
desktop,/archives/63622,1,1,1
desktop,/archives/65154,1,1,1
desktop,/archives/67904,1,1,1
desktop,/archives/68684,1,1,1
desktop,/archives/6947,1,1,1
desktop,/archives/70300,1,1,2
desktop,/archives/70521,1,1,1
desktop,/archives/71038,1,1,1
desktop,/archives/71505,1,1,1
desktop,/archives/72120,1,1,1
desktop,/archives/73232,1,1,1
desktop,/archives/73355,1,1,1
desktop,/archives/7348,1,1,1
desktop,/archives/73628,1,1,1
desktop,/archives/73661,1,1,1
desktop,/archives/73718,1,1,1
desktop,/archives/73751,1,1,1
desktop,/archives/7380,1,1,1
desktop,/archives/73965,1,1,1
desktop,/archives/74012,1,1,1
desktop,/archives/74339,1,1,1
desktop,/archives/7435,1,1,1
desktop,/archives/76179,1,1,1
desktop,/archives/76328,1,1,1
desktop,/archives/7696,1,1,2
desktop,/archives/78120,1,1,1
desktop,/archives/78699,1,1,1
desktop,/archives/7938,3,1,4
desktop,/archives/80192,1,1,1
desktop,/archives/80343,1,1,1
desktop,/archives/80603,1,1,1
desktop,/archives/81289,1,1,1
desktop,/archives/81437,1,1,1
desktop,/archives/81946,1,1,1
desktop,/archives/83181,1,1,1
desktop,/archives/83477,1,1,1
desktop,/archives/83571,1,1,1
desktop,/archives/8409,1,1,1
desktop,/archives/8448,1,1,1
desktop,/archives/84500,1,1,1
desktop,/archives/8502,1,1,1
desktop,/archives/85187,1,1,1
desktop,/archives/85853,1,1,1
desktop,/archives/86313,1,1,3
desktop,/archives/87190,1,1,1
desktop,/archives/8740,1,1,1
desktop,/archives/87921,1,1,1
desktop,/archives/88430,1,1,1
desktop,/archives/89732,1,1,1
desktop,/archives/91050,1,1,1
desktop,/archives/91753,1,1,1
desktop,/archives/92277,1,1,1
desktop,/archives/92338,1,1,1
desktop,/archives/92808,1,1,1
desktop,/archives/93075,1,1,1
desktop,/archives/93460,1,1,1
desktop,/archives/93491,1,1,1
desktop,/archives/93529,1,1,1
desktop,/archives/93757,1,1,1
desktop,/archives/93938,1,1,1
desktop,/archives/94030,1,1,1
desktop,/archives/94488,1,1,1
desktop,/archives/94778,2,1,3
desktop,/archives/9512,1,1,2
desktop,/archives/96022,1,1,1
desktop,/archives/96145,3,1,5
desktop,/archives/96200,1,1,1
desktop,/archives/96443,1,1,1
desktop,/archives/96454,2,1,2
desktop,/archives/9660,1,1,1
desktop,/archives/96752,1,1,1
desktop,/archives/97113,1,1,1
desktop,/archives/97264,1,1,1
desktop,/archives/97843,1,1,1
desktop,/archives/98428,1,1,1
desktop,/archives/98805,1,1,1
desktop,/archives/9986,1,1,1
desktop,/archives/99932,1,1,1
desktop,/archives/category/2023,1,1,3
desktop,/archives/category/business/sk-enterm,5,1,7
desktop,/archives/category/business/sk-incheonpetrochem,1,1,1
desktop,/archives/category/field-news,4,1,5
desktop,/archives/category/social-news,1,1,1
desktop,/archives/category/social-news/csr,1,1,1
desktop,/archives/tag/ceo와의-대화,1,1,1
desktop,/archives/tag/gm다이어트,1,1,1
desktop,/archives/tag/mpge,1,1,1
desktop,/archives/tag/sk-supex추구협의회,2,1,2
desktop,/archives/tag/sk그룹-최태원-회장,1,1,1
desktop,/archives/tag/sk써니,1,1,1
desktop,/archives/tag/sk올림픽핸드볼경기장,1,1,1
desktop,/archives/tag/sk주유소,1,1,1
desktop,/archives/tag/sk지오센트릭,1,1,2
desktop,/archives/tag/supex,1,1,1
desktop,/archives/tag/배터리-공장,1,1,1
desktop,/archives/tag/복합-주유소,1,1,1
desktop,/archives/tag/사내복지,1,1,1
desktop,/archives/tag/수소충전소,1,1,1
desktop,/archives/tag/스페인-카르타헤나-공장,1,1,1
desktop,/archives/tag/직무소개,1,1,1
desktop,/archives/tag/창립기념일,1,1,1
desktop,/archives/tag/포화탄화수소,1,1,1
desktop,/archives/tag/해피빈,1,1,1
desktop,/archives/tag/화면보호기,1,1,1
desktop,/newsletter_agreement,2,1,3
mobile,/archives/10112,1,1,1
mobile,/archives/101248,2,1,6
mobile,/archives/102419,1,1,1
mobile,/archives/102756,1,1,1
mobile,/archives/102896,1,1,1
mobile,/archives/103145,1,1,1
mobile,/archives/10330,1,1,1
mobile,/archives/103310,1,1,1
mobile,/archives/103449,1,1,1
mobile,/archives/103988,1,1,1
mobile,/archives/104532,1,1,2
mobile,/archives/105258,1,1,1
mobile,/archives/105499,1,1,1
mobile,/archives/105532,1,1,2
mobile,/archives/105651,1,1,1
mobile,/archives/105883,1,1,1
mobile,/archives/106297,1,1,1
mobile,/archives/107036,1,1,1
mobile,/archives/107142,1,1,1
mobile,/archives/107411,1,1,1
mobile,/archives/107637,1,1,1
mobile,/archives/108569,1,1,1
mobile,/archives/108834,1,1,2
mobile,/archives/108874,1,1,2
mobile,/archives/110144,1,1,2
mobile,/archives/110681,1,1,1
mobile,/archives/111387,1,1,2
mobile,/archives/11223,1,1,2
mobile,/archives/112908,1,1,1
mobile,/archives/113159,2,1,2
mobile,/archives/113797,2,1,2
mobile,/archives/113855,1,1,1
mobile,/archives/113952,2,1,2
mobile,/archives/114038,1,1,2
mobile,/archives/114052,1,1,1
mobile,/archives/114153,1,1,1
mobile,/archives/114632,1,1,1
mobile,/archives/114931,1,1,1
mobile,/archives/115214,1,1,1
mobile,/archives/115337,1,1,1
mobile,/archives/115587,3,1,3
mobile,/archives/115622,1,1,2
mobile,/archives/115664,1,1,1
mobile,/archives/11793,1,1,1
mobile,/archives/11955,1,1,1
mobile,/archives/14040,1,1,1
mobile,/archives/14965,1,1,1
mobile,/archives/18301,1,1,1
mobile,/archives/18414,1,1,1
mobile,/archives/20948,1,1,1
mobile,/archives/26127,1,1,1
mobile,/archives/27811,1,1,1
mobile,/archives/28782,1,1,1
mobile,/archives/30101,1,1,1
mobile,/archives/30647,1,1,1
mobile,/archives/31776,1,1,1
mobile,/archives/32681,1,1,1
mobile,/archives/33788,1,1,1
mobile,/archives/36968,1,1,1
mobile,/archives/48279,1,1,2
mobile,/archives/49884,1,1,1
mobile,/archives/51077,1,1,1
mobile,/archives/51614,1,1,1
mobile,/archives/59030,1,1,1
mobile,/archives/60291,1,1,2
mobile,/archives/60522,1,1,1
mobile,/archives/60611,1,1,1
mobile,/archives/61753,1,1,1
mobile,/archives/61840,1,1,1
mobile,/archives/68575,1,1,1
mobile,/archives/77515,1,1,1
mobile,/archives/80790,1,1,1
mobile,/archives/81877,1,1,1
mobile,/archives/82326,1,1,1
mobile,/archives/83571,1,1,2
mobile,/archives/83801,1,1,1
mobile,/archives/8422,1,1,1
mobile,/archives/84762,1,1,1
mobile,/archives/85006,1,1,1
mobile,/archives/8502,1,1,1
mobile,/archives/85187,1,1,1
mobile,/archives/86834,1,1,1
mobile,/archives/88135,1,1,1
mobile,/archives/88816,1,1,1
mobile,/archives/89908,1,1,1
mobile,/archives/93206,1,1,1
mobile,/archives/94030,1,1,1
mobile,/archives/94923,1,1,1
mobile,/archives/95110,1,1,1
mobile,/archives/96097,1,1,1
mobile,/archives/9807,1,1,2
mobile,/archives/98428,1,1,1
mobile,/archives/category/business/sk-enterm,1,1,1
mobile,/archives/category/business/sk-innovation,1,1,1
mobile,/archives/category/press/press-release,1,1,1
mobile,/archives/tag/sk슈가글라이더즈,1,1,1
mobile,/archives/tag/sk행복어린이집,1,1,1
mobile,/archives/tag/반딧불이-프로젝트,1,1,1
mobile,/archives/tag/싱가포르-복합-정제마진,1,1,1
mobile,/archives/tag/열분해유,1,1,1
mobile,/archives/tag/중한석화,1,1,1
mobile,/archives/tag/파이낸셜-스토리,1,1,1
tablet,/archives/100222,1,1,1
tablet,/archives/110994,1,1,1
tablet,/archives/114773,1,1,2
tablet,/archives/114973,1,1,1
tablet,/archives/115057,1,1,1
tablet,/archives/21277,1,1,1
tablet,/archives/23352,1,1,1
tablet,/archives/32828,1,1,1
tablet,/archives/48028,1,1,1
tablet,/archives/6811,1,1,1
tablet,/archives/78553,1,1,1
tablet,/archives/8544,1,1,1
tablet,/archives/94923,1,1,1
tablet,/archives/98107,1,1,1
tablet,/archives/tag/silicon-foundry,1,1,1
desktop,/archives/100505,1,0,1
desktop,/archives/100739,1,0,1
desktop,/archives/100759,1,0,2
desktop,/archives/100892,1,0,1
desktop,/archives/101026,1,0,1
desktop,/archives/101462,1,0,1
desktop,/archives/101476,1,0,2
desktop,/archives/102896,1,0,1
desktop,/archives/103449,1,0,1
desktop,/archives/104136,1,0,1
desktop,/archives/105048,1,0,1
desktop,/archives/10512,1,0,1
desktop,/archives/105313,1,0,1
desktop,/archives/105770,1,0,1
desktop,/archives/106172,1,0,1
desktop,/archives/107738,1,0,0
desktop,/archives/107822,1,0,1
desktop,/archives/107857,1,0,1
desktop,/archives/10794,1,0,1
desktop,/archives/107963,1,0,1
desktop,/archives/108704,1,0,1
desktop,/archives/109282,1,0,1
desktop,/archives/109462,1,0,1
desktop,/archives/109977,1,0,1
desktop,/archives/110195,1,0,1
desktop,/archives/110819,1,0,1
desktop,/archives/111406,5,0,5
desktop,/archives/111929,1,0,1
desktop,/archives/112006,1,0,2
desktop,/archives/112036,1,0,1
desktop,/archives/112156,1,0,1
desktop,/archives/112250,1,0,1
desktop,/archives/112480,1,0,1
desktop,/archives/112850,1,0,1
desktop,/archives/112908,4,0,4
desktop,/archives/113149,1,0,1
desktop,/archives/113192,1,0,1
desktop,/archives/113268,1,0,1
desktop,/archives/113632,1,0,1
desktop,/archives/114014,1,0,1
desktop,/archives/114221,1,0,1
desktop,/archives/114336,1,0,1
desktop,/archives/114354,1,0,1
desktop,/archives/114483,1,0,1
desktop,/archives/114610,1,0,1
desktop,/archives/114689,1,0,1
desktop,/archives/114773,1,0,1
desktop,/archives/114997,1,0,1
desktop,/archives/115020,1,0,1
desktop,/archives/115043,1,0,1
desktop,/archives/115214,1,0,2
desktop,/archives/115353,2,0,2
desktop,/archives/115371,1,0,1
desktop,/archives/115403,1,0,1
desktop,/archives/115494,1,0,2
desktop,/archives/115532,1,0,1
desktop,/archives/115611,2,0,2
desktop,/archives/115622,2,0,2
desktop,/archives/115648,1,0,2
desktop,/archives/115664,4,0,4
desktop,/archives/115691,3,0,3
desktop,/archives/11993,2,0,2
desktop,/archives/12929,1,0,1
desktop,/archives/20263,1,0,1
desktop,/archives/20855,1,0,1
desktop,/archives/21261,1,0,0
desktop,/archives/21407,1,0,1
desktop,/archives/21634,1,0,1
desktop,/archives/23957,1,0,1
desktop,/archives/24981,1,0,2
desktop,/archives/26899,1,0,1
desktop,/archives/27907,1,0,1
desktop,/archives/30186,1,0,0
desktop,/archives/30576,1,0,1
desktop,/archives/31789,1,0,1
desktop,/archives/31809,1,0,1
desktop,/archives/34367,1,0,1
desktop,/archives/34624,1,0,1
desktop,/archives/34651,1,0,1
desktop,/archives/4924,2,0,2
desktop,/archives/56936,1,0,1
desktop,/archives/61987,1,0,1
desktop,/archives/63062,1,0,1
desktop,/archives/6811,2,0,2
desktop,/archives/68608,1,0,1
desktop,/archives/69489,1,0,2
desktop,/archives/70759,1,0,1
desktop,/archives/7103,1,0,1
desktop,/archives/71636,1,0,1
desktop,/archives/72250,1,0,1
desktop,/archives/7268,1,0,1
desktop,/archives/7288,3,0,2
desktop,/archives/7359,1,0,1
desktop,/archives/74279,1,0,1
desktop,/archives/74438,1,0,1
desktop,/archives/74686,1,0,1
desktop,/archives/76420,1,0,1
desktop,/archives/77615,1,0,1
desktop,/archives/78018,1,0,1
desktop,/archives/80564,1,0,1
desktop,/archives/81736,1,0,1
desktop,/archives/81931,1,0,1
desktop,/archives/8482,2,0,2
desktop,/archives/85134,1,0,1
desktop,/archives/85278,1,0,1
desktop,/archives/85603,1,0,1
desktop,/archives/86378,1,0,1
desktop,/archives/87254,1,0,0
desktop,/archives/87558,1,0,1
desktop,/archives/87728,1,0,1
desktop,/archives/88198,1,0,1
desktop,/archives/88291,1,0,1
desktop,/archives/88849,1,0,1
desktop,/archives/89908,1,0,1
desktop,/archives/90355,1,0,1
desktop,/archives/90543,1,0,1
desktop,/archives/91414,1,0,0
desktop,/archives/93799,1,0,1
desktop,/archives/94009,1,0,1
desktop,/archives/94113,1,0,1
desktop,/archives/94170,1,0,1
desktop,/archives/94318,1,0,1
desktop,/archives/95007,1,0,1
desktop,/archives/96387,1,0,1
desktop,/archives/96585,1,0,1
desktop,/archives/96759,2,0,3
desktop,/archives/97151,1,0,1
desktop,/archives/97325,1,0,1
desktop,/archives/97461,1,0,0
desktop,/archives/9807,1,0,1
desktop,/archives/98404,1,0,1
desktop,/archives/98681,1,0,1
desktop,/archives/98783,1,0,1
desktop,/archives/98956,1,0,1
desktop,/archives/99911,1,0,1
desktop,/archives/category/business,7,0,10
desktop,/archives/category/business/sk-earthon,1,0,1
desktop,/archives/category/business/sk-enmove,2,0,2
desktop,/archives/category/business/sk-geo-centric,1,0,1
desktop,/archives/category/business/sk-innovation,7,0,7
desktop,/archives/category/business/sk-tradinginternational,1,0,3
desktop,/archives/category/field-news/inno-field,7,0,7
desktop,/archives/category/field-news/inno-field/incheon,1,0,1
desktop,/archives/category/field-news/inno-people,6,0,8
desktop,/archives/category/field-news/management,1,0,1
desktop,/archives/category/industry-and-insight,5,0,8
desktop,/archives/category/industry-and-insight/basics,4,0,4
desktop,/archives/category/industry-and-insight/inno-column,3,0,4
desktop,/archives/category/press,3,0,3
desktop,/archives/category/press/archive,4,0,4
desktop,/archives/category/press/notice,3,0,4
desktop,/archives/tag/besk,2,0,5
desktop,/archives/tag/sk사옥,1,0,1
desktop,/archives/tag/sk종합화학,1,0,1
desktop,/archives/tag/사회적가치,1,0,1
desktop,/archives/tag/서린빌딩,1,0,2
desktop,/archives/tag/스페인,1,0,1
desktop,/archives/tag/액침냉각,1,0,1
desktop,/archives/tag/원유분별증류,1,0,1
desktop,/archives/tag/준공식,1,0,1
desktop,/archives/tag/파라자일렌,1,0,1
desktop,/archives/tag/홈픽,1,0,1
desktop,/newsroom-guide,3,0,3
mobile,/archives/100255,1,0,1
mobile,/archives/100553,1,0,1
mobile,/archives/107493,1,0,1
mobile,/archives/107557,1,0,1
mobile,/archives/107963,2,0,2
mobile,/archives/108736,1,0,1
mobile,/archives/109090,1,0,1
mobile,/archives/110471,1,0,1
mobile,/archives/110975,1,0,1
mobile,/archives/111540,1,0,1
mobile,/archives/112709,1,0,1
mobile,/archives/112846,1,0,1
mobile,/archives/112956,1,0,1
mobile,/archives/114208,1,0,1
mobile,/archives/114221,1,0,2
mobile,/archives/114483,1,0,1
mobile,/archives/115258,1,0,1
mobile,/archives/21573,1,0,1
mobile,/archives/21997,1,0,1
mobile,/archives/25623,1,0,1
mobile,/archives/25648,1,0,1
mobile,/archives/27324,1,0,1
mobile,/archives/69107,1,0,1
mobile,/archives/81090,1,0,1
mobile,/archives/94488,1,0,1
mobile,/archives/98610,1,0,2
mobile,/archives/category/business/sk-enmove,1,0,1
mobile,/archives/category/field-news,1,0,1
mobile,/archives/category/field-news/inno-people,1,0,1
mobile,/archives/category/industry-and-insight,1,0,1
mobile,/archives/category/industry-and-insight/basics,2,0,3
mobile,/archives/tag/노킹현상,1,0,1
mobile,/archives/tag/발레,1,0,1
mobile,/archives/tag/자취생국물요리,1,0,1
mobile,/archives/tag/최태원-회장,1,0,1
tablet,/,1,0,1
tablet,/archives/100130,1,0,1
tablet,/archives/114094,1,0,2
tablet,/archives/21617,1,0,2
tablet,/archives/92961,1,0,1