# ----------------------------------------
# 보고서 CSV 내보내기
# 계정: SK이노베이션(한글)
# 속성: SK이노베이션 - GA4
# ----------------------------------------
# 
# 모든 사용자
# 시작일: 20240715
# 종료일: 20240715
기기 카테고리,페이지 경로 및 화면 클래스,총 사용자,새 사용자 수,조회수
desktop,/archives/category/press/press-release,62,48,71
desktop,/,78,26,214
desktop,/archives/113797,31,25,35
desktop,/archives/114973,25,21,28
desktop,/archives/49884,18,16,25
desktop,/archives/84588,20,15,25
desktop,/archives/115057,19,14,17
mobile,/archives/32828,15,13,15
desktop,/archives/115674,26,11,28
mobile,/archives/114094,10,10,10
mobile,/archives/115731,12,10,17
mobile,/archives/96864,10,10,10
desktop,/archives/115731,15,9,14
desktop,/archives/103947,14,8,17
desktop,/archives/114094,9,8,11
desktop,/archives/8355,8,8,8
mobile,/archives/115057,8,8,8
desktop,/archives/48279,8,7,12
desktop,/archives/48881,7,7,9
mobile,/,13,7,17
desktop,/archives/104002,14,6,16
desktop,/archives/111831,10,6,11
desktop,/archives/111978,6,6,7
desktop,/archives/112580,8,6,9
mobile,/archives/113797,6,6,6
mobile,/archives/49884,6,6,8
desktop,/archives/100667,7,5,7
desktop,/archives/111387,5,5,5
desktop,/archives/114999,6,5,6
desktop,/archives/115258,8,5,26
desktop,/archives/34678,5,5,5
mobile,/archives/10815,6,5,10
mobile,/archives/113952,5,5,5
mobile,/archives/114973,5,5,5
mobile,/archives/83571,5,5,5
mobile,/archives/category/business/sk-on,6,5,8
tablet,/archives/115057,5,5,6
desktop,/archives/10557,4,4,4
desktop,/archives/115727,9,4,10
desktop,/archives/12929,4,4,6
desktop,/archives/21277,4,4,5
desktop,/archives/32828,4,4,4
desktop,/archives/45433,4,4,5
desktop,/archives/48028,7,4,11
desktop,/archives/60291,5,4,5
desktop,/archives/83571,6,4,8
desktop,/archives/83720,5,4,7
desktop,/archives/91050,5,4,5
desktop,/archives/97077,4,4,4
desktop,/archives/category/business/sk-on,18,4,37
mobile,/archives/59134,4,4,4
mobile,/archives/63622,4,4,5
mobile,/archives/84588,4,4,4
tablet,/archives/114973,4,4,5
desktop,/archives/107411,4,3,3
desktop,/archives/110055,3,3,3
desktop,/archives/111540,8,3,9
desktop,/archives/113952,4,3,4
desktop,/archives/113998,6,3,6
desktop,/archives/115664,4,3,4
desktop,/archives/57901,3,3,4
desktop,/archives/7288,3,3,3
desktop,/archives/76541,3,3,3
desktop,/archives/7696,3,3,3
desktop,/archives/96879,3,3,4
desktop,/archives/tag/sk-on,3,3,3
desktop,/posts,8,3,13
mobile,/archives/107411,3,3,3
mobile,/archives/110975,3,3,3
mobile,/archives/113159,3,3,3
mobile,/archives/115727,3,3,3
mobile,/archives/48028,4,3,6
mobile,/archives/84762,3,3,5
mobile,/archives/9049,3,3,4
tablet,/archives/101213,3,3,5
desktop,/archives/100892,6,2,10
desktop,/archives/101143,4,2,7
desktop,/archives/101442,4,2,5
desktop,/archives/10330,2,2,2
desktop,/archives/105449,5,2,6
desktop,/archives/107557,3,2,4
desktop,/archives/107738,2,2,2
desktop,/archives/108156,2,2,2
desktop,/archives/108755,2,2,2
desktop,/archives/10963,2,2,3
desktop,/archives/109888,3,2,3
desktop,/archives/110015,3,2,3
desktop,/archives/110323,4,2,4
desktop,/archives/112411,2,2,3
desktop,/archives/112480,2,2,2
desktop,/archives/112776,2,2,2
desktop,/archives/113159,6,2,7
desktop,/archives/113680,4,2,5
desktop,/archives/114153,8,2,13
desktop,/archives/115779,4,2,8
desktop,/archives/115817,13,2,18
desktop,/archives/12513,2,2,2
desktop,/archives/15214,3,2,5
desktop,/archives/17876,2,2,2
desktop,/archives/18301,3,2,3
desktop,/archives/23352,2,2,2
desktop,/archives/24005,2,2,2
desktop,/archives/25903,2,2,2
desktop,/archives/27825,2,2,2
desktop,/archives/45601,2,2,2
desktop,/archives/47000,2,2,2
desktop,/archives/50898,2,2,2
desktop,/archives/63622,2,2,2
desktop,/archives/63816,2,2,3
desktop,/archives/64382,2,2,2
desktop,/archives/65154,2,2,2
desktop,/archives/6811,3,2,3
desktop,/archives/68608,2,2,2
desktop,/archives/69357,2,2,3
desktop,/archives/78785,2,2,2
desktop,/archives/7918,2,2,2
desktop,/archives/84762,2,2,2
desktop,/archives/8482,2,2,2
desktop,/archives/85278,4,2,4
desktop,/archives/8935,2,2,2
desktop,/archives/96387,2,2,2
desktop,/archives/96759,3,2,3
desktop,/archives/96864,3,2,3
desktop,/archives/98731,4,2,4
desktop,/archives/98767,3,2,3
desktop,/archives/category/business/sk-enterm,5,2,10
desktop,/archives/category/business/sk-incheonpetrochem,3,2,4
desktop,/archives/category/field-news,7,2,9
desktop,/archives/tag/sk경영경제연구소,3,2,3
desktop,/archives/tag/그린폴,2,2,4
desktop,/archives/tag/열분해유,3,2,4
desktop,/archives/tag/플라스틱-종류,2,2,2
desktop,/newsletter_agreement,2,2,2
desktop,/privacy-policy,2,2,2
mobile,/archives/103947,2,2,2
mobile,/archives/10512,2,2,2
mobile,/archives/107142,2,2,2
mobile,/archives/109090,2,2,2
mobile,/archives/109462,2,2,2
mobile,/archives/111978,2,2,2
mobile,/archives/112580,2,2,2
mobile,/archives/115664,2,2,2
mobile,/archives/115779,3,2,3
mobile,/archives/15214,2,2,2
mobile,/archives/16295,2,2,2
mobile,/archives/19961,2,2,3
mobile,/archives/21277,2,2,2
mobile,/archives/23352,2,2,3
mobile,/archives/25903,2,2,2
mobile,/archives/28782,2,2,2
mobile,/archives/32685,2,2,2
mobile,/archives/48881,2,2,2
mobile,/archives/50898,2,2,2
mobile,/archives/57901,2,2,2
mobile,/archives/59030,2,2,2
mobile,/archives/69107,2,2,2
mobile,/archives/94081,2,2,2
mobile,/archives/96171,3,2,3
mobile,/archives/97638,3,2,4
mobile,/archives/9782,2,2,2
mobile,/archives/99361,2,2,2
tablet,/archives/104002,2,2,2
tablet,/archives/48881,2,2,2
tablet,/archives/49884,2,2,3
tablet,/archives/60291,2,2,4
desktop,/archives/100041,1,1,1
desktop,/archives/100159,1,1,1
desktop,/archives/100207,1,1,1
desktop,/archives/100553,2,1,2
desktop,/archives/100723,1,1,1
desktop,/archives/100739,1,1,1
desktop,/archives/100759,1,1,1
desktop,/archives/101080,1,1,1
desktop,/archives/101304,1,1,1
desktop,/archives/102329,1,1,1
desktop,/archives/102531,2,1,2
desktop,/archives/102835,1,1,1
desktop,/archives/103336,3,1,3
desktop,/archives/103803,1,1,1
desktop,/archives/103989,8,1,15
desktop,/archives/104300,1,1,1
desktop,/archives/104439,1,1,1
desktop,/archives/10512,1,1,1
desktop,/archives/105313,1,1,1
desktop,/archives/105499,2,1,2
desktop,/archives/105584,1,1,1
desktop,/archives/106374,1,1,1
desktop,/archives/106411,1,1,1
desktop,/archives/106701,1,1,1
desktop,/archives/107142,1,1,1
desktop,/archives/107261,1,1,1
desktop,/archives/107822,1,1,1
desktop,/archives/107887,2,1,6
desktop,/archives/108461,2,1,2
desktop,/archives/108736,3,1,3
desktop,/archives/108874,2,1,2
desktop,/archives/108889,1,1,1
desktop,/archives/108949,1,1,1
desktop,/archives/109603,2,1,2
desktop,/archives/110144,1,1,1
desktop,/archives/110206,1,1,1
desktop,/archives/110382,2,1,2
desktop,/archives/110572,1,1,1
desktop,/archives/111159,1,1,1
desktop,/archives/111406,1,1,1
desktop,/archives/111719,1,1,1
desktop,/archives/112036,2,1,2
desktop,/archives/112418,4,1,4
desktop,/archives/112709,1,1,1
desktop,/archives/112815,1,1,1
desktop,/archives/112824,1,1,1
desktop,/archives/112908,2,1,2
desktop,/archives/112956,2,1,2
desktop,/archives/113218,1,1,1
desktop,/archives/113663,1,1,1
desktop,/archives/11371,1,1,1
desktop,/archives/114014,2,1,2
desktop,/archives/114052,1,1,1
desktop,/archives/114065,1,1,1
desktop,/archives/114138,5,1,5
desktop,/archives/114172,4,1,6
desktop,/archives/114197,1,1,1
desktop,/archives/114221,1,1,1
desktop,/archives/114407,2,1,2
desktop,/archives/114474,1,1,2
desktop,/archives/114522,2,1,2
desktop,/archives/114632,1,1,2
desktop,/archives/114679,1,1,1
desktop,/archives/114688,5,1,6
desktop,/archives/114773,3,1,3
desktop,/archives/114810,5,1,5
desktop,/archives/115324,1,1,1
desktop,/archives/115394,2,1,2
desktop,/archives/115416/5-skbmp-sk하이테크배터리머터리얼스폴란드,1,1,1
desktop,/archives/115494,1,1,1
desktop,/archives/115558,9,1,10
desktop,/archives/115791,6,1,7
desktop,/archives/115808,5,1,6
desktop,/archives/115837,2,1,2
desktop,/archives/11700,2,1,2
desktop,/archives/11848,1,1,1
desktop,/archives/11955,1,1,1
desktop,/archives/11993,2,1,2
desktop,/archives/12657,1,1,1
desktop,/archives/13135,1,1,1
desktop,/archives/14136,2,1,3
desktop,/archives/14188,2,1,2
desktop,/archives/14875,1,1,3
desktop,/archives/14893,1,1,1
desktop,/archives/14965,2,1,3
desktop,/archives/15654,1,1,1
desktop,/archives/16295,1,1,1
desktop,/archives/18082,1,1,1
desktop,/archives/18414,1,1,1
desktop,/archives/19039,2,1,2
desktop,/archives/20157,1,1,1
desktop,/archives/21061,1,1,3
desktop,/archives/21261,1,1,1
desktop,/archives/21558,2,1,5
desktop,/archives/21573,1,1,1
desktop,/archives/22252,1,1,1
desktop,/archives/22283,2,1,2
desktop,/archives/22393,1,1,1
desktop,/archives/22498,1,1,1
desktop,/archives/23749,1,1,1
desktop,/archives/24523,1,1,1
desktop,/archives/24588,1,1,1
desktop,/archives/24754,1,1,1
desktop,/archives/25711,2,1,2
desktop,/archives/26899,1,1,1
desktop,/archives/26926,1,1,1
desktop,/archives/28045,1,1,1
desktop,/archives/28579,1,1,1
desktop,/archives/30145,1,1,3
desktop,/archives/30647,1,1,1
desktop,/archives/3095,3,1,3
desktop,/archives/31491,1,1,1
desktop,/archives/32685,1,1,1
desktop,/archives/32790,1,1,1
desktop,/archives/33788,1,1,2
desktop,/archives/33974,1,1,1
desktop,/archives/34140,1,1,1
desktop,/archives/34355,1,1,3
desktop,/archives/34426,1,1,1
desktop,/archives/34624,1,1,1
desktop,/archives/34905,1,1,1
desktop,/archives/35099,1,1,1
desktop,/archives/35211,2,1,2
desktop,/archives/36237,1,1,1
desktop,/archives/45237,1,1,1
desktop,/archives/47741,1,1,1
desktop,/archives/47950,1,1,1
desktop,/archives/4846,1,1,1
desktop,/archives/49396,1,1,1
desktop,/archives/51077,2,1,2
desktop,/archives/53297,1,1,1
desktop,/archives/53791,1,1,1
desktop,/archives/54191,1,1,1
desktop,/archives/57820,1,1,1
desktop,/archives/59442,1,1,1
desktop,/archives/59794,1,1,1
desktop,/archives/59820,1,1,1
desktop,/archives/60196,1,1,1
desktop,/archives/60780,1,1,1
desktop,/archives/61110,1,1,1
desktop,/archives/61576,1,1,3
desktop,/archives/63520,1,1,2
desktop,/archives/64591,1,1,1
desktop,/archives/66701,1,1,1
desktop,/archives/6688,3,1,3
desktop,/archives/67841,1,1,1
desktop,/archives/67904,1,1,1
desktop,/archives/68784,1,1,1
desktop,/archives/69913,1,1,1
desktop,/archives/7268,3,1,3
desktop,/archives/74464,1,1,1
desktop,/archives/75150,1,1,1
desktop,/archives/75805,1,1,1
desktop,/archives/76643,1,1,1
desktop,/archives/77266,1,1,1
desktop,/archives/78143,1,1,1
desktop,/archives/78553,1,1,1
desktop,/archives/78984,1,1,3
desktop,/archives/79054,1,1,2
desktop,/archives/79287,1,1,1
desktop,/archives/79895,1,1,1
desktop,/archives/80526,1,1,2
desktop,/archives/80568,2,1,2
desktop,/archives/80912,1,1,1
desktop,/archives/80919,1,1,1
desktop,/archives/81931,1,1,1
desktop,/archives/82343,1,1,1
desktop,/archives/8289,1,1,1
desktop,/archives/83065,1,1,1
desktop,/archives/83181,1,1,1
desktop,/archives/84111,1,1,1
desktop,/archives/8448,1,1,1
desktop,/archives/85006,1,1,2
desktop,/archives/8502,1,1,1
desktop,/archives/85055,1,1,1
desktop,/archives/85134,1,1,1
desktop,/archives/85171,1,1,1
desktop,/archives/85805,1,1,1
desktop,/archives/85853,1,1,1
desktop,/archives/85896,2,1,2
desktop,/archives/86006,1,1,1
desktop,/archives/86086,1,1,1
desktop,/archives/86272,1,1,1
desktop,/archives/86766,1,1,1
desktop,/archives/86852,1,1,1
desktop,/archives/88009,1,1,1
desktop,/archives/88198,2,1,2
desktop,/archives/88287,1,1,1
desktop,/archives/88601,1,1,2
desktop,/archives/88707,1,1,1
desktop,/archives/88712,1,1,2
desktop,/archives/88779,1,1,1
desktop,/archives/89053,1,1,1
desktop,/archives/89977,1,1,1
desktop,/archives/90737,1,1,1
desktop,/archives/90811,1,1,1
desktop,/archives/91297,1,1,1
desktop,/archives/91621,1,1,1
desktop,/archives/91933,1,1,1
desktop,/archives/92105,1,1,1
desktop,/archives/92880,1,1,1
desktop,/archives/93491,1,1,1
desktop,/archives/93652,1,1,1
desktop,/archives/93770,1,1,1
desktop,/archives/93780,1,1,1
desktop,/archives/94170,1,1,1
desktop,/archives/94311,2,1,4
desktop,/archives/94616,1,1,1
desktop,/archives/95051,1,1,1
desktop,/archives/95110,6,1,6
desktop,/archives/9512,1,1,1
desktop,/archives/9525,1,1,1
desktop,/archives/95574,1,1,1
desktop,/archives/95732,1,1,1
desktop,/archives/96200,1,1,1
desktop,/archives/96475,1,1,1
desktop,/archives/96846,1,1,1
desktop,/archives/97151,1,1,1
desktop,/archives/97264,1,1,1
desktop,/archives/97463,1,1,1
desktop,/archives/97638,2,1,2
desktop,/archives/97687,2,1,2
desktop,/archives/97843,1,1,1
desktop,/archives/98182,1,1,1
desktop,/archives/98215,2,1,2
desktop,/archives/98605,1,1,1
desktop,/archives/98991,1,1,1
desktop,/archives/99361,2,1,2
desktop,/archives/category/business/sk-energy,5,1,6
desktop,/archives/category/business/sk-enmove,3,1,4
desktop,/archives/category/social-news,3,1,3
desktop,/archives/tag/best,1,1,1
desktop,/archives/tag/fp-dual,1,1,1
desktop,/archives/tag/sk주유소,1,1,3
desktop,/archives/tag/sk케미칼,1,1,1
desktop,/archives/tag/sovac,1,1,1
desktop,/archives/tag/그린밸런스-2030,1,1,1
desktop,/archives/tag/글로벌-커뮤니케이션-코디네이터,1,1,1
desktop,/archives/tag/글로벌포럼,2,1,2
desktop,/archives/tag/기획기사,1,1,1
desktop,/archives/tag/동탄드림주유소,1,1,1
desktop,/archives/tag/디지털-트랜스포메이션,1,1,6
desktop,/archives/tag/모어댄,1,1,1
desktop,/archives/tag/싱가포르-복합-정제마진,1,1,2
desktop,/archives/tag/아라미드-섬유,1,1,1
desktop,/archives/tag/일방혁,1,1,1
desktop,/archives/tag/임팩트-파트너링,1,1,1
desktop,/archives/tag/폐플라스틱,1,1,1
mobile,/archives/10019,1,1,1
mobile,/archives/100641,1,1,1
mobile,/archives/102531,1,1,1
mobile,/archives/102588,1,1,1
mobile,/archives/102756,2,1,2
mobile,/archives/10330,1,1,1
mobile,/archives/103302,1,1,1
mobile,/archives/104002,1,1,1
mobile,/archives/104261,1,1,2
mobile,/archives/104504,1,1,1
mobile,/archives/105048,1,1,1
mobile,/archives/105651,1,1,1
mobile,/archives/107388,1,1,1
mobile,/archives/107738,1,1,1
mobile,/archives/107793,1,1,1
mobile,/archives/108874,1,1,1
mobile,/archives/108889,1,1,1
mobile,/archives/108949,1,1,1
mobile,/archives/109169,1,1,1
mobile,/archives/109571,1,1,1
mobile,/archives/110055,1,1,1
mobile,/archives/110120,1,1,1
mobile,/archives/110665,1,1,1
mobile,/archives/111245,1,1,1
mobile,/archives/111387,1,1,1
mobile,/archives/111406,1,1,1
mobile,/archives/111540,1,1,1
mobile,/archives/111831,2,1,2
mobile,/archives/112956,1,1,1
mobile,/archives/113855,2,1,2
mobile,/archives/114153,2,1,2
mobile,/archives/114751,1,1,1
mobile,/archives/114773,1,1,1
mobile,/archives/114999,1,1,2
mobile,/archives/115020,1,1,2
mobile,/archives/115258,1,1,1
mobile,/archives/115337,1,1,2
mobile,/archives/115353,1,1,3
mobile,/archives/115674,3,1,4
mobile,/archives/115691,1,1,2
mobile,/archives/115706,2,1,2
mobile,/archives/115791,2,1,2
mobile,/archives/11700,1,1,1
mobile,/archives/12513,1,1,1
mobile,/archives/12929,1,1,1
mobile,/archives/14651,1,1,1
mobile,/archives/14875,1,1,3
mobile,/archives/18414,1,1,1
mobile,/archives/18429,1,1,1
mobile,/archives/21261,1,1,1
mobile,/archives/23283,1,1,1
mobile,/archives/24412,1,1,1
mobile,/archives/24981,1,1,1
mobile,/archives/25046,1,1,1
mobile,/archives/25579,1,1,1
mobile,/archives/26029,1,1,1
mobile,/archives/27759,1,1,1
mobile,/archives/28520,1,1,1
mobile,/archives/29742,1,1,1
mobile,/archives/31735,1,1,1
mobile,/archives/31846,1,1,1
mobile,/archives/32255,1,1,1
mobile,/archives/32681,1,1,1
mobile,/archives/34651,1,1,1
mobile,/archives/34678,1,1,2
mobile,/archives/35195,1,1,1
mobile,/archives/36237,1,1,1
mobile,/archives/36253,1,1,1
mobile,/archives/38098,1,1,3
mobile,/archives/38114,1,1,1
mobile,/archives/38329,1,1,1
mobile,/archives/51077,1,1,1
mobile,/archives/53520,1,1,1
mobile,/archives/57650,1,1,1
mobile,/archives/59136,1,1,1
mobile,/archives/60947,1,1,1
mobile,/archives/61743,1,1,1
mobile,/archives/63101,1,1,1
mobile,/archives/69357,1,1,1
mobile,/archives/70071,1,1,1
mobile,/archives/70521,1,1,1
mobile,/archives/72104,1,1,1
mobile,/archives/76541,1,1,1
mobile,/archives/76626,1,1,1
mobile,/archives/7696,1,1,1
mobile,/archives/83166,1,1,1
mobile,/archives/83237,1,1,1
mobile,/archives/83464,1,1,1
mobile,/archives/8355,1,1,1
mobile,/archives/8422,1,1,1
mobile,/archives/85006,1,1,1
mobile,/archives/85187,2,1,2
mobile,/archives/85894,1,1,1
mobile,/archives/86766,1,1,1
mobile,/archives/89977,1,1,2
mobile,/archives/90219,1,1,2
mobile,/archives/9192,1,1,1
mobile,/archives/93813,1,1,1
mobile,/archives/94030,1,1,1
mobile,/archives/94311,1,1,1
mobile,/archives/9439,1,1,1
mobile,/archives/94578,1,1,1
mobile,/archives/95110,1,1,1
mobile,/archives/96200,1,1,1
mobile,/archives/96339,1,1,1
mobile,/archives/97391,1,1,1
mobile,/archives/97461,1,1,1
mobile,/archives/97929,1,1,1
mobile,/archives/9807,1,1,1
mobile,/archives/98107,1,1,1
mobile,/archives/98805,1,1,1
mobile,/archives/category/business/sk-energy,1,1,1
mobile,/archives/category/business/sk-incheonpetrochem,2,1,2
mobile,/archives/category/social-news/biz-social,1,1,2
mobile,/archives/tag/sk에너지,1,1,1
mobile,/archives/tag/sk이노베이션-울산complex,1,1,2
mobile,/archives/tag/sk주유소,1,1,1
mobile,/archives/tag/교육훈련생,1,1,1
mobile,/archives/tag/벚꽃,1,1,1
mobile,/archives/tag/싱가포르,1,1,5
mobile,/archives/tag/싱가포르-복합-정제마진,1,1,1
mobile,/archives/tag/열분해유,1,1,1
mobile,/archives/tag/영어캠프알바,1,1,1
mobile,/archives/tag/자동차-수신호,1,1,1
mobile,/archives/tag/트럼프,1,1,1
mobile,/archives/tag/행복-커뮤니티-센터,1,1,1
mobile,/newsroom-guide,1,1,1
mobile,/posts,2,1,3
tablet,/archives/102043,1,1,1
tablet,/archives/105914,1,1,1
tablet,/archives/106868,1,1,2
tablet,/archives/112580,1,1,1
tablet,/archives/113159,1,1,1
tablet,/archives/115209,1,1,1
tablet,/archives/115587,1,1,1
tablet,/archives/115664,1,1,1
tablet,/archives/13682,1,1,1
tablet,/archives/22283,1,1,1
tablet,/archives/23352,1,1,1
tablet,/archives/32828,1,1,1
tablet,/archives/36237,1,1,1
tablet,/archives/47192,1,1,1
tablet,/archives/50898,1,1,3
tablet,/archives/57901,1,1,1
tablet,/archives/60291(24.04.08,1,1,2
tablet,/archives/68704,1,1,1
tablet,/archives/77592,1,1,1
tablet,/archives/83464,1,1,2
tablet,/archives/8482,1,1,2
tablet,/archives/8502,1,1,1
tablet,/archives/87190,1,1,1
tablet,/archives/96387,2,1,5
tablet,/archives/96633,1,1,2
tablet,/archives/96864,1,1,1
desktop,/archives/100061,2,0,2
desktop,/archives/101177,1,0,1
desktop,/archives/101258,2,0,2
desktop,/archives/101604,1,0,1
desktop,/archives/10179,2,0,2
desktop,/archives/102075,1,0,1
desktop,/archives/103233,1,0,1
desktop,/archives/103349,3,0,3
desktop,/archives/104187,1,0,1
desktop,/archives/104883,1,0,1
desktop,/archives/104914,1,0,1
desktop,/archives/105048,1,0,1
desktop,/archives/105258,1,0,1
desktop,/archives/105440,2,0,2
desktop,/archives/105639,1,0,2
desktop,/archives/105741,1,0,1
desktop,/archives/105770,1,0,1
desktop,/archives/105914,1,0,1
desktop,/archives/105945,1,0,1
desktop,/archives/106126,1,0,2
desktop,/archives/106254,1,0,1
desktop,/archives/106345,1,0,1
desktop,/archives/106868,1,0,1
desktop,/archives/107618,1,0,1
desktop,/archives/107925,1,0,1
desktop,/archives/107963,2,0,2
desktop,/archives/107995,1,0,1
desktop,/archives/108026,1,0,1
desktop,/archives/108029,1,0,1
desktop,/archives/108347,1,0,1
desktop,/archives/108498,1,0,1
desktop,/archives/108651,1,0,1
desktop,/archives/108925,1,0,1
desktop,/archives/109090,1,0,2
desktop,/archives/109118,1,0,2
desktop,/archives/109167,1,0,1
desktop,/archives/109282,2,0,2
desktop,/archives/109571,1,0,1
desktop,/archives/110395,1,0,1
desktop,/archives/110458,1,0,1
desktop,/archives/110471,1,0,2
desktop,/archives/110536,1,0,1
desktop,/archives/110932,1,0,1
desktop,/archives/111198,2,0,2
desktop,/archives/111245,1,0,1
desktop,/archives/11127,1,0,1
desktop,/archives/111312,2,0,2
desktop,/archives/111533,1,0,1
desktop,/archives/111667,1,0,1
desktop,/archives/111701,1,0,1
desktop,/archives/111732,1,0,1
desktop,/archives/111949,1,0,1
desktop,/archives/112156,1,0,1
desktop,/archives/112239,1,0,1
desktop,/archives/112250,2,0,3
desktop,/archives/112305,1,0,1
desktop,/archives/112318,1,0,1
desktop,/archives/112331,1,0,2
desktop,/archives/112487,1,0,1
desktop,/archives/112566,1,0,1
desktop,/archives/112989,1,0,1
desktop,/archives/112995,1,0,1
desktop,/archives/113121,1,0,2
desktop,/archives/113192,1,0,1
desktop,/archives/113419,1,0,1
desktop,/archives/113432,1,0,1
desktop,/archives/113610,1,0,1
desktop,/archives/113622,1,0,1
desktop,/archives/114201,1,0,1
desktop,/archives/114208,1,0,1
desktop,/archives/114354,1,0,1
desktop,/archives/114483,1,0,1
desktop,/archives/114530,3,0,3
desktop,/archives/114608,1,0,1
desktop,/archives/114688https:/skinnonews.com/archives/112411,1,0,1
desktop,/archives/115020,1,0,1
desktop,/archives/115074,1,0,1
desktop,/archives/115101,1,0,1
desktop,/archives/115113,1,0,5
desktop,/archives/115209,1,0,1
desktop,/archives/115214,5,0,6
desktop,/archives/115249,1,0,1
desktop,/archives/115337,2,0,1
desktop,/archives/115353,3,0,3
desktop,/archives/115380,1,0,1
desktop,/archives/115416,4,0,8
desktop,/archives/115517,3,0,3
desktop,/archives/115532,5,0,7
desktop,/archives/115537,7,0,11
desktop,/archives/115587,4,0,5
desktop,/archives/115611,1,0,1
desktop,/archives/115622,3,0,3
desktop,/archives/115648,2,0,2
desktop,/archives/115691,1,0,1
desktop,/archives/115706,3,0,3
desktop,/archives/13333,1,0,2
desktop,/archives/15100,1,0,1
desktop,/archives/15187,1,0,1
desktop,/archives/18984,1,0,1
desktop,/archives/19881,1,0,1
desktop,/archives/24220,1,0,1
desktop,/archives/27029,1,0,1
desktop,/archives/27448,1,0,1
desktop,/archives/27610,1,0,1
desktop,/archives/28157,1,0,1
desktop,/archives/34939,1,0,1
desktop,/archives/35100,1,0,1
desktop,/archives/37693,1,0,1
desktop,/archives/37795,1,0,2
desktop,/archives/38114,1,0,1
desktop,/archives/38659,1,0,1
desktop,/archives/45977,1,0,1
desktop,/archives/47895,1,0,1
desktop,/archives/48110,1,0,1
desktop,/archives/49929,1,0,1
desktop,/archives/55989,1,0,1
desktop,/archives/57359,1,0,2
desktop,/archives/58321,1,0,1
desktop,/archives/60017,1,0,1
desktop,/archives/60947,1,0,1
desktop,/archives/61117,1,0,1
desktop,/archives/62607,1,0,1
desktop,/archives/64499,1,0,2
desktop,/archives/67318,1,0,1
desktop,/archives/69107,1,0,1
desktop,/archives/70139,1,0,1
desktop,/archives/72250,1,0,1
desktop,/archives/72713,1,0,1
desktop,/archives/73031,1,0,1
desktop,/archives/73965,1,0,1
desktop,/archives/7554,1,0,1
desktop,/archives/78599,1,0,1
desktop,/archives/78699,1,0,1
desktop,/archives/79193,1,0,1
desktop,/archives/79533,1,0,1
desktop,/archives/79559,1,0,1
desktop,/archives/81412,1,0,1
desktop,/archives/81735,1,0,1
desktop,/archives/82120,1,0,2
desktop,/archives/8247,1,0,1
desktop,/archives/82471,1,0,1
desktop,/archives/82691,1,0,1
desktop,/archives/83166,1,0,1
desktop,/archives/83278,1,0,1
desktop,/archives/84026,1,0,1
desktop,/archives/84900,1,0,1
desktop,/archives/85187,1,0,0
desktop,/archives/85665,1,0,1
desktop,/archives/86617,1,0,1
desktop,/archives/86834,1,0,1
desktop,/archives/86941,1,0,1
desktop,/archives/87503,1,0,1
desktop,/archives/87900,1,0,1
desktop,/archives/88339,1,0,1
desktop,/archives/89031,1,0,1
desktop,/archives/89158,1,0,1
desktop,/archives/89190,1,0,1
desktop,/archives/89317,1,0,1
desktop,/archives/89828,1,0,1
desktop,/archives/90087,1,0,1
desktop,/archives/90219,1,0,1
desktop,/archives/91087,1,0,1
desktop,/archives/91121,1,0,2
desktop,/archives/92138,1,0,1
desktop,/archives/92541,1,0,1
desktop,/archives/92661,1,0,1
desktop,/archives/92917,1,0,1
desktop,/archives/9299,1,0,0
desktop,/archives/9370,1,0,1
desktop,/archives/93988,1,0,1
desktop,/archives/94030,1,0,2
desktop,/archives/94113,1,0,1
desktop,/archives/94318,1,0,1
desktop,/archives/95661,1,0,1
desktop,/archives/96322,1,0,1
desktop,/archives/96443,2,0,1
desktop,/archives/96592,1,0,1
desktop,/archives/97929,1,0,0
desktop,/archives/98107,1,0,1
desktop,/archives/98112,2,0,4
desktop,/archives/98280,1,0,1
desktop,/archives/98325,1,0,1
desktop,/archives/98610,3,0,4
desktop,/archives/98805,2,0,2
desktop,/archives/99460,1,0,0
desktop,/archives/99595,1,0,1
desktop,/archives/99678,1,0,1
desktop,/archives/99932,1,0,1
desktop,/archives/category/9,1,0,1
desktop,/archives/category/business,8,0,16
desktop,/archives/category/business/sk-earthon,1,0,2
desktop,/archives/category/business/sk-geo-centric,3,0,3
desktop,/archives/category/business/sk-ietechnology,3,0,4
desktop,/archives/category/business/sk-innovation,10,0,12
desktop,/archives/category/field-news/inno-field,7,0,12
desktop,/archives/category/field-news/inno-people,6,0,11
desktop,/archives/category/field-news/management,5,0,13
desktop,/archives/category/industry-and-insight,6,0,8
desktop,/archives/category/industry-and-insight/basics,13,0,19
desktop,/archives/category/industry-and-insight/inno-column,6,0,11
desktop,/archives/category/press,5,0,6
desktop,/archives/category/press/archive,3,0,3
desktop,/archives/category/press/notice,4,0,4
desktop,/archives/category/social-news/1percent-sharing,1,0,2
desktop,/archives/category/social-news/biz-social,1,0,1
desktop,/archives/category/social-news/csr,1,0,1
desktop,/archives/category/social-news/social-company,1,0,1
desktop,/archives/tag/sk트레이딩인터내셔널,1,0,1
desktop,/archives/tag/sne리서치,2,0,2
desktop,/archives/tag/버킷리스트-양식,1,0,3
desktop,/archives/tag/셀프주유소,1,0,2
desktop,/archives/tag/신재생에너지,1,0,1
desktop,/archives/tag/올-타임-넷제로,1,0,1
desktop,/archives/tag/재고평가,1,0,5
desktop,/archives/tag/정기보수,1,0,5
desktop,/archives/tag/커머스시,1,0,2
desktop,/archives/tag/파라자일렌,1,0,1
desktop,/archives/tag/하이이노베이션,1,0,2
desktop,/archives/tag/헌혈,1,0,1
desktop,/archives/tag/환경과학기술원,1,0,2
desktop,/newsroom-guide,1,0,1
desktop,/sr-report-2-2,2,0,2
mobile,/archives/102896,1,0,1
mobile,/archives/105707,1,0,1
mobile,/archives/109977,1,0,1
mobile,/archives/112418,1,0,1
mobile,/archives/114530,1,0,3
mobile,/archives/115817,3,0,3
mobile,/archives/13104,1,0,1
mobile,/archives/26042,1,0,1
mobile,/archives/33685,1,0,1
mobile,/archives/37693,1,0,1
mobile,/archives/51378,1,0,1
mobile,/archives/74508,1,0,1
mobile,/archives/7660,1,0,1
mobile,/archives/81106,1,0,1
mobile,/archives/81931,1,0,1
mobile,/archives/88198,1,0,2
mobile,/archives/88689,1,0,1
mobile,/archives/89053,1,0,1
mobile,/archives/category/business,1,0,1
mobile,/archives/category/business/sk-earthon,1,0,1
mobile,/archives/category/business/sk-enterm,1,0,2
mobile,/archives/category/business/sk-ietechnology,1,0,3
mobile,/archives/category/business/sk-innovation,1,0,1
mobile,/archives/category/field-news,1,0,3
mobile,/archives/category/field-news/inno-field,1,0,1
mobile,/archives/category/field-news/inno-people,3,0,4
mobile,/archives/category/industry-and-insight/basics,1,0,1
mobile,/archives/category/industry-and-insight/inno-column,1,0,1
mobile,/archives/category/press/press-release,1,0,1
mobile,/archives/tag/글로벌포럼,1,0,1
tablet,/,2,0,3
tablet,/archives/111831,1,0,1
tablet,/archives/115674,1,0,1
tablet,/archives/92880,1,0,1
tablet,/archives/category/field-news,1,0,1