# ----------------------------------------
# 보고서 CSV 내보내기
# 계정: skinno global
# 속성: skinno 글로벌 - GA4
# ----------------------------------------
# 
# 모든 사용자
# 시작일: 20240722
# 종료일: 20240728
페이지 경로 및 화면 클래스,세션 소스,조회수,세션수,사용자,사용자당 조회수,평균 참여 시간,이벤트 수,주요 이벤트,총 수익
/global/archives/18546,(direct),241,231,177,1.3615819209039548,28.627118644067796,988,0,0
/global/archives/18546,google,182,194,118,1.5423728813559323,78.03389830508475,798,0,0
/global/,google,136,81,57,2.3859649122807016,38.719298245614034,581,0,0
/global/,(direct),80,71,63,1.2698412698412698,14.396825396825397,331,0,0
/global/archives/18546,linkedin.com,79,78,70,1.1285714285714286,26.314285714285713,342,0,0
/global/archives/18546,m.facebook.com,76,71,72,1.0555555555555556,1.1805555555555556,306,0,0
/global/archives/category/press-room/press-release,(direct),64,61,53,1.2075471698113207,4.981132075471698,250,0,0
/global/latestnews,(direct),60,59,47,1.2765957446808511,18.80851063829787,222,0,0
/global/archives/17426,google,57,44,35,1.6285714285714286,24.685714285714287,236,0,0
/global/archives/category/press-room/financial-results,google,50,36,33,1.5151515151515151,16.96969696969697,208,0,0
/global/latestnews,google,50,48,21,2.380952380952381,16.095238095238095,176,0,0
/global/,skinnovation.com,44,30,26,1.6923076923076923,21.615384615384617,190,0,0
/global/archives/9910,google,43,42,31,1.3870967741935485,79.61290322580645,200,0,0
/global/archives/18546,lm.facebook.com,37,31,30,1.2333333333333334,1.0666666666666667,140,0,0
/global/archives/category/press-room/press-release,google,33,23,20,1.65,76.25,128,0,0
/global/archives/category/corporates/sk-enterm,google,32,22,16,2,11.6875,132,0,0
/global/archives/category/corporates/sk-innovation,google,30,21,20,1.5,30.5,117,0,0
/global/archives/category/corporates/sk-on,google,30,24,19,1.5789473684210527,25.473684210526315,121,0,0
/global/archives/6216,google,27,27,21,1.2857142857142858,64.33333333333333,133,0,0
/global/archives/18065,google,26,20,13,2,38.84615384615385,108,0,0
/global/archives/18546,l.facebook.com,24,21,18,1.3333333333333333,157.72222222222223,111,0,0
/global/archives/18546,skinnovation.com,23,23,16,1.4375,63.0625,93,0,0
/global/archives/18107,google,22,21,17,1.2941176470588236,73.47058823529412,98,0,0
/global/archives/category/corporates/sk-energy,google,21,16,15,1.4,15,73,0,0
/global/archives/12022,google,20,15,15,1.3333333333333333,32.8,92,0,0
/global/archives/17216,google,20,18,16,1.25,21.375,80,0,0
/global/archives/17313,skenmove.com,20,20,17,1.1764705882352942,4.470588235294118,79,0,0
/global/,linkedin.com,19,13,6,3.1666666666666665,14,75,0,0
/global/archives/15374,google,19,24,16,1.1875,39.875,87,0,0
/global/archives/15490,google,19,22,14,1.3571428571428572,26.928571428571427,82,0,0
/global/archives/15664,google,19,18,14,1.3571428571428572,79.92857142857143,85,0,0
/global/archives/16834,google,18,14,13,1.3846153846153846,38.53846153846154,74,0,0
/global/archives/category/corporates,google,18,13,11,1.6363636363636365,26,73,0,0
/global/archives/18546,stocktwits.com,17,17,17,1,45.705882352941174,79,0,0
/global/archives/18332,google,16,15,5,3.2,253,72,0,0
/global/archives/category/press-room/financial-results,(direct),16,13,9,1.7777777777777777,22.77777777777778,63,0,0
/global/archives/16532,google,15,14,11,1.3636363636363635,49.81818181818182,62,0,0
/global/archives/17499,google,15,19,12,1.25,38.083333333333336,70,0,0
/global/archives/category/press-room,google,15,12,10,1.5,23.9,58,0,0
/global/archives/10774,google,14,15,14,1,19.785714285714285,66,0,0
/global/archives/16463,google,14,15,14,1,26.714285714285715,68,0,0
/global/archives/18478,google,14,13,11,1.2727272727272727,8.727272727272727,54,0,0
/global/archives/3820,google,14,16,11,1.2727272727272727,36.63636363636363,64,0,0
/global/archives/18140,google,13,14,4,3.25,0,41,0,0
/global/archives/18388,(direct),12,10,7,1.7142857142857142,12.428571428571429,41,0,0
/global/archives/18388,google,12,10,5,2.4,49.2,36,0,0
/global/archives/18571,linkedin.com,12,11,10,1.2,9.7,49,0,0
/global/archives/category/corporates,skinnovation.com,12,2,2,6,114,48,0,0
/global/archives/14766,google,11,13,8,1.375,33.375,46,0,0
/global/archives/15937,google,11,10,8,1.375,36.625,43,0,0
/global/archives/16448,google,11,12,10,1.1,51.9,46,0,0
/global/archives/8360,(direct),11,9,8,1.375,31.375,43,0,0
/global/archives/10985,google,10,5,4,2.5,128.5,42,0,0
/global/archives/13521,google,10,14,11,0.9090909090909091,13.909090909090908,49,0,0
/global/archives/17569,google,10,9,7,1.4285714285714286,42.142857142857146,39,0,0
/global/archives/18283,google,10,7,6,1.6666666666666667,29,40,0,0
/global/archives/18445,google,10,12,8,1.25,68.625,43,0,0
/global/archives/18571,newsletter,10,7,6,1.6666666666666667,2,33,0,0
/global/archives/category/corporates/sk-enmove,google,10,5,4,2.5,57,37,0,0
/global/archives/category/people,google,10,7,7,1.4285714285714286,12.857142857142858,39,0,0
/global/archives/13595,google,9,9,7,1.2857142857142858,52.142857142857146,34,0,0
/global/archives/14491,(direct),9,9,9,1,0,34,0,0
/global/archives/16376,google,9,10,8,1.125,91.375,37,0,0
/global/archives/17169,google,9,11,7,1.2857142857142858,9.857142857142858,45,0,0
/global/archives/17595,google,9,9,7,1.2857142857142858,19.571428571428573,44,0,0
/global/archives/18571,(direct),9,9,9,1,3.7777777777777777,33,0,0
/global/sustainability-report,google,9,7,6,1.5,14.166666666666666,44,0,0
/global/archives/14354,google,8,4,4,2,20.25,24,0,0
/global/archives/16970,google,8,8,7,1.1428571428571428,51.285714285714285,32,0,0
/global/archives/17426,(direct),8,8,7,1.1428571428571428,2.142857142857143,31,0,0
/global/archives/18283,(direct),8,8,7,1.1428571428571428,2,33,0,0
/global/archives/18361,google,8,9,9,0.8888888888888888,39.111111111111114,32,0,0
/global/archives/18436,google,8,9,8,1,35.625,29,0,0
/global/archives/3962,google,8,8,7,1.1428571428571428,73.14285714285714,38,0,0
/global/archives/category/corporates/sk-innovation,(direct),8,6,4,2,10,24,0,0
/global/archives/category/insight/trend_report,google,8,8,5,1.6,13.2,31,0,0
/global/who-we-are,google,8,6,6,1.3333333333333333,7.666666666666667,34,0,0
/global/,eng.sk-on.com,7,7,6,1.1666666666666667,19.833333333333332,31,0,0
/global/,eng.skietechnology.com,7,6,6,1.1666666666666667,23.333333333333332,34,0,0
/global/archives/11087,google,7,7,5,1.4,9,31,0,0
/global/archives/12274/skee,google,7,6,6,1.1666666666666667,7.166666666666667,34,0,0
/global/archives/12306,google,7,7,7,1,50.857142857142854,30,0,0
/global/archives/15687,google,7,5,5,1.4,40.6,31,0,0
/global/archives/16060,google,7,8,6,1.1666666666666667,22.166666666666668,34,0,0
/global/archives/17476,google,7,9,7,1,20.857142857142858,40,0,0
/global/archives/18374,google,7,9,7,1,33.857142857142854,26,0,0
/global/archives/9668,google,7,8,6,1.1666666666666667,11,37,0,0
/global/archives/9740,google,7,8,7,1,7.857142857142857,33,0,0
/global/archives/category/corporates/sk-earthon,google,7,4,3,2.3333333333333335,91.33333333333333,27,0,0
/global/archives/category/corporates/sk-innovation,skinnovation.com,7,4,4,1.75,26.25,23,0,0
/global/archives/category/insight,google,7,6,6,1.1666666666666667,20.166666666666668,28,0,0
/global/archives/10939,google,6,7,6,1,33.166666666666664,28,0,0
/global/archives/12106,google,6,8,6,1,7.5,30,0,0
/global/archives/13780,google,6,6,6,1,20.166666666666668,26,0,0
/global/archives/14243,google,6,6,6,1,116,25,0,0
/global/archives/17047,google,6,6,5,1.2,36.2,28,0,0
/global/archives/17356,google,6,7,5,1.2,29.6,28,0,0
/global/archives/17990,google,6,8,3,2,126.66666666666667,27,0,0
/global/archives/18065,(direct),6,6,6,1,12.166666666666666,26,0,0
/global/archives/18388,skinnovation.com,6,9,4,1.5,154,30,0,0
/global/archives/18478,(direct),6,6,4,1.5,2.5,24,0,0
/global/archives/18546,statics.teams.cdn.office.net,6,4,3,2,61.666666666666664,23,0,0
/global/archives/8350,google,6,8,3,2,74,28,0,0
/global/archives/category/people/inno-people,google,6,4,4,1.5,24.25,24,0,0
/global/archives/category/press-room,gateway.zscalerthree.net,6,7,1,6,0,23,0,0
/global/archives/tag/financial-results,google,6,3,3,2,17.666666666666668,23,0,0
/global/,skincheonpetrochem.com,5,2,2,2.5,121.5,23,0,0
/global/archives/10535,google,5,6,5,1,13.2,23,0,0
/global/archives/10654,google,5,5,5,1,76.8,21,0,0
/global/archives/12147,google,5,4,3,1.6666666666666667,46.666666666666664,23,0,0
/global/archives/13521,(direct),5,5,5,1,18.8,21,0,0
/global/archives/14491,google,5,7,4,1.25,16.5,28,0,0
/global/archives/15103,google,5,4,4,1.25,16.75,24,0,0
/global/archives/15204,google,5,3,3,1.6666666666666667,166.66666666666666,22,0,0
/global/archives/15574,bing,5,7,2,2.5,226.5,22,0,0
/global/archives/15574,google,5,5,5,1,13.6,21,0,0
/global/archives/15592,google,5,5,4,1.25,10,23,0,0
/global/archives/16154,google,5,5,3,1.6666666666666667,159.66666666666666,22,0,0
/global/archives/17623,google,5,6,5,1,97.4,25,0,0
/global/archives/17817,google,5,4,4,1.25,10.25,19,0,0
/global/archives/17989,google,5,5,5,1,41.8,18,0,0
/global/archives/18208,google,5,7,4,1.25,27,20,0,0
/global/archives/18421,google,5,6,5,1,17.8,19,0,0
/global/archives/18500,google,5,4,4,1.25,12.25,19,0,0
/global/archives/18546,lnkd.in,5,6,5,1,2.2,25,0,0
/global/archives/18571,google,5,5,5,1,6.4,22,0,0
/global/archives/4499,google,5,5,5,1,51.6,21,0,0
/global/archives/4612,google,5,5,3,1.6666666666666667,10.666666666666666,18,0,0
/global/archives/489,google,5,4,4,1.25,79.25,23,0,0
/global/archives/822,google,5,5,5,1,32,27,0,0
/global/archives/category/corporates/sk-energy,skinnovation.com,5,2,2,2.5,166.5,20,0,0
/global/archives/category/corporates/sk-innovation,(not set),5,1,1,5,86,18,0,0
/global/archives/category/corporates/sk-rading-international,google,5,4,4,1.25,15.75,20,0,0
/global/archives/category/insight,(direct),5,6,5,1,19.2,20,0,0
/global/archives/category/press-room/issue-fact,google,5,6,5,1,6.8,19,0,0
/global/archives/tag/nmc,google,5,3,3,1.6666666666666667,30.333333333333332,22,0,0
/global/archives/tag/ulsan-complex,google,5,4,4,1.25,10,22,0,0
/global/latestnews,linkedin.com,5,4,1,5,28,21,0,0
/global/,bing,4,4,4,1,11.75,16,0,0
/global/,eng.skearthon.com,4,4,4,1,17.75,21,0,0
/global/archives/10845,google,4,6,3,1.3333333333333333,42,20,0,0
/global/archives/11004,google,4,5,3,1.3333333333333333,28.333333333333332,16,0,0
/global/archives/11853,google,4,4,4,1,46.75,20,0,0
/global/archives/12008,(direct),4,4,4,1,6,16,0,0
/global/archives/12220,google,4,4,4,1,19.25,19,0,0
/global/archives/12319,google,4,4,2,2,76.5,15,0,0
/global/archives/12950,google,4,4,4,1,12,20,0,0
/global/archives/13130,(direct),4,4,3,1.3333333333333333,5.666666666666667,11,0,0
/global/archives/14226,google,4,3,3,1.3333333333333333,15.666666666666666,19,0,0
/global/archives/14243,skenmove.com,4,4,3,1.3333333333333333,109,18,0,0
/global/archives/15259,(direct),4,5,3,1.3333333333333333,13.666666666666666,21,0,0
/global/archives/15490,(direct),4,4,4,1,33,19,0,0
/global/archives/16060,(direct),4,5,2,2,76,19,0,0
/global/archives/16834,bing,4,3,2,2,47.5,18,0,0
/global/archives/17499,(direct),4,3,2,2,8.5,16,0,0
/global/archives/17514,google,4,4,2,2,135.5,17,0,0
/global/archives/17623,(direct),4,3,2,2,0.5,15,0,0
/global/archives/17950,google,4,5,4,1,8.75,17,0,0
/global/archives/17965,google,4,5,4,1,75.75,19,0,0
/global/archives/18332,(direct),4,4,3,1.3333333333333333,23.333333333333332,18,0,0
/global/archives/18361,skinnovation.com,4,2,2,2,25,16,0,0
/global/archives/18500,(direct),4,5,5,0.8,4.8,16,0,0
/global/archives/18546,eng.skietechnology.com,4,3,3,1.3333333333333333,71,13,0,0
/global/archives/18546,news.google.com,4,4,4,1,0,15,0,0
"/global/archives/18546,https:/www.reuters.com/markets/deals/south-koreas-sk-innovation-agrees-merger-with-sk-es-part-overhaul-2024-07-17",(direct),4,4,4,1,1.5,23,0,0
/global/archives/2026,(direct),4,4,4,1,31.25,17,0,0
/global/archives/2329,google,4,5,4,1,64.75,18,0,0
/global/archives/3709,google,4,4,2,2,40.5,15,0,0
/global/archives/4751,bing,4,2,1,4,47,18,0,0
/global/archives/6807,google,4,3,3,1.3333333333333333,57.333333333333336,17,0,0
/global/archives/6824,google,4,3,3,1.3333333333333333,47.333333333333336,17,0,0
/global/archives/7445,google,4,6,4,1,7.25,22,0,0
/global/archives/9548,google,4,4,3,1.3333333333333333,7.666666666666667,18,0,0
/global/archives/9668,(direct),4,3,3,1.3333333333333333,2.3333333333333335,16,0,0
/global/archives/category/corporate/sk-energy,skenergy.com,4,2,2,2,8.5,16,0,0
/global/archives/category/corporate/sk-enmove,skenmove.com,4,3,3,1.3333333333333333,11.333333333333334,18,0,0
/global/archives/category/corporate/sk-incheon-petrochem,skincheonpetrochem.com,4,2,2,2,14,16,0,0
/global/archives/category/corporate/sk-rading-international,sktradinginternational.com,4,2,2,2,27.5,15,0,0
/global/archives/category/corporates/sk-on,skinnovation.com,4,2,2,2,74,14,0,0
/global/archives/category/insight/expert-voice,google,4,1,1,4,202,16,0,0
/global/archives/category/people/sustainability,google,4,4,4,1,19.5,15,0,0
/global/archives/category/press-room/financial-results,bing,4,2,2,2,20.5,17,0,0
/global/archives/category/press-room/issue-fact,skinnovation.com,4,1,1,4,75,16,0,0
/global/archives/category/press-room/press-release,skinnovation.com,4,4,4,1,12.75,15,0,0
/global/archives/tag/1-happiness-sharing-fund,(direct),4,1,1,4,16,14,0,0
/global/archives/tag/ecopro-bm,google,4,3,3,1.3333333333333333,9.333333333333334,18,0,0
/global/archives/tag/iscc,google,4,3,3,1.3333333333333333,17.666666666666668,20,0,0
/global/archives/tag/pouch-type-battery,google,4,4,4,1,8,20,0,0
/global/archives/tag/solid-power,google,4,2,2,2,72,18,0,0
/global/archives/tag/yubase,google,4,3,3,1.3333333333333333,12,16,0,0
/global/latestnews,skinnovation.com,4,3,2,2,21,16,0,0
/global/archives/10774,(direct),3,3,3,1,12,9,0,0
/global/archives/10872,google,3,3,3,1,4.666666666666667,12,0,0
/global/archives/10913,google,3,3,3,1,22,14,0,0
/global/archives/12022,(direct),3,1,1,3,44,12,0,0
/global/archives/12036,google,3,4,2,1.5,71.5,15,0,0
/global/archives/13521,bing,3,2,1,3,86,13,0,0
/global/archives/14588,google,3,3,2,1.5,6.5,12,0,0
/global/archives/14634,google,3,3,3,1,14.333333333333334,12,0,0
/global/archives/14770,google,3,4,3,1,15,17,0,0
/global/archives/15353,google,3,1,1,3,72,12,0,0
/global/archives/15374,(direct),3,3,3,1,12.333333333333334,14,0,0
/global/archives/15638,google,3,3,1,3,107,14,0,0
/global/archives/15687,(direct),3,2,2,1.5,80,7,0,0
/global/archives/15687,skenmove.com,3,2,2,1.5,561.5,11,0,0
/global/archives/15840,google,3,4,3,1,20,14,0,0
/global/archives/16131,google,3,1,1,3,45,10,0,0
/global/archives/16286,google,3,3,3,1,4.333333333333333,12,0,0
/global/archives/16493,google,3,3,3,1,16.666666666666668,14,0,0
/global/archives/16532,bing,3,4,2,1.5,0,15,0,0
/global/archives/16613,google,3,3,1,3,0,10,0,0
/global/archives/16881,google,3,2,2,1.5,34,13,0,0
/global/archives/16939,google,3,3,3,1,14,15,0,0
/global/archives/17216,(direct),3,4,3,1,26,15,0,0
/global/archives/17356,skenmove.com,3,2,2,1.5,124.5,12,0,0
/global/archives/17426,bing,3,3,2,1.5,5.5,14,0,0
/global/archives/17569,(direct),3,3,3,1,24.666666666666668,16,0,0
/global/archives/17595,(direct),3,2,2,1.5,15.5,12,0,0
/global/archives/17595,eng.sk-on.com,3,2,2,1.5,43.5,10,0,0
/global/archives/17737,google,3,3,3,1,67.66666666666667,15,0,0
/global/archives/17844,google,3,5,3,1,0.3333333333333333,15,0,0
/global/archives/18283,skinnovation.com,3,3,2,1.5,379,10,0,0
/global/archives/18388,linkedin.com,3,3,2,1.5,2.5,10,0,0
/global/archives/18421,(direct),3,3,2,1.5,34.5,12,0,0
/global/archives/18445,(direct),3,3,3,1,20.666666666666668,14,0,0
/global/archives/18445,skinnovation.com,3,4,4,0.75,119.75,15,0,0
/global/archives/18478,skinnovation.com,3,3,2,1.5,3,13,0,0
/global/archives/18546,commondms.digitalinsightresearch.in,3,1,1,3,33,12,0,0
/global/archives/253,google,3,3,2,1.5,114,12,0,0
/global/archives/3820,bing,3,4,3,1,19.666666666666668,15,0,0
/global/archives/4612,(direct),3,1,1,3,101,14,0,0
/global/archives/4793,google,3,3,3,1,13.666666666666666,14,0,0
/global/archives/4844,(direct),3,2,2,1.5,7.5,12,0,0
/global/archives/564,google,3,3,3,1,23.666666666666668,13,0,0
/global/archives/6313,google,3,4,3,1,9.333333333333334,15,0,0
/global/archives/6377,google,3,3,2,1.5,10,10,0,0
/global/archives/7043,google,3,5,3,1,0.3333333333333333,15,0,0
/global/archives/7245,google,3,2,2,1.5,1.5,11,0,0
/global/archives/7292,google,3,3,3,1,39,13,0,0
/global/archives/7596,google,3,3,2,1.5,19.5,14,0,0
/global/archives/7961,google,3,3,3,1,28.666666666666668,14,0,0
/global/archives/9910,(direct),3,2,2,1.5,22,12,0,0
/global/archives/9951,google,3,3,2,1.5,15,11,0,0
/global/archives/category/corporate/sk-on,skinnovation.com,3,3,1,3,28,12,0,0
/global/archives/category/corporates/sk-ie-technology,skinnovation.com,3,1,1,3,368,12,0,0
/global/archives/category/corporates/sk-on,eng.sk-on.com,3,4,3,1,15,13,0,0
/global/archives/category/people,(direct),3,3,3,1,0,10,0,0
/global/archives/category/people/ceo-leaders,google,3,1,1,3,17,12,0,0
/global/archives/category/people/inno-people,(direct),3,1,1,3,26,10,0,0
/global/archives/category/press-room,skinnovation.com,3,1,1,3,135,12,0,0
/global/archives/tag/2023-q4,google,3,2,1,3,5,13,0,0
/global/archives/tag/financial-results,(not set),3,2,2,1.5,26.5,13,0,0
/global/archives/tag/ford,google,3,1,1,3,58,12,0,0
/global/archives/tag/ivancsa,google,3,2,2,1.5,39.5,12,0,0
/global/archives/tag/lithium-ion-battery,google,3,3,3,1,5,12,0,0
/global/archives/tag/malaysia,google,3,3,2,1.5,0,11,0,0
/global/archives/tag/ncm811,google,3,2,2,1.5,10.5,16,0,0
/global/archives/tag/pbat,google,3,2,1,3,39,12,0,0
/global/archives/tag/pouch-type-battery,bing,3,1,1,3,35,13,0,0
/global/archives/tag/sk-on-hungary-skoh-and-sk-battery-manufacturing,google,3,3,3,1,8.666666666666666,16,0,0
/global/archives/tag/skei-singapore,google,3,3,3,1,12,15,0,0
/global/archives/tag/skeo,google,3,5,3,1,2,17,0,0
/global/sustainability-report,(direct),3,3,3,1,5.333333333333333,14,0,0
/global/,(not set),2,2,2,1,13,11,0,0
/global/,edgeservices.bing.com,2,1,1,2,11,9,0,0
/global/,eng.skgeocentric.com,2,2,1,2,12,9,0,0
/global/,kimi.moonshot.cn,2,2,1,2,21,8,0,0
/global/archives/10746,google,2,2,2,1,126,9,0,0
/global/archives/10767,google,2,2,2,1,21.5,9,0,0
/global/archives/10985,(direct),2,2,2,1,6,9,0,0
/global/archives/11037,skenergy.com,2,2,2,1,15,9,0,0
/global/archives/11087,skenergy.com,2,2,2,1,20.5,9,0,0
/global/archives/11147,sktradinginternational.com,2,2,2,1,28.5,10,0,0
/global/archives/11161,bing,2,1,1,2,0,5,0,0
/global/archives/11161,google,2,3,2,1,0,8,0,0
/global/archives/11342,google,2,2,2,1,8,5,0,0
/global/archives/11400,google,2,1,1,2,91,8,0,0
/global/archives/11429,google,2,2,2,1,1,7,0,0
/global/archives/11486,google,2,2,1,2,24,9,0,0
/global/archives/11853,(direct),2,2,2,1,0,8,0,0
/global/archives/12022,bing,2,2,2,1,0,8,0,0
/global/archives/12147,(direct),2,3,2,1,12,11,0,0
/global/archives/12220,gemini.google.com,2,2,1,2,42,9,0,0
/global/archives/1237,google,2,2,2,1,7.5,6,0,0
/global/archives/12692,google,2,1,1,2,0,6,0,0
/global/archives/13437,google,2,2,2,1,79,10,0,0
/global/archives/13521,azureford.sharepoint.com,2,2,2,1,49,10,0,0
/global/archives/1353/200724_맹그로브_카드뉴스_07-2,google,2,2,2,1,3.5,11,0,0
/global/archives/13748,google,2,3,2,1,16,11,0,0
/global/archives/13850,google,2,3,2,1,10.5,10,0,0
/global/archives/1399,eng.skearthon.com,2,1,1,2,35,6,0,0
/global/archives/1399,google,2,2,2,1,20,9,0,0
/global/archives/14264,google,2,2,2,1,98,9,0,0
/global/archives/15103,(direct),2,2,2,1,51.5,8,0,0
/global/archives/15462,google,2,2,2,1,41.5,9,0,0
/global/archives/15497,linkedin.com,2,1,1,2,2,6,0,0
/global/archives/15664,(direct),2,3,2,1,0,10,0,0
/global/archives/15985,google,2,2,2,1,4.5,8,0,0
/global/archives/16060,sktradinginternational.com,2,2,2,1,0,6,0,0
/global/archives/16286,(direct),2,1,1,2,0,6,0,0
/global/archives/16405,google,2,2,2,1,21.5,9,0,0
/global/archives/16480,google,2,2,2,1,46.5,9,0,0
/global/archives/16532,eng.skearthon.com,2,1,1,2,179,7,0,0
/global/archives/16719,google,2,2,2,1,4.5,7,0,0
/global/archives/16787,google,2,2,2,1,1,8,0,0
/global/archives/16810,google,2,2,2,1,3.5,8,0,0
/global/archives/16834,yahoo,2,1,1,2,123,9,0,0
/global/archives/16939,(direct),2,2,2,1,9,9,0,0
/global/archives/17010,(direct),2,2,2,1,23.5,10,0,0
/global/archives/17010,google,2,2,2,1,14,9,0,0
/global/archives/1703,(direct),2,1,1,2,2,7,0,0
/global/archives/17134,google,2,1,1,2,35,9,0,0
/global/archives/17144,skinnovation.com,2,1,1,2,16,8,0,0
/global/archives/17169,(direct),2,2,2,1,0,8,0,0
/global/archives/17216,(not set),2,3,3,0.6666666666666666,1.3333333333333333,6,0,0
/global/archives/17216,statics.teams.cdn.office.net,2,1,1,2,0,8,0,0
/global/archives/17216,stocktwits.com,2,2,2,1,6,9,0,0
/global/archives/17313,google,2,4,3,0.6666666666666666,26,8,0,0
/global/archives/17569,skenmove.com,2,2,2,1,165.5,10,0,0
/global/archives/1768,google,2,2,2,1,17.5,8,0,0
/global/archives/17863,google,2,1,1,2,84,8,0,0
/global/archives/17978,google,2,3,2,1,4.5,8,0,0
/global/archives/18022,skinnovation.com,2,2,2,1,92.5,9,0,0
/global/archives/18065,bing,2,1,1,2,0,6,0,0
/global/archives/18140,skinnovation.com,2,1,1,2,27,9,0,0
/global/archives/18436,skinnovation.com,2,1,1,2,16,8,0,0
/global/archives/18478,linkedin.com,2,2,2,1,11,8,0,0
/global/archives/18478,skenmove.com,2,1,1,2,31,6,0,0
/global/archives/18500,linkedin.com,2,2,2,1,9.5,7,0,0
/global/archives/18500,news.google.com,2,2,2,1,0,8,0,0
/global/archives/18546,bing,2,3,2,1,94,9,0,0
/global/archives/18546,skinnovation.co.kr,2,1,1,2,9,8,0,0
/global/archives/18546,zalo,2,2,2,1,0,8,0,0
/global/archives/18571,(not set),2,2,1,2,3,8,0,0
/global/archives/2026,google,2,1,1,2,20,6,0,0
/global/archives/2293,google,2,2,2,1,0,8,0,0
/global/archives/2535,google,2,2,2,1,0,8,0,0
/global/archives/311,(direct),2,2,2,1,10.5,10,0,0
/global/archives/3674,google,2,3,2,1,6.5,10,0,0
/global/archives/3820,(direct),2,2,2,1,2.5,9,0,0
/global/archives/4518,(direct),2,1,1,2,3,7,0,0
/global/archives/4844,google,2,2,2,1,5,6,0,0
/global/archives/4921,google,2,2,2,1,14.5,12,0,0
/global/archives/5040,google,2,2,2,1,29.5,8,0,0
/global/archives/5146,(direct),2,2,2,1,10,11,0,0
/global/archives/5892,google,2,1,1,2,6,8,0,0
/global/archives/7302,google,2,2,2,1,15,10,0,0
/global/archives/733,google,2,3,2,1,0,10,0,0
/global/archives/7633,(direct),2,2,2,1,0,8,0,0
/global/archives/7670,google,2,1,1,2,3,6,0,0
/global/archives/8255,google,2,2,2,1,28,11,0,0
/global/archives/8360,gemini.google.com,2,1,1,2,174,9,0,0
/global/archives/878,(direct),2,2,2,1,15.5,9,0,0
/global/archives/8972,google,2,1,1,2,4,8,0,0
/global/archives/9191,google,2,1,1,2,26,8,0,0
/global/archives/9493,google,2,2,2,1,9,13,0,0
/global/archives/9509,google,2,2,2,1,3,10,0,0
/global/archives/9709,bing,2,1,1,2,79,9,0,0
/global/archives/9709,google,2,2,2,1,5,9,0,0
/global/archives/9740,(direct),2,2,1,2,0,7,0,0
/global/archives/9786,google,2,2,2,1,347,9,0,0
/global/archives/9910,malaysia.search.yahoo.com,2,2,1,2,0,7,0,0
/global/archives/category/corporate/sk-innovation,google,2,1,1,2,49,7,0,0
/global/archives/category/corporates,bing,2,1,1,2,8,8,0,0
/global/archives/category/corporates,linkedin.com,2,1,1,2,58,6,0,0
/global/archives/category/corporates/sk-energy,bing,2,2,2,1,22.5,8,0,0
/global/archives/category/corporates/sk-enmove,bing,2,2,1,2,8,9,0,0
/global/archives/category/corporates/sk-enmove,skinnovation.co.kr,2,1,1,2,2,7,0,0
/global/archives/category/corporates/sk-geo-centric,google,2,2,2,1,3,7,0,0
/global/archives/category/corporates/sk-geo-centric,sktradinginternational.com,2,1,1,2,11,7,0,0
/global/archives/category/corporates/sk-ie-technology,google,2,2,2,1,5.5,6,0,0
/global/archives/category/insight/trend_report,skinnovation.com,2,1,1,2,52,8,0,0
/global/archives/category/people,skinnovation.com,2,1,1,2,26,8,0,0
/global/archives/category/people/inno-people,skinnovation.com,2,1,1,2,52,8,0,0
/global/archives/category/people/onsite-report,google,2,2,2,1,58.5,8,0,0
/global/archives/category/press-room/issue-fact,bing,2,1,1,2,8,8,0,0
/global/archives/category/press-room/press-release,skinnovation.co.kr,2,1,1,2,11,8,0,0
/global/archives/tag/all-solid-state-battery,google,2,2,2,1,4.5,9,0,0
/global/archives/tag/batteries,skinnovation.com,2,1,1,2,13,8,0,0
/global/archives/tag/carbon-capture,google,2,2,2,1,24.5,9,0,0
/global/archives/tag/europe,google,2,3,2,1,6.5,11,0,0
/global/archives/tag/financial-results,(direct),2,2,2,1,0,7,0,0
/global/archives/tag/infinium,google,2,2,2,1,3,9,0,0
/global/archives/tag/lithium-metal-batteries,google,2,1,1,2,9,8,0,0
/global/archives/tag/netruck,(direct),2,1,1,2,6,8,0,0
/global/archives/tag/poe,google,2,2,2,1,6.5,10,0,0
/global/archives/tag/sheco-ark,google,2,1,1,2,8,8,0,0
/global/archives/tag/sk-battery-america,google,2,3,2,1,14.5,10,0,0
/global/archives/tag/sk-hynix,google,2,1,1,2,1,7,0,0
/global/archives/tag/sk-on-hungary-skoh-and-sk-battery-manufacturing,(direct),2,2,1,2,18,9,0,0
/global/archives/tag/sk-primacor-europe,google,2,2,2,1,1.5,10,0,0
/global/archives/tag/skbmp,google,2,2,2,1,1,10,0,0
/global/archives/tag/skgc-japan,google,2,2,2,1,7,9,0,0
/global/archives/tag/skle,google,2,2,2,1,3,9,0,0
/global/archives/tag/skti,google,2,2,2,1,3,9,0,0
/global/archives/tag/sk综合化学,google,2,2,2,1,13,11,0,0
/global/archives/tag/small-modular-reactor,google,2,1,1,2,4,9,0,0
/global/archives/tag/sustainability-report,google,2,1,1,2,9,8,0,0
/global/archives/tag/vietnam,google,2,2,2,1,14,10,0,0
/global/privacy-policy,(direct),2,2,2,1,3.5,6,0,0
/global/,ca.search.yahoo.com,1,1,1,1,19,6,0,0
/global/,cn.bing.com,1,1,1,1,6,2,0,0
/global/,duckduckgo,1,1,1,1,10,5,0,0
/global/,lnkd.in,1,1,1,1,5,4,0,0
/global/,newsletter,1,1,1,1,4,4,0,0
/global/,skenergy.com,1,1,1,1,11,4,0,0
/global/,skinnovation.co.kr,1,1,1,1,6,3,0,0
/global/archives/10031,google,1,1,1,1,61,6,0,0
/global/archives/10133,google,1,1,1,1,48,6,0,0
/global/archives/10264,google,1,1,0,0,0,3,0,0
/global/archives/1043,google,1,1,1,1,5,4,0,0
/global/archives/10570,google,1,1,1,1,56,4,0,0
/global/archives/1058,google,1,1,1,1,52,5,0,0
/global/archives/10610,google,1,1,1,1,0,3,0,0
/global/archives/10713,google,1,1,1,1,14,5,0,0
/global/archives/10774,(not set),1,2,2,0.5,48,5,0,0
/global/archives/10835,(direct),1,1,1,1,0,4,0,0
/global/archives/10835,google,1,1,1,1,12,3,0,0
/global/archives/10845/카드뉴스_p3,google,1,1,1,1,6,3,0,0
/global/archives/10897,(not set),1,1,1,1,22,2,0,0
/global/archives/10939,bing,1,1,1,1,3,3,0,0
/global/archives/10977,google,1,1,1,1,28,4,0,0
/global/archives/11037,google,1,1,1,1,0,2,0,0
/global/archives/11082,google,1,1,1,1,22,6,0,0
/global/archives/11161,ssnc-nexlene.com,1,1,1,1,82,5,0,0
/global/archives/11512,google,1,1,1,1,1,5,0,0
/global/archives/11527,google,1,1,1,1,84,5,0,0
/global/archives/11537,(direct),1,1,1,1,15,4,0,0
/global/archives/11537,google,1,1,1,1,92,4,0,0
/global/archives/11537,sktradinginternational.com,1,1,1,1,0,1,0,0
/global/archives/11683,docs.google.com,1,1,1,1,110,5,0,0
/global/archives/11756,google,1,1,1,1,50,3,0,0
/global/archives/11807,google,1,1,1,1,7,5,0,0
/global/archives/11889,google,1,2,1,1,12,5,0,0
/global/archives/11955,(direct),1,1,1,1,0,4,0,0
/global/archives/11992,google,1,1,1,1,0,4,0,0
/global/archives/12008,google,1,2,1,1,0,5,0,0
/global/archives/12036,(direct),1,1,1,1,0,4,0,0
/global/archives/12036,skinnovation.com,1,1,1,1,60,4,0,0
/global/archives/12125,(direct),1,1,1,1,0,4,0,0
/global/archives/12190,duckduckgo,1,1,1,1,20,4,0,0
/global/archives/12190,google,1,1,1,1,227,6,0,0
/global/archives/12220,(direct),1,1,1,1,23,5,0,0
/global/archives/12220,bing,1,1,1,1,0,4,0,0
/global/archives/12306,(direct),1,1,0,0,0,3,0,0
/global/archives/12471,google,1,2,1,1,0,5,0,0
/global/archives/12603,google,1,1,1,1,10,4,0,0
/global/archives/12610,bing,1,2,1,1,0,6,0,0
/global/archives/12667,google,1,1,1,1,0,2,0,0
/global/archives/12688,google,1,1,1,1,84,5,0,0
/global/archives/12950,(direct),1,1,0,0,0,4,0,0
/global/archives/12950,manufacturingdive.com,1,1,1,1,20,5,0,0
/global/archives/13103,bing,1,1,1,1,30,4,0,0
/global/archives/13130,google,1,1,1,1,0,3,0,0
/global/archives/1321,google,1,1,1,1,19,5,0,0
/global/archives/13211,google,1,1,1,1,20,5,0,0
/global/archives/13230,google,1,1,1,1,24,5,0,0
/global/archives/13313,google,1,2,1,1,177,4,0,0
/global/archives/13329,bing,1,2,1,1,14,4,0,0
/global/archives/13513,google,1,1,1,1,47,5,0,0
/global/archives/13521,cn.bing.com,1,1,1,1,151,4,0,0
/global/archives/13544,google,1,1,1,1,5,5,0,0
/global/archives/13595,(direct),1,1,1,1,0,4,0,0
/global/archives/13595,cn.bing.com,1,1,1,1,132,5,0,0
/global/archives/13667,google,1,1,1,1,33,3,0,0
/global/archives/13669,google,1,1,1,1,3,5,0,0
/global/archives/13780,(direct),1,1,1,1,12,5,0,0
/global/archives/13795,google,1,1,1,1,5,5,0,0
/global/archives/13850,(direct),1,1,1,1,2,2,0,0
/global/archives/13981,google,1,1,1,1,0,4,0,0
/global/archives/1399,bing,1,1,1,1,87,5,0,0
/global/archives/14030/06-7,lens.google.com,1,1,1,1,0,4,0,0
/global/archives/14078,(direct),1,1,1,1,17,4,0,0
/global/archives/14078,(not set),1,1,1,1,12,4,0,0
/global/archives/14078,google,1,1,1,1,0,4,0,0
/global/archives/14179,facebook.com,1,1,1,1,0,4,0,0
/global/archives/14179,google,1,1,1,1,6,5,0,0
/global/archives/14179,m.facebook.com,1,1,1,1,0,4,0,0
/global/archives/14193,google,1,1,1,1,5,4,0,0
/global/archives/14219,google,1,1,1,1,15,5,0,0
/global/archives/14302,m.facebook.com,1,1,1,1,0,4,0,0
/global/archives/14333,google,1,1,1,1,48,3,0,0
/global/archives/14415,google,1,1,1,1,10,3,0,0
/global/archives/14442,google,1,1,1,1,0,3,0,0
/global/archives/14493,(direct),1,1,1,1,0,4,0,0
/global/archives/14493,(not set),1,1,1,1,342,4,0,0
/global/archives/14493,google,1,1,1,1,13,5,0,0
/global/archives/14541,(direct),1,1,1,1,26,4,0,0
/global/archives/14541,google,1,2,1,1,0,6,0,0
/global/archives/14588,linkedin.com,1,1,1,1,2,3,0,0
/global/archives/14766,(direct),1,1,1,1,5,2,0,0
/global/archives/14788,google,1,1,1,1,7,5,0,0
/global/archives/14858,google,1,1,1,1,19,4,0,0
/global/archives/1493,google,1,1,1,1,3,5,0,0
/global/archives/15007,(direct),1,1,1,1,0,4,0,0
/global/archives/15067,google,1,1,1,1,53,5,0,0
/global/archives/15103,linkedin.com,1,2,1,1,0,5,0,0
/global/archives/15259,google,1,1,1,1,15,5,0,0
/global/archives/15353,cn.bing.com,1,1,1,1,38,4,0,0
/global/archives/15409,google,1,1,1,1,9,5,0,0
/global/archives/15430,google,1,1,1,1,23,5,0,0
/global/archives/15462,(direct),1,1,1,1,0,4,0,0
/global/archives/15462,bing,1,2,1,1,0,6,0,0
/global/archives/15490,bing,1,1,1,1,6,5,0,0
/global/archives/15490,news.google.com,1,1,1,1,0,3,0,0
/global/archives/15497/skipc_하계봉사8_기부어북,google,1,1,1,1,0,4,0,0
/global/archives/15574,skenmove.com,1,1,1,1,38,5,0,0
/global/archives/15610,(direct),1,1,1,1,80,5,0,0
/global/archives/15654,google,1,1,1,1,0,4,0,0
/global/archives/15664,citivelocity.com,1,1,1,1,14,4,0,0
/global/archives/15664,duckduckgo,1,1,1,1,0,4,0,0
/global/archives/15664,statics.teams.cdn.office.net,1,1,1,1,5,3,0,0
/global/archives/15687,bing,1,1,1,1,87,6,0,0
/global/archives/15760,google,1,1,1,1,0,3,0,0
/global/archives/15865,(direct),1,2,1,1,1,5,0,0
/global/archives/15865,google,1,1,0,0,0,3,0,0
/global/archives/15902,google,1,1,1,1,0,4,0,0
/global/archives/15937,skincheonpetrochem.com,1,1,1,1,82,4,0,0
/global/archives/16005,google,1,1,1,1,26,4,0,0
/global/archives/16041,google,1,1,1,1,0,3,0,0
/global/archives/16060,yahoo,1,2,1,1,0,6,0,0
/global/archives/16169,linkedin.com,1,1,1,1,0,4,0,0
/global/archives/16169,skenmove.com,1,1,1,1,20,4,0,0
/global/archives/16308,(direct),1,1,1,1,5,4,0,0
/global/archives/16376,skinnovation.com,1,1,1,1,0,3,0,0
/global/archives/16463,yahoo,1,1,1,1,16,4,0,0
/global/archives/16532,linkedin.com,1,1,1,1,34,4,0,0
/global/archives/16532,skenergy.com,1,1,1,1,2,6,0,0
/global/archives/16532,skincheonpetrochem.com,1,1,1,1,0,3,0,0
/global/archives/16563,(not set),1,2,2,0.5,20.5,7,0,0
/global/archives/16563,google,1,1,1,1,20,5,0,0
/global/archives/16613,(not set),1,1,1,1,3,4,0,0
/global/archives/16624,google,1,1,1,1,20,6,0,0
/global/archives/16787,(direct),1,1,1,1,0,4,0,0
/global/archives/16834,(direct),1,1,1,1,26,5,0,0
/global/archives/16834,duckduckgo,1,1,1,1,16,5,0,0
/global/archives/16881,(not set),1,1,1,1,7,4,0,0
/global/archives/16904,google,1,2,1,1,26,4,0,0
/global/archives/16970,translate.google.com,1,1,1,1,47,4,0,0
/global/archives/17010,eng.sk-on.com,1,1,1,1,0,1,0,0
/global/archives/17022,(direct),1,1,1,1,0,4,0,0
/global/archives/17047,(direct),1,1,1,1,17,5,0,0
/global/archives/17047,baidu,1,1,1,1,0,3,0,0
/global/archives/17047/4-sk이노베이션_ces2024_sk원더랜드_sk-wonderland_판타스틱아일랜드_1,google,1,1,1,1,2,5,0,0
/global/archives/17144,google,1,1,1,1,9,5,0,0
/global/archives/17169,baidu,1,1,1,1,0,3,0,0
/global/archives/17169,bing,1,1,1,1,68,5,0,0
/global/archives/17216,news.google.com,1,1,1,1,0,4,0,0
/global/archives/1722,google,1,1,1,1,4,5,0,0
/global/archives/17386,google,1,1,1,1,91,6,0,0
/global/archives/17426,statics.teams.cdn.office.net,1,2,1,1,0,6,0,0
/global/archives/17446,google,1,1,1,1,133,5,0,0
/global/archives/17446,skinnovation.com,1,1,1,1,12,4,0,0
/global/archives/17460,(direct),1,1,1,1,0,4,0,0
/global/archives/17460,google,1,1,1,1,5,5,0,0
/global/archives/17476,(direct),1,1,1,1,83,5,0,0
/global/archives/17499,bing,1,2,1,1,0,4,0,0
/global/archives/17737,eng.sk-on.com,1,1,1,1,7,3,0,0
/global/archives/17737,news.google.com,1,1,1,1,0,4,0,0
/global/archives/17796,google,1,1,1,1,0,4,0,0
/global/archives/17817,(direct),1,1,1,1,6,4,0,0
/global/archives/17950,eng.sk-on.com,1,1,1,1,23,4,0,0
/global/archives/17950,skinnovation.com,1,1,1,1,7,4,0,0
/global/archives/17965,translate.google.com,1,1,1,1,105,5,0,0
/global/archives/17989,skinnovation.com,1,1,1,1,14,4,0,0
/global/archives/17990,(direct),1,1,1,1,0,4,0,0
/global/archives/18022,(direct),1,1,1,1,3,5,0,0
/global/archives/18065,linkedin.com,1,2,1,1,0,5,0,0
/global/archives/18140,(direct),1,1,1,1,0,4,0,0
/global/archives/18167,google,1,1,1,1,12,4,0,0
/global/archives/18208,linkedin.com,1,1,1,1,0,3,0,0
/global/archives/18283,bing,1,1,1,1,2,5,0,0
/global/archives/18283,electrive.com,1,1,1,1,0,4,0,0
/global/archives/18283,linkedin.com,1,1,1,1,8,4,0,0
/global/archives/18332,link.naver.com,1,2,1,1,0,5,0,0
/global/archives/18332,linkedin.com,1,1,1,1,0,3,0,0
/global/archives/18361,(direct),1,1,1,1,0,3,0,0
/global/archives/18361,linkedin.com,1,1,1,1,0,4,0,0
/global/archives/18374,eng.sk-on.com,1,1,1,1,0,3,0,0
/global/archives/18374,linkedin.com,1,1,1,1,11,5,0,0
/global/archives/18421,linkedin.com,1,1,1,1,0,2,0,0
/global/archives/18436,(direct),1,1,1,1,5,4,0,0
/global/archives/18436,skenmove.com,1,1,1,1,24,3,0,0
/global/archives/18445,eng.sk-on.com,1,2,1,1,13,4,0,0
/global/archives/18445,eng.skietechnology.com,1,1,1,1,0,2,0,0
/global/archives/18445,news.google.com,1,1,1,1,0,3,0,0
/global/archives/18478,bing,1,1,1,1,0,4,0,0
/global/archives/18478,eng.skearthon.com,1,1,1,1,54,4,0,0
/global/archives/18478,eng.skietechnology.com,1,1,1,1,25,3,0,0
/global/archives/18478,translate.google.com,1,1,1,1,21,5,0,0
/global/archives/18546,api.stocktwits.com,1,1,1,1,11,5,0,0
/global/archives/18546,chat.zalo.me,1,2,1,1,0,6,0,0
/global/archives/18546,cn.bing.com,1,2,1,1,13,5,0,0
/global/archives/18546,facebook.com,1,1,1,1,3,5,0,0
/global/archives/18546,mail.google.com,1,2,1,1,0,6,0,0
/global/archives/18546,mail.koreaexim.go.kr,1,1,1,1,0,4,0,0
/global/archives/18546,skincheonpetrochem.com,1,1,1,1,61,4,0,0
/global/archives/18546,yahoo,1,1,1,1,40,5,0,0
"/global/archives/18546,https:/www.reuters.com/markets/deals/south-koreas-sk-innovation-agrees-merger-with-sk-es-part-overhaul-2024-07-17",commondms.digitalinsightresearch.in,1,1,1,1,3,4,0,0
/global/archives/18571,eng.skgeocentric.com,1,1,1,1,23,4,0,0
/global/archives/18571,lnkd.in,1,1,0,0,0,3,0,0
/global/archives/2212,google,1,1,1,1,86,6,0,0
/global/archives/2727,google,1,1,1,1,0,3,0,0
/global/archives/3005,google,1,1,1,1,34,4,0,0
/global/archives/303,google,1,1,1,1,7,5,0,0
/global/archives/3177,google,1,1,1,1,97,5,0,0
/global/archives/3464,(direct),1,1,1,1,0,4,0,0
/global/archives/3555,google,1,1,1,1,12,5,0,0
/global/archives/356,(not set),1,1,1,1,0,2,0,0
/global/archives/3689,google,1,1,1,1,39,5,0,0
/global/archives/3709,bing,1,1,1,1,5,4,0,0
/global/archives/3731,google,1,1,1,1,9,6,0,0
/global/archives/3820,cn.bing.com,1,1,1,1,185,5,0,0
/global/archives/3873,google,1,1,1,1,63,6,0,0
/global/archives/3962,bing,1,1,1,1,0,4,0,0
/global/archives/3962,edgeservices.bing.com,1,1,1,1,19,5,0,0
/global/archives/4146,google,1,1,1,1,20,5,0,0
/global/archives/4218,google,1,1,1,1,0,3,0,0
/global/archives/4308,google,1,1,1,1,29,5,0,0
/global/archives/4360,google,1,2,1,1,0,6,0,0
/global/archives/441,google,1,1,1,1,15,5,0,0
/global/archives/4482,bing,1,1,1,1,258,6,0,0
/global/archives/4499,(direct),1,1,1,1,5,5,0,0
/global/archives/4728,(direct),1,1,1,1,0,4,0,0
/global/archives/4751,google,1,1,0,0,0,3,0,0
/global/archives/4751,news.google.com,1,1,1,1,0,4,0,0
/global/archives/489,(direct),1,1,1,1,18,5,0,0
/global/archives/4900,google,1,1,1,1,0,4,0,0
/global/archives/5234,google,1,1,1,1,25,4,0,0
/global/archives/528,(direct),1,1,1,1,0,4,0,0
/global/archives/5339,google,1,1,1,1,0,3,0,0
/global/archives/5609,google,1,1,1,1,9,5,0,0
/global/archives/5892,(direct),1,1,1,1,0,4,0,0
/global/archives/5892,skinnovation.com,1,1,1,1,37,4,0,0
/global/archives/5893,(direct),1,1,1,1,0,4,0,0
/global/archives/596,(direct),1,1,1,1,5,4,0,0
/global/archives/6014,google,1,1,1,1,0,3,0,0
/global/archives/6090,google,1,1,1,1,0,4,0,0
/global/archives/6216,(direct),1,1,1,1,0,4,0,0
/global/archives/6253,google,1,1,1,1,36,5,0,0
/global/archives/6295,google,1,1,1,1,0,4,0,0
/global/archives/6343,(direct),1,1,1,1,29,5,0,0
/global/archives/6343,google,1,1,0,0,0,3,0,0
/global/archives/6414,bing,1,1,1,1,12,4,0,0
/global/archives/648,google,1,1,1,1,16,5,0,0
/global/archives/6504,google,1,1,1,1,0,3,0,0
/global/archives/6546,(direct),1,1,1,1,74,5,0,0
/global/archives/6559,google,1,1,0,0,0,3,0,0
/global/archives/6606,google,1,1,1,1,235,5,0,0
/global/archives/6683,google,1,1,1,1,6,5,0,0
/global/archives/6710,google,1,1,1,1,46,5,0,0
/global/archives/6807,(direct),1,1,1,1,0,4,0,0
/global/archives/6807,(not set),1,1,1,1,0,2,0,0
/global/archives/6807,bing,1,2,2,0.5,13,6,0,0
/global/archives/6870,google,1,1,1,1,11,5,0,0
/global/archives/6870,yahoo,1,1,1,1,3,5,0,0
/global/archives/7112,google,1,1,1,1,1,5,0,0
/global/archives/7221,google,1,1,0,0,0,2,0,0
/global/archives/7245,(direct),1,1,1,1,0,4,0,0
/global/archives/7245,battery-news.de,1,1,1,1,4,5,0,0
/global/archives/7319,bing,1,2,1,1,3,4,0,0
/global/archives/736,google,1,1,1,1,0,4,0,0
/global/archives/7445,(direct),1,1,1,1,0,4,0,0
/global/archives/7476,(not set),1,1,1,1,35,4,0,0
/global/archives/7476,bing,1,1,1,1,26,5,0,0
/global/archives/7476,google,1,2,1,1,0,6,0,0
/global/archives/7633,bing,1,1,1,1,11,5,0,0
/global/archives/7633,google,1,1,1,1,11,4,0,0
/global/archives/7710,google,1,1,1,1,8,3,0,0
/global/archives/7740,bing,1,1,1,1,8,5,0,0
/global/archives/7740,google,1,1,1,1,0,4,0,0
/global/archives/7761,(direct),1,1,1,1,0,4,0,0
/global/archives/7761,globalsps-owa.mds.honda.com,1,1,1,1,0,3,0,0
/global/archives/7784,google,1,1,1,1,10,4,0,0
/global/archives/7906,bing,1,1,1,1,75,6,0,0
/global/archives/7906,google,1,1,1,1,4,5,0,0
/global/archives/8022,google,1,1,1,1,4,5,0,0
/global/archives/8046,skincheonpetrochem.com,1,1,1,1,455,5,0,0
/global/archives/8067,google,1,1,1,1,26,5,0,0
/global/archives/8087,google,1,1,1,1,19,5,0,0
/global/archives/8105,(direct),1,1,1,1,0,4,0,0
/global/archives/8187,google,1,1,1,1,21,5,0,0
/global/archives/822,(direct),1,1,1,1,127,5,0,0
/global/archives/8255,(direct),1,1,1,1,9,3,0,0
/global/archives/8298,google,1,1,1,1,2,5,0,0
/global/archives/8350,(direct),1,1,1,1,0,3,0,0
/global/archives/8383,google,1,1,1,1,14,5,0,0
/global/archives/8428,google,1,2,1,1,0,5,0,0
/global/archives/8599,google,1,1,1,1,29,3,0,0
/global/archives/8604,google,1,1,1,1,40,5,0,0
/global/archives/878,google,1,1,0,0,0,3,0,0
/global/archives/9096,(direct),1,1,1,1,0,2,0,0
/global/archives/9168,google,1,1,1,1,16,4,0,0
/global/archives/9264,google,1,1,1,1,10,6,0,0
/global/archives/9286,google,1,1,1,1,0,3,0,0
/global/archives/9415,google,1,1,1,1,0,4,0,0
/global/archives/9419,google,1,1,1,1,111,4,0,0
/global/archives/9509,(direct),1,1,1,1,0,3,0,0
/global/archives/9616,sktradinginternational.com,1,1,1,1,65,4,0,0
/global/archives/9668,bing,1,1,1,1,7,5,0,0
/global/archives/9682,cn.bing.com,1,1,1,1,0,2,0,0
/global/archives/9695,google,1,1,1,1,15,5,0,0
/global/archives/9740,bing,1,1,1,1,46,5,0,0
/global/archives/9756,google,1,1,1,1,5,6,0,0
/global/archives/9837,google,1,1,1,1,7,5,0,0
/global/archives/9857,(direct),1,1,1,1,0,4,0,0
/global/archives/9893,google,1,1,1,1,116,6,0,0
/global/archives/9910,bing,1,1,0,0,0,3,0,0
/global/archives/MTM3ODAoMj,(direct),1,1,1,1,0,5,0,0
/global/archives/category/ces/ces-2023,linkedin.com,1,1,1,1,38,3,0,0
/global/archives/category/corporate/sk-energy,(direct),1,1,1,1,2,4,0,0
/global/archives/category/corporate/sk-enterm,cn.bing.com,1,1,1,1,9,4,0,0
/global/archives/category/corporate/sk-enterm,google,1,1,1,1,2,4,0,0
/global/archives/category/corporate/sk-ie-technology,eng.skietechnology.com,1,1,1,1,539,5,0,0
/global/archives/category/corporate/sk-innovation,(direct),1,1,1,1,21,4,0,0
/global/archives/category/corporates,(direct),1,1,1,1,3,4,0,0
/global/archives/category/corporates,skenmove.com,1,1,1,1,8,3,0,0
/global/archives/category/corporates,skincheonpetrochem.com,1,1,1,1,20,3,0,0
/global/archives/category/corporates,sktradinginternational.com,1,1,1,1,2,4,0,0
/global/archives/category/corporates/sk-earthon,eng.skearthon.com,1,1,1,1,10,4,0,0
/global/archives/category/corporates/sk-earthon,eng.skgeocentric.com,1,1,1,1,2,5,0,0
/global/archives/category/corporates/sk-earthon,skinnovation.co.kr,1,1,1,1,0,2,0,0
/global/archives/category/corporates/sk-enmove,eng.skgeocentric.com,1,1,1,1,0,2,0,0
/global/archives/category/corporates/sk-enterm,eng.skgeocentric.com,1,1,1,1,3,4,0,0
/global/archives/category/corporates/sk-enterm,naver,1,1,0,0,0,3,0,0
/global/archives/category/corporates/sk-enterm,skinnovation.co.kr,1,1,1,1,2,4,0,0
/global/archives/category/corporates/sk-geo-centric,(not set),1,1,1,1,0,3,0,0
/global/archives/category/corporates/sk-geo-centric,bing,1,1,1,1,46,5,0,0
/global/archives/category/corporates/sk-ie-technology,(direct),1,1,1,1,15,4,0,0
/global/archives/category/corporates/sk-ie-technology,eng.skgeocentric.com,1,1,1,1,3,4,0,0
/global/archives/category/corporates/sk-ie-technology,skinnovation.co.kr,1,1,1,1,0,2,0,0
/global/archives/category/corporates/sk-incheon-petrochem,(direct),1,1,1,1,8,4,0,0
/global/archives/category/corporates/sk-incheon-petrochem,eng.skgeocentric.com,1,1,1,1,1,4,0,0
/global/archives/category/corporates/sk-incheon-petrochem,google,1,1,1,1,8,4,0,0
/global/archives/category/corporates/sk-incheon-petrochem,skinnovation.co.kr,1,1,1,1,2,4,0,0
/global/archives/category/corporates/sk-innovation,bing,1,1,1,1,21,4,0,0
/global/archives/category/corporates/sk-innovation,skenergy.com,1,1,1,1,8,4,0,0
/global/archives/category/corporates/sk-on,eng.skgeocentric.com,1,1,1,1,0,2,0,0
/global/archives/category/corporates/sk-on,linkedin.com,1,1,1,1,29,3,0,0
/global/archives/category/corporates/sk-on,naver,1,1,1,1,13,5,0,0
/global/archives/category/corporates/sk-on,skincheonpetrochem.com,1,1,1,1,39,4,0,0
/global/archives/category/corporates/sk-on,skinnovation.co.kr,1,1,1,1,2,4,0,0
/global/archives/category/corporates/sk-rading-international,eng.skgeocentric.com,1,1,1,1,2,4,0,0
/global/archives/category/corporates/sk-rading-international,skinnovation.co.kr,1,1,1,1,1,4,0,0
/global/archives/category/insight,bing,1,1,1,1,5,4,0,0
/global/archives/category/insight,skenmove.com,1,1,1,1,5,3,0,0
/global/archives/category/insight,skinnovation.com,1,1,1,1,0,3,0,0
/global/archives/category/insight/trend_report,linkedin.com,1,1,1,1,2,4,0,0
/global/archives/category/people,skenmove.com,1,1,1,1,22,3,0,0
/global/archives/category/people/ceo-leaders,(direct),1,1,1,1,22,5,0,0
/global/archives/category/people/onsite-report,skinnovation.com,1,1,1,1,14,4,0,0
/global/archives/category/press-room,(direct),1,1,1,1,0,4,0,0
/global/archives/category/press-room,bing,1,1,1,1,15,3,0,0
/global/archives/category/press-room,kimi.moonshot.cn,1,1,1,1,0,3,0,0
/global/archives/category/press-room/financial-results,(not set),1,1,1,1,4,3,0,0
/global/archives/category/press-room/financial-results,linkedin.com,1,2,2,0.5,7,5,0,0
/global/archives/category/press-room/press-release,eng.skgeocentric.com,1,1,1,1,5,4,0,0
/global/archives/tag/1-4-butanediol,(direct),1,1,1,1,32,6,0,0
/global/archives/tag/2024-q1,(direct),1,1,1,1,2,4,0,0
/global/archives/tag/2024-q1,google,1,1,1,1,3,4,0,0
/global/archives/tag/all-time-net-zero,google,1,1,1,1,13,4,0,0
/global/archives/tag/arc,google,1,1,1,1,7,5,0,0
/global/archives/tag/block-17-03,google,1,1,1,1,10,6,0,0
/global/archives/tag/blueoval-sk,google,1,1,1,1,14,5,0,0
/global/archives/tag/bmic,google,1,1,1,1,0,3,0,0
/global/archives/tag/ccs,google,1,1,1,1,0,3,0,0
/global/archives/tag/cic,google,1,1,1,1,3,5,0,0
/global/archives/tag/crude-oil,skincheonpetrochem.com,1,1,1,1,21,3,0,0
/global/archives/tag/dalharoo,google,1,1,1,1,3,5,0,0
/global/archives/tag/depolymerization,google,1,1,1,1,14,5,0,0
/global/archives/tag/developmental-disability,google,1,1,1,1,3,3,0,0
/global/archives/tag/douyin,google,1,1,1,1,9,6,0,0
/global/archives/tag/drone,google,1,1,1,1,8,5,0,0
/global/archives/tag/ecopro-bm,(direct),1,1,1,1,2,4,0,0
/global/archives/tag/ecosystem,google,1,1,1,1,2,5,0,0
/global/archives/tag/ek-energy,google,1,1,1,1,5,5,0,0
/global/archives/tag/electric-vehicles,google,1,1,1,1,1,4,0,0
/global/archives/tag/ev,google,1,1,1,1,0,3,0,0
/global/archives/tag/ev-batteries,google,1,2,1,1,0,5,0,0
/global/archives/tag/ev-battery,google,1,1,1,1,8,5,0,0
/global/archives/tag/fast-charging,linkedin.com,1,1,1,1,11,4,0,0
/global/archives/tag/ford,(direct),1,1,1,1,20,5,0,0
/global/archives/tag/green-bonds,google,1,1,1,1,10,5,0,0
/global/archives/tag/group-iii-base-oil,google,1,1,1,1,3,5,0,0
/global/archives/tag/hungary,google,1,1,1,1,15,5,0,0
/global/archives/tag/hyundai-motors,google,1,1,1,1,5,4,0,0
/global/archives/tag/innovate-uk,google,1,1,1,1,0,3,0,0
/global/archives/tag/intelligent-wwtp,google,1,1,1,1,3,6,0,0
/global/archives/tag/investment,google,1,1,1,1,20,5,0,0
/global/archives/tag/kerosene,google,1,1,1,1,4,5,0,0
/global/archives/tag/lithium-metal-batteries,linkedin.com,1,1,1,1,9,3,0,0
/global/archives/tag/mbwa,google,1,1,1,1,9,6,0,0
/global/archives/tag/oil,skincheonpetrochem.com,1,1,1,1,14,4,0,0
/global/archives/tag/petroleum,skincheonpetrochem.com,1,1,1,1,4,4,0,0
/global/archives/tag/plastic-energy,google,1,1,1,1,4,5,0,0
/global/archives/tag/ptc-korea,google,1,1,1,1,11,5,0,0
/global/archives/tag/russia,google,1,1,1,1,0,3,0,0
/global/archives/tag/sbm,google,1,1,1,1,5,5,0,0
/global/archives/tag/security-management-systems,google,1,2,1,1,0,6,0,0
/global/archives/tag/seosan,google,1,1,1,1,34,6,0,0
/global/archives/tag/sf-battery,linkedin.com,1,2,1,1,7,5,0,0
/global/archives/tag/sinopec-sk-wuhan-petrochemical,google,1,1,1,1,18,5,0,0
/global/archives/tag/sk-block-427,google,1,1,1,1,0,2,0,0
/global/archives/tag/sk-global-chemical,google,1,2,0,0,0,4,0,0
/global/archives/tag/sk-innovations-institute-of-environmental-science-technology,google,1,1,1,1,2,5,0,0
/global/archives/tag/sk-on,eng.sk-on.com,1,2,1,1,3,5,0,0
/global/archives/tag/sk-seorin-building,google,1,1,1,1,0,4,0,0
/global/archives/tag/skba,google,1,1,1,1,0,3,0,0
/global/archives/tag/skbm,google,1,1,1,1,0,3,0,0
/global/archives/tag/skeo-hcm,google,1,1,1,1,26,4,0,0
/global/archives/tag/skgca,google,1,1,1,1,0,4,0,0
/global/archives/tag/skipc,linkedin.com,1,1,1,1,4,3,0,0
/global/archives/tag/sko,google,1,1,1,1,9,5,0,0
/global/archives/tag/skoh,google,1,1,1,1,8,6,0,0
/global/archives/tag/skpe,google,1,1,1,1,11,5,0,0
/global/archives/tag/smr,google,1,1,1,1,5,4,0,0
/global/archives/tag/ulsan-complex,bing,1,1,1,1,1,5,0,0
/global/archives/tag/ulsan-complex,translate.google.com,1,1,1,1,0,4,0,0
/global/archives/tag/vinfast,google,1,1,1,1,8,5,0,0
/global/family-site-links,google,1,1,1,1,31,9,0,0
/global/latestnews,eng.sk-on.com,1,1,1,1,52,4,0,0
/global/latestnews,eng.skietechnology.com,1,1,1,1,52,4,0,0
/global/latestnews,newsletter,1,2,1,1,0,5,0,0
/global/latestnews,sktradinginternational.com,1,1,1,1,7,3,0,0
/global/privacy-policy,google,1,1,1,1,4,4,0,0
/global/terms-and-conditions,skinnovation.com,1,1,1,1,16,4,0,0
/global/who-we-are,(direct),1,1,1,1,0,4,0,0
/global/archives/10264,(not set),0,2,1,0,0,2,0,0
/global/archives/10897,(direct),0,1,1,0,0,2,0,0
/global/archives/10939,(not set),0,1,1,0,63,1,0,0
/global/archives/11161,(not set),0,1,1,0,35,4,0,0
/global/archives/11342,(not set),0,1,1,0,34,2,0,0
/global/archives/12106,(not set),0,1,1,0,3,2,0,0
/global/archives/1237,(not set),0,1,1,0,0,2,0,0
/global/archives/12667,(not set),0,1,1,0,0,1,0,0
/global/archives/13130,(not set),0,1,1,0,0,4,0,0
/global/archives/13521,(not set),0,1,1,0,38,2,0,0
/global/archives/13780,(not set),0,1,1,0,13,2,0,0
/global/archives/13804,google,0,1,0,0,0,2,0,0
/global/archives/14354,(not set),0,1,1,0,0,1,0,0
/global/archives/14634,(not set),0,1,1,0,23,2,0,0
/global/archives/17313,(not set),0,2,0,0,0,2,0,0
/global/archives/17499,(not set),0,2,1,0,28,3,0,0
/global/archives/18107,(not set),0,1,1,0,199,1,0,0
/global/archives/18140,(not set),0,1,0,0,0,1,0,0
/global/archives/18388,(not set),0,1,1,0,0,1,0,0
/global/archives/18478,(not set),0,1,1,0,0,1,0,0
/global/archives/18546,(not set),0,5,3,0,8.333333333333334,6,0,0
/global/archives/2026,(not set),0,1,1,0,11,2,0,0
/global/archives/2293,(not set),0,1,1,0,6,2,0,0
/global/archives/356,google,0,1,0,0,0,2,0,0
/global/archives/4518,edgeservices.bing.com,0,1,0,0,0,2,0,0
/global/archives/6216,(not set),0,1,1,0,25,1,0,0
/global/archives/9096,(not set),0,1,1,0,31,2,0,0
/global/archives/category/corporates/sk-enmove,(not set),0,1,0,0,0,1,0,0
/global/archives/category/corporates/sk-enterm,(not set),0,1,1,0,10,3,0,0
/global/archives/category/corporates/sk-on,chn.sk-on.com,0,1,0,0,0,2,0,0
/global/archives/category/people/sustainability,skinnovation.com,0,1,1,0,10,1,0,0
/global/archives/category/press-room,(not set),0,1,1,0,0,1,0,0
/global/archives/category/press-room/financial-results,skinnovation.com,0,1,1,0,0,2,0,0
/global/archives/category/press-room/press-release,(not set),0,2,2,0,1,2,0,0
/global/archives/category/press-room/press-release,skenergy.com,0,1,0,0,0,2,0,0
/global/archives/tag/sk-global-chemical,(not set),0,1,1,0,0,1,0,0
/global/archives/tag/skei-singapore,(not set),0,1,1,0,4,3,0,0
/global/latestnews,(not set),0,6,6,0,24.666666666666668,6,0,0