# ----------------------------------------
# 보고서 CSV 내보내기
# 계정: skinno global
# 속성: skinno 글로벌 - GA4
# ----------------------------------------
# 
# 모든 사용자
# 시작일: 20240916
# 종료일: 20240922
페이지 경로 및 화면 클래스,세션 소스,조회수,세션수,활성 사용자,활성 사용자당 조회수,활성 사용자당 평균 참여 시간,이벤트 수,주요 이벤트,총 수익
/global/archives/19045,google,1028,873,779,1.319640564826701,2.962772785622593,3858,0,0
/global/archives/19078,google,340,304,231,1.4718614718614718,9.922077922077921,1242,0,0
/global/archives/19078,(direct),212,189,147,1.4421768707482994,11.91156462585034,809,0,0
/global/latestnews,(direct),100,101,89,1.1235955056179776,19.134831460674157,387,0,0
/global/archives/19045,(direct),61,52,49,1.2448979591836735,6.36734693877551,213,0,0
/global/,(direct),58,53,46,1.2608695652173914,7.5,243,0,0
/global/,google,58,39,33,1.7575757575757576,18.454545454545453,243,0,0
/global/archives/category/press-room/financial-results,google,37,24,22,1.6818181818181819,17.681818181818183,150,0,0
/global/latestnews,google,34,30,7,4.857142857142857,58.142857142857146,110,0,0
/pagead/aclk,google,34,11,9,3.7777777777777777,0,76,0,0
/global/archives/18546,google,33,40,29,1.1379310344827587,23.482758620689655,160,0,0
/global/archives/9910,google,31,31,27,1.1481481481481481,42.407407407407405,146,0,0
/global/archives/18659,google,29,28,23,1.2608695652173914,8.73913043478261,109,0,0
/global/archives/17426,google,28,23,22,1.2727272727272727,20.272727272727273,115,0,0
/global/archives/18107,google,26,30,23,1.1304347826086956,46.95652173913044,131,0,0
/global/archives/18608,google,26,22,15,1.7333333333333334,74.33333333333333,114,0,0
/global/archives/6216,google,24,26,22,1.0909090909090908,27.5,118,0,0
/global/archives/category/press-room/press-release,(direct),22,20,11,2,14.363636363636363,79,0,0
/global/,linkedin.com,19,12,4,4.75,66.75,75,0,0
/global/archives/category/press-room/press-release,google,18,14,11,1.6363636363636365,29.90909090909091,73,0,0
/global/archives/category/corporates/sk-on,google,17,15,14,1.2142857142857142,25,75,0,0
/global/archives/15374,google,16,15,10,1.6,48.8,70,0,0
/global/archives/16463,google,16,15,14,1.1428571428571428,17.928571428571427,74,0,0
/global/archives/16532,google,16,18,14,1.1428571428571428,42.142857142857146,69,0,0
/global/archives/15490,google,15,15,12,1.25,44.833333333333336,65,0,0
/global/archives/17499,google,14,12,11,1.2727272727272727,26.727272727272727,61,0,0
/global/archives/17623,google,14,16,13,1.0769230769230769,42.38461538461539,67,0,0
/global/archives/18445,google,14,14,10,1.4,52.5,61,0,0
/global/archives/3820,google,14,14,11,1.2727272727272727,26.727272727272727,68,0,0
/global/archives/category/press-room,google,14,9,7,2,21.714285714285715,54,0,0
/global/archives/16060,google,13,16,10,1.3,93.5,57,0,0
/global/archives/category/press-room,(direct),13,11,6,2.1666666666666665,10.333333333333334,52,0,0
/global/archives/12022,google,12,11,10,1.2,16.1,56,0,0
/global/archives/14766,google,12,11,9,1.3333333333333333,65.22222222222223,53,0,0
/global/archives/19078,linkedin.com,12,13,11,1.0909090909090908,21.727272727272727,54,0,0
/global/archives/tag/financial-results,(direct),12,7,5,2.4,11.2,51,0,0
/global/archives/tag/vwbe,google,12,8,8,1.5,13.625,53,0,0
/global/archives/10774,google,11,10,10,1.1,17.6,50,0,0
/global/archives/15687,google,11,9,7,1.5714285714285714,46.714285714285715,41,0,0
/global/archives/19045,linkedin.com,11,11,10,1.1,13.2,49,0,0
/global/archives/19078,bing,11,10,7,1.5714285714285714,33.714285714285715,52,0,0
/global/archives/15409,google,10,8,5,2,26.6,33,0,0
/global/archives/18608,(direct),10,10,5,2,296.4,41,0,0
/global/archives/19045,statics.teams.cdn.office.net,10,8,5,2,65.8,46,0,0
/global/archives/19095,(direct),10,12,7,1.4285714285714286,3,40,0,0
/global/archives/4612,bing,10,3,1,10,19,26,0,0
/global/archives/category/corporates,(direct),10,4,4,2.5,8,40,0,0
/global/archives/category/corporates,google,10,11,10,1,13.5,35,0,0
/global/archives/13780,google,9,8,6,1.5,27.666666666666668,35,0,0
/global/archives/15490,(direct),9,9,9,1,13.333333333333334,38,0,0
/global/archives/15664,google,9,7,5,1.8,13.8,35,0,0
/global/archives/16286,(direct),9,8,8,1.125,0,35,0,0
/global/archives/16834,google,9,12,8,1.125,15.375,42,0,0
/global/archives/17216,google,9,7,7,1.2857142857142858,34.285714285714285,39,0,0
/global/archives/17595,google,9,9,7,1.2857142857142858,9.714285714285714,35,0,0
/global/archives/18770,google,9,15,10,0.9,93.2,35,0,0
/global/archives/19078,(not set),9,31,18,0.5,16.22222222222222,55,0,0
/global/archives/19078,statics.teams.cdn.office.net,9,11,8,1.125,30.25,44,0,0
/global/archives/4612,google,9,10,8,1.125,34.5,39,0,0
/global/archives/category/corporates/sk-earthon,google,9,5,5,1.8,32,37,0,0
/global/archives/category/insight,google,9,8,7,1.2857142857142858,3.142857142857143,37,0,0
/global/archives/16613,google,8,8,5,1.6,0,24,0,0
/global/archives/18546,(direct),8,11,5,1.6,2.4,36,0,0
/global/archives/category/corporates/sk-energy,(direct),8,5,4,2,28,28,0,0
/global/archives/category/corporates/sk-energy,google,8,8,7,1.1428571428571428,25,30,0,0
/global/archives/category/corporates/sk-innovation,google,8,5,5,1.6,22.4,28,0,0
/global/archives/category/people,(direct),8,10,9,0.8888888888888888,12.11111111111111,27,0,0
/global/archives/10939,(direct),7,7,6,1.1666666666666667,9.333333333333334,27,0,0
/global/archives/10939,google,7,7,6,1.1666666666666667,105,30,0,0
/global/archives/11807,google,7,8,6,1.1666666666666667,56.833333333333336,33,0,0
/global/archives/12950,google,7,8,7,1,18.571428571428573,35,0,0
/global/archives/16448,google,7,6,5,1.4,13.8,28,0,0
/global/archives/16787,(direct),7,5,4,1.75,83.25,28,0,0
/global/archives/17737,google,7,7,6,1.1666666666666667,141.16666666666666,34,0,0
/global/archives/18659,(direct),7,6,6,1.1666666666666667,26.333333333333332,30,0,0
/global/archives/6377,google,7,7,7,1,11,31,0,0
/global/archives/category/corporates/sk-enterm,google,7,4,2,3.5,97.5,25,0,0
/global/archives/category/press-room/financial-results,skinnovation.com,7,3,2,3.5,15,24,0,0
/global/archives/tag/sinopec-sk-wuhan-petrochemical,google,7,5,5,1.4,25.6,34,0,0
/global/,skinnovation.com,6,6,4,1.5,38.25,25,0,0
/global/archives/10913,google,6,4,4,1.5,21.75,26,0,0
/global/archives/10985,google,6,7,6,1,17.166666666666668,31,0,0
/global/archives/12306,google,6,6,5,1.2,32.8,31,0,0
/global/archives/13521,google,6,7,6,1,10.166666666666666,28,0,0
/global/archives/14766,(direct),6,5,4,1.5,64.5,24,0,0
/global/archives/16480,google,6,6,4,1.5,116.5,26,0,0
/global/archives/16834,(direct),6,6,6,1,9.333333333333334,27,0,0
/global/archives/17476,google,6,6,6,1,12.666666666666666,28,0,0
/global/archives/18283,google,6,6,5,1.2,15.4,26,0,0
/global/archives/18770,(direct),6,6,6,1,31.166666666666668,26,0,0
/global/archives/19095,ozmailer.com,6,4,3,2,2.3333333333333335,21,0,0
/global/archives/3962,google,6,6,6,1,16.166666666666668,31,0,0
/global/archives/5357,google,6,5,3,2,123.33333333333333,27,0,0
/global/archives/category/corporate/sk-enmove,skenmove.com,6,6,6,1,15.333333333333334,27,0,0
/global/archives/category/insight,(direct),6,7,7,0.8571428571428571,9.857142857142858,27,0,0
/global/archives/category/press-room,skinnovation.com,6,5,4,1.5,129.25,22,0,0
/global/archives/category/press-room/issue-fact,google,6,5,5,1.2,7.4,21,0,0
/global/,eng.sk-on.com,5,5,4,1.25,23.75,21,0,0
/global/archives/11004,(direct),5,5,5,1,4.6,18,0,0
/global/archives/11161,google,5,8,4,1.25,64.25,27,0,0
/global/archives/11400,(direct),5,5,4,1.25,12,19,0,0
/global/archives/12147,chatgpt.com,5,1,1,5,41,17,0,0
/global/archives/12147,google,5,4,4,1.25,20.25,21,0,0
/global/archives/15259,(direct),5,5,4,1.25,0,20,0,0
/global/archives/15374,(direct),5,6,5,1,0,17,0,0
/global/archives/15865,google,5,5,2,2.5,101,18,0,0
/global/archives/16060,(direct),5,5,5,1,6.8,19,0,0
/global/archives/16376,google,5,5,2,2.5,0,17,0,0
/global/archives/16834,chatgpt.com,5,2,1,5,15,18,0,0
/global/archives/17569,google,5,6,4,1.25,20.25,22,0,0
/global/archives/17965,google,5,5,5,1,9,24,0,0
/global/archives/18065,google,5,5,4,1.25,20,19,0,0
/global/archives/18388,google,5,5,3,1.6666666666666667,1.3333333333333333,18,0,0
/global/archives/18546,bing,5,8,3,1.6666666666666667,0,21,0,0
/global/archives/4921,google,5,5,5,1,39,26,0,0
/global/archives/7906,google,5,5,4,1.25,22.75,23,0,0
/global/archives/8067,(direct),5,3,2,2.5,0.5,18,0,0
/global/archives/9709,google,5,4,4,1.25,11.25,22,0,0
/global/archives/category/people/sustainability,google,5,4,4,1.25,28.25,20,0,0
/global/,edgeservices.bing.com,4,1,1,4,135,19,0,0
/global/,skenmove.com,4,2,2,2,8.5,18,0,0
/global/archives/11004,google,4,5,3,1.3333333333333333,92.66666666666667,21,0,0
/global/archives/11537,(direct),4,4,4,1,2.5,17,0,0
/global/archives/12008,google,4,4,4,1,18,19,0,0
/global/archives/12667,google,4,4,4,1,30.25,15,0,0
/global/archives/13595,google,4,4,4,1,61.5,19,0,0
/global/archives/14065,(direct),4,2,1,4,0,11,0,0
/global/archives/14243,google,4,4,3,1.3333333333333333,10.666666666666666,12,0,0
/global/archives/14415,google,4,4,2,2,8.5,17,0,0
/global/archives/14634,google,4,6,4,1,5.25,21,0,0
/global/archives/15259,google,4,4,3,1.3333333333333333,15,18,0,0
/global/archives/15937,google,4,3,1,4,152,12,0,0
/global/archives/16834,bing,4,4,3,1.3333333333333333,77.66666666666667,17,0,0
/global/archives/16925,google,4,4,2,2,5.5,13,0,0
/global/archives/17216,skinnovation.com,4,4,2,2,22.5,14,0,0
/global/archives/17817,google,4,3,3,1.3333333333333333,25,14,0,0
/global/archives/17844,google,4,4,4,1,7.75,19,0,0
/global/archives/18140,linkedin.com,4,6,1,4,16,19,0,0
/global/archives/18283,(direct),4,4,4,1,0,14,0,0
/global/archives/18421,google,4,4,2,2,33,15,0,0
/global/archives/18608,skinnovation.com,4,5,1,4,491,18,0,0
/global/archives/18753,google,4,4,3,1.3333333333333333,5.666666666666667,14,0,0
/global/archives/18770,linkedin.com,4,4,4,1,22.5,19,0,0
/global/archives/19095,google,4,5,2,2,23.5,15,0,0
/global/archives/4308,google,4,5,4,1,1,18,0,0
/global/archives/4360,google,4,4,4,1,51,21,0,0
/global/archives/4482,google,4,5,3,1.3333333333333333,19,20,0,0
/global/archives/4499,google,4,4,4,1,32.5,19,0,0
/global/archives/564,google,4,4,4,1,29.5,16,0,0
/global/archives/5772,google,4,3,3,1.3333333333333333,36.333333333333336,17,0,0
/global/archives/6014,google,4,4,3,1.3333333333333333,40.666666666666664,17,0,0
/global/archives/7596,google,4,4,4,1,48.5,19,0,0
/global/archives/822,google,4,4,4,1,28.5,19,0,0
/global/archives/9740,google,4,4,4,1,61,19,0,0
/global/archives/category/corporates/sk-earthon,eng.skgeocentric.com,4,4,1,4,1,12,0,0
/global/archives/category/corporates/sk-enmove,eng.skgeocentric.com,4,4,1,4,9,12,0,0
/global/archives/category/corporates/sk-ie-technology,eng.skgeocentric.com,4,4,1,4,0,10,0,0
/global/archives/category/corporates/sk-incheon-petrochem,eng.skgeocentric.com,4,4,1,4,4,11,0,0
/global/archives/category/corporates/sk-on,eng.skgeocentric.com,4,3,1,4,6,15,0,0
/global/archives/category/press-room/financial-results,(direct),4,3,3,1.3333333333333333,4.333333333333333,17,0,0
/global/archives/tag/australia,google,4,1,1,4,38,16,0,0
/global/archives/tag/green-bonds,google,4,3,3,1.3333333333333333,26.333333333333332,20,0,0
/global/archives/tag/pouch-type-battery,google,4,3,3,1.3333333333333333,9.333333333333334,19,0,0
/global/archives/tag/separator,google,4,3,2,2,17.5,18,0,0
/global/archives/tag/sk-battery-america,google,4,3,3,1.3333333333333333,24.333333333333332,17,0,0
/global/archives/tag/solid-power,google,4,4,4,1,17.25,22,0,0
/global/,(not set),3,2,2,1.5,0.5,11,0,0
/global/,eng.skearthon.com,3,3,3,1,9.333333333333334,16,0,0
/global/,eng.skgeocentric.com,3,2,2,1.5,9.5,13,0,0
/global/archives/10133,google,3,3,3,1,207.66666666666666,12,0,0
/global/archives/10767,(direct),3,2,1,3,90,10,0,0
/global/archives/10767,google,3,3,3,1,25,11,0,0
/global/archives/11087,google,3,3,3,1,13,14,0,0
/global/archives/11087,skenergy.com,3,3,3,1,30,15,0,0
/global/archives/12106,(direct),3,2,1,3,0,9,0,0
/global/archives/12106,google,3,4,1,3,54,12,0,0
/global/archives/12220,google,3,3,2,1.5,7.5,15,0,0
/global/archives/12389,google,3,2,2,1.5,12,11,0,0
/global/archives/13130,(direct),3,3,3,1,2.3333333333333335,14,0,0
/global/archives/1399,google,3,3,3,1,58.666666666666664,13,0,0
/global/archives/14264,google,3,3,3,1,68.33333333333333,15,0,0
/global/archives/14491,google,3,3,2,1.5,5.5,13,0,0
/global/archives/1493,google,3,2,2,1.5,7.5,11,0,0
/global/archives/15840,google,3,3,2,1.5,69.5,13,0,0
/global/archives/16025,google,3,2,2,1.5,52,14,0,0
/global/archives/16060,sktradinginternational.com,3,4,3,1,9.333333333333334,17,0,0
/global/archives/16169,google,3,4,3,1,32.666666666666664,13,0,0
/global/archives/16493,google,3,4,2,1.5,7.5,12,0,0
/global/archives/17426,(direct),3,3,3,1,23.666666666666668,12,0,0
/global/archives/17426,bing,3,2,2,1.5,296,14,0,0
/global/archives/17737,(direct),3,3,3,1,0,12,0,0
/global/archives/17990,(direct),3,3,3,1,20,14,0,0
/global/archives/18065,(direct),3,5,1,3,201,13,0,0
/global/archives/18107,(direct),3,3,1,3,0,8,0,0
/global/archives/18140,(direct),3,3,1,3,0,8,0,0
/global/archives/18301,google,3,3,3,1,11.666666666666666,13,0,0
/global/archives/18361,google,3,3,3,1,11.333333333333334,12,0,0
/global/archives/18388,(direct),3,3,3,1,0,12,0,0
/global/archives/18445,(direct),3,4,3,1,18.333333333333332,15,0,0
/global/archives/18445,skinnovation.com,3,6,4,0.75,14.5,18,0,0
/global/archives/18690,google,3,3,3,1,29.333333333333332,14,0,0
/global/archives/18743,google,3,3,3,1,6.666666666666667,11,0,0
/global/archives/18753,bing,3,4,1,3,2,8,0,0
/global/archives/19045,bing,3,4,2,1.5,0,12,0,0
/global/archives/19078,safinvestor.com,3,4,3,1,16.333333333333332,16,0,0
/global/archives/19078,skinnovation.com,3,3,2,1.5,332.5,13,0,0
/global/archives/253,google,3,4,3,1,20.666666666666668,15,0,0
/global/archives/3464,google,3,3,2,1.5,141.5,13,0,0
/global/archives/3820,(not set),3,1,1,3,68,9,0,0
/global/archives/489,google,3,3,3,1,6.666666666666667,12,0,0
/global/archives/6090,google,3,2,1,3,303,10,0,0
/global/archives/6216,bing,3,4,3,1,13.333333333333334,15,0,0
/global/archives/6253,google,3,3,2,1.5,35,12,0,0
/global/archives/6824,google,3,1,1,3,67,10,0,0
/global/archives/7245,(direct),3,4,3,1,10.666666666666666,16,0,0
/global/archives/7292,google,3,3,3,1,5.666666666666667,14,0,0
/global/archives/7445,google,3,2,2,1.5,13.5,13,0,0
/global/archives/7476,(direct),3,3,3,1,0,9,0,0
/global/archives/8067,edgeservices.bing.com,3,1,1,3,164,10,0,0
/global/archives/8067,skinnovation.com,3,4,1,3,0,12,0,0
/global/archives/831,google,3,3,3,1,11,9,0,0
/global/archives/8899,google,3,2,2,1.5,14,12,0,0
/global/archives/9668,google,3,3,3,1,25,16,0,0
/global/archives/9910,(direct),3,2,2,1.5,45.5,12,0,0
/global/archives/category/corporates/sk-enterm,eng.skgeocentric.com,3,3,1,3,1,9,0,0
/global/archives/category/corporates/sk-geo-centric,bing,3,1,1,3,7,9,0,0
/global/archives/category/corporates/sk-on,(direct),3,2,2,1.5,18,11,0,0
/global/archives/category/corporates/sk-rading-international,eng.skgeocentric.com,3,3,1,3,2,10,0,0
/global/archives/category/insight/trend_report,google,3,3,3,1,17,12,0,0
/global/archives/category/people/inno-people,google,3,3,3,1,11.333333333333334,12,0,0
/global/archives/category/people/inno-people,skenmove.com,3,1,1,3,83,10,0,0
/global/archives/category/press-room/issue-fact,skinnovation.com,3,1,1,3,37,11,0,0
/global/archives/category/press-room/press-release,bing,3,2,2,1.5,34,12,0,0
/global/archives/category/press-room/press-release,eng.skgeocentric.com,3,3,1,3,12,12,0,0
/global/archives/category/social-value/opinions,(direct),3,3,3,1,2.6666666666666665,13,0,0
/global/archives/tag/cho-kyung-mok,google,3,3,3,1,4,13,0,0
/global/archives/tag/ess,google,3,2,2,1.5,13.5,14,0,0
/global/archives/tag/europe,google,3,2,2,1.5,10.5,13,0,0
/global/archives/tag/g-15-ap-block,google,3,2,2,1.5,13.5,12,0,0
/global/archives/tag/ncm811,google,3,1,1,3,17,12,0,0
/global/archives/tag/singapore,google,3,1,1,3,18,12,0,0
/global/archives/tag/skfs,google,3,2,2,1.5,499.5,14,0,0
/global/archives/tag/snb-capital,google,3,1,1,3,10,12,0,0
/global/sustainability-report,(direct),3,3,3,1,4.666666666666667,15,0,0
/global/,chn.skearthon.com,2,1,1,2,35,8,0,0
/global/,eng.skglobalchemical.com,2,2,1,2,110,10,0,0
/global/,googleadservices.com,2,2,2,1,0,6,0,0
/global/,skenergy.com,2,1,1,2,9,8,0,0
/global/archives/11010,google,2,2,2,1,59,7,0,0
/global/archives/11037,skenergy.com,2,2,2,1,24.5,12,0,0
/global/archives/11214,chatgpt.com,2,1,1,2,63,10,0,0
/global/archives/11527,google,2,2,2,1,8,7,0,0
/global/archives/11537,google,2,2,2,1,122,9,0,0
/global/archives/11596,google,2,2,2,1,44,10,0,0
/global/archives/12072,google,2,2,2,1,27,10,0,0
/global/archives/12220,(direct),2,2,2,1,12,11,0,0
/global/archives/12274/skee,google,2,2,2,1,2.5,9,0,0
/global/archives/12413,google,2,4,1,2,0,10,0,0
/global/archives/12688,(direct),2,1,1,2,105,7,0,0
/global/archives/13103,google,2,1,1,2,50,9,0,0
/global/archives/13437,google,2,2,1,2,0,7,0,0
/global/archives/13521,bing,2,3,1,2,32,10,0,0
/global/archives/13595,(direct),2,2,2,1,0.5,9,0,0
/global/archives/1399,bing,2,2,1,2,14,8,0,0
/global/archives/14083,google,2,3,1,2,150,9,0,0
/global/archives/14226,google,2,2,1,2,6,9,0,0
/global/archives/14243,skenmove.com,2,2,2,1,46.5,8,0,0
/global/archives/14309,(direct),2,2,2,1,0,8,0,0
/global/archives/14628,google,2,1,1,2,139,8,0,0
/global/archives/14770,google,2,2,2,1,1.5,7,0,0
/global/archives/14962,google,2,1,1,2,88,8,0,0
/global/archives/15007,skenergy.com,2,2,2,1,0,7,0,0
/global/archives/15007/1969-개업한-국내-최초-현대식-주유소-서교동-청기와주유,google,2,1,1,2,5,10,0,0
/global/archives/15103,google,2,2,2,1,26.5,11,0,0
/global/archives/15259,chatgpt.com,2,1,1,2,11,8,0,0
/global/archives/15374,skenergy.com,2,2,2,1,82,12,0,0
/global/archives/15409,(direct),2,2,2,1,16.5,9,0,0
/global/archives/15490,ecosia.org,2,3,1,2,0,9,0,0
/global/archives/15592,(direct),2,2,2,1,3.5,10,0,0
/global/archives/15664,(direct),2,3,2,1,114.5,11,0,0
/global/archives/15687,skenmove.com,2,3,2,1,107.5,8,0,0
/global/archives/15937,skinnovation.com,2,1,1,2,22,5,0,0
/global/archives/16005,skenmove.com,2,1,1,2,63,7,0,0
/global/archives/16060,statics.teams.cdn.office.net,2,3,2,1,2.5,10,0,0
/global/archives/16376,bing,2,2,1,2,40,8,0,0
/global/archives/16448,bing,2,2,1,2,99,7,0,0
/global/archives/16532,(direct),2,2,1,2,0,6,0,0
/global/archives/16787,google,2,2,2,1,108,10,0,0
/global/archives/16881,google,2,2,1,2,9,6,0,0
/global/archives/16939,google,2,2,1,2,0,6,0,0
/global/archives/16952,google,2,2,2,1,4,8,0,0
/global/archives/16970,google,2,3,2,1,0,8,0,0
/global/archives/17047,google,2,2,2,1,34,11,0,0
/global/archives/17169,google,2,2,2,1,10,10,0,0
/global/archives/17216,(direct),2,1,1,2,0,6,0,0
/global/archives/17356,google,2,2,2,1,22.5,8,0,0
/global/archives/17356,skenmove.com,2,3,2,1,120,7,0,0
/global/archives/17356,yahoo,2,1,1,2,51,9,0,0
/global/archives/17386,google,2,2,2,1,128,11,0,0
/global/archives/17426,skinnovation.com,2,1,1,2,87,10,0,0
/global/archives/17460,google,2,2,2,1,0,8,0,0
/global/archives/17514,(direct),2,2,2,1,0,7,0,0
/global/archives/17595,bing,2,3,1,2,91,6,0,0
/global/archives/17623,(direct),2,3,1,2,0,9,0,0
/global/archives/17893,google,2,2,2,1,9.5,10,0,0
/global/archives/17950,google,2,3,2,1,2,11,0,0
/global/archives/17978,google,2,2,2,1,3,7,0,0
/global/archives/18140,google,2,2,2,1,79,6,0,0
/global/archives/18361,(direct),2,2,0,0,0,5,0,0
/global/archives/18374,google,2,2,2,1,32.5,10,0,0
/global/archives/18388,skinnovation.com,2,2,2,1,393.5,10,0,0
/global/archives/18690,(direct),2,2,2,1,9,9,0,0
/global/archives/18770,eng.skglobalchemical.com,2,1,1,2,3,6,0,0
/global/archives/18989,linkedin.com,2,2,2,1,96.5,10,0,0
/global/archives/19045,apps.admob.com,2,1,1,2,22,8,0,0
/global/archives/19078,ems-urlprotect.trendmicro.com,2,1,1,2,338,9,0,0
/global/archives/19078,eng.skgeocentric.com,2,2,2,1,2.5,6,0,0
/global/archives/19078,greenproduction.co.jp,2,3,2,1,18,11,0,0
/global/archives/19078,skenergy.com,2,2,1,2,72,9,0,0
/global/archives/19095,(not set),2,1,1,2,153,7,0,0
/global/archives/19095,linkedin.com,2,2,2,1,0.5,8,0,0
/global/archives/19095,skenmove.com,2,2,1,2,19,5,0,0
/global/archives/2329,google,2,3,2,1,14,11,0,0
/global/archives/255,google,2,2,2,1,9.5,11,0,0
/global/archives/3197,google,2,2,2,1,34,9,0,0
/global/archives/3820,(direct),2,2,2,1,0,8,0,0
/global/archives/3820,chatgpt.com,2,2,1,2,4,8,0,0
/global/archives/3962,bing,2,2,2,1,24.5,11,0,0
/global/archives/4585,bing,2,1,1,2,33,9,0,0
/global/archives/4612,(not set),2,2,1,2,155,9,0,0
/global/archives/4776,cn.bing.com,2,2,2,1,52,10,0,0
/global/archives/4844,chatgpt.com,2,3,1,2,0,9,0,0
/global/archives/4844,google,2,3,2,1,31,12,0,0
/global/archives/5016,google,2,2,1,2,6,9,0,0
/global/archives/542,google,2,2,2,1,32.5,11,0,0
/global/archives/6216,(direct),2,2,2,1,49,10,0,0
/global/archives/6343,google,2,2,2,1,51,9,0,0
/global/archives/6658,google,2,2,2,1,2,9,0,0
/global/archives/6760,google,2,2,2,1,16.5,10,0,0
/global/archives/6807,google,2,1,1,2,58,7,0,0
/global/archives/6834,google,2,2,2,1,47.5,9,0,0
/global/archives/7112,google,2,1,1,2,15,6,0,0
/global/archives/7177,google,2,2,2,1,48.5,7,0,0
/global/archives/7670,(direct),2,1,1,2,0,6,0,0
/global/archives/7710,google,2,2,1,2,46,8,0,0
/global/archives/7906,(direct),2,3,1,2,190,11,0,0
/global/archives/7906,bing,2,1,1,2,17,8,0,0
/global/archives/7919,google,2,2,1,2,64,9,0,0
/global/archives/8327,bing,2,1,1,2,358,10,0,0
/global/archives/8360,google,2,2,2,1,19.5,10,0,0
/global/archives/8428,google,2,2,2,1,20,11,0,0
/global/archives/9548,google,2,2,2,1,13.5,10,0,0
/global/archives/9616,sktradinginternational.com,2,2,2,1,14.5,11,0,0
/global/archives/category/corporate/sk-energy,google,2,2,2,1,15.5,10,0,0
/global/archives/category/corporate/sk-energy,skenergy.com,2,2,2,1,12.5,10,0,0
/global/archives/category/corporate/sk-geo-centric,(direct),2,2,2,1,7,10,0,0
/global/archives/category/corporate/sk-on,skinnovation.com,2,1,1,2,48,8,0,0
/global/archives/category/corporates,eng.skearthon.com,2,2,1,2,41,9,0,0
/global/archives/category/corporates/sk-earthon,linkedin.com,2,1,1,2,26,8,0,0
/global/archives/category/corporates/sk-enmove,google,2,2,2,1,18,8,0,0
/global/archives/category/corporates/sk-enmove,skenmove.com,2,1,1,2,62,7,0,0
/global/archives/category/corporates/sk-enterm,naver,2,1,1,2,13,9,0,0
/global/archives/category/corporates/sk-rading-international,(direct),2,2,2,1,4,9,0,0
/global/archives/category/insight,linkedin.com,2,1,1,2,10,8,0,0
/global/archives/category/insight/expert-voice,google,2,2,2,1,19,8,0,0
/global/archives/category/people,(not set),2,2,2,1,0,3,0,0
/global/archives/category/people,google,2,2,2,1,25.5,6,0,0
/global/archives/category/press-room,skincheonpetrochem.com,2,1,1,2,32,8,0,0
/global/archives/category/press-room/press-release,skinnovation.com,2,3,2,1,16,9,0,0
/global/archives/category/social-value/csr-program,(direct),2,2,2,1,4,10,0,0
/global/archives/category/social-value/social-enterprise,(direct),2,2,2,1,4,10,0,0
/global/archives/tag/1-4-butanediol,google,2,1,1,2,32,8,0,0
/global/archives/tag/2024-q2,(direct),2,1,1,2,6,8,0,0
/global/archives/tag/arc,(not set),2,1,1,2,15,6,0,0
/global/archives/tag/arc,google,2,2,2,1,26.5,11,0,0
/global/archives/tag/bayu-undan-ccs-project,(direct),2,2,1,2,9,9,0,0
/global/archives/tag/carbon-storage,(direct),2,2,1,2,24,6,0,0
/global/archives/tag/ccus,google,2,2,1,2,21,9,0,0
/global/archives/tag/choi-yun-seok,google,2,2,2,1,1.5,9,0,0
/global/archives/tag/germany,google,2,2,2,1,64,11,0,0
/global/archives/tag/global-battery-alliance,google,2,1,1,2,3,7,0,0
/global/archives/tag/ketapu-cluster,(direct),2,1,1,2,1,6,0,0
/global/archives/tag/poland,google,2,1,1,2,42,8,0,0
/global/archives/tag/s-pack,google,2,1,1,2,3,6,0,0
/global/archives/tag/sk-primacor-europe,google,2,1,1,2,24,8,0,0
/global/archives/tag/skba,google,2,1,1,2,0,4,0,0
/global/archives/tag/skearthon,google,2,1,1,2,21,9,0,0
/global/archives/tag/sko,google,2,2,2,1,7.5,8,0,0
/global/archives/tag/zhejiang-satellite-petrochemical,google,2,1,1,2,29,9,0,0
/global/latestnews,eng.skglobalchemical.com,2,1,1,2,108,8,0,0
/global/latestnews,linkedin.com,2,2,1,2,26,8,0,0
/global/latestnews,skinnovation.com,2,2,1,2,29,8,0,0
/global/legal-notices,skenergy.com,2,1,1,2,8,8,0,0
/pagead/aclk,(direct),2,2,0,0,0,8,0,0
/global/,aijourn.com,1,1,1,1,5,5,0,0
/global/,lelezard.com,1,1,1,1,0,3,0,0
/global/,naver,1,1,1,1,7,4,0,0
/global/archives/10133,(not set),1,1,1,1,0,3,0,0
/global/archives/10133,bing,1,1,1,1,12,6,0,0
/global/archives/10148,google,1,1,1,1,1,4,0,0
/global/archives/10159,google,1,1,1,1,10,5,0,0
/global/archives/10322,(not set),1,1,1,1,0,3,0,0
/global/archives/10445,google,1,1,1,1,8,4,0,0
/global/archives/10460,google,1,1,1,1,109,5,0,0
/global/archives/10535,google,1,1,1,1,0,4,0,0
/global/archives/1058,google,1,1,1,1,0,3,0,0
/global/archives/10713,google,1,1,1,1,0,3,0,0
/global/archives/10774,(direct),1,1,1,1,0,4,0,0
/global/archives/10774,bing,1,1,1,1,55,5,0,0
/global/archives/10802,google,1,1,1,1,8,5,0,0
/global/archives/10842,google,1,1,1,1,3,4,0,0
/global/archives/10872,google,1,1,1,1,11,5,0,0
/global/archives/11004,bing,1,1,1,1,40,5,0,0
/global/archives/11058,google,1,2,1,1,34,3,0,0
/global/archives/11087,(direct),1,1,1,1,0,3,0,0
/global/archives/11125,google,1,1,1,1,19,6,0,0
/global/archives/11147,google,1,1,1,1,18,4,0,0
/global/archives/11214,google,1,1,1,1,0,4,0,0
/global/archives/11429,google,1,1,1,1,5,3,0,0
/global/archives/11475,google,1,1,1,1,15,4,0,0
/global/archives/11512,(direct),1,2,2,0.5,54.5,6,0,0
/global/archives/11512,(not set),1,1,1,1,0,2,0,0
/global/archives/11512,google,1,2,1,1,31,3,0,0
/global/archives/11512,sktradinginternational.com,1,1,1,1,7,4,0,0
/global/archives/11596,skenergy.com,1,2,1,1,0,6,0,0
/global/archives/11807,exmail.qq.com,1,1,1,1,0,4,0,0
/global/archives/11853,google,1,1,1,1,57,5,0,0
/global/archives/11853,safe.menlosecurity.com,1,1,1,1,0,5,0,0
/global/archives/11889,google,1,1,1,1,49,5,0,0
/global/archives/11992,google,1,1,1,1,41,4,0,0
/global/archives/12022,(direct),1,1,1,1,136,5,0,0
/global/archives/12022,skenmove.com,1,1,1,1,6,3,0,0
/global/archives/12072,(direct),1,1,1,1,0,3,0,0
/global/archives/12091,google,1,1,1,1,5,4,0,0
/global/archives/12147,(direct),1,1,1,1,0,4,0,0
/global/archives/12220,bing,1,1,1,1,4,6,0,0
/global/archives/12269,(direct),1,1,1,1,0,4,0,0
/global/archives/1237,google,1,1,1,1,28,5,0,0
/global/archives/12373,google,1,1,1,1,0,4,0,0
/global/archives/12471,google,1,1,1,1,51,4,0,0
/global/archives/12617,(direct),1,1,1,1,25,5,0,0
/global/archives/12617,google,1,2,1,1,4,6,0,0
/global/archives/12878,(direct),1,1,1,1,64,3,0,0
/global/archives/12950,(direct),1,1,1,1,1,5,0,0
/global/archives/12968,google,1,1,1,1,0,3,0,0
/global/archives/12982,google,1,1,1,1,6,5,0,0
/global/archives/13103,(direct),1,1,1,1,0,2,0,0
/global/archives/13103,bing,1,2,1,1,15,4,0,0
/global/archives/13153,google,1,1,1,1,21,4,0,0
/global/archives/13256,(direct),1,1,1,1,0,2,0,0
/global/archives/13313,google,1,1,1,1,53,4,0,0
/global/archives/13521,(direct),1,1,1,1,8,5,0,0
/global/archives/13669,(direct),1,1,1,1,3,4,0,0
/global/archives/13748,google,1,1,1,1,8,4,0,0
/global/archives/13804,google,1,1,1,1,143,5,0,0
/global/archives/14030,linkedin.com,1,2,1,1,5,3,0,0
/global/archives/14065,chatgpt.com,1,1,1,1,0,3,0,0
/global/archives/14078,(direct),1,2,1,1,0,6,0,0
/global/archives/14146,google,1,1,1,1,3,5,0,0
/global/archives/14179,(direct),1,1,1,1,1,2,0,0
/global/archives/14219,(direct),1,1,1,1,4,5,0,0
/global/archives/14302,google,1,1,1,1,0,3,0,0
/global/archives/14333,google,1,1,1,1,11,4,0,0
/global/archives/14442,google,1,1,1,1,105,5,0,0
/global/archives/14565,(direct),1,1,1,1,8,3,0,0
/global/archives/1473,google,1,1,1,1,0,3,0,0
/global/archives/14740,google,1,2,1,1,0,6,0,0
/global/archives/14788,google,1,1,1,1,41,5,0,0
/global/archives/14800,google,1,1,1,1,0,4,0,0
/global/archives/15007,google,1,1,1,1,12,5,0,0
/global/archives/15204,google,1,1,1,1,5,6,0,0
/global/archives/15374,edgeservices.bing.com,1,1,1,1,165,4,0,0
/global/archives/15430,google,1,1,1,1,12,4,0,0
/global/archives/15462,google,1,1,1,1,155,5,0,0
/global/archives/15490,bing,1,2,1,1,0,6,0,0
/global/archives/15574,google,1,2,1,1,6,6,0,0
/global/archives/15592,chatgpt.com,1,1,1,1,0,2,0,0
/global/archives/15592,google,1,1,1,1,8,3,0,0
/global/archives/15610,google,1,1,1,1,44,4,0,0
/global/archives/15638,google,1,1,1,1,31,4,0,0
/global/archives/15760,google,1,1,1,1,0,4,0,0
/global/archives/15865,(direct),1,1,1,1,71,6,0,0
/global/archives/15902,google,1,1,1,1,9,6,0,0
/global/archives/15937,(direct),1,1,1,1,0,4,0,0
/global/archives/15964,google,1,1,1,1,21,4,0,0
/global/archives/15985,google,1,1,0,0,0,2,0,0
/global/archives/16154,bing,1,1,1,1,67,5,0,0
/global/archives/16286,google,1,1,1,1,0,4,0,0
/global/archives/16376,cn.bing.com,1,2,1,1,2,5,0,0
/global/archives/16463,(direct),1,1,1,1,0,3,0,0
/global/archives/16532,edgeservices.bing.com,1,1,1,1,173,5,0,0
/global/archives/16532,m.facebook.com,1,1,1,1,7,5,0,0
/global/archives/16563,google,1,1,1,1,0,4,0,0
/global/archives/16583,google,1,1,1,1,9,5,0,0
/global/archives/16613,(direct),1,1,0,0,0,2,0,0
/global/archives/16719,(direct),1,1,1,1,0,3,0,0
/global/archives/16719,link.naver.com,1,2,0,0,0,5,0,0
/global/archives/16719,linkedin.com,1,2,1,1,0,5,0,0
/global/archives/16939,eng.sk-on.com,1,1,1,1,33,3,0,0
/global/archives/16980,google,1,1,1,1,6,4,0,0
/global/archives/17010,google,1,1,1,1,0,2,0,0
/global/archives/17022,google,1,1,1,1,28,6,0,0
/global/archives/17047/4-sk이노베이션_ces2024_sk원더랜드_sk-wonderland_판타스틱아일랜드_5,google,1,1,1,1,2,5,0,0
/global/archives/17047/4-sk이노베이션_ces2024_sk원더랜드_sk-wonderland_판타스틱아일랜드_ai-포-2,google,1,1,1,1,1,4,0,0
/global/archives/17144,google,1,1,1,1,12,4,0,0
/global/archives/17216,bing,1,2,1,1,0,5,0,0
/global/archives/17313,bing,1,1,1,1,46,4,0,0
/global/archives/17313,skenmove.com,1,1,1,1,123,5,0,0
/global/archives/17426,eng.skglobalchemical.com,1,1,1,1,25,3,0,0
/global/archives/17426,kimi.moonshot.cn,1,2,1,1,35,7,0,0
/global/archives/17426,statics.teams.cdn.office.net,1,3,0,0,0,7,0,0
/global/archives/17426,yahoo,1,1,1,1,35,6,0,0
/global/archives/17446,google,1,1,1,1,0,4,0,0
/global/archives/17514,google,1,2,1,1,0,6,0,0
/global/archives/17569,(direct),1,1,1,1,0,4,0,0
/global/archives/17569,skenmove.com,1,1,1,1,60,4,0,0
/global/archives/17595,(direct),1,1,1,1,81,5,0,0
/global/archives/17595,yahoo,1,1,1,1,39,6,0,0
/global/archives/17817,(direct),1,1,1,1,0,3,0,0
/global/archives/17817,bing,1,2,1,1,3,4,0,0
/global/archives/17965,linkedin.com,1,1,1,1,29,4,0,0
/global/archives/17989,(direct),1,2,1,1,153,3,0,0
/global/archives/17989,bing,1,2,1,1,6,4,0,0
/global/archives/17990,(not set),1,1,1,1,0,2,0,0
/global/archives/17990,google,1,1,1,1,33,5,0,0
/global/archives/18022,(direct),1,1,1,1,0,3,0,0
/global/archives/18022,skinnovation.com,1,1,1,1,12,4,0,0
/global/archives/18065,bing,1,1,1,1,1,5,0,0
/global/archives/18107,startsiden,1,1,1,1,16,5,0,0
/global/archives/18167,google,1,2,1,1,18,8,0,0
/global/archives/18208/6-skeo-malaysia-plogging-on-28-may-sk어스온-말레이시아,google,1,1,1,1,21,5,0,0
/global/archives/18283,bing,1,2,1,1,39,4,0,0
/global/archives/18283,pushevs.com,1,1,1,1,0,4,0,0
/global/archives/18283,statics.teams.cdn.office.net,1,1,1,1,0,3,0,0
"/global/archives/18283"" /t ""_blank",(direct),1,1,1,1,0,5,0,0
/global/archives/18301,(direct),1,1,1,1,0,4,0,0
/global/archives/18436,google,1,1,1,1,0,2,0,0
/global/archives/18445,edgeservices.bing.com,1,1,1,1,44,4,0,0
/global/archives/18445,eng.sk-on.com,1,1,1,1,0,2,0,0
/global/archives/18478,(direct),1,1,0,0,0,3,0,0
/global/archives/18478,linkedin.com,1,2,1,1,270,3,0,0
/global/archives/18500,(direct),1,2,1,1,0,4,0,0
/global/archives/18546,linkedin.com,1,1,1,1,9,5,0,0
/global/archives/18546,marquee.gs.com,1,2,1,1,0,6,0,0
/global/archives/18546,skenergy.com,1,1,0,0,0,3,0,0
/global/archives/18608,edgeservices.bing.com,1,1,1,1,26,5,0,0
/global/archives/18639,(direct),1,1,1,1,0,4,0,0
/global/archives/18659,skenergy.com,1,1,1,1,2,4,0,0
/global/archives/18690,observatorioplastico.com,1,1,1,1,14,5,0,0
/global/archives/18743,bing,1,1,1,1,5,4,0,0
/global/archives/18743,linkedin.com,1,1,1,1,0,4,0,0
/global/archives/18770,chatgpt.com,1,1,1,1,63,3,0,0
/global/archives/18770,skinnovation.com,1,2,1,1,0,4,0,0
/global/archives/18783,linkedin.com,1,2,1,1,0,5,0,0
/global/archives/18989,(direct),1,1,1,1,0,2,0,0
/global/archives/18989,eng.sk-on.com,1,1,1,1,21,4,0,0
/global/archives/18989,google,1,1,0,0,0,3,0,0
/global/archives/19045,lnkd.in,1,1,1,1,70,6,0,0
/global/archives/19078,chatgpt.com,1,1,1,1,8,4,0,0
/global/archives/19078,cn.bing.com,1,3,1,1,16,8,0,0
/global/archives/19078,fkoil.dn-cloud.com,1,1,1,1,127,6,0,0
/global/archives/19078,lnkd.in,1,1,1,1,0,4,0,0
/global/archives/19078,uk.search.yahoo.com,1,1,1,1,49,5,0,0
/global/archives/19095,eng.skgeocentric.com,1,1,1,1,0,3,0,0
/global/archives/19095,news.google.com,1,1,1,1,0,4,0,0
/global/archives/1960,google,1,1,1,1,59,4,0,0
/global/archives/2026,google,1,1,1,1,0,3,0,0
/global/archives/2212,chatgpt.com,1,1,1,1,0,4,0,0
/global/archives/2280,google,1,1,1,1,0,3,0,0
/global/archives/2448,google,1,1,1,1,21,5,0,0
/global/archives/2490,google,1,1,1,1,18,5,0,0
/global/archives/2557,google,1,1,1,1,0,4,0,0
/global/archives/2576,google,1,1,1,1,39,5,0,0
/global/archives/2635,google,1,1,1,1,0,4,0,0
/global/archives/2701,bing,1,1,1,1,32,4,0,0
/global/archives/2701,google,1,1,1,1,18,5,0,0
/global/archives/3005,fahnd.com,1,1,1,1,0,4,0,0
/global/archives/3005,google,1,1,1,1,41,4,0,0
/global/archives/3123,google,1,1,1,1,12,5,0,0
/global/archives/3177,google,1,2,1,1,217,7,0,0
/global/archives/3304,(direct),1,1,1,1,0,4,0,0
/global/archives/3393,google,1,1,1,1,60,5,0,0
/global/archives/349,(direct),1,1,1,1,0,3,0,0
/global/archives/3709,google,1,1,1,1,0,4,0,0
/global/archives/4110,(direct),1,1,1,1,0,3,0,0
/global/archives/4193,google,1,1,0,0,0,5,0,0
/global/archives/4482,(direct),1,1,1,1,2,4,0,0
/global/archives/449,google,1,1,1,1,2,5,0,0
/global/archives/4499,(direct),1,1,1,1,0,4,0,0
/global/archives/4612,chatgpt.com,1,2,1,1,32,6,0,0
/global/archives/4751,google,1,1,1,1,0,4,0,0
/global/archives/4793,google,1,1,1,1,0,4,0,0
/global/archives/5609,google,1,1,1,1,26,6,0,0
/global/archives/5721,google,1,1,1,1,9,5,0,0
/global/archives/5892,google,1,1,1,1,8,4,0,0
/global/archives/5944,(direct),1,1,1,1,15,5,0,0
/global/archives/5944,google,1,1,1,1,0,3,0,0
/global/archives/6119,bing,1,1,1,1,18,5,0,0
/global/archives/6150,(direct),1,1,1,1,19,5,0,0
/global/archives/6150,skincheonpetrochem.com,1,1,1,1,0,3,0,0
/global/archives/6216,(not set),1,1,1,1,0,2,0,0
/global/archives/631,google,1,1,1,1,0,4,0,0
/global/archives/6313,(direct),1,1,1,1,2,5,0,0
/global/archives/6414,bing,1,1,0,0,0,3,0,0
/global/archives/6462,(direct),1,2,1,1,0,6,0,0
/global/archives/6462,google,1,1,0,0,0,3,0,0
/global/archives/648,google,1,2,1,1,0,6,0,0
/global/archives/653,google,1,1,1,1,0,3,0,0
/global/archives/6807,bing,1,1,1,1,87,6,0,0
/global/archives/7031,(direct),1,1,1,1,16,5,0,0
/global/archives/7245,google,1,1,1,1,0,4,0,0
/global/archives/733,google,1,1,1,1,41,4,0,0
/global/archives/736,google,1,1,1,1,82,6,0,0
/global/archives/7379,google,1,2,1,1,0,6,0,0
/global/archives/7379,skincheonpetrochem.com,1,1,1,1,40,5,0,0
/global/archives/7445,bing,1,1,1,1,15,4,0,0
/global/archives/7445,chatgpt.com,1,1,1,1,0,4,0,0
/global/archives/7445,cn.bing.com,1,2,1,1,186,5,0,0
/global/archives/7476,google,1,1,1,1,0,4,0,0
/global/archives/7596,bing,1,1,1,1,0,4,0,0
/global/archives/7761,(direct),1,1,1,1,41,6,0,0
/global/archives/7784,(direct),1,1,1,1,0,2,0,0
/global/archives/7919,(direct),1,1,1,1,0,3,0,0
/global/archives/7961,google,1,1,1,1,37,3,0,0
/global/archives/8067,chatgpt.com,1,1,1,1,0,4,0,0
/global/archives/8087,google,1,1,1,1,5,4,0,0
/global/archives/8105,google,1,1,1,1,1,4,0,0
/global/archives/8152,google,1,1,1,1,2,5,0,0
/global/archives/8310,cn.bing.com,1,1,1,1,20,4,0,0
/global/archives/8350,chatgpt.com,1,1,1,1,5,5,0,0
/global/archives/8383,google,1,1,1,1,0,3,0,0
/global/archives/8400,(direct),1,1,1,1,33,6,0,0
/global/archives/8463,google,1,1,1,1,4,5,0,0
/global/archives/8553,google,1,1,1,1,13,5,0,0
/global/archives/8829,google,1,1,1,1,1,5,0,0
/global/archives/8846,(direct),1,1,1,1,0,3,0,0
/global/archives/8914,google,1,1,1,1,0,4,0,0
/global/archives/9043,(direct),1,1,1,1,0,2,0,0
/global/archives/9493,google,1,1,1,1,39,4,0,0
/global/archives/9682,google,1,1,1,1,0,4,0,0
/global/archives/9709,(direct),1,1,1,1,3,4,0,0
/global/archives/9740,skenergy.com,1,1,1,1,0,4,0,0
/global/archives/9770,google,1,1,1,1,2,5,0,0
/global/archives/9837,google,1,2,1,1,0,6,0,0
/global/archives/9877,google,1,1,1,1,0,4,0,0
/global/archives/9893,google,1,1,1,1,39,5,0,0
/global/archives/9951,google,1,1,1,1,32,6,0,0
/global/archives/category/corporate/sk-energy,(direct),1,1,1,1,4,4,0,0
/global/archives/category/corporate/sk-enmove,google,1,1,1,1,8,3,0,0
/global/archives/category/corporate/sk-enterm,bing,1,1,1,1,8,6,0,0
/global/archives/category/corporate/sk-incheon-petrochem,skincheonpetrochem.com,1,1,1,1,47,6,0,0
/global/archives/category/corporate/sk-on,(not set),1,1,1,1,0,3,0,0
/global/archives/category/corporates,(not set),1,1,1,1,3,4,0,0
/global/archives/category/corporates,linkedin.com,1,1,1,1,11,4,0,0
/global/archives/category/corporates,naver,1,1,1,1,14,4,0,0
/global/archives/category/corporates/sk-earthon,(direct),1,1,1,1,7,4,0,0
/global/archives/category/corporates/sk-energy,bing,1,1,1,1,6,4,0,0
/global/archives/category/corporates/sk-energy,skenergy.com,1,1,1,1,10,3,0,0
/global/archives/category/corporates/sk-geo-centric,eng.skglobalchemical.com,1,1,1,1,0,3,0,0
/global/archives/category/corporates/sk-ie-technology,google,1,1,1,1,0,4,0,0
/global/archives/category/corporates/sk-incheon-petrochem,(direct),1,1,1,1,0,3,0,0
/global/archives/category/corporates/sk-incheon-petrochem,google,1,1,1,1,6,4,0,0
/global/archives/category/corporates/sk-incheon-petrochem,skenmove.com,1,1,1,1,82,4,0,0
/global/archives/category/corporates/sk-innovation,(not set),1,1,1,1,4,4,0,0
/global/archives/category/corporates/sk-on,bing,1,2,1,1,89,4,0,0
/global/archives/category/corporates/sk-on,chatgpt.com,1,1,1,1,25,4,0,0
/global/archives/category/corporates/sk-on,eng.sk-on.com,1,1,1,1,57,4,0,0
/global/archives/category/corporates/sk-rading-international,(not set),1,1,1,1,0,3,0,0
/global/archives/category/corporates/sk-rading-international,google,1,1,1,1,10,3,0,0
/global/archives/category/corporates/sk-rading-international,skenergy.com,1,2,1,1,0,5,0,0
/global/archives/category/insight,bing,1,1,1,1,17,4,0,0
/global/archives/category/insight/trend_report,(direct),1,1,1,1,11,3,0,0
/global/archives/category/insight/trend_report,eng.skglobalchemical.com,1,1,1,1,8,3,0,0
/global/archives/category/people/inno-people,linkedin.com,1,1,1,1,16,4,0,0
/global/archives/category/people/onsite-report,google,1,1,1,1,6,4,0,0
/global/archives/category/people/sustainability,skinnovation.com,1,1,1,1,67,4,0,0
/global/archives/category/press-room,bing,1,1,1,1,21,4,0,0
/global/archives/category/press-room,linkedin.com,1,1,1,1,40,4,0,0
/global/archives/category/press-room/issue-fact,(direct),1,1,1,1,11,4,0,0
/global/archives/category/press-room/issue-fact,(not set),1,1,1,1,0,2,0,0
/global/archives/category/press-room/press-release,edgeservices.bing.com,1,1,1,1,59,4,0,0
/global/archives/category/press-room/press-release,eng.sk-on.com,1,1,1,1,0,3,0,0
/global/archives/category/press-room/press-release,eng.skglobalchemical.com,1,1,1,1,2,4,0,0
/global/archives/category/social-value/opinions,google,1,1,1,1,4,3,0,0
/global/archives/tag/2020大韩民国环保包装论坛,google,1,1,1,1,0,5,0,0
/global/archives/tag/2022-esg-report,(direct),1,1,1,1,3,5,0,0
/global/archives/tag/2023-q2,google,1,1,1,1,20,4,0,0
/global/archives/tag/ankara,google,1,1,1,1,7,5,0,0
/global/archives/tag/aramid,google,1,1,1,1,4,5,0,0
/global/archives/tag/battery,google,1,1,1,1,14,4,0,0
/global/archives/tag/battery-precursor,google,1,1,1,1,7,6,0,0
/global/archives/tag/bev,google,1,1,1,1,7,4,0,0
/global/archives/tag/cam,google,1,1,1,1,12,4,0,0
/global/archives/tag/changzhou,(direct),1,1,1,1,8,5,0,0
/global/archives/tag/crude-oil,google,1,1,1,1,26,4,0,0
/global/archives/tag/decarbonization,google,1,1,1,1,2,5,0,0
/global/archives/tag/dell-technologies,google,1,1,1,1,12,4,0,0
/global/archives/tag/doosan,google,1,1,1,1,0,4,0,0
/global/archives/tag/ecopro-bm,(direct),1,1,1,1,1,4,0,0
/global/archives/tag/esg,(direct),1,1,1,1,5,5,0,0
/global/archives/tag/ev-battery,google,1,1,1,1,41,5,0,0
/global/archives/tag/financial-results,bing,1,1,1,1,34,3,0,0
/global/archives/tag/financial-results,google,1,1,1,1,8,4,0,0
/global/archives/tag/ford,google,1,1,1,1,49,5,0,0
/global/archives/tag/gs-energy,google,1,2,0,0,0,5,0,0
/global/archives/tag/india,google,1,1,1,1,4,4,0,0
/global/archives/tag/ionomer,google,1,1,1,1,5,5,0,0
/global/archives/tag/iscc,google,1,1,1,1,5,5,0,0
/global/archives/tag/ivancsa,google,1,1,1,1,6,4,0,0
/global/archives/tag/kolon,(direct),1,1,1,1,28,5,0,0
/global/archives/tag/kolon,google,1,1,1,1,10,5,0,0
/global/archives/tag/liquid-cooling,(direct),1,1,1,1,0,4,0,0
/global/archives/tag/lithium-ion-battery,google,1,1,1,1,0,4,0,0
/global/archives/tag/malayisia,google,1,1,1,1,23,4,0,0
/global/archives/tag/malaysia,google,1,1,1,1,14,4,0,0
/global/archives/tag/mbwa,naver,1,1,1,1,8,5,0,0
/global/archives/tag/morgan-stanley-capital-international,google,1,1,1,1,1,5,0,0
/global/archives/tag/northvolt,google,1,1,1,1,14,5,0,0
/global/archives/tag/oil-block,google,1,1,1,1,31,4,0,0
/global/archives/tag/packaging-forum,google,1,1,1,1,0,3,0,0
/global/archives/tag/pbat,google,1,1,1,1,0,4,0,0
/global/archives/tag/poe,google,1,2,1,1,6,7,0,0
/global/archives/tag/pyrolysis,google,1,1,1,1,9,5,0,0
/global/archives/tag/russia,google,1,1,1,1,8,5,0,0
/global/archives/tag/sk-battery-hungary,google,1,1,1,1,17,4,0,0
/global/archives/tag/sk-earthon,google,1,1,1,1,12,3,0,0
/global/archives/tag/sk-earthon-kuala-lumpur,google,1,1,1,1,0,2,0,0
/global/archives/tag/sk-gc-americas,google,1,1,1,1,19,6,0,0
/global/archives/tag/sk-geo-centric,google,1,1,1,1,33,3,0,0
/global/archives/tag/sk-hi-tech-battery-materials-poland,google,1,1,1,1,11,5,0,0
/global/archives/tag/sk-liquor-store,yahoo,1,1,1,1,19,6,0,0
/global/archives/tag/sk-on,google,1,1,1,1,17,4,0,0
/global/archives/tag/sk-supex-council,google,1,1,1,1,0,4,0,0
/global/archives/tag/sk-tank-terminal,google,1,1,1,1,9,4,0,0
/global/archives/tag/sk-ulsan-complex,google,1,1,1,1,4,4,0,0
/global/archives/tag/skbm,google,1,1,1,1,4,5,0,0
/global/archives/tag/skbmc,bing,1,1,1,1,18,5,0,0
/global/archives/tag/sklc,google,1,1,1,1,0,5,0,0
/global/archives/tag/smart-plant-solutions,google,1,1,1,1,13,4,0,0
/global/archives/tag/smr,google,1,1,1,1,2,5,0,0
/global/archives/tag/spinoff,(direct),1,1,1,1,6,5,0,0
/global/archives/tag/sungeel-hitech,google,1,1,1,1,3,5,0,0
/global/archives/tag/sustainability,(direct),1,1,1,1,4,5,0,0
/global/archives/tag/sustainability-report,(direct),1,1,1,1,2,5,0,0
/global/archives/tag/vietnamese-mekong-delta,google,1,1,1,1,2,5,0,0
/global/archives/tag/yubase,google,1,1,1,1,1,5,0,0
/global/latestnews,eng.skearthon.com,1,1,1,1,27,4,0,0
/global/latestnews,eng.skgeocentric.com,1,2,1,1,0,4,0,0
/global/latestnews,euc-excel.officeapps.live.com,1,1,1,1,3,4,0,0
/global/latestnews,skenmove.com,1,2,1,1,0,5,0,0
/global/legal-notices,google,1,1,1,1,1,6,0,0
/global/privacy-policy,google,1,1,1,1,19,4,0,0
/global/privacy-policy,skenergy.com,1,1,1,1,3,4,0,0
/global/sustainability-report,bing,1,1,1,1,0,4,0,0
/global/sustainability-report,copilot.microsoft.com,1,1,1,1,3,5,0,0
/global/sustainability-report,google,1,1,1,1,0,4,0,0
/global/who-we-are,google,1,1,1,1,19,4,0,0
/global/archives/10713,(not set),0,1,1,0,0,1,0,0
/global/archives/12022,(not set),0,1,1,0,103,2,0,0
/global/archives/12190,(not set),0,1,0,0,0,1,0,0
/global/archives/12190,google,0,1,0,0,0,2,0,0
/global/archives/14078,(not set),0,1,1,0,42,3,0,0
/global/archives/14226,(not set),0,1,0,0,0,1,0,0
/global/archives/15409,(not set),0,2,1,0,28,2,0,0
/global/archives/15409,statics.teams.cdn.office.net,0,1,1,0,56,4,0,0
/global/archives/15490,(not set),0,1,1,0,6,2,0,0
/global/archives/15592,(not set),0,1,1,0,369,1,0,0
/global/archives/15664,(not set),0,1,0,0,0,1,0,0
/global/archives/15985,(not set),0,1,1,0,10,2,0,0
/global/archives/16060,(not set),0,2,2,0,27,3,0,0
/global/archives/17216,(not set),0,1,1,0,0,1,0,0
/global/archives/17426,(not set),0,1,1,0,9,3,0,0
/global/archives/17595,skinnovation.com,0,1,1,0,0,2,0,0
/global/archives/17623,(not set),0,1,1,0,0,1,0,0
/global/archives/17817,(not set),0,1,1,0,2,2,0,0
/global/archives/17950,(not set),0,1,1,0,0,2,0,0
/global/archives/18022,(not set),0,1,1,0,4,2,0,0
/global/archives/18301,(not set),0,2,2,0,35.5,4,0,0
/global/archives/18445,(not set),0,2,2,0,18.5,3,0,0
/global/archives/18690,(not set),0,1,1,0,8,3,0,0
/global/archives/18753,(not set),0,1,1,0,18,1,0,0
/global/archives/18770,(not set),0,2,1,0,36,2,0,0
/global/archives/19045,(not set),0,3,1,0,0,4,0,0
/global/archives/2635,(not set),0,1,1,0,4,1,0,0
/global/archives/3709,(direct),0,1,0,0,0,2,0,0
/global/archives/4612,skenmove.com,0,1,1,0,0,2,0,0
/global/archives/6014,(not set),0,1,1,0,7,1,0,0
/global/archives/6253,(not set),0,1,1,0,320,2,0,0
/global/archives/653,(direct),0,1,1,0,0,2,0,0
/global/archives/8067,bing,0,1,1,0,0,2,0,0
/global/archives/8360,(direct),0,1,1,0,0,2,0,0
/global/archives/8914,(not set),0,1,1,0,0,1,0,0
/global/archives/9877,(not set),0,1,1,0,16,2,0,0
/global/archives/category/corporates/sk-enterm,(not set),0,1,1,0,4,2,0,0
/global/archives/category/corporates/sk-geo-centric,google,0,1,1,0,40,1,0,0
/global/archives/category/people/inno-people,(not set),0,1,1,0,41,1,0,0
/global/archives/category/press-room/press-release,(not set),0,1,1,0,5,1,0,0
/global/archives/tag/canada,google,0,1,1,0,0,2,0,0
/global/latestnews,(not set),0,19,19,0,22.42105263157895,20,0,0